UNITID,EFFYDLEV,XEYDETOT,EFYDETOT,XEYDEEXC,EFYDEEXC,XEYDESOM,EFYDESOM,XEYDENON,EFYDENON
100654,1,R,7120,R,404,R,4396,R,2320
100654,2,R,6197,R,261,R,3957,R,1979
100654,3,R,6043,R,254,R,3949,R,1840
100654,11,R,154,R,7,R,8,R,139
100654,12,R,923,R,143,R,439,R,341
100663,1,R,24893,R,7419,R,12491,R,4983
100663,2,R,14093,R,2990,R,9655,R,1448
100663,3,R,13430,R,2664,R,9510,R,1256
100663,11,R,663,R,326,R,145,R,192
100663,12,R,10800,R,4429,R,2836,R,3535
100690,1,R,861,R,861,A,,A,
100690,2,R,337,R,337,A,,A,
100690,3,R,334,R,334,A,,A,
100690,11,R,3,R,3,A,,A,
100690,12,R,524,R,524,A,,A,
100706,1,R,9916,R,1319,R,6123,R,2474
100706,2,R,7625,R,621,R,5419,R,1585
100706,3,R,7278,R,521,R,5351,R,1406
100706,11,R,347,R,100,R,68,R,179
100706,12,R,2291,R,698,R,704,R,889
100724,1,R,4308,R,523,R,2509,R,1276
100724,2,R,3641,R,189,R,2357,R,1095
100724,3,R,3603,R,189,R,2357,R,1057
100724,11,R,38,R,0,R,0,R,38
100724,12,R,667,R,334,R,152,R,181
100751,1,R,43627,R,8232,R,19825,R,15570
100751,2,R,36359,R,5018,R,18524,R,12817
100751,3,R,34392,R,3374,R,18433,R,12585
100751,11,R,1967,R,1644,R,91,R,232
100751,12,R,7268,R,3214,R,1301,R,2753
100760,1,R,2737,R,816,R,1271,R,650
100760,2,R,2737,R,816,R,1271,R,650
100760,3,R,1505,R,365,R,920,R,220
100760,11,R,1232,R,451,R,351,R,430
100812,1,R,3925,R,2647,R,1073,R,205
100812,2,R,3361,R,2111,R,1056,R,194
100812,3,R,3086,R,1893,R,1014,R,179
100812,11,R,275,R,218,R,42,R,15
100812,12,R,564,R,536,R,17,R,11
100830,1,R,6526,R,1252,R,3452,R,1822
100830,2,R,4200,R,722,R,2359,R,1119
100830,3,R,3265,R,179,R,2210,R,876
100830,11,R,935,R,543,R,149,R,243
100830,12,R,2326,R,530,R,1093,R,703
100858,1,R,37008,R,5517,R,11982,R,19509
100858,2,R,29801,R,3145,R,10989,R,15667
100858,3,R,27356,R,985,R,10974,R,15397
100858,11,R,2445,R,2160,R,15,R,270
100858,12,R,7207,R,2372,R,993,R,3842
101028,1,R,2337,R,371,R,916,R,1050
101028,2,R,2337,R,371,R,916,R,1050
101028,3,R,1446,R,264,R,752,R,430
101028,11,R,891,R,107,R,164,R,620
101116,1,R,563,R,251,R,178,R,134
101116,2,R,528,R,218,R,177,R,133
101116,3,R,526,R,216,R,177,R,133
101116,11,R,2,R,2,Z,0,R,0
101116,12,R,35,R,33,R,1,R,1
101143,1,R,3096,R,861,R,1128,R,1107
101143,2,R,3096,R,861,R,1128,R,1107
101143,3,R,1941,R,437,R,845,R,659
101143,11,R,1155,R,424,R,283,R,448
101161,1,R,9200,R,2845,R,3277,R,3078
101161,2,R,9200,R,2845,R,3277,R,3078
101161,3,R,6192,R,1531,R,2952,R,1709
101161,11,R,3008,R,1314,R,325,R,1369
101189,1,R,3688,R,1817,R,962,R,909
101189,2,R,2234,R,1019,R,560,R,655
101189,3,R,1960,R,1013,R,542,R,405
101189,11,R,274,R,6,R,18,R,250
101189,12,R,1454,R,798,R,402,R,254
101240,1,R,6385,R,1559,R,2754,R,2072
101240,2,R,6385,R,1559,R,2754,R,2072
101240,3,R,4674,R,962,R,2519,R,1193
101240,11,R,1711,R,597,R,235,R,879
101277,1,R,54,A,,A,,R,54
101277,2,R,54,A,,A,,R,54
101277,3,R,54,A,,A,,R,54
101286,1,R,5511,R,1044,R,2085,R,2382
101286,2,R,5511,R,1044,R,2085,R,2382
101286,3,R,4102,R,764,R,1804,R,1534
101286,11,R,1409,R,280,R,281,R,848
101295,1,R,8238,R,1789,R,3182,R,3267
101295,2,R,8238,R,1789,R,3182,R,3267
101295,3,R,5745,R,1361,R,2852,R,1532
101295,11,R,2493,R,428,R,330,R,1735
101301,1,R,2782,R,1208,R,809,R,765
101301,2,R,2782,R,1208,R,809,R,765
101301,3,R,1258,R,450,R,462,R,346
101301,11,R,1524,R,758,R,347,R,419
101365,1,R,892,R,377,R,200,R,315
101365,2,R,887,R,372,R,200,R,315
101365,3,R,887,R,372,R,200,R,315
101365,12,R,5,R,5,R,0,R,0
101435,1,R,902,R,0,R,345,R,557
101435,2,R,893,R,0,R,345,R,548
101435,3,R,889,R,0,R,342,R,547
101435,11,R,4,R,0,R,3,R,1
101435,12,R,9,A,,A,,R,9
101453,1,R,191,R,160,R,27,R,4
101453,2,R,88,R,65,R,19,R,4
101453,3,R,76,R,57,R,16,R,3
101453,11,R,12,R,8,R,3,R,1
101453,12,R,103,R,95,R,8,R,0
101462,1,R,1524,R,193,R,760,R,571
101462,2,R,1524,R,193,R,760,R,571
101462,3,R,1093,R,134,R,709,R,250
101462,11,R,431,R,59,R,51,R,321
101471,1,R,1726,A,,A,,R,1726
101471,2,R,1726,A,,A,,R,1726
101471,3,R,1726,A,,A,,R,1726
101480,1,R,11369,R,2735,R,6696,R,1938
101480,2,R,9705,R,1598,R,6254,R,1853
101480,3,R,7830,R,883,R,5912,R,1035
101480,11,R,1875,R,715,R,342,R,818
101480,12,R,1664,R,1137,R,442,R,85
101505,1,R,12720,R,5394,R,3657,R,3669
101505,2,R,12720,R,5394,R,3657,R,3669
101505,3,R,7312,R,2751,R,3081,R,1480
101505,11,R,5408,R,2643,R,576,R,2189
101514,1,R,13318,R,6474,R,3371,R,3473
101514,2,R,13318,R,6474,R,3371,R,3473
101514,3,R,9012,R,4034,R,3166,R,1812
101514,11,R,4306,R,2440,R,205,R,1661
101569,1,R,4739,R,1681,R,1818,R,1240
101569,2,R,4739,R,1681,R,1818,R,1240
101569,3,R,3739,R,1045,R,1715,R,979
101569,11,R,1000,R,636,R,103,R,261
101587,1,R,9464,R,8019,R,991,R,454
101587,2,R,3579,R,2307,R,829,R,443
101587,3,R,3471,R,2276,R,827,R,368
101587,11,R,108,R,31,R,2,R,75
101587,12,R,5885,R,5712,R,162,R,11
101602,1,R,2821,R,918,R,1142,R,761
101602,2,R,2821,R,918,R,1142,R,761
101602,3,R,1458,R,316,R,855,R,287
101602,11,R,1363,R,602,R,287,R,474
101648,1,R,325,R,0,R,174,R,151
101648,2,R,325,R,0,R,174,R,151
101648,3,R,325,R,0,R,174,R,151
101675,1,R,1617,R,647,R,534,R,436
101675,2,R,1617,R,647,R,534,R,436
101675,3,R,1582,R,647,R,534,R,401
101675,11,R,35,R,0,R,0,R,35
101693,1,R,1994,R,173,R,188,R,1633
101693,2,R,1737,R,62,R,168,R,1507
101693,3,R,1122,R,62,R,168,R,892
101693,11,R,615,R,0,R,0,R,615
101693,12,R,257,R,111,R,20,R,126
101709,1,R,3860,R,1217,R,1952,R,691
101709,2,R,3286,R,985,R,1691,R,610
101709,3,R,2828,R,558,R,1686,R,584
101709,11,R,458,R,427,R,5,R,26
101709,12,R,574,R,232,R,261,R,81
101736,1,R,5676,R,1138,R,1709,R,2829
101736,2,R,5676,R,1138,R,1709,R,2829
101736,3,R,2499,R,561,R,1282,R,656
101736,11,R,3177,R,577,R,427,R,2173
101879,1,R,12537,R,4954,R,4812,R,2771
101879,2,R,8855,R,1856,R,4500,R,2499
101879,3,R,6237,R,1283,R,4259,R,695
101879,11,R,2618,R,573,R,241,R,1804
101879,12,R,3682,R,3098,R,312,R,272
101897,1,R,4009,R,1293,R,1719,R,997
101897,2,R,4009,R,1293,R,1719,R,997
101897,3,R,2017,R,456,R,1150,R,411
101897,11,R,1992,R,837,R,569,R,586
101912,1,R,1459,R,114,R,785,R,560
101912,2,R,1407,R,62,R,785,R,560
101912,3,R,1361,R,62,R,759,R,540
101912,11,R,46,R,0,R,26,R,20
101912,12,R,52,R,52,Z,0,R,0
101994,1,R,697,R,28,R,363,R,306
101994,2,R,697,R,28,R,363,R,306
101994,3,R,506,R,13,R,312,R,181
101994,11,R,191,R,15,R,51,R,125
102030,1,R,4895,R,869,R,1714,R,2312
102030,2,R,4895,R,869,R,1714,R,2312
102030,3,R,2973,R,519,R,1421,R,1033
102030,11,R,1922,R,350,R,293,R,1279
102049,1,R,6227,R,455,R,2761,R,3011
102049,2,R,3936,R,67,R,1688,R,2181
102049,3,R,3925,R,61,R,1688,R,2176
102049,11,R,11,R,6,R,0,R,5
102049,12,R,2291,R,388,R,1073,R,830
102058,1,R,92,R,0,R,90,R,2
102058,2,R,78,R,0,R,78,R,0
102058,3,R,36,R,0,R,36,R,0
102058,11,R,42,R,0,R,42,R,0
102058,12,R,14,R,0,R,12,R,2
102067,1,R,7400,R,3470,R,2675,R,1255
102067,2,R,7400,R,3470,R,2675,R,1255
102067,3,R,4094,R,1139,R,2152,R,803
102067,11,R,3306,R,2331,R,523,R,452
102076,1,R,7821,R,6332,R,1074,R,415
102076,2,R,7821,R,6332,R,1074,R,415
102076,3,R,1939,R,896,R,870,R,173
102076,11,R,5882,R,5436,R,204,R,242
102094,1,R,15943,R,5224,R,6873,R,3846
102094,2,R,10053,R,1169,R,6444,R,2440
102094,3,R,9464,R,731,R,6418,R,2315
102094,11,R,589,R,438,R,26,R,125
102094,12,R,5890,R,4055,R,429,R,1406
102234,1,R,1134,R,237,R,614,R,283
102234,2,R,935,R,71,R,593,R,271
102234,3,R,915,R,70,R,593,R,252
102234,11,R,20,R,1,R,0,R,19
102234,12,R,199,R,166,R,21,R,12
102270,1,R,904,R,195,R,709,R,0
102270,2,R,904,R,195,R,709,R,0
102270,3,R,859,R,190,R,669,R,0
102270,11,R,45,R,5,R,40,R,0
102298,1,R,1317,R,295,R,1022,R,0
102298,2,R,1180,R,262,R,918,R,0
102298,3,R,1180,R,262,R,918,R,0
102298,12,R,137,R,33,R,104,R,0
102313,1,R,2766,R,939,R,1239,R,588
102313,2,R,2766,R,939,R,1239,R,588
102313,3,R,2320,R,786,R,1181,R,353
102313,11,R,446,R,153,R,58,R,235
102368,1,R,17550,R,9765,R,4555,R,3230
102368,2,R,12610,R,6089,R,3862,R,2659
102368,3,R,11999,R,5554,R,3827,R,2618
102368,11,R,611,R,535,R,35,R,41
102368,12,R,4940,R,3676,R,693,R,571
102377,1,R,4240,R,41,Z,0,R,4199
102377,2,R,3578,R,39,Z,0,R,3539
102377,3,R,3506,R,39,Z,0,R,3467
102377,11,R,72,Z,0,Z,0,R,72
102377,12,R,662,R,2,Z,0,R,660
102395,1,R,396,R,388,R,8,R,0
102395,2,R,207,R,199,R,8,R,0
102395,3,R,178,R,170,R,8,R,0
102395,11,R,29,R,29,R,0,R,0
102395,12,R,189,R,189,R,0,R,0
102429,1,R,5472,R,1456,R,1970,R,2046
102429,2,R,5472,R,1456,R,1970,R,2046
102429,3,R,3081,R,721,R,1426,R,934
102429,11,R,2391,R,735,R,544,R,1112
102553,1,R,17753,R,6370,R,6655,R,4728
102553,2,R,16920,R,6012,R,6346,R,4562
102553,3,R,8474,R,2567,R,4926,R,981
102553,11,R,8446,R,3445,R,1420,R,3581
102553,12,R,833,R,358,R,309,R,166
102580,1,R,73,R,2,Z,0,R,71
102580,2,R,73,R,2,Z,0,R,71
102580,3,R,38,R,2,Z,0,R,36
102580,11,R,35,Z,0,Z,0,R,35
102614,1,R,11023,R,4607,R,3058,R,3358
102614,2,R,9814,R,4152,R,2714,R,2948
102614,3,R,5102,R,2347,R,2279,R,476
102614,11,R,4712,R,1805,R,435,R,2472
102614,12,R,1209,R,455,R,344,R,410
102632,1,R,3464,R,1458,R,724,R,1282
102632,2,R,3122,R,1245,R,625,R,1252
102632,3,R,1132,R,485,R,455,R,192
102632,11,R,1990,R,760,R,170,R,1060
102632,12,R,342,R,213,R,99,R,30
102669,1,R,771,R,150,R,275,R,346
102669,2,R,610,R,140,R,245,R,225
102669,3,R,521,R,83,R,235,R,203
102669,11,R,89,R,57,R,10,R,22
102669,12,R,161,R,10,R,30,R,121
102711,1,R,1070,A,,A,,R,1070
102711,2,R,1070,A,,A,,R,1070
102711,3,R,1070,A,,A,,R,1070
102845,1,R,3980,R,1207,R,2773,R,0
102845,2,R,3980,R,1207,R,2773,R,0
102845,3,R,3980,R,1207,R,2773,R,0
103501,1,R,366,A,,A,,R,366
103501,2,R,366,A,,A,,R,366
103501,3,R,366,A,,A,,R,366
103741,1,R,351,A,,A,,R,351
103741,2,R,351,A,,A,,R,351
103741,3,R,351,A,,A,,R,351
103893,1,R,1729,R,341,R,681,R,707
103893,2,R,1729,R,341,R,681,R,707
103893,3,R,1729,R,341,R,681,R,707
103909,1,R,815,R,0,R,341,R,474
103909,2,R,815,R,0,R,341,R,474
103909,3,R,815,R,0,R,341,R,474
103927,1,R,724,R,0,R,360,R,364
103927,2,R,724,R,0,R,360,R,364
103927,3,R,724,R,0,R,360,R,364
103954,1,R,82,A,,A,,R,82
103954,2,R,82,A,,A,,R,82
103954,3,R,82,A,,A,,R,82
103963,1,R,1000,R,0,R,99,R,901
103963,2,R,1000,R,0,R,99,R,901
103963,3,R,1000,R,0,R,99,R,901
104090,1,R,1127,R,377,R,580,R,170
104090,2,R,1079,R,329,R,580,R,170
104090,3,R,1079,R,329,R,580,R,170
104090,12,R,48,R,48,Z,0,R,0
104151,1,R,86547,R,4788,R,59812,R,21947
104151,2,R,70151,R,4285,R,55286,R,10580
104151,3,R,68847,R,3724,R,54939,R,10184
104151,11,R,1304,R,561,R,347,R,396
104151,12,R,16396,R,503,R,4526,R,11367
104160,1,R,12473,R,2587,R,4258,R,5628
104160,2,R,12473,R,2587,R,4258,R,5628
104160,3,R,10582,R,2050,R,3770,R,4762
104160,11,R,1891,R,537,R,488,R,866
104179,1,R,61966,R,16496,R,22628,R,22842
104179,2,R,49114,R,11832,R,21178,R,16104
104179,3,R,45572,R,10327,R,21118,R,14127
104179,11,R,3542,R,1505,R,60,R,1977
104179,12,R,12852,R,4664,R,1450,R,6738
104346,1,R,8263,R,1448,R,5015,R,1800
104346,2,R,8263,R,1448,R,5015,R,1800
104346,3,R,6495,R,1348,R,4420,R,727
104346,11,R,1768,R,100,R,595,R,1073
104391,1,R,145,A,,A,,R,145
104391,2,R,145,A,,A,,R,145
104391,3,R,145,A,,A,,R,145
104425,1,R,8804,R,1770,R,1930,R,5104
104425,2,R,8804,R,1770,R,1930,R,5104
104425,3,R,7637,R,1506,R,1756,R,4375
104425,11,R,1167,R,264,R,174,R,729
104443,1,R,147,A,,A,,R,147
104443,2,R,147,A,,A,,R,147
104443,3,R,147,A,,A,,R,147
104568,1,R,564,R,0,R,564,R,0
104568,2,R,564,R,0,R,564,R,0
104568,3,R,564,R,0,R,564,R,0
104577,1,R,7093,R,851,R,905,R,5337
104577,2,R,7093,R,851,R,905,R,5337
104577,3,R,4378,R,742,R,765,R,2871
104577,11,R,2715,R,109,R,140,R,2466
104586,1,R,3433,R,16,R,874,R,2543
104586,2,R,3391,R,16,R,873,R,2502
104586,3,R,3364,R,15,R,873,R,2476
104586,11,R,27,R,1,R,0,R,26
104586,12,R,42,R,0,R,1,R,41
104665,1,R,6,R,0,R,1,R,5
104665,12,R,6,R,0,R,1,R,5
104708,1,R,20692,R,7975,R,7892,R,4825
104708,2,R,20692,R,7975,R,7892,R,4825
104708,3,R,16861,R,7113,R,7369,R,2379
104708,11,R,3831,R,862,R,523,R,2446
104717,1,R,170467,R,142069,R,22068,R,6330
104717,2,R,112023,R,86615,R,19664,R,5744
104717,3,R,104092,R,79475,R,19576,R,5041
104717,11,R,7931,R,7140,R,88,R,703
104717,12,R,58444,R,55454,R,2404,R,586
105145,1,R,7866,R,3499,R,1901,R,2466
105145,2,R,7866,R,3499,R,1901,R,2466
105145,3,R,6057,R,3210,R,1697,R,1150
105145,11,R,1809,R,289,R,204,R,1316
105154,1,R,25599,R,11440,R,7911,R,6248
105154,2,R,25599,R,11440,R,7911,R,6248
105154,3,R,21491,R,10173,R,7524,R,3794
105154,11,R,4108,R,1267,R,387,R,2454
105206,1,R,5504,R,1559,R,2302,R,1643
105206,2,R,5504,R,1559,R,2302,R,1643
105206,3,R,4344,R,1426,R,1928,R,990
105206,11,R,1160,R,133,R,374,R,653
105215,1,R,822,A,,A,,R,822
105215,2,R,822,A,,A,,R,822
105215,3,R,822,A,,A,,R,822
105297,1,R,2312,R,1427,R,532,R,353
105297,2,R,2303,R,1418,R,532,R,353
105297,3,R,1888,R,1290,R,519,R,79
105297,11,R,415,R,128,R,13,R,274
105297,12,R,9,R,9,R,0,R,0
105330,1,R,31448,R,6722,R,15299,R,9427
105330,2,R,25247,R,3908,R,13756,R,7583
105330,3,R,24894,R,3700,R,13739,R,7455
105330,11,R,353,R,208,R,17,R,128
105330,12,R,6201,R,2814,R,1543,R,1844
105349,1,R,4917,R,2390,R,903,R,1624
105349,2,R,4917,R,2390,R,903,R,1624
105349,3,R,1714,R,980,R,388,R,346
105349,11,R,3203,R,1410,R,515,R,1278
105428,1,R,16165,R,8156,R,4543,R,3466
105428,2,R,16165,R,8156,R,4543,R,3466
105428,3,R,12911,R,7456,R,4030,R,1425
105428,11,R,3254,R,700,R,513,R,2041
105525,1,R,33102,R,9974,R,9419,R,13709
105525,2,R,33102,R,9974,R,9419,R,13709
105525,3,R,20785,R,6467,R,8341,R,5977
105525,11,R,12317,R,3507,R,1078,R,7732
105534,1,R,4270,R,2732,Z,0,R,1538
105534,2,R,4095,R,2557,Z,0,R,1538
105534,3,R,4094,R,2557,Z,0,R,1537
105534,11,R,1,Z,0,Z,0,R,1
105534,12,R,175,R,175,Z,0,R,0
105543,1,R,1107,R,58,R,0,R,1049
105543,2,R,1107,R,58,R,0,R,1049
105543,3,R,1107,R,58,R,0,R,1049
105589,1,R,1162,R,956,R,18,R,188
105589,2,R,337,R,131,R,18,R,188
105589,3,R,315,R,129,R,0,R,186
105589,11,R,22,R,2,R,18,R,2
105589,12,R,825,R,825,R,0,R,0
105659,1,R,2218,R,0,R,59,R,2159
105659,2,R,2218,R,0,R,59,R,2159
105659,3,R,2218,R,0,R,59,R,2159
105668,1,R,34287,R,20037,R,1648,R,12602
105668,2,R,34287,R,20037,R,1648,R,12602
105668,3,R,20478,R,16997,R,747,R,2734
105668,11,R,13809,R,3040,R,901,R,9868
105677,1,R,46,A,,A,,R,46
105677,2,R,46,A,,A,,R,46
105677,3,R,46,A,,A,,R,46
105747,1,R,11319,R,5818,R,2846,R,2655
105747,2,R,11319,R,5818,R,2846,R,2655
105747,3,R,8965,R,5035,R,2634,R,1296
105747,11,R,2354,R,783,R,212,R,1359
105792,1,R,6113,R,2560,R,1914,R,1639
105792,2,R,6113,R,2560,R,1914,R,1639
105792,3,R,4573,R,2297,R,1718,R,558
105792,11,R,1540,R,263,R,196,R,1081
105899,1,R,1368,R,295,R,750,R,323
105899,2,R,1343,R,281,R,743,R,319
105899,3,R,1212,R,185,R,730,R,297
105899,11,R,131,R,96,R,13,R,22
105899,12,R,25,R,14,R,7,R,4
106041,1,R,2612,A,,A,,R,2612
106041,2,R,2612,A,,A,,R,2612
106041,3,R,2612,A,,A,,R,2612
106148,1,R,9665,R,3047,R,2215,R,4403
106148,2,R,9665,R,3047,R,2215,R,4403
106148,3,R,5038,R,2310,R,1555,R,1173
106148,11,R,4627,R,737,R,660,R,3230
106245,1,R,10086,R,4355,R,2751,R,2980
106245,2,R,7152,R,2929,R,2181,R,2042
106245,3,R,5815,R,2675,R,2166,R,974
106245,11,R,1337,R,254,R,15,R,1068
106245,12,R,2934,R,1426,R,570,R,938
106263,1,R,3697,R,1312,R,759,R,1626
106263,2,R,1667,R,1128,R,228,R,311
106263,3,R,1539,R,1106,R,193,R,240
106263,11,R,128,R,22,R,35,R,71
106263,12,R,2030,R,184,R,531,R,1315
106306,1,R,522,R,18,R,174,R,330
106306,2,R,522,R,18,R,174,R,330
106306,3,R,515,R,18,R,174,R,323
106306,11,R,7,R,0,R,0,R,7
106315,1,R,145,A,,A,,R,145
106315,2,R,145,A,,A,,R,145
106315,3,R,145,A,,A,,R,145
106324,1,R,78,A,,A,,R,78
106324,2,R,78,A,,A,,R,78
106324,3,R,78,A,,A,,R,78
106342,1,R,598,R,0,R,160,R,438
106342,2,R,597,R,0,R,160,R,437
106342,3,R,586,R,0,R,157,R,429
106342,11,R,11,R,0,R,3,R,8
106342,12,R,1,R,0,R,0,R,1
106351,1,R,117,A,,A,,R,117
106351,2,R,117,A,,A,,R,117
106351,3,R,117,A,,A,,R,117
106397,1,R,34602,R,4358,R,13370,R,16874
106397,2,R,29055,R,2241,R,12667,R,14147
106397,3,R,28727,R,2159,R,12644,R,13924
106397,11,R,328,R,82,R,23,R,223
106397,12,R,5547,R,2117,R,703,R,2727
106412,1,R,2305,R,164,R,1771,R,370
106412,2,R,2062,R,122,R,1656,R,284
106412,3,R,2044,R,119,R,1653,R,272
106412,11,R,18,R,3,R,3,R,12
106412,12,R,243,R,42,R,115,R,86
106449,1,R,4027,R,1248,R,1402,R,1377
106449,2,R,4027,R,1248,R,1402,R,1377
106449,3,R,2517,R,847,R,1196,R,474
106449,11,R,1510,R,401,R,206,R,903
106458,1,R,20313,R,11658,R,5550,R,3105
106458,2,R,11471,R,3793,R,5238,R,2440
106458,3,R,10551,R,3651,R,5080,R,1820
106458,11,R,920,R,142,R,158,R,620
106458,12,R,8842,R,7865,R,312,R,665
106467,1,R,10783,R,3025,R,4603,R,3155
106467,2,R,9882,R,2530,R,4263,R,3089
106467,3,R,6730,R,1287,R,4081,R,1362
106467,11,R,3152,R,1243,R,182,R,1727
106467,12,R,901,R,495,R,340,R,66
106485,1,R,3377,R,910,R,1748,R,719
106485,2,R,2707,R,490,R,1563,R,654
106485,3,R,2209,R,433,R,1558,R,218
106485,11,R,498,R,57,R,5,R,436
106485,12,R,670,R,420,R,185,R,65
106494,1,R,62,A,,A,,R,62
106494,2,R,62,A,,A,,R,62
106494,3,R,62,A,,A,,R,62
106546,1,R,740,R,0,R,17,R,723
106546,2,R,740,R,0,R,17,R,723
106546,3,R,740,R,0,R,17,R,723
106625,1,R,2178,R,718,R,742,R,718
106625,2,R,2178,R,718,R,742,R,718
106625,3,R,1391,R,573,R,465,R,353
106625,11,R,787,R,145,R,277,R,365
106704,1,R,10989,R,1955,R,5610,R,3424
106704,2,R,8682,R,759,R,4981,R,2942
106704,3,R,8037,R,665,R,4952,R,2420
106704,11,R,645,R,94,R,29,R,522
106704,12,R,2307,R,1196,R,629,R,482
106713,1,R,589,R,61,R,315,R,213
106713,2,R,589,R,61,R,315,R,213
106713,3,R,507,R,54,R,309,R,144
106713,11,R,82,R,7,R,6,R,69
106795,1,R,1708,R,346,R,876,R,486
106795,2,R,1708,R,346,R,876,R,486
106795,3,R,750,R,175,R,463,R,112
106795,11,R,958,R,171,R,413,R,374
106810,1,R,301,R,46,R,155,R,100
106810,2,R,301,R,46,R,155,R,100
106810,3,R,173,R,4,R,141,R,28
106810,11,R,128,R,42,R,14,R,72
106883,1,R,1765,R,708,R,399,R,658
106883,2,R,1765,R,708,R,399,R,658
106883,3,R,739,R,302,R,219,R,218
106883,11,R,1026,R,406,R,180,R,440
106908,1,R,608,A,,A,,R,608
106908,2,R,608,A,,A,,R,608
106908,3,R,608,A,,A,,R,608
106980,1,R,2824,R,356,R,1373,R,1095
106980,2,R,2824,R,356,R,1373,R,1095
106980,3,R,2076,R,292,R,1278,R,506
106980,11,R,748,R,64,R,95,R,589
106999,1,R,1548,R,578,R,692,R,278
106999,2,R,1548,R,578,R,692,R,278
106999,3,R,1075,R,409,R,577,R,89
106999,11,R,473,R,169,R,115,R,189
107044,1,R,5753,R,946,R,843,R,3964
107044,2,R,4167,R,425,R,595,R,3147
107044,3,R,3507,R,236,R,593,R,2678
107044,11,R,660,R,189,R,2,R,469
107044,12,R,1586,R,521,R,248,R,817
107071,1,R,2521,R,925,R,1461,R,135
107071,2,R,1660,R,169,R,1359,R,132
107071,3,R,1656,R,168,R,1357,R,131
107071,11,R,4,R,1,R,2,R,1
107071,12,R,861,R,756,R,102,R,3
107080,1,R,1118,A,,A,,R,1118
107080,2,R,1108,A,,A,,R,1108
107080,3,R,1103,A,,A,,R,1103
107080,11,R,5,A,,A,,R,5
107080,12,R,10,A,,A,,R,10
107099,1,R,144,A,,A,,R,144
107099,2,R,144,A,,A,,R,144
107099,3,R,144,A,,A,,R,144
107123,1,R,112,A,,A,,R,112
107123,2,R,112,A,,A,,R,112
107123,3,R,112,A,,A,,R,112
107141,1,R,2776,R,506,R,1097,R,1173
107141,2,R,2115,R,253,R,771,R,1091
107141,3,R,1503,R,182,R,758,R,563
107141,11,R,612,R,71,R,13,R,528
107141,12,R,661,R,253,R,326,R,82
107220,1,R,379,A,,A,,R,379
107220,2,R,379,A,,A,,R,379
107220,3,R,379,A,,A,,R,379
107293,1,R,116,A,,A,,R,116
107293,2,R,116,A,,A,,R,116
107293,3,R,116,A,,A,,R,116
107318,1,R,1388,R,358,R,372,R,658
107318,2,R,1388,R,358,R,372,R,658
107318,3,R,642,R,236,R,284,R,122
107318,11,R,746,R,122,R,88,R,536
107327,1,R,1945,R,983,R,450,R,512
107327,2,R,1945,R,983,R,450,R,512
107327,3,R,906,R,425,R,382,R,99
107327,11,R,1039,R,558,R,68,R,413
107442,1,R,66,A,,A,,R,66
107442,2,R,66,A,,A,,R,66
107442,3,R,66,A,,A,,R,66
107460,1,R,2409,R,613,R,1189,R,607
107460,2,R,2409,R,613,R,1189,R,607
107460,3,R,1499,R,312,R,919,R,268
107460,11,R,910,R,301,R,270,R,339
107488,1,R,294,A,,A,,R,294
107488,2,R,294,A,,A,,R,294
107488,3,R,292,A,,A,,R,292
107488,11,R,2,A,,A,,R,2
107512,1,R,1922,R,92,R,319,R,1511
107512,2,R,1834,R,51,R,272,R,1511
107512,3,R,1680,R,48,R,271,R,1361
107512,11,R,154,R,3,R,1,R,150
107512,12,R,88,R,41,R,47,R,0
107521,1,R,2293,R,198,R,311,R,1784
107521,2,R,2293,R,198,R,311,R,1784
107521,3,R,677,R,99,R,282,R,296
107521,11,R,1616,R,99,R,29,R,1488
107549,1,R,1327,R,566,R,430,R,331
107549,2,R,1327,R,566,R,430,R,331
107549,3,R,770,R,289,R,314,R,167
107549,11,R,557,R,277,R,116,R,164
107558,1,R,799,R,12,R,192,R,595
107558,2,R,799,R,12,R,192,R,595
107558,3,R,781,R,9,R,190,R,582
107558,11,R,18,R,3,R,2,R,13
107585,1,R,2752,R,398,R,1180,R,1174
107585,2,R,2752,R,398,R,1180,R,1174
107585,3,R,1903,R,268,R,996,R,639
107585,11,R,849,R,130,R,184,R,535
107600,1,R,1001,R,27,R,686,R,288
107600,2,R,975,R,27,R,678,R,270
107600,3,R,966,R,27,R,673,R,266
107600,11,R,9,R,0,R,5,R,4
107600,12,R,26,R,0,R,8,R,18
107619,1,R,1725,R,221,R,771,R,733
107619,2,R,1725,R,221,R,771,R,733
107619,3,R,792,R,138,R,536,R,118
107619,11,R,933,R,83,R,235,R,615
107637,1,R,1365,R,497,R,490,R,378
107637,2,R,1365,R,497,R,490,R,378
107637,3,R,1257,R,488,R,477,R,292
107637,11,R,108,R,9,R,13,R,86
107655,1,R,50,A,,A,,R,50
107655,2,R,50,A,,A,,R,50
107655,3,R,50,A,,A,,R,50
107664,1,R,6678,R,3673,R,1572,R,1433
107664,2,R,6678,R,3673,R,1572,R,1433
107664,3,R,5396,R,2795,R,1531,R,1070
107664,11,R,1282,R,878,R,41,R,363
107725,1,R,1639,R,406,R,519,R,714
107725,2,R,1639,R,406,R,519,R,714
107725,3,R,943,R,255,R,337,R,351
107725,11,R,696,R,151,R,182,R,363
107743,1,R,872,R,173,R,463,R,236
107743,2,R,872,R,173,R,463,R,236
107743,3,R,572,R,77,R,361,R,134
107743,11,R,300,R,96,R,102,R,102
107789,1,R,156,A,,A,,R,156
107789,2,R,156,A,,A,,R,156
107789,3,R,156,A,,A,,R,156
107831,1,R,88,A,,A,,R,88
107831,2,R,88,A,,A,,R,88
107831,3,R,88,A,,A,,R,88
107840,1,R,583,R,12,R,85,R,486
107840,2,R,583,R,12,R,85,R,486
107840,3,R,583,R,12,R,85,R,486
107877,1,R,536,R,28,R,296,R,212
107877,2,R,508,R,0,R,296,R,212
107877,3,R,504,R,0,R,296,R,208
107877,11,R,4,R,0,R,0,R,4
107877,12,R,28,R,28,R,0,R,0
107974,1,R,1678,R,630,R,606,R,442
107974,2,R,1678,R,630,R,606,R,442
107974,3,R,1352,R,597,R,540,R,215
107974,11,R,326,R,33,R,66,R,227
107983,1,R,5979,R,1921,R,3521,R,537
107983,2,R,3502,R,661,R,2351,R,490
107983,3,R,3082,R,432,R,2251,R,399
107983,11,R,420,R,229,R,100,R,91
107983,12,R,2477,R,1260,R,1170,R,47
107992,1,R,1435,R,293,R,420,R,722
107992,2,R,1435,R,293,R,420,R,722
107992,3,R,1085,R,270,R,370,R,445
107992,11,R,350,R,23,R,50,R,277
108065,1,R,19,A,,A,,R,19
108065,2,R,19,A,,A,,R,19
108065,3,R,19,A,,A,,R,19
108092,1,R,6139,R,1136,R,3402,R,1601
108092,2,R,6089,R,1086,R,3402,R,1601
108092,3,R,4620,R,944,R,3242,R,434
108092,11,R,1469,R,142,R,160,R,1167
108092,12,R,50,R,50,R,0,R,0
108232,1,R,8463,R,5133,R,2551,R,779
108232,2,R,5662,R,3432,R,1782,R,448
108232,3,R,5544,R,3334,R,1776,R,434
108232,11,R,118,R,98,R,6,R,14
108232,12,R,2801,R,1701,R,769,R,331
108269,1,R,137,R,0,R,137,R,0
108269,12,R,137,R,0,R,137,R,0
108667,1,R,10376,R,7680,R,1519,R,1177
108667,2,R,10376,R,7680,R,1519,R,1177
108667,3,R,7741,R,5811,R,1223,R,707
108667,11,R,2635,R,1869,R,296,R,470
108807,1,R,16308,R,2320,R,4896,R,9092
108807,2,R,16308,R,2320,R,4896,R,9092
108807,3,R,10830,R,1835,R,4484,R,4511
108807,11,R,5478,R,485,R,412,R,4581
108852,1,R,181,A,,A,,R,181
108852,2,R,181,A,,A,,R,181
108852,3,R,181,A,,A,,R,181
108861,1,R,214,Z,0,R,169,R,45
108861,2,R,95,Z,0,R,58,R,37
108861,3,R,94,Z,0,R,58,R,36
108861,11,R,1,Z,0,R,0,R,1
108861,12,R,119,Z,0,R,111,R,8
108870,1,R,448,R,0,R,0,R,448
108870,12,R,448,R,0,R,0,R,448
108977,1,R,483,A,,A,,R,483
108977,2,R,483,A,,A,,R,483
108977,3,R,483,A,,A,,R,483
109040,1,R,3302,R,0,R,603,R,2699
109040,2,R,3302,R,0,R,603,R,2699
109040,3,R,3302,R,0,R,603,R,2699
109208,1,R,47377,R,21269,R,10428,R,15680
109208,2,R,47377,R,21269,R,10428,R,15680
109208,3,R,40175,R,16633,R,9902,R,13640
109208,11,R,7202,R,4636,R,526,R,2040
109350,1,R,17155,R,4017,R,7275,R,5863
109350,2,R,17155,R,4017,R,7275,R,5863
109350,3,R,14569,R,3155,R,6775,R,4639
109350,11,R,2586,R,862,R,500,R,1224
109651,1,R,2923,R,55,R,2188,R,680
109651,2,R,2582,R,12,R,2040,R,530
109651,3,R,2545,R,11,R,2033,R,501
109651,11,R,37,R,1,R,7,R,29
109651,12,R,341,R,43,R,148,R,150
109721,1,R,436,A,,A,,R,436
109721,2,R,436,A,,A,,R,436
109721,3,R,436,A,,A,,R,436
109785,1,R,7906,R,2042,R,3075,R,2789
109785,2,R,3378,R,499,R,1433,R,1446
109785,3,R,3378,R,499,R,1433,R,1446
109785,12,R,4528,R,1543,R,1642,R,1343
109819,1,R,45178,R,12022,R,14529,R,18627
109819,2,R,45178,R,12022,R,14529,R,18627
109819,3,R,25031,R,8206,R,8821,R,8004
109819,11,R,20147,R,3816,R,5708,R,10623
109907,1,R,5085,R,4221,R,674,R,190
109907,2,R,5085,R,4221,R,674,R,190
109907,3,R,4279,R,3469,R,651,R,159
109907,11,R,806,R,752,R,23,R,31
109934,1,R,673,R,0,R,84,R,589
109934,2,R,673,R,0,R,84,R,589
109934,3,R,673,R,0,R,84,R,589
110060,1,R,352,R,70,R,257,R,25
110060,2,R,268,R,57,R,201,R,10
110060,3,R,266,R,56,R,200,R,10
110060,11,R,2,R,1,R,1,R,0
110060,12,R,84,R,13,R,56,R,15
110097,1,R,5846,R,1350,R,1583,R,2913
110097,2,R,3625,R,323,R,1237,R,2065
110097,3,R,3562,R,320,R,1237,R,2005
110097,11,R,63,R,3,Z,0,R,60
110097,12,R,2221,R,1027,R,346,R,848
110194,1,R,471,A,,A,,R,471
110194,2,R,471,A,,A,,R,471
110194,3,R,471,A,,A,,R,471
110219,1,R,3999,R,3999,Z,0,R,0
110219,2,R,3982,R,3982,Z,0,R,0
110219,3,R,3967,R,3967,Z,0,R,0
110219,11,R,15,R,15,Z,0,R,0
110219,12,R,17,R,17,Z,0,R,0
110246,1,R,13048,R,3489,R,5465,R,4094
110246,2,R,13048,R,3489,R,5465,R,4094
110246,3,R,10933,R,3110,R,5274,R,2549
110246,11,R,2115,R,379,R,191,R,1545
110316,1,R,2402,R,944,R,987,R,471
110316,2,R,96,R,89,R,7,R,0
110316,3,R,96,R,89,R,7,R,0
110316,12,R,2306,R,855,R,980,R,471
110334,1,R,14569,R,3218,R,4826,R,6525
110334,2,R,14569,R,3218,R,4826,R,6525
110334,3,R,11671,R,2564,R,4523,R,4584
110334,11,R,2898,R,654,R,303,R,1941
110361,1,R,13806,R,3730,R,6375,R,3701
110361,2,R,9549,R,2505,R,5101,R,1943
110361,3,R,9025,R,2036,R,5100,R,1889
110361,11,R,524,R,469,R,1,R,54
110361,12,R,4257,R,1225,R,1274,R,1758
110370,1,R,1632,R,13,R,116,R,1503
110370,2,R,1235,R,13,R,68,R,1154
110370,3,R,1092,R,5,R,68,R,1019
110370,11,R,143,R,8,Z,0,R,135
110370,12,R,397,Z,0,R,48,R,349
110398,1,R,1235,R,55,R,626,R,554
110398,12,R,1235,R,55,R,626,R,554
110404,1,R,2548,A,,A,,R,2548
110404,2,R,1044,A,,A,,R,1044
110404,3,R,1044,A,,A,,R,1044
110404,12,R,1504,A,,A,,R,1504
110413,1,R,3925,R,297,R,1260,R,2368
110413,2,R,2560,R,47,R,744,R,1769
110413,3,R,2542,R,45,R,741,R,1756
110413,11,R,18,R,2,R,3,R,13
110413,12,R,1365,R,250,R,516,R,599
110422,1,R,23829,R,267,R,17572,R,5990
110422,2,R,22726,R,225,R,17267,R,5234
110422,3,R,22678,R,225,R,17253,R,5200
110422,11,R,48,R,0,R,14,R,34
110422,12,R,1103,R,42,R,305,R,756
110468,1,R,5576,R,3914,R,959,R,703
110468,2,R,664,R,656,R,8,R,0
110468,3,R,664,R,656,R,8,R,0
110468,12,R,4912,R,3258,R,951,R,703
110486,1,R,11993,R,1603,R,7788,R,2602
110486,2,R,10231,R,1095,R,7067,R,2069
110486,3,R,9340,R,1031,R,7063,R,1246
110486,11,R,891,R,64,R,4,R,823
110486,12,R,1762,R,508,R,721,R,533
110495,1,R,11300,R,1431,R,8038,R,1831
110495,2,R,9924,R,1144,R,7342,R,1438
110495,3,R,9718,R,1066,R,7340,R,1312
110495,11,R,206,R,78,R,2,R,126
110495,12,R,1376,R,287,R,696,R,393
110510,1,R,21236,R,2267,R,16185,R,2784
110510,2,R,17912,R,1755,R,14125,R,2032
110510,3,R,17502,R,1658,R,14101,R,1743
110510,11,R,410,R,97,R,24,R,289
110510,12,R,3324,R,512,R,2060,R,752
110529,1,R,29319,R,1222,R,21405,R,6692
110529,2,R,26537,R,1073,R,20332,R,5132
110529,3,R,26158,R,898,R,20317,R,4943
110529,11,R,379,R,175,R,15,R,189
110529,12,R,2782,R,149,R,1073,R,1560
110538,1,R,15936,R,2588,R,11111,R,2237
110538,2,R,14372,R,2123,R,10401,R,1848
110538,3,R,14136,R,1964,R,10376,R,1796
110538,11,R,236,R,159,R,25,R,52
110538,12,R,1564,R,465,R,710,R,389
110547,1,R,17196,R,2201,R,10494,R,4501
110547,2,R,14280,R,1338,R,9692,R,3250
110547,3,R,14117,R,1225,R,9683,R,3209
110547,11,R,163,R,113,R,9,R,41
110547,12,R,2916,R,863,R,802,R,1251
110556,1,R,26013,R,703,R,16624,R,8686
110556,2,R,23193,R,585,R,15288,R,7320
110556,3,R,22762,R,559,R,15264,R,6939
110556,11,R,431,R,26,R,24,R,381
110556,12,R,2820,R,118,R,1336,R,1366
110565,1,R,46633,R,4096,R,30748,R,11789
110565,2,R,41134,R,3221,R,28852,R,9061
110565,3,R,40827,R,2976,R,28850,R,9001
110565,11,R,307,R,245,R,2,R,60
110565,12,R,5499,R,875,R,1896,R,2728
110574,1,R,15103,R,4889,R,8422,R,1792
110574,2,R,12028,R,4020,R,7078,R,930
110574,3,R,11788,R,3795,R,7067,R,926
110574,11,R,240,R,225,R,11,R,4
110574,12,R,3075,R,869,R,1344,R,862
110583,1,R,44099,R,2398,R,27955,R,13746
110583,2,R,37273,R,1431,R,25376,R,10466
110583,3,R,37072,R,1370,R,25351,R,10351
110583,11,R,201,R,61,R,25,R,115
110583,12,R,6826,R,967,R,2579,R,3280
110592,1,R,27493,R,1057,R,17129,R,9307
110592,2,R,23458,R,956,R,15821,R,6681
110592,3,R,23326,R,886,R,15814,R,6626
110592,11,R,132,R,70,R,7,R,55
110592,12,R,4035,R,101,R,1308,R,2626
110608,1,R,42018,R,3451,R,28045,R,10522
110608,2,R,35820,R,2098,R,26163,R,7559
110608,3,R,35681,R,2053,R,26107,R,7521
110608,11,R,139,R,45,R,56,R,38
110608,12,R,6198,R,1353,R,1882,R,2963
110617,1,R,36908,R,2896,R,23138,R,10874
110617,2,R,33342,R,2254,R,21852,R,9236
110617,3,R,31469,R,1931,R,21806,R,7732
110617,11,R,1873,R,323,R,46,R,1504
110617,12,R,3566,R,642,R,1286,R,1638
110635,1,R,48556,R,2458,R,17233,R,28865
110635,2,R,34828,R,395,R,14758,R,19675
110635,3,R,34782,R,376,R,14753,R,19653
110635,11,R,46,R,19,R,5,R,22
110635,12,R,13728,R,2063,R,2475,R,9190
110644,1,R,41916,R,324,R,9307,R,32285
110644,2,R,33618,R,146,R,8347,R,25125
110644,3,R,33555,R,144,R,8339,R,25072
110644,11,R,63,R,2,R,8,R,53
110644,12,R,8298,R,178,R,960,R,7160
110653,1,R,38546,R,802,R,21729,R,16015
110653,2,R,30893,R,537,R,21090,R,9266
110653,3,R,30883,R,537,R,21090,R,9256
110653,11,R,10,R,0,R,0,R,10
110653,12,R,7653,R,265,R,639,R,6749
110662,1,R,49388,R,1426,R,17010,R,30952
110662,2,R,34998,R,663,R,15414,R,18921
110662,3,R,34997,R,663,R,15414,R,18920
110662,11,R,1,R,0,R,0,R,1
110662,12,R,14390,R,763,R,1596,R,12031
110671,1,R,28335,R,285,R,9835,R,18215
110671,2,R,24342,R,144,R,9588,R,14610
110671,3,R,24289,R,140,R,9585,R,14564
110671,11,R,53,R,4,R,3,R,46
110671,12,R,3993,R,141,R,247,R,3605
110680,1,R,44416,R,505,R,15285,R,28626
110680,2,R,35563,R,366,R,14645,R,20552
110680,3,R,35555,R,366,R,14641,R,20548
110680,11,R,8,R,0,R,4,R,4
110680,12,R,8853,R,139,R,640,R,8074
110699,1,R,3184,R,0,R,1441,R,1743
110699,12,R,3184,R,0,R,1441,R,1743
110705,1,R,27662,R,270,R,7526,R,19866
110705,2,R,24660,R,270,R,7268,R,17122
110705,3,R,24593,R,267,R,7265,R,17061
110705,11,R,67,R,3,R,3,R,61
110705,12,R,3002,R,0,R,258,R,2744
110714,1,R,21313,R,460,R,14199,R,6654
110714,2,R,19258,R,413,R,14090,R,4755
110714,3,R,19258,R,413,R,14090,R,4755
110714,12,R,2055,R,47,R,109,R,1899
110778,1,R,1307,R,0,R,1010,R,297
110778,2,R,8,R,0,R,8,R,0
110778,3,R,8,R,0,R,8,R,0
110778,12,R,1299,R,0,R,1002,R,297
110875,1,R,127,A,,A,,R,127
110875,2,R,127,A,,A,,R,127
110875,3,R,127,A,,A,,R,127
111045,1,R,119,R,12,R,94,R,13
111045,2,R,34,R,2,R,20,R,12
111045,3,R,25,R,2,R,20,R,3
111045,11,R,9,R,0,R,0,R,9
111045,12,R,85,R,10,R,74,R,1
111054,1,R,176,A,,A,,R,176
111054,2,R,176,A,,A,,R,176
111054,3,R,176,A,,A,,R,176
111081,1,R,1386,A,,A,,R,1386
111081,2,R,947,A,,A,,R,947
111081,3,R,927,A,,A,,R,927
111081,11,R,20,A,,A,,R,20
111081,12,R,439,A,,A,,R,439
111188,1,R,924,R,47,R,257,R,620
111188,2,R,878,R,1,R,257,R,620
111188,3,R,878,R,1,R,257,R,620
111188,12,R,46,R,46,R,0,R,0
111391,1,R,674,R,8,R,510,R,156
111391,12,R,674,R,8,R,510,R,156
111434,1,R,10971,R,492,R,1060,R,9419
111434,2,R,10971,R,492,R,1060,R,9419
111434,3,R,8428,R,397,R,1002,R,7029
111434,11,R,2543,R,95,R,58,R,2390
111461,1,R,31952,R,11345,R,11795,R,8812
111461,2,R,31952,R,11345,R,11795,R,8812
111461,3,R,28128,R,8847,R,11225,R,8056
111461,11,R,3824,R,2498,R,570,R,756
111513,1,R,395,A,,A,,R,395
111513,2,R,395,A,,A,,R,395
111513,3,R,395,A,,A,,R,395
111638,1,R,832,R,11,R,821,R,0
111638,2,R,832,R,11,R,821,R,0
111638,3,R,832,R,11,R,821,R,0
111708,1,R,349,A,,A,,R,349
111708,2,R,349,A,,A,,R,349
111708,3,R,349,A,,A,,R,349
111717,1,R,335,A,,A,,R,335
111717,2,R,335,A,,A,,R,335
111717,3,R,335,A,,A,,R,335
111726,1,R,256,A,,A,,R,256
111726,2,R,256,A,,A,,R,256
111726,3,R,256,A,,A,,R,256
111744,1,R,289,A,,A,,R,289
111744,2,R,289,A,,A,,R,289
111744,3,R,289,A,,A,,R,289
111762,1,R,241,A,,A,,R,241
111762,2,R,241,A,,A,,R,241
111762,3,R,241,A,,A,,R,241
111799,1,R,306,A,,A,,R,306
111799,2,R,306,A,,A,,R,306
111799,3,R,306,A,,A,,R,306
111887,1,R,30699,R,11537,R,11353,R,7809
111887,2,R,30699,R,11537,R,11353,R,7809
111887,3,R,26311,R,9484,R,10713,R,6114
111887,11,R,4388,R,2053,R,640,R,1695
111896,1,R,9239,R,5039,R,1277,R,2923
111896,2,R,9239,R,5039,R,1277,R,2923
111896,3,R,6093,R,3741,R,739,R,1613
111896,11,R,3146,R,1298,R,538,R,1310
111920,1,R,18536,R,7830,R,5869,R,4837
111920,2,R,18536,R,7830,R,5869,R,4837
111920,3,R,15972,R,6198,R,5667,R,4107
111920,11,R,2564,R,1632,R,202,R,730
111939,1,R,32265,R,18637,R,10147,R,3481
111939,2,R,32265,R,18637,R,10147,R,3481
111939,3,R,23951,R,11898,R,9563,R,2490
111939,11,R,8314,R,6739,R,584,R,991
111948,1,R,10474,R,0,R,113,R,10361
111948,2,R,8182,R,0,R,40,R,8142
111948,3,R,7924,R,0,R,40,R,7884
111948,11,R,258,R,0,R,0,R,258
111948,12,R,2292,R,0,R,73,R,2219
111966,1,R,1107,Z,0,R,821,R,286
111966,2,R,340,Z,0,R,197,R,143
111966,3,R,337,Z,0,R,195,R,142
111966,11,R,3,Z,0,R,2,R,1
111966,12,R,767,Z,0,R,624,R,143
112075,1,R,4913,R,2383,R,1101,R,1429
112075,2,R,1834,R,54,R,598,R,1182
112075,3,R,1818,R,51,R,597,R,1170
112075,11,R,16,R,3,R,1,R,12
112075,12,R,3079,R,2329,R,503,R,247
112084,1,R,150,R,74,R,63,R,13
112084,2,R,125,R,53,R,62,R,10
112084,3,R,122,R,52,R,61,R,9
112084,11,R,3,R,1,R,1,R,1
112084,12,R,25,R,21,R,1,R,3
112127,1,R,72,R,10,R,62,R,0
112127,12,R,72,R,10,R,62,R,0
112172,1,R,14780,R,5081,R,5638,R,4061
112172,2,R,14780,R,5081,R,5638,R,4061
112172,3,R,12156,R,4518,R,5444,R,2194
112172,11,R,2624,R,563,R,194,R,1867
112181,1,R,188,A,,A,,R,188
112181,2,R,188,A,,A,,R,188
112181,3,R,188,A,,A,,R,188
112190,1,R,26918,R,5897,R,10155,R,10866
112190,2,R,26918,R,5897,R,10155,R,10866
112190,3,R,24031,R,5005,R,9867,R,9159
112190,11,R,2887,R,892,R,288,R,1707
112251,1,R,1967,R,158,R,1150,R,659
112251,12,R,1967,R,158,R,1150,R,659
112260,1,R,1419,A,,A,,R,1419
112260,2,R,1416,A,,A,,R,1416
112260,3,R,1414,A,,A,,R,1414
112260,11,R,2,A,,A,,R,2
112260,12,R,3,A,,A,,R,3
112288,1,R,1163,A,,A,,R,1163
112288,2,R,1163,A,,A,,R,1163
112288,3,R,1163,A,,A,,R,1163
112367,1,R,691,A,,A,,R,691
112367,2,R,691,A,,A,,R,691
112367,3,R,691,A,,A,,R,691
112385,1,R,16323,R,14924,R,663,R,736
112385,2,R,16323,R,14924,R,663,R,736
112385,3,R,13543,R,12756,R,552,R,235
112385,11,R,2780,R,2168,R,111,R,501
112394,1,R,621,R,269,R,334,R,18
112394,2,R,598,R,246,R,334,R,18
112394,3,R,598,R,246,R,334,R,18
112394,12,R,23,R,23,R,0,R,0
112455,1,R,193,A,,A,,R,193
112455,2,R,193,A,,A,,R,193
112455,3,R,193,A,,A,,R,193
112525,1,R,3760,R,4,R,2,R,3754
112525,12,R,3760,R,4,R,2,R,3754
112561,1,R,3653,R,1380,R,1611,R,662
112561,2,R,3653,R,1380,R,1611,R,662
112561,3,R,2722,R,901,R,1434,R,387
112561,11,R,931,R,479,R,177,R,275
112570,1,R,164,R,0,R,14,R,150
112570,2,R,164,R,0,R,14,R,150
112570,3,R,164,R,0,R,14,R,150
112686,1,R,7164,R,2304,R,2295,R,2565
112686,2,R,7164,R,2304,R,2295,R,2565
112686,3,R,4665,R,2038,R,1787,R,840
112686,11,R,2499,R,266,R,508,R,1725
112826,1,R,9621,R,4945,R,3002,R,1674
112826,2,R,9621,R,4945,R,3002,R,1674
112826,3,R,7598,R,3797,R,2756,R,1045
112826,11,R,2023,R,1148,R,246,R,629
113096,1,R,23132,R,13135,R,6965,R,3032
113096,2,R,23132,R,13135,R,6965,R,3032
113096,3,R,20646,R,11487,R,6726,R,2433
113096,11,R,2486,R,1648,R,239,R,599
113111,1,R,9263,R,3424,R,3237,R,2602
113111,2,R,9263,R,3424,R,3237,R,2602
113111,3,R,7740,R,2792,R,3084,R,1864
113111,11,R,1523,R,632,R,153,R,738
113193,1,R,14945,R,5083,R,5222,R,4640
113193,2,R,14945,R,5083,R,5222,R,4640
113193,3,R,9625,R,3462,R,4310,R,1853
113193,11,R,5320,R,1621,R,912,R,2787
113218,1,R,13482,R,7267,R,3748,R,2467
113218,2,R,13482,R,7267,R,3748,R,2467
113218,3,R,10716,R,5693,R,3429,R,1594
113218,11,R,2766,R,1574,R,319,R,873
113236,1,R,20211,R,5772,R,8984,R,5455
113236,2,R,20211,R,5772,R,8984,R,5455
113236,3,R,17373,R,4610,R,8631,R,4132
113236,11,R,2838,R,1162,R,353,R,1323
113333,1,R,28620,R,14780,R,10989,R,2851
113333,2,R,28620,R,14780,R,10989,R,2851
113333,3,R,24129,R,11409,R,10515,R,2205
113333,11,R,4491,R,3371,R,474,R,646
113449,1,R,279,R,0,R,60,R,219
113449,2,R,279,R,0,R,60,R,219
113449,3,R,279,R,0,R,60,R,219
113573,1,R,15931,R,5425,R,6013,R,4493
113573,2,R,15931,R,5425,R,6013,R,4493
113573,3,R,12609,R,4183,R,5750,R,2676
113573,11,R,3322,R,1242,R,263,R,1817
113582,1,R,128,R,5,R,113,R,10
113582,2,R,105,R,0,R,96,R,9
113582,3,R,105,R,0,R,96,R,9
113582,12,R,23,R,5,R,17,R,1
113616,1,R,45,R,0,R,0,R,45
113616,2,R,26,R,0,R,0,R,26
113616,3,R,26,R,0,R,0,R,26
113616,12,R,19,R,0,R,0,R,19
113634,1,R,24627,R,9901,R,10044,R,4682
113634,2,R,24627,R,9901,R,10044,R,4682
113634,3,R,21016,R,7521,R,9624,R,3871
113634,11,R,3611,R,2380,R,420,R,811
113698,1,R,2413,Z,0,R,810,R,1603
113698,2,R,1287,Z,0,R,375,R,912
113698,3,R,1247,Z,0,R,375,R,872
113698,11,R,40,Z,0,Z,0,R,40
113698,12,R,1126,Z,0,R,435,R,691
113704,1,R,67,R,0,R,26,R,41
113704,12,R,67,R,0,R,26,R,41
113856,1,R,58027,R,25144,R,10160,R,22723
113856,2,R,58027,R,25144,R,10160,R,22723
113856,3,R,46845,R,16564,R,9420,R,20861
113856,11,R,11182,R,8580,R,740,R,1862
113980,1,R,32070,R,10389,R,13159,R,8522
113980,2,R,32070,R,10389,R,13159,R,8522
113980,3,R,27948,R,8583,R,12200,R,7165
113980,11,R,4122,R,1806,R,959,R,1357
114114,1,R,208,A,,A,,R,208
114114,12,R,208,A,,A,,R,208
114266,1,R,15212,R,6972,R,4724,R,3516
114266,2,R,15212,R,6972,R,4724,R,3516
114266,3,R,12280,R,5516,R,4294,R,2470
114266,11,R,2932,R,1456,R,430,R,1046
114354,1,R,1550,R,19,R,1147,R,384
114354,2,R,1496,R,19,R,1102,R,375
114354,3,R,1496,R,19,R,1102,R,375
114354,12,R,54,Z,0,R,45,R,9
114433,1,R,2878,R,1638,R,531,R,709
114433,2,R,2878,R,1638,R,531,R,709
114433,3,R,2598,R,1520,R,505,R,573
114433,11,R,280,R,118,R,26,R,136
114460,1,R,395,A,,A,,R,395
114460,2,R,395,A,,A,,R,395
114460,3,R,395,A,,A,,R,395
114549,1,R,1303,R,920,R,383,R,0
114549,12,R,1303,R,920,R,383,R,0
114585,1,R,360,R,40,R,320,R,0
114585,12,R,360,R,40,R,320,R,0
114637,1,R,94,A,,A,,R,94
114637,2,R,94,A,,A,,R,94
114637,3,R,94,A,,A,,R,94
114716,1,R,24501,R,13708,R,5300,R,5493
114716,2,R,24501,R,13708,R,5300,R,5493
114716,3,R,19950,R,11359,R,4758,R,3833
114716,11,R,4551,R,2349,R,542,R,1660
114734,1,R,98,R,57,R,1,R,40
114734,12,R,98,R,57,R,1,R,40
114761,1,R,117,A,,A,,R,117
114761,2,R,117,A,,A,,R,117
114761,3,R,117,A,,A,,R,117
114789,1,R,38808,R,11903,R,12186,R,14719
114789,2,R,38808,R,11903,R,12186,R,14719
114789,3,R,28799,R,9305,R,9584,R,9910
114789,11,R,10009,R,2598,R,2602,R,4809
114813,1,R,3531,R,669,R,2282,R,580
114813,2,R,1909,R,441,R,1224,R,244
114813,3,R,1905,R,441,R,1224,R,240
114813,11,R,4,R,0,R,0,R,4
114813,12,R,1622,R,228,R,1058,R,336
114840,1,R,2701,R,1415,R,944,R,342
114840,12,R,2701,R,1415,R,944,R,342
114859,1,R,26864,R,9831,R,10823,R,6210
114859,2,R,26864,R,9831,R,10823,R,6210
114859,3,R,23476,R,7805,R,10502,R,5169
114859,11,R,3388,R,2026,R,321,R,1041
114938,1,R,9204,R,2390,R,2746,R,4068
114938,2,R,9204,R,2390,R,2746,R,4068
114938,3,R,7660,R,1910,R,2433,R,3317
114938,11,R,1544,R,480,R,313,R,751
114947,1,R,250,A,,A,,R,250
114947,2,R,250,A,,A,,R,250
114947,3,R,250,A,,A,,R,250
115001,1,R,16366,R,5235,R,7499,R,3632
115001,2,R,16366,R,5235,R,7499,R,3632
115001,3,R,14047,R,4029,R,7029,R,2989
115001,11,R,2319,R,1206,R,470,R,643
115010,1,R,1240,Z,0,R,1240,R,0
115010,2,R,1240,Z,0,R,1240,R,0
115010,3,R,1240,Z,0,R,1240,R,0
115083,1,R,5866,R,3427,R,2438,R,1
115083,2,R,1291,R,750,R,540,R,1
115083,3,R,1158,R,715,R,443,R,0
115083,11,R,133,R,35,R,97,R,1
115083,12,R,4575,R,2677,R,1898,R,0
115126,1,R,17968,R,9048,R,5303,R,3617
115126,2,R,17968,R,9048,R,5303,R,3617
115126,3,R,14747,R,7006,R,4951,R,2790
115126,11,R,3221,R,2042,R,352,R,827
115214,1,R,188,R,40,R,34,R,114
115214,12,R,188,R,40,R,34,R,114
115296,1,R,19622,R,7618,R,7072,R,4932
115296,2,R,19622,R,7618,R,7072,R,4932
115296,3,R,16284,R,6330,R,6733,R,3221
115296,11,R,3338,R,1288,R,339,R,1711
115357,1,R,287,A,,A,,R,287
115357,2,R,287,A,,A,,R,287
115357,3,R,287,A,,A,,R,287
115393,1,R,14561,R,2342,R,5701,R,6518
115393,2,R,14561,R,2342,R,5701,R,6518
115393,3,R,12597,R,1916,R,5398,R,5283
115393,11,R,1964,R,426,R,303,R,1235
115409,1,R,1016,A,,A,,R,1016
115409,2,R,1016,A,,A,,R,1016
115409,3,R,921,A,,A,,R,921
115409,11,R,95,A,,A,,R,95
115658,1,R,115,A,,A,,R,115
115658,2,R,115,A,,A,,R,115
115658,3,R,115,A,,A,,R,115
115746,1,R,956,A,,A,,R,956
115746,12,R,956,A,,A,,R,956
115755,1,R,6780,R,748,R,4750,R,1282
115755,2,R,6136,R,633,R,4433,R,1070
115755,3,R,5980,R,481,R,4431,R,1068
115755,11,R,156,R,152,R,2,R,2
115755,12,R,644,R,115,R,317,R,212
115773,1,R,897,R,563,Z,0,R,334
115773,2,R,254,R,254,Z,0,R,0
115773,3,R,222,R,222,Z,0,R,0
115773,11,R,32,R,32,Z,0,R,0
115773,12,R,643,R,309,Z,0,R,334
115861,1,R,11097,R,2832,R,6165,R,2100
115861,2,R,11097,R,2832,R,6165,R,2100
115861,3,R,9260,R,1668,R,5885,R,1707
115861,11,R,1837,R,1164,R,280,R,393
115931,1,R,1139,R,0,R,61,R,1078
115931,2,R,1139,R,0,R,61,R,1078
115931,3,R,1139,R,0,R,61,R,1078
116226,1,R,146,A,,A,,R,146
116226,2,R,141,A,,A,,R,141
116226,3,R,141,A,,A,,R,141
116226,12,R,5,A,,A,,R,5
116439,1,R,17862,R,7310,R,7836,R,2716
116439,2,R,17862,R,7310,R,7836,R,2716
116439,3,R,13882,R,4580,R,7159,R,2143
116439,11,R,3980,R,2730,R,677,R,573
116563,1,R,318,Z,0,R,40,R,278
116563,2,R,318,Z,0,R,40,R,278
116563,3,R,318,Z,0,R,40,R,278
116846,1,R,244,R,167,R,3,R,74
116846,2,R,151,R,119,Z,0,R,32
116846,3,R,28,R,28,Z,0,R,0
116846,11,R,123,R,91,Z,0,R,32
116846,12,R,93,R,48,R,3,R,42
117052,1,R,15045,R,6174,R,3857,R,5014
117052,2,R,15045,R,6174,R,3857,R,5014
117052,3,R,8541,R,4558,R,2413,R,1570
117052,11,R,6504,R,1616,R,1444,R,3444
117104,1,R,596,R,152,R,346,R,98
117104,2,R,449,R,143,R,208,R,98
117104,3,R,445,R,140,R,207,R,98
117104,11,R,4,R,3,R,1,R,0
117104,12,R,147,R,9,R,138,R,0
117140,1,R,6589,R,588,R,2193,R,3808
117140,2,R,4031,R,389,R,1523,R,2119
117140,3,R,3922,R,370,R,1522,R,2030
117140,11,R,109,R,19,R,1,R,89
117140,12,R,2558,R,199,R,670,R,1689
117168,1,R,893,R,0,R,638,R,255
117168,2,R,860,R,0,R,608,R,252
117168,3,R,811,R,0,R,608,R,203
117168,11,R,49,R,0,R,0,R,49
117168,12,R,33,R,0,R,30,R,3
117195,1,R,9293,R,3112,R,858,R,5323
117195,2,R,9293,R,3112,R,858,R,5323
117195,3,R,7627,R,2356,R,735,R,4536
117195,11,R,1666,R,756,R,123,R,787
117238,1,R,173,A,,A,,R,173
117238,2,R,173,A,,A,,R,173
117238,3,R,173,A,,A,,R,173
117247,1,R,16374,R,7034,R,4675,R,4665
117247,2,R,16374,R,7034,R,4675,R,4665
117247,3,R,11609,R,5271,R,3844,R,2494
117247,11,R,4765,R,1763,R,831,R,2171
117274,1,R,2798,R,1157,R,736,R,905
117274,2,R,2798,R,1157,R,736,R,905
117274,3,R,2457,R,989,R,690,R,778
117274,11,R,341,R,168,R,46,R,127
117283,1,R,118,R,54,R,63,R,1
117283,2,R,118,R,54,R,63,R,1
117283,3,R,118,R,54,R,63,R,1
117520,1,R,748,R,0,R,705,R,43
117520,12,R,748,R,0,R,705,R,43
117557,1,R,623,A,,A,,R,623
117557,2,R,282,A,,A,,R,282
117557,3,R,282,A,,A,,R,282
117557,12,R,341,A,,A,,R,341
117575,1,R,237,R,112,R,77,R,48
117575,2,R,50,R,29,R,14,R,7
117575,3,R,50,R,29,R,14,R,7
117575,12,R,187,R,83,R,63,R,41
117627,1,R,1917,R,0,R,81,R,1836
117627,2,R,1413,A,,A,,R,1413
117627,3,R,1246,A,,A,,R,1246
117627,11,R,167,A,,A,,R,167
117627,12,R,504,R,0,R,81,R,423
117636,1,R,4979,R,557,R,2234,R,2188
117636,2,R,1417,R,96,R,833,R,488
117636,3,R,1098,R,88,R,696,R,314
117636,11,R,319,R,8,R,137,R,174
117636,12,R,3562,R,461,R,1401,R,1700
117645,1,R,35542,R,11859,R,15912,R,7771
117645,2,R,35542,R,11859,R,15912,R,7771
117645,3,R,31217,R,9563,R,15426,R,6228
117645,11,R,4325,R,2296,R,486,R,1543
117672,1,R,4324,R,3093,R,1162,R,69
117672,2,R,2783,R,2675,R,96,R,12
117672,3,R,207,R,99,R,96,R,12
117672,11,R,2576,R,2576,R,0,R,0
117672,12,R,1541,R,418,R,1066,R,57
117690,1,R,16412,R,11405,R,2640,R,2367
117690,2,R,16412,R,11405,R,2640,R,2367
117690,3,R,12315,R,9190,R,2195,R,930
117690,11,R,4097,R,2215,R,445,R,1437
117706,1,R,25666,R,13411,R,7838,R,4417
117706,2,R,25666,R,13411,R,7838,R,4417
117706,3,R,20185,R,9774,R,7314,R,3097
117706,11,R,5481,R,3637,R,524,R,1320
117715,1,R,10263,R,7672,R,1295,R,1296
117715,2,R,10263,R,7672,R,1295,R,1296
117715,3,R,7844,R,6250,R,1070,R,524
117715,11,R,2419,R,1422,R,225,R,772
117724,1,R,21049,R,7295,R,5677,R,8077
117724,2,R,21049,R,7295,R,5677,R,8077
117724,3,R,16349,R,5570,R,5116,R,5663
117724,11,R,4700,R,1725,R,561,R,2414
117733,1,R,26580,R,16827,R,6228,R,3525
117733,2,R,26580,R,16827,R,6228,R,3525
117733,3,R,20345,R,12430,R,5510,R,2405
117733,11,R,6235,R,4397,R,718,R,1120
117751,1,R,3118,R,851,R,436,R,1831
117751,2,R,2059,R,612,R,413,R,1034
117751,3,R,1744,R,359,R,402,R,983
117751,11,R,315,R,253,R,11,R,51
117751,12,R,1059,R,239,R,23,R,797
117788,1,R,25304,R,15480,R,5532,R,4292
117788,2,R,25304,R,15480,R,5532,R,4292
117788,3,R,19526,R,12250,R,5005,R,2271
117788,11,R,5778,R,3230,R,527,R,2021
117803,1,R,322,A,,A,,R,322
117803,2,R,322,A,,A,,R,322
117803,3,R,322,A,,A,,R,322
117867,1,R,19099,R,12660,R,3755,R,2684
117867,2,R,19099,R,12660,R,3755,R,2684
117867,3,R,14338,R,9609,R,3454,R,1275
117867,11,R,4761,R,3051,R,301,R,1409
117894,1,R,11638,R,4557,R,4951,R,2130
117894,2,R,11638,R,4557,R,4951,R,2130
117894,3,R,10044,R,3690,R,4787,R,1567
117894,11,R,1594,R,867,R,164,R,563
117946,1,R,11120,R,1062,R,3369,R,6689
117946,2,R,7639,R,75,R,2217,R,5347
117946,3,R,7473,R,61,R,2197,R,5215
117946,11,R,166,R,14,R,20,R,132
117946,12,R,3481,R,987,R,1152,R,1342
117955,1,R,454,Z,0,R,0,R,454
117955,2,R,454,Z,0,R,0,R,454
117955,3,R,454,Z,0,R,0,R,454
118134,1,R,169,A,,A,,R,169
118134,2,R,169,A,,A,,R,169
118134,3,R,169,A,,A,,R,169
118143,1,R,153,A,,A,,R,153
118143,2,R,153,A,,A,,R,153
118143,3,R,153,A,,A,,R,153
118161,1,R,188,A,,A,,R,188
118161,2,R,188,A,,A,,R,188
118161,3,R,188,A,,A,,R,188
118198,1,R,2158,R,1173,R,373,R,612
118198,2,R,2158,R,1173,R,373,R,612
118198,3,R,2158,R,1173,R,373,R,612
118347,1,R,6945,R,1042,R,1952,R,3951
118347,2,R,6945,R,1042,R,1952,R,3951
118347,3,R,5560,R,729,R,1855,R,2976
118347,11,R,1385,R,313,R,97,R,975
118684,1,R,6485,R,2173,R,1861,R,2451
118684,2,R,6485,R,2173,R,1861,R,2451
118684,3,R,4341,R,1629,R,1507,R,1205
118684,11,R,2144,R,544,R,354,R,1246
118693,1,R,891,R,0,R,296,R,595
118693,2,R,874,R,0,R,296,R,578
118693,3,R,859,R,0,R,295,R,564
118693,11,R,15,R,0,R,1,R,14
118693,12,R,17,R,0,R,0,R,17
118718,1,R,17345,R,7143,R,6324,R,3878
118718,2,R,17345,R,7143,R,6324,R,3878
118718,3,R,13501,R,4388,R,5879,R,3234
118718,11,R,3844,R,2755,R,445,R,644
118772,1,R,11949,R,7081,R,2667,R,2201
118772,2,R,11949,R,7081,R,2667,R,2201
118772,3,R,9224,R,5851,R,2270,R,1103
118772,11,R,2725,R,1230,R,397,R,1098
118888,1,R,688,R,4,R,571,R,113
118888,2,R,553,R,2,R,511,R,40
118888,3,R,553,R,2,R,511,R,40
118888,12,R,135,R,2,R,60,R,73
118912,1,R,18109,R,9607,R,6949,R,1553
118912,2,R,18109,R,9607,R,6949,R,1553
118912,3,R,15672,R,7738,R,6717,R,1217
118912,11,R,2437,R,1869,R,232,R,336
118930,1,R,11404,R,4603,R,3649,R,3152
118930,2,R,11404,R,4603,R,3649,R,3152
118930,3,R,9215,R,3402,R,3295,R,2518
118930,11,R,2189,R,1201,R,354,R,634
118958,1,R,122,A,,A,,R,122
118958,2,R,122,A,,A,,R,122
118958,3,R,122,A,,A,,R,122
118976,1,R,23515,R,9421,R,10768,R,3326
118976,2,R,23515,R,9421,R,10768,R,3326
118976,3,R,20035,R,7224,R,10219,R,2592
118976,11,R,3480,R,2197,R,549,R,734
118994,1,R,597,A,,A,,R,597
118994,2,R,597,A,,A,,R,597
118994,3,R,597,A,,A,,R,597
119058,1,R,576,R,56,R,506,R,14
119058,2,R,19,R,1,R,13,R,5
119058,3,R,9,R,0,R,8,R,1
119058,11,R,10,R,1,R,5,R,4
119058,12,R,557,R,55,R,493,R,9
119067,1,R,11065,R,2843,R,3616,R,4606
119067,2,R,11065,R,2843,R,3616,R,4606
119067,3,R,8940,R,2287,R,3349,R,3304
119067,11,R,2125,R,556,R,267,R,1302
119137,1,R,21725,R,12637,R,7164,R,1924
119137,2,R,21725,R,12637,R,7164,R,1924
119137,3,R,17646,R,9140,R,6904,R,1602
119137,11,R,4079,R,3497,R,260,R,322
119164,1,R,39962,R,11417,R,17846,R,10699
119164,2,R,39962,R,11417,R,17846,R,10699
119164,3,R,35654,R,10090,R,17526,R,8038
119164,11,R,4308,R,1327,R,320,R,2661
119173,1,R,2797,R,256,R,1812,R,729
119173,2,R,2042,R,198,R,1474,R,370
119173,3,R,1955,R,164,R,1474,R,317
119173,11,R,87,R,34,R,0,R,53
119173,12,R,755,R,58,R,338,R,359
119216,1,R,24340,R,172,R,2683,R,21485
119216,2,R,24340,R,172,R,2683,R,21485
119216,3,R,20759,R,120,R,2566,R,18073
119216,11,R,3581,R,52,R,117,R,3412
119270,1,R,1211,R,283,R,19,R,909
119270,2,R,1169,R,283,R,19,R,867
119270,3,R,1084,R,259,R,12,R,813
119270,11,R,85,R,24,R,7,R,54
119270,12,R,42,A,,A,,R,42
119331,1,R,6279,R,2386,R,2424,R,1469
119331,2,R,6279,R,2386,R,2424,R,1469
119331,3,R,4595,R,1636,R,2170,R,789
119331,11,R,1684,R,750,R,254,R,680
119553,1,R,2050,R,300,R,1750,R,0
119553,2,R,2050,R,300,R,1750,R,0
119553,3,R,2050,R,300,R,1750,R,0
119605,1,R,32813,R,27655,R,1071,R,4087
119605,2,R,17183,R,13160,R,749,R,3274
119605,3,R,16015,R,12201,R,679,R,3135
119605,11,R,1168,R,959,R,70,R,139
119605,12,R,15630,R,14495,R,322,R,813
119678,1,R,4186,R,2338,R,0,R,1848
119678,12,R,4186,R,2338,R,0,R,1848
119775,1,R,331,R,41,R,160,R,130
119775,2,R,243,Z,0,R,146,R,97
119775,3,R,242,Z,0,R,145,R,97
119775,11,R,1,Z,0,R,1,R,0
119775,12,R,88,R,41,R,14,R,33
119951,1,R,344,A,,A,,R,344
119951,2,R,344,A,,A,,R,344
119951,3,R,344,A,,A,,R,344
120069,1,R,538,R,0,R,538,R,0
120069,2,R,538,R,0,R,538,R,0
120069,3,R,538,R,0,R,538,R,0
120078,1,R,1036,Z,0,R,1036,R,0
120078,2,R,1036,Z,0,R,1036,R,0
120078,3,R,1036,Z,0,R,1036,R,0
120087,1,R,431,Z,0,R,331,R,100
120087,2,R,431,Z,0,R,331,R,100
120087,3,R,431,Z,0,R,331,R,100
120166,1,R,545,R,62,R,387,R,96
120166,2,R,106,R,5,R,86,R,15
120166,3,R,106,R,5,R,86,R,15
120166,12,R,439,R,57,R,301,R,81
120184,1,R,319,R,39,R,176,R,104
120184,2,R,20,R,16,R,4,R,0
120184,3,R,20,R,16,R,4,R,0
120184,12,R,299,R,23,R,172,R,104
120254,1,R,1968,R,0,R,84,R,1884
120254,2,R,1968,R,0,R,84,R,1884
120254,3,R,1956,R,0,R,84,R,1872
120254,11,R,12,R,0,R,0,R,12
120290,1,R,15225,R,3772,R,4414,R,7039
120290,2,R,15225,R,3772,R,4414,R,7039
120290,3,R,11528,R,2811,R,4132,R,4585
120290,11,R,3697,R,961,R,282,R,2454
120342,1,R,22707,R,3633,R,10739,R,8335
120342,2,R,22707,R,3633,R,10739,R,8335
120342,3,R,21364,R,3180,R,10617,R,7567
120342,11,R,1343,R,453,R,122,R,768
120403,1,R,1342,R,0,R,1285,R,57
120403,2,R,1291,R,0,R,1243,R,48
120403,3,R,1288,R,0,R,1242,R,46
120403,11,R,3,R,0,R,1,R,2
120403,12,R,51,R,0,R,42,R,9
120421,1,R,11453,R,6401,R,3744,R,1308
120421,2,R,11453,R,6401,R,3744,R,1308
120421,3,R,9423,R,4941,R,3483,R,999
120421,11,R,2030,R,1460,R,261,R,309
120537,1,R,1174,R,536,R,321,R,317
120537,2,R,582,R,149,R,321,R,112
120537,3,R,582,R,149,R,321,R,112
120537,12,R,592,R,387,R,0,R,205
120661,1,R,752,Z,0,R,592,R,160
120661,2,R,752,Z,0,R,592,R,160
120661,3,R,752,Z,0,R,592,R,160
120698,1,R,1274,R,106,R,520,R,648
120698,2,R,27,R,22,R,1,R,4
120698,3,R,27,R,22,R,1,R,4
120698,12,R,1247,R,84,R,519,R,644
120768,1,R,1517,R,803,R,697,R,17
120768,2,R,558,R,161,R,397,R,0
120768,3,R,558,R,161,R,397,R,0
120768,12,R,959,R,642,R,300,R,17
120795,1,R,153,R,0,R,153,R,0
120795,12,R,153,R,0,R,153,R,0
120838,1,R,71,A,,A,,R,71
120838,2,R,29,A,,A,,R,29
120838,3,R,29,A,,A,,R,29
120838,12,R,42,A,,A,,R,42
120865,1,R,1281,R,302,R,653,R,326
120865,2,R,1238,R,262,R,650,R,326
120865,3,R,870,R,89,R,601,R,180
120865,11,R,368,R,173,R,49,R,146
120865,12,R,43,R,40,R,3,R,0
120883,1,R,7407,R,109,R,0,R,7298
120883,2,R,3488,A,,A,,R,3488
120883,3,R,3400,A,,A,,R,3400
120883,11,R,88,A,,A,,R,88
120883,12,R,3919,R,109,Z,0,R,3810
120953,1,R,5790,R,3201,R,551,R,2038
120953,2,R,5790,R,3201,R,551,R,2038
120953,3,R,5059,R,2778,R,497,R,1784
120953,11,R,731,R,423,R,54,R,254
120971,1,R,27097,R,7816,R,10382,R,8899
120971,2,R,27097,R,7816,R,10382,R,8899
120971,3,R,23076,R,5695,R,9897,R,7484
120971,11,R,4021,R,2121,R,485,R,1415
121044,1,R,35539,R,11670,R,13799,R,10070
121044,2,R,35539,R,11670,R,13799,R,10070
121044,3,R,30985,R,10066,R,13497,R,7422
121044,11,R,4554,R,1604,R,302,R,2648
121150,1,R,11790,R,3794,R,1197,R,6799
121150,2,R,3949,R,144,R,91,R,3714
121150,3,R,3880,R,144,R,71,R,3665
121150,11,R,69,Z,0,R,20,R,49
121150,12,R,7841,R,3650,R,1106,R,3085
121257,1,R,1236,A,,A,,R,1236
121257,2,R,1236,A,,A,,R,1236
121257,3,R,1207,A,,A,,R,1207
121257,11,R,29,A,,A,,R,29
121309,1,R,5331,R,1425,R,2149,R,1757
121309,2,R,3521,R,534,R,1587,R,1400
121309,3,R,3436,R,459,R,1586,R,1391
121309,11,R,85,R,75,R,1,R,9
121309,12,R,1810,R,891,R,562,R,357
121345,1,R,1763,A,,A,,R,1763
121345,2,R,1763,A,,A,,R,1763
121345,3,R,1733,A,,A,,R,1733
121345,11,R,30,A,,A,,R,30
121363,1,R,7010,R,2987,R,2573,R,1450
121363,2,R,7010,R,2987,R,2573,R,1450
121363,3,R,4178,R,1782,R,1512,R,884
121363,11,R,2832,R,1205,R,1061,R,566
121433,1,R,138,A,,A,,R,138
121433,2,R,138,A,,A,,R,138
121433,3,R,138,A,,A,,R,138
121619,1,R,42829,R,13348,R,9713,R,19768
121619,2,R,42829,R,13348,R,9713,R,19768
121619,3,R,35978,R,10462,R,8571,R,16945
121619,11,R,6851,R,2886,R,1142,R,2823
121628,1,R,182,R,7,R,74,R,101
121628,12,R,182,R,7,R,74,R,101
121637,1,R,195,A,,A,,R,195
121637,2,R,195,A,,A,,R,195
121637,3,R,195,A,,A,,R,195
121691,1,R,3643,R,75,R,578,R,2990
121691,2,R,2211,R,36,R,292,R,1883
121691,3,R,2200,R,25,R,292,R,1883
121691,11,R,11,R,11,R,0,R,0
121691,12,R,1432,R,39,R,286,R,1107
121707,1,R,6103,R,1648,R,1949,R,2506
121707,2,R,6103,R,1648,R,1949,R,2506
121707,3,R,4824,R,1377,R,1838,R,1609
121707,11,R,1279,R,271,R,111,R,897
121859,1,R,428,A,,A,,R,428
121859,2,R,428,A,,A,,R,428
121859,3,R,428,A,,A,,R,428
121868,1,R,347,A,,A,,R,347
121868,2,R,347,A,,A,,R,347
121868,3,R,347,A,,A,,R,347
121886,1,R,27997,R,7176,R,6865,R,13956
121886,2,R,27997,R,7176,R,6865,R,13956
121886,3,R,24470,R,6204,R,6645,R,11621
121886,11,R,3527,R,972,R,220,R,2335
121901,1,R,29605,R,10744,R,11967,R,6894
121901,2,R,29605,R,10744,R,11967,R,6894
121901,3,R,25511,R,8059,R,11550,R,5902
121901,11,R,4094,R,2685,R,417,R,992
122117,1,R,135,R,7,R,77,R,51
122117,12,R,135,R,7,R,77,R,51
122180,1,R,30100,R,18108,R,8156,R,3836
122180,2,R,30100,R,18108,R,8156,R,3836
122180,3,R,26615,R,15362,R,7824,R,3429
122180,11,R,3485,R,2746,R,332,R,407
122205,1,R,31341,R,18128,R,9307,R,3906
122205,2,R,31341,R,18128,R,9307,R,3906
122205,3,R,25511,R,13550,R,8967,R,2994
122205,11,R,5830,R,4578,R,340,R,912
122296,1,R,2418,R,487,R,0,R,1931
122296,2,R,1122,R,188,R,0,R,934
122296,3,R,1052,R,188,R,0,R,864
122296,11,R,70,R,0,R,0,R,70
122296,12,R,1296,R,299,R,0,R,997
122339,1,R,21460,R,9227,R,5322,R,6911
122339,2,R,21460,R,9227,R,5322,R,6911
122339,3,R,17729,R,7874,R,5077,R,4778
122339,11,R,3731,R,1353,R,245,R,2133
122375,1,R,30204,R,13305,R,9894,R,7005
122375,2,R,30204,R,13305,R,9894,R,7005
122375,3,R,25777,R,11276,R,9288,R,5213
122375,11,R,4427,R,2029,R,606,R,1792
122384,1,R,22905,R,9158,R,5033,R,8714
122384,2,R,22905,R,9158,R,5033,R,8714
122384,3,R,19344,R,7388,R,4425,R,7531
122384,11,R,3561,R,1770,R,608,R,1183
122409,1,R,42660,R,3599,R,28818,R,10243
122409,2,R,36724,R,2604,R,27251,R,6869
122409,3,R,36080,R,2460,R,27124,R,6496
122409,11,R,644,R,144,R,127,R,373
122409,12,R,5936,R,995,R,1567,R,3374
122436,1,R,10282,R,1516,R,1018,R,7748
122436,2,R,6120,R,0,R,109,R,6011
122436,3,R,5930,R,0,R,109,R,5821
122436,11,R,190,R,0,R,0,R,190
122436,12,R,4162,R,1516,R,909,R,1737
122506,1,R,417,A,,A,,R,417
122506,2,R,221,A,,A,,R,221
122506,3,R,221,A,,A,,R,221
122506,12,R,196,A,,A,,R,196
122597,1,R,27106,R,2197,R,19499,R,5410
122597,2,R,23534,R,1884,R,17496,R,4154
122597,3,R,22494,R,1710,R,17129,R,3655
122597,11,R,1040,R,174,R,367,R,499
122597,12,R,3572,R,313,R,2003,R,1256
122612,1,R,10564,R,819,R,2531,R,7214
122612,2,R,6231,R,185,R,1232,R,4814
122612,3,R,6148,R,109,R,1231,R,4808
122612,11,R,83,R,76,R,1,R,6
122612,12,R,4333,R,634,R,1299,R,2400
122649,1,R,156,R,47,R,43,R,66
122649,12,R,156,R,47,R,43,R,66
122658,1,R,26520,R,12733,R,11746,R,2041
122658,2,R,26520,R,12733,R,11746,R,2041
122658,3,R,20276,R,8951,R,10299,R,1026
122658,11,R,6244,R,3782,R,1447,R,1015
122685,1,R,3787,R,2242,R,309,R,1236
122685,2,R,3787,R,2242,R,309,R,1236
122685,3,R,3569,R,2149,R,293,R,1127
122685,11,R,218,R,93,R,16,R,109
122694,1,R,1250,R,0,R,394,R,856
122694,2,R,1250,R,0,R,394,R,856
122694,3,R,1250,R,0,R,394,R,856
122728,1,R,2109,R,440,R,958,R,711
122728,2,R,1517,R,234,R,769,R,514
122728,3,R,1152,R,193,R,764,R,195
122728,11,R,365,R,41,R,5,R,319
122728,12,R,592,R,206,R,189,R,197
122746,1,R,13710,R,5712,R,4083,R,3915
122746,2,R,13710,R,5712,R,4083,R,3915
122746,3,R,11340,R,4563,R,3839,R,2938
122746,11,R,2370,R,1149,R,244,R,977
122755,1,R,40205,R,6309,R,25828,R,8068
122755,2,R,29579,R,1942,R,22573,R,5064
122755,3,R,29071,R,1879,R,22305,R,4887
122755,11,R,508,R,63,R,268,R,177
122755,12,R,10626,R,4367,R,3255,R,3004
122791,1,R,14972,R,1804,R,1886,R,11282
122791,2,R,14972,R,1804,R,1886,R,11282
122791,3,R,11587,R,993,R,1669,R,8925
122791,11,R,3385,R,811,R,217,R,2357
122889,1,R,18903,R,6595,R,7513,R,4795
122889,2,R,18903,R,6595,R,7513,R,4795
122889,3,R,14192,R,5190,R,6923,R,2079
122889,11,R,4711,R,1405,R,590,R,2716
122931,1,R,10129,R,464,R,2515,R,7150
122931,2,R,6468,R,24,R,1008,R,5436
122931,3,R,6351,R,15,R,999,R,5337
122931,11,R,117,R,9,R,9,R,99
122931,12,R,3661,R,440,R,1507,R,1714
122977,1,R,33626,R,13719,R,14570,R,5337
122977,2,R,33626,R,13719,R,14570,R,5337
122977,3,R,30375,R,11698,R,14287,R,4390
122977,11,R,3251,R,2021,R,283,R,947
123013,1,R,24209,R,7455,R,9668,R,7086
123013,2,R,24209,R,7455,R,9668,R,7086
123013,3,R,20194,R,4895,R,9166,R,6133
123013,11,R,4015,R,2560,R,502,R,953
123095,1,R,1257,R,257,R,1000,R,0
123095,12,R,1257,R,257,R,1000,R,0
123165,1,R,1112,A,,A,,R,1112
123165,2,R,1084,A,,A,,R,1084
123165,3,R,1080,A,,A,,R,1080
123165,11,R,4,A,,A,,R,4
123165,12,R,28,A,,A,,R,28
123217,1,R,17735,R,3327,R,8116,R,6292
123217,2,R,17735,R,3327,R,8116,R,6292
123217,3,R,13936,R,2092,R,7267,R,4577
123217,11,R,3799,R,1235,R,849,R,1715
123280,1,R,28,R,18,R,8,R,2
123280,2,R,20,R,16,R,4,R,0
123280,3,R,19,R,15,R,4,R,0
123280,11,R,1,R,1,R,0,R,0
123280,12,R,8,R,2,R,4,R,2
123299,1,R,12499,R,5052,R,3974,R,3473
123299,2,R,12499,R,5052,R,3974,R,3473
123299,3,R,8578,R,3669,R,3283,R,1626
123299,11,R,3921,R,1383,R,691,R,1847
123341,1,R,25455,R,10117,R,9732,R,5606
123341,2,R,25455,R,10117,R,9732,R,5606
123341,3,R,18782,R,7571,R,8680,R,2531
123341,11,R,6673,R,2546,R,1052,R,3075
123350,1,R,339,A,,A,,R,339
123350,2,R,339,A,,A,,R,339
123350,3,R,339,A,,A,,R,339
123448,1,R,544,R,419,R,65,R,60
123448,12,R,544,R,419,R,65,R,60
123457,1,R,1210,R,378,R,382,R,450
123457,2,R,1006,R,260,R,337,R,409
123457,3,R,845,R,100,R,337,R,408
123457,11,R,161,R,160,R,0,R,1
123457,12,R,204,R,118,R,45,R,41
123484,1,R,2811,R,1242,R,581,R,988
123484,2,R,2811,R,1242,R,581,R,988
123484,3,R,2116,R,783,R,527,R,806
123484,11,R,695,R,459,R,54,R,182
123493,1,R,142,A,,A,,R,142
123493,2,R,142,A,,A,,R,142
123493,3,R,142,A,,A,,R,142
123509,1,R,17069,R,7537,R,5308,R,4224
123509,2,R,17069,R,7537,R,5308,R,4224
123509,3,R,12157,R,5228,R,4620,R,2309
123509,11,R,4912,R,2309,R,688,R,1915
123527,1,R,19506,R,9158,R,6805,R,3543
123527,2,R,19506,R,9158,R,6805,R,3543
123527,3,R,16863,R,7468,R,6475,R,2920
123527,11,R,2643,R,1690,R,330,R,623
123554,1,R,3108,R,112,R,127,R,2869
123554,2,R,2265,R,47,R,44,R,2174
123554,3,R,2254,R,47,R,44,R,2163
123554,11,R,11,R,0,R,0,R,11
123554,12,R,843,R,65,R,83,R,695
123563,1,R,12782,R,4555,R,5741,R,2486
123563,2,R,12782,R,4555,R,5741,R,2486
123563,3,R,10898,R,3568,R,5326,R,2004
123563,11,R,1884,R,987,R,415,R,482
123572,1,R,6695,R,422,R,4352,R,1921
123572,2,R,6040,R,380,R,4024,R,1636
123572,3,R,5875,R,324,R,4018,R,1533
123572,11,R,165,R,56,R,6,R,103
123572,12,R,655,R,42,R,328,R,285
123633,1,R,303,R,0,R,303,R,0
123633,12,R,303,R,0,R,303,R,0
123642,1,R,348,A,,A,,R,348
123642,2,R,348,A,,A,,R,348
123642,3,R,348,A,,A,,R,348
123651,1,R,2545,R,274,R,1565,R,706
123651,2,R,2224,R,182,R,1434,R,608
123651,3,R,2121,R,173,R,1433,R,515
123651,11,R,103,R,9,R,1,R,93
123651,12,R,321,R,92,R,131,R,98
123679,1,R,673,Z,0,R,452,R,221
123679,2,R,673,Z,0,R,452,R,221
123679,3,R,673,Z,0,R,452,R,221
123800,1,R,26295,R,7798,R,11178,R,7319
123800,2,R,26295,R,7798,R,11178,R,7319
123800,3,R,23290,R,6680,R,10937,R,5673
123800,11,R,3005,R,1118,R,241,R,1646
123916,1,R,84,R,84,A,,A,
123916,12,R,84,R,84,A,,A,
123943,1,R,696,R,7,R,91,R,598
123943,12,R,696,R,7,R,91,R,598
123952,1,R,611,A,,A,,R,611
123952,2,R,248,A,,A,,R,248
123952,3,R,244,A,,A,,R,244
123952,11,R,4,A,,A,,R,4
123952,12,R,363,A,,A,,R,363
123961,1,R,51953,R,6689,R,16596,R,28668
123961,2,R,23071,R,74,R,4181,R,18816
123961,3,R,21711,R,44,R,4175,R,17492
123961,11,R,1360,R,30,R,6,R,1324
123961,12,R,28882,R,6615,R,12415,R,9852
123970,1,R,1017,R,1,R,313,R,703
123970,12,R,1017,R,1,R,313,R,703
124113,1,R,8130,R,1469,R,1455,R,5206
124113,2,R,8130,R,1469,R,1455,R,5206
124113,3,R,6505,R,1061,R,1239,R,4205
124113,11,R,1625,R,408,R,216,R,1001
124283,1,R,239,R,105,R,80,R,54
124283,12,R,239,R,105,R,80,R,54
124292,1,R,541,A,,A,,R,541
124292,2,R,541,A,,A,,R,541
124292,3,R,541,A,,A,,R,541
124487,1,R,158,R,50,R,75,R,33
124487,2,R,115,R,26,R,61,R,28
124487,3,R,110,R,25,R,59,R,26
124487,11,R,5,R,1,R,2,R,2
124487,12,R,43,R,24,R,14,R,5
124681,1,R,1818,A,,A,,R,1818
124681,2,R,1818,A,,A,,R,1818
124681,3,R,1818,A,,A,,R,1818
124706,1,R,959,Z,0,R,780,R,179
124706,2,R,959,Z,0,R,780,R,179
124706,3,R,959,Z,0,R,780,R,179
124937,1,R,512,Z,0,R,357,R,155
124937,2,R,512,Z,0,R,357,R,155
124937,3,R,512,Z,0,R,357,R,155
125028,1,R,18107,R,10472,R,5931,R,1704
125028,2,R,18107,R,10472,R,5931,R,1704
125028,3,R,15216,R,8139,R,5642,R,1435
125028,11,R,2891,R,2333,R,289,R,269
125037,1,R,334,R,28,R,233,R,73
125037,12,R,334,R,28,R,233,R,73
125082,1,R,159,A,,A,,R,159
125082,2,R,159,A,,A,,R,159
125082,3,R,159,A,,A,,R,159
125091,1,R,20895,R,7252,R,8268,R,5375
125091,2,R,20895,R,7252,R,8268,R,5375
125091,3,R,16520,R,5700,R,7149,R,3671
125091,11,R,4375,R,1552,R,1119,R,1704
125170,1,R,11265,R,6411,R,2672,R,2182
125170,2,R,11265,R,6411,R,2672,R,2182
125170,3,R,7726,R,4535,R,2055,R,1136
125170,11,R,3539,R,1876,R,617,R,1046
125231,1,R,72855,R,72855,A,,A,
125231,2,R,14222,R,14222,A,,A,
125231,3,R,14158,R,14158,A,,A,
125231,11,R,64,R,64,A,,A,
125231,12,R,58633,R,58633,A,,A,
125310,1,R,77,A,,A,,R,77
125310,2,R,77,A,,A,,R,77
125310,3,R,77,A,,A,,R,77
125462,1,R,5263,R,2471,R,1415,R,1377
125462,2,R,5263,R,2471,R,1415,R,1377
125462,3,R,3498,R,1906,R,934,R,658
125462,11,R,1765,R,565,R,481,R,719
125471,1,R,19187,R,14741,R,2672,R,1774
125471,2,R,19187,R,14741,R,2672,R,1774
125471,3,R,15133,R,11740,R,2219,R,1174
125471,11,R,4054,R,3001,R,453,R,600
125499,1,R,11247,R,5119,R,3925,R,2203
125499,2,R,11247,R,5119,R,3925,R,2203
125499,3,R,9120,R,3764,R,3657,R,1699
125499,11,R,2127,R,1355,R,268,R,504
125532,1,R,3699,R,2229,R,817,R,653
125532,2,R,3699,R,2229,R,817,R,653
125532,3,R,3645,R,2197,R,806,R,642
125532,11,R,54,R,32,R,11,R,11
125718,1,R,109,A,,A,,R,109
125718,12,R,109,A,,A,,R,109
125727,1,R,1393,R,4,R,185,R,1204
125727,2,R,1385,R,4,R,177,R,1204
125727,3,R,1356,R,3,R,177,R,1176
125727,11,R,29,R,1,R,0,R,28
125727,12,R,8,R,0,R,8,R,0
125763,1,R,899,R,0,R,363,R,536
125763,2,R,848,R,0,R,346,R,502
125763,3,R,847,R,0,R,346,R,501
125763,11,R,1,Z,0,Z,0,R,1
125763,12,R,51,Z,0,R,17,R,34
125897,1,R,958,R,0,R,585,R,373
125897,2,R,872,R,0,R,546,R,326
125897,3,R,871,R,0,R,546,R,325
125897,11,R,1,R,0,R,0,R,1
125897,12,R,86,R,0,R,39,R,47
126012,1,R,597,A,,A,,R,597
126012,12,R,597,A,,A,,R,597
126049,1,R,267,R,44,R,91,R,132
126049,12,R,267,R,44,R,91,R,132
126076,1,R,204,A,,A,,R,204
126076,2,R,204,A,,A,,R,204
126076,3,R,204,A,,A,,R,204
126119,1,R,8679,R,4515,R,2515,R,1649
126119,2,R,8679,R,4515,R,2515,R,1649
126119,3,R,6374,R,3094,R,2236,R,1044
126119,11,R,2305,R,1421,R,279,R,605
126182,1,R,3852,R,1207,R,1514,R,1131
126182,2,R,2053,R,547,R,397,R,1109
126182,3,R,1565,R,404,R,324,R,837
126182,11,R,488,R,143,R,73,R,272
126182,12,R,1799,R,660,R,1117,R,22
126207,1,R,10056,R,1329,R,1921,R,6806
126207,2,R,10056,R,1329,R,1921,R,6806
126207,3,R,4172,R,781,R,1335,R,2056
126207,11,R,5884,R,548,R,586,R,4750
126289,1,R,18447,R,2913,R,2890,R,12644
126289,2,R,18447,R,2913,R,2890,R,12644
126289,3,R,6999,R,2472,R,2381,R,2146
126289,11,R,11448,R,441,R,509,R,10498
126359,1,R,208,A,,A,,R,208
126359,2,R,208,A,,A,,R,208
126359,3,R,208,A,,A,,R,208
126562,1,R,29066,R,5696,R,11334,R,12036
126562,2,R,17718,R,2345,R,7795,R,7578
126562,3,R,12128,R,1763,R,7637,R,2728
126562,11,R,5590,R,582,R,158,R,4850
126562,12,R,11348,R,3351,R,3539,R,4458
126580,1,R,14704,R,2209,R,7523,R,4972
126580,2,R,12276,R,1277,R,6889,R,4110
126580,3,R,10069,R,1019,R,6766,R,2284
126580,11,R,2207,R,258,R,123,R,1826
126580,12,R,2428,R,932,R,634,R,862
126605,1,R,555,R,0,R,555,R,0
126605,2,R,555,R,0,R,555,R,0
126605,3,R,555,R,0,R,555,R,0
126614,1,R,46985,R,4953,R,13110,R,28922
126614,2,R,35164,R,2457,R,12178,R,20529
126614,3,R,34029,R,1970,R,12020,R,20039
126614,11,R,1135,R,487,R,158,R,490
126614,12,R,11821,R,2496,R,932,R,8393
126669,1,R,17187,R,9440,R,1051,R,6696
126669,2,R,14973,R,7444,R,884,R,6645
126669,3,R,8366,R,6734,R,683,R,949
126669,11,R,6607,R,710,R,201,R,5696
126669,12,R,2214,R,1996,R,167,R,51
126678,1,R,2393,A,,A,,R,2393
126678,2,R,2349,A,,A,,R,2349
126678,3,R,2295,A,,A,,R,2295
126678,11,R,54,A,,A,,R,54
126678,12,R,44,A,,A,,R,44
126687,1,R,744,Z,0,R,744,R,0
126687,2,R,744,Z,0,R,744,R,0
126687,3,R,744,Z,0,R,744,R,0
126711,1,R,7821,R,719,R,2119,R,4983
126711,2,R,7821,R,719,R,2119,R,4983
126711,3,R,3785,R,522,R,1618,R,1645
126711,11,R,4036,R,197,R,501,R,3338
126748,1,R,1672,R,195,R,385,R,1092
126748,2,R,1672,R,195,R,385,R,1092
126748,3,R,632,R,143,R,299,R,190
126748,11,R,1040,R,52,R,86,R,902
126775,1,R,8103,R,339,R,1523,R,6241
126775,2,R,6106,R,35,R,1085,R,4986
126775,3,R,6045,R,31,R,1081,R,4933
126775,11,R,61,R,4,R,4,R,53
126775,12,R,1997,R,304,R,438,R,1255
126784,1,R,144,A,,A,,R,144
126784,2,R,144,A,,A,,R,144
126784,3,R,144,A,,A,,R,144
126818,1,R,37218,R,6335,R,14304,R,16579
126818,2,R,28050,R,3149,R,12969,R,11932
126818,3,R,26515,R,1897,R,12898,R,11720
126818,11,R,1535,R,1252,R,71,R,212
126818,12,R,9168,R,3186,R,1335,R,4647
126827,1,R,52757,R,52026,R,725,R,6
126827,2,R,47791,R,47091,R,695,R,5
126827,3,R,47168,R,46468,R,695,R,5
126827,11,R,623,R,623,R,0,R,0
126827,12,R,4966,R,4935,R,30,R,1
126863,1,R,11910,R,1519,R,1959,R,8432
126863,2,R,11910,R,1519,R,1959,R,8432
126863,3,R,4436,R,1281,R,1509,R,1646
126863,11,R,7474,R,238,R,450,R,6786
126915,1,R,333,R,0,R,44,R,289
126915,2,R,333,R,0,R,44,R,289
126915,3,R,201,R,0,R,35,R,166
126915,11,R,132,R,0,R,9,R,123
126942,1,R,11317,R,1263,R,3553,R,6501
126942,2,R,11317,R,1263,R,3553,R,6501
126942,3,R,7589,R,1129,R,3370,R,3090
126942,11,R,3728,R,134,R,183,R,3411
126951,1,R,1851,A,,A,,R,1851
126951,2,R,1851,A,,A,,R,1851
126951,3,R,1851,A,,A,,R,1851
126979,1,R,1067,R,237,R,517,R,313
126979,12,R,1067,R,237,R,517,R,313
127060,1,R,16004,R,4888,R,2049,R,9067
127060,2,R,7320,R,1245,R,436,R,5639
127060,3,R,6411,R,348,R,436,R,5627
127060,11,R,909,R,897,R,0,R,12
127060,12,R,8684,R,3643,R,1613,R,3428
127158,1,R,6785,Z,0,R,16,R,6769
127158,2,R,6785,Z,0,R,16,R,6769
127158,3,R,6502,Z,0,R,16,R,6486
127158,11,R,283,Z,0,Z,0,R,283
127185,1,R,3783,R,192,R,1666,R,1925
127185,2,R,3661,R,169,R,1602,R,1890
127185,3,R,3358,R,86,R,1555,R,1717
127185,11,R,303,R,83,R,47,R,173
127185,12,R,122,R,23,R,64,R,35
127200,1,R,31536,R,7896,R,6385,R,17255
127200,2,R,31536,R,7896,R,6385,R,17255
127200,3,R,16049,R,5728,R,5126,R,5195
127200,11,R,15487,R,2168,R,1259,R,12060
127273,1,R,203,R,17,R,111,R,75
127273,12,R,203,R,17,R,111,R,75
127316,1,R,428,A,,A,,R,428
127316,2,R,428,A,,A,,R,428
127316,3,R,428,A,,A,,R,428
127389,1,R,848,R,120,R,348,R,380
127389,2,R,848,R,120,R,348,R,380
127389,3,R,518,R,104,R,229,R,185
127389,11,R,330,R,16,R,119,R,195
127556,1,R,10157,R,816,R,5012,R,4329
127556,2,R,9785,R,721,R,4926,R,4138
127556,3,R,8477,R,691,R,4850,R,2936
127556,11,R,1308,R,30,R,76,R,1202
127556,12,R,372,R,95,R,86,R,191
127565,1,R,21767,R,5655,R,8927,R,7185
127565,2,R,20421,R,5264,R,8278,R,6879
127565,3,R,17875,R,4970,R,8095,R,4810
127565,11,R,2546,R,294,R,183,R,2069
127565,12,R,1346,R,391,R,649,R,306
127617,1,R,1934,R,466,R,703,R,765
127617,2,R,1934,R,466,R,703,R,765
127617,3,R,884,R,216,R,274,R,394
127617,11,R,1050,R,250,R,429,R,371
127653,1,R,1237,R,371,R,329,R,537
127653,2,R,428,R,151,R,135,R,142
127653,3,R,425,R,151,R,135,R,139
127653,11,R,3,R,0,R,0,R,3
127653,12,R,809,R,220,R,194,R,395
127714,1,R,884,R,884,A,,A,
127714,2,R,884,R,884,A,,A,
127714,3,R,442,R,442,A,,A,
127714,11,R,442,R,442,A,,A,
127732,1,R,1931,R,243,R,449,R,1239
127732,2,R,1931,R,243,R,449,R,1239
127732,3,R,1003,R,133,R,303,R,567
127732,11,R,928,R,110,R,146,R,672
127741,1,R,10404,R,1737,R,5288,R,3379
127741,2,R,7272,R,546,R,4204,R,2522
127741,3,R,6222,R,432,R,4194,R,1596
127741,11,R,1050,R,114,R,10,R,926
127741,12,R,3132,R,1191,R,1084,R,857
127778,1,R,1228,R,164,R,394,R,670
127778,2,R,1228,R,164,R,394,R,670
127778,3,R,805,R,137,R,311,R,357
127778,11,R,423,R,27,R,83,R,313
127820,1,R,16177,R,4403,R,5556,R,6218
127820,2,R,16177,R,4403,R,5556,R,6218
127820,3,R,12358,R,4034,R,4915,R,3409
127820,11,R,3819,R,369,R,641,R,2809
127884,1,R,9185,R,1707,R,1944,R,5534
127884,2,R,9185,R,1707,R,1944,R,5534
127884,3,R,4330,R,1452,R,1463,R,1415
127884,11,R,4855,R,255,R,481,R,4119
127909,1,R,12139,R,3364,R,1522,R,7253
127909,2,R,12043,R,3364,R,1522,R,7157
127909,3,R,7579,R,3164,R,1408,R,3007
127909,11,R,4464,R,200,R,114,R,4150
127909,12,R,96,A,,A,,R,96
127918,1,R,5677,R,1800,R,2214,R,1663
127918,2,R,3145,R,912,R,1319,R,914
127918,3,R,2991,R,865,R,1234,R,892
127918,11,R,154,R,47,R,85,R,22
127918,12,R,2532,R,888,R,895,R,749
127945,1,R,2955,R,2294,R,629,R,32
127945,2,R,2955,R,2294,R,629,R,32
127945,3,R,2928,R,2269,R,627,R,32
127945,11,R,27,R,25,R,2,R,0
127954,1,R,36,A,,A,,R,36
127954,2,R,8,A,,A,,R,8
127954,3,R,8,A,,A,,R,8
127954,12,R,28,A,,A,,R,28
128106,1,R,11999,R,2670,R,3329,R,6000
128106,2,R,6086,R,336,R,2261,R,3489
128106,3,R,3539,R,320,R,2151,R,1068
128106,11,R,2547,R,16,R,110,R,2421
128106,12,R,5913,R,2334,R,1068,R,2511
128151,1,R,1090,A,,A,,R,1090
128151,2,R,1090,A,,A,,R,1090
128151,3,R,696,A,,A,,R,696
128151,11,R,394,A,,A,,R,394
128179,1,R,1246,Z,0,R,393,R,853
128179,2,R,1246,Z,0,R,393,R,853
128179,3,R,1246,Z,0,R,393,R,853
128188,1,R,1818,Z,0,R,548,R,1270
128188,2,R,1818,Z,0,R,548,R,1270
128188,3,R,1818,Z,0,R,548,R,1270
128258,1,R,2381,R,300,R,621,R,1460
128258,2,R,2381,R,300,R,621,R,1460
128258,3,R,1656,R,231,R,535,R,890
128258,11,R,725,R,69,R,86,R,570
128328,1,R,5117,A,,A,,R,5117
128328,2,R,5117,A,,A,,R,5117
128328,3,R,5117,A,,A,,R,5117
128337,1,R,174,A,,A,,R,174
128337,2,R,174,A,,A,,R,174
128337,3,R,174,A,,A,,R,174
128391,1,R,5959,R,1698,R,682,R,3579
128391,2,R,5303,R,1374,R,504,R,3425
128391,3,R,1793,R,118,R,365,R,1310
128391,11,R,3510,R,1256,R,139,R,2115
128391,12,R,656,R,324,R,178,R,154
128498,1,R,1545,R,750,R,609,R,186
128498,2,R,1215,R,527,R,545,R,143
128498,3,R,1118,R,437,R,543,R,138
128498,11,R,97,R,90,R,2,R,5
128498,12,R,330,R,223,R,64,R,43
128586,1,R,66,A,,A,,R,66
128586,2,R,66,A,,A,,R,66
128586,3,R,66,A,,A,,R,66
128744,1,R,5603,R,1492,R,2885,R,1226
128744,2,R,2338,R,473,R,1022,R,843
128744,3,R,1645,R,417,R,1020,R,208
128744,11,R,693,R,56,R,2,R,635
128744,12,R,3265,R,1019,R,1863,R,383
128771,1,R,11379,R,842,R,2436,R,8101
128771,2,R,9141,R,405,R,1688,R,7048
128771,3,R,8448,R,215,R,1490,R,6743
128771,11,R,693,R,190,R,198,R,305
128771,12,R,2238,R,437,R,748,R,1053
128780,1,R,2540,R,2540,A,,A,
128780,2,R,2432,R,2432,A,,A,
128780,3,R,2240,R,2240,A,,A,
128780,11,R,192,R,192,A,,A,
128780,12,R,108,R,108,A,,A,
128896,1,R,390,A,,A,,R,390
128896,2,R,390,A,,A,,R,390
128896,3,R,390,A,,A,,R,390
128902,1,R,2044,R,0,R,92,R,1952
128902,2,R,2044,R,0,R,92,R,1952
128902,3,R,1990,R,0,R,90,R,1900
128902,11,R,54,R,0,R,2,R,52
129002,1,R,439,R,0,R,418,R,21
129002,2,R,439,R,0,R,418,R,21
129002,3,R,439,R,0,R,418,R,21
129020,1,R,47445,R,2660,R,13447,R,31338
129020,2,R,38552,R,1142,R,10964,R,26446
129020,3,R,19603,R,83,R,10896,R,8624
129020,11,R,18949,R,1059,R,68,R,17822
129020,12,R,8893,R,1518,R,2483,R,4892
129154,1,R,4937,R,2955,R,1017,R,965
129154,2,R,4774,R,2801,R,1017,R,956
129154,3,R,4535,R,2756,R,1017,R,762
129154,11,R,239,R,45,R,0,R,194
129154,12,R,163,R,154,R,0,R,9
129181,1,R,1562,A,,A,,R,1562
129181,2,R,1562,A,,A,,R,1562
129181,3,R,1562,A,,A,,R,1562
129215,1,R,4361,R,127,R,989,R,3245
129215,2,R,4147,R,43,R,882,R,3222
129215,3,R,3533,R,24,R,880,R,2629
129215,11,R,614,R,19,R,2,R,593
129215,12,R,214,R,84,R,107,R,23
129242,1,R,6991,R,786,R,1405,R,4800
129242,2,R,5286,R,108,R,1069,R,4109
129242,3,R,5091,R,40,R,1068,R,3983
129242,11,R,195,R,68,R,1,R,126
129242,12,R,1705,R,678,R,336,R,691
129349,1,R,327,A,,A,,R,327
129349,2,R,327,A,,A,,R,327
129349,3,R,327,A,,A,,R,327
129367,1,R,51345,R,12395,R,20111,R,18839
129367,2,R,51345,R,12395,R,20111,R,18839
129367,3,R,39925,R,8314,R,19132,R,12479
129367,11,R,11420,R,4081,R,979,R,6360
129482,1,R,628,R,0,R,446,R,182
129482,2,R,628,R,0,R,446,R,182
129482,3,R,628,R,0,R,446,R,182
129491,1,R,123,R,40,R,55,R,28
129491,12,R,123,R,40,R,55,R,28
129525,1,R,6922,R,1382,R,2245,R,3295
129525,2,R,4412,R,129,R,1806,R,2477
129525,3,R,4212,R,125,R,1744,R,2343
129525,11,R,200,R,4,R,62,R,134
129525,12,R,2510,R,1253,R,439,R,818
129534,1,R,995,R,921,R,46,R,28
129534,2,R,356,R,335,R,13,R,8
129534,3,R,243,R,223,R,13,R,7
129534,11,R,113,R,112,R,0,R,1
129534,12,R,639,R,586,R,33,R,20
129774,1,R,560,R,5,R,75,R,480
129774,2,R,560,R,5,R,75,R,480
129774,3,R,447,R,2,R,72,R,373
129774,11,R,113,R,3,R,3,R,107
129923,1,R,1339,A,,A,,R,1339
129923,2,R,1339,A,,A,,R,1339
129923,3,R,1339,A,,A,,R,1339
129932,1,R,1695,A,,A,,R,1695
129932,2,R,1695,A,,A,,R,1695
129932,3,R,1695,A,,A,,R,1695
129941,1,R,11686,R,1896,R,4732,R,5058
129941,2,R,5603,R,698,R,2590,R,2315
129941,3,R,5047,R,251,R,2586,R,2210
129941,11,R,556,R,447,R,4,R,105
129941,12,R,6083,R,1198,R,2142,R,2743
130174,1,R,1847,R,89,R,1422,R,336
130174,2,R,1847,R,89,R,1422,R,336
130174,3,R,1847,R,89,R,1422,R,336
130183,1,R,33703,R,32499,R,606,R,598
130183,2,R,30054,R,28891,R,606,R,557
130183,3,R,29360,R,28615,R,467,R,278
130183,11,R,694,R,276,R,139,R,279
130183,12,R,3649,R,3608,R,0,R,41
130226,1,R,10144,R,1354,R,5598,R,3192
130226,2,R,6946,R,380,R,4437,R,2129
130226,3,R,6515,R,210,R,4431,R,1874
130226,11,R,431,R,170,R,6,R,255
130226,12,R,3198,R,974,R,1161,R,1063
130253,1,R,12695,R,1596,R,7331,R,3768
130253,2,R,7549,R,305,R,5063,R,2181
130253,3,R,7134,R,235,R,5055,R,1844
130253,11,R,415,R,70,R,8,R,337
130253,12,R,5146,R,1291,R,2268,R,1587
130314,1,R,2249,R,543,R,885,R,821
130314,2,R,952,R,21,R,661,R,270
130314,3,R,887,R,14,R,655,R,218
130314,11,R,65,R,7,R,6,R,52
130314,12,R,1297,R,522,R,224,R,551
130493,1,R,10686,R,1395,R,4159,R,5132
130493,2,R,8266,R,621,R,3451,R,4194
130493,3,R,6835,R,457,R,3428,R,2950
130493,11,R,1431,R,164,R,23,R,1244
130493,12,R,2420,R,774,R,708,R,938
130590,1,R,2341,R,6,R,329,R,2006
130590,2,R,2293,R,5,R,312,R,1976
130590,3,R,2224,R,4,R,312,R,1908
130590,11,R,69,R,1,R,0,R,68
130590,12,R,48,R,1,R,17,R,30
130624,1,R,1081,A,,A,,R,1081
130624,2,R,1081,A,,A,,R,1081
130624,3,R,1081,A,,A,,R,1081
130697,1,R,4158,R,630,R,303,R,3225
130697,2,R,3896,R,616,R,247,R,3033
130697,3,R,3201,R,9,R,247,R,2945
130697,11,R,695,R,607,R,0,R,88
130697,12,R,262,R,14,R,56,R,192
130776,1,R,4819,R,431,R,1801,R,2587
130776,2,R,4065,R,138,R,1604,R,2323
130776,3,R,3784,R,108,R,1581,R,2095
130776,11,R,281,R,30,R,23,R,228
130776,12,R,754,R,293,R,197,R,264
130794,1,R,16784,R,95,R,1150,R,15539
130794,2,R,8296,R,0,R,630,R,7666
130794,3,R,7007,R,0,R,374,R,6633
130794,11,R,1289,R,0,R,256,R,1033
130794,12,R,8488,R,95,R,520,R,7873
130837,1,R,44,A,,A,,R,44
130837,2,R,44,A,,A,,R,44
130837,3,R,44,A,,A,,R,44
130873,1,R,621,R,0,R,312,R,309
130873,2,R,621,R,0,R,312,R,309
130873,3,R,621,R,0,R,312,R,309
130907,1,R,16499,R,3922,R,7414,R,5163
130907,2,R,16499,R,3922,R,7414,R,5163
130907,3,R,13249,R,3329,R,7293,R,2627
130907,11,R,3250,R,593,R,121,R,2536
130934,1,R,6512,R,757,R,4379,R,1376
130934,2,R,5397,R,234,R,4203,R,960
130934,3,R,4953,R,190,R,4103,R,660
130934,11,R,444,R,44,R,100,R,300
130934,12,R,1115,R,523,R,176,R,416
130943,1,R,26917,R,2222,R,16443,R,8252
130943,2,R,21778,R,1661,R,14069,R,6048
130943,3,R,19213,R,99,R,13804,R,5310
130943,11,R,2565,R,1562,R,265,R,738
130943,12,R,5139,R,561,R,2374,R,2204
130989,1,R,1311,R,321,R,675,R,315
130989,2,R,789,R,153,R,423,R,213
130989,3,R,704,R,145,R,423,R,136
130989,11,R,85,R,8,R,0,R,77
130989,12,R,522,R,168,R,252,R,102
131061,1,R,286,A,,A,,R,286
131061,2,R,286,A,,A,,R,286
131061,3,R,286,A,,A,,R,286
131113,1,R,19559,R,13255,R,4750,R,1554
131113,2,R,12486,R,8836,R,2623,R,1027
131113,3,R,11403,R,8654,R,2593,R,156
131113,11,R,1083,R,182,R,30,R,871
131113,12,R,7073,R,4419,R,2127,R,527
131159,1,R,15188,R,2202,R,3262,R,9724
131159,2,R,8861,R,529,R,2247,R,6085
131159,3,R,7865,R,150,R,2228,R,5487
131159,11,R,996,R,379,R,19,R,598
131159,12,R,6327,R,1673,R,1015,R,3639
131283,1,R,5618,R,260,R,1794,R,3564
131283,2,R,3248,Z,0,R,1074,R,2174
131283,3,R,3145,Z,0,R,1051,R,2094
131283,11,R,103,Z,0,R,23,R,80
131283,12,R,2370,R,260,R,720,R,1390
131399,1,R,5134,R,31,R,2085,R,3018
131399,2,R,4502,R,31,R,1943,R,2528
131399,3,R,3927,R,31,R,1816,R,2080
131399,11,R,575,R,0,R,127,R,448
131399,12,R,632,R,0,R,142,R,490
131405,1,R,86,A,,A,,R,86
131405,12,R,86,A,,A,,R,86
131450,1,R,1510,R,235,R,520,R,755
131450,2,R,1008,R,58,R,388,R,562
131450,3,R,937,R,56,R,386,R,495
131450,11,R,71,R,2,R,2,R,67
131450,12,R,502,R,177,R,132,R,193
131469,1,R,28729,R,5557,R,5462,R,17710
131469,2,R,12334,R,677,R,2131,R,9526
131469,3,R,11489,R,583,R,2118,R,8788
131469,11,R,845,R,94,R,13,R,738
131469,12,R,16395,R,4880,R,3331,R,8184
131496,1,R,22644,R,3580,R,4493,R,14571
131496,2,R,8537,R,341,R,1259,R,6937
131496,3,R,7651,R,234,R,1253,R,6164
131496,11,R,886,R,107,R,6,R,773
131496,12,R,14107,R,3239,R,3234,R,7634
131520,1,R,14631,R,1722,R,10116,R,2793
131520,2,R,11087,R,1175,R,8733,R,1179
131520,3,R,9782,R,90,R,8696,R,996
131520,11,R,1305,R,1085,R,37,R,183
131520,12,R,3544,R,547,R,1383,R,1614
131803,1,R,492,R,484,R,8,R,0
131803,2,R,421,R,415,R,6,R,0
131803,3,R,419,R,413,R,6,R,0
131803,11,R,2,R,2,R,0,R,0
131803,12,R,71,R,69,R,2,R,0
131830,1,R,31,A,,A,,R,31
131830,2,R,31,A,,A,,R,31
131830,3,R,31,A,,A,,R,31
131876,1,R,2157,R,340,R,952,R,865
131876,2,R,1781,R,172,R,877,R,732
131876,3,R,1522,R,163,R,875,R,484
131876,11,R,259,R,9,R,2,R,248
131876,12,R,376,R,168,R,75,R,133
131973,1,R,537,R,97,R,340,R,100
131973,12,R,537,R,97,R,340,R,100
132374,1,R,4689,R,70,R,78,R,4541
132374,2,R,4689,R,70,R,78,R,4541
132374,3,R,4216,R,70,R,78,R,4068
132374,11,R,473,R,0,R,0,R,473
132408,1,R,579,R,281,R,137,R,161
132408,2,R,465,R,207,R,137,R,121
132408,3,R,368,R,110,R,137,R,121
132408,11,R,97,R,97,R,0,R,0
132408,12,R,114,R,74,R,0,R,40
132471,1,R,7994,R,1469,R,683,R,5842
132471,2,R,3518,R,241,R,201,R,3076
132471,3,R,2524,R,241,R,196,R,2087
132471,11,R,994,R,0,R,5,R,989
132471,12,R,4476,R,1228,R,482,R,2766
132602,1,R,2752,R,66,R,2575,R,111
132602,2,R,2631,Z,0,R,2520,R,111
132602,3,R,2620,Z,0,R,2520,R,100
132602,11,R,11,Z,0,Z,0,R,11
132602,12,R,121,R,66,R,55,R,0
132657,1,R,4157,R,1044,R,1922,R,1191
132657,2,R,3154,R,606,R,1528,R,1020
132657,3,R,3147,R,604,R,1527,R,1016
132657,11,R,7,R,2,R,1,R,4
132657,12,R,1003,R,438,R,394,R,171
132675,1,R,161,A,,A,,R,161
132675,2,R,161,A,,A,,R,161
132675,3,R,86,A,,A,,R,86
132675,11,R,75,A,,A,,R,75
132693,1,R,18137,R,5886,R,7187,R,5064
132693,2,R,18137,R,5886,R,7187,R,5064
132693,3,R,13570,R,4692,R,5574,R,3304
132693,11,R,4567,R,1194,R,1613,R,1760
132709,1,R,45660,R,13441,R,16771,R,15448
132709,2,R,45660,R,13441,R,16771,R,15448
132709,3,R,35522,R,8789,R,14477,R,12256
132709,11,R,10138,R,4652,R,2294,R,3192
132842,1,R,1125,R,354,R,461,R,310
132842,2,R,421,R,264,R,126,R,31
132842,3,R,420,R,264,R,125,R,31
132842,11,R,1,R,0,R,1,R,0
132842,12,R,704,R,90,R,335,R,279
132851,1,R,8099,R,1779,R,3970,R,2350
132851,2,R,8099,R,1779,R,3970,R,2350
132851,3,R,6462,R,1386,R,3333,R,1743
132851,11,R,1637,R,393,R,637,R,607
132903,1,R,80755,R,16561,R,46815,R,17379
132903,2,R,68798,R,11884,R,44319,R,12595
132903,3,R,67980,R,11683,R,44168,R,12129
132903,11,R,818,R,201,R,151,R,466
132903,12,R,11957,R,4677,R,2496,R,4784
132976,1,R,560,A,,A,,R,560
132976,2,R,560,A,,A,,R,560
132976,3,R,411,A,,A,,R,411
132976,11,R,149,A,,A,,R,149
133021,1,R,2494,R,522,R,1146,R,826
133021,2,R,2494,R,522,R,1146,R,826
133021,3,R,1729,R,294,R,851,R,584
133021,11,R,765,R,228,R,295,R,242
133155,1,R,1040,A,,A,,R,1040
133155,2,R,1040,A,,A,,R,1040
133155,3,R,727,A,,A,,R,727
133155,11,R,313,A,,A,,R,313
133386,1,R,17561,R,5303,R,7224,R,5034
133386,2,R,17561,R,5303,R,7224,R,5034
133386,3,R,12945,R,3768,R,5527,R,3650
133386,11,R,4616,R,1535,R,1697,R,1384
133465,1,R,808,R,324,R,116,R,368
133465,2,R,498,R,265,R,105,R,128
133465,3,R,498,R,265,R,105,R,128
133465,12,R,310,R,59,R,11,R,240
133492,1,R,2004,A,,A,,R,2004
133492,2,R,2004,A,,A,,R,2004
133492,3,R,1998,A,,A,,R,1998
133492,11,R,6,A,,A,,R,6
133508,1,R,18803,R,6268,R,8257,R,4278
133508,2,R,18803,R,6268,R,8257,R,4278
133508,3,R,14165,R,4466,R,6472,R,3227
133508,11,R,4638,R,1802,R,1785,R,1051
133526,1,R,1319,R,79,R,1029,R,211
133526,2,R,1240,R,0,R,1029,R,211
133526,3,R,1240,R,0,R,1029,R,211
133526,12,R,79,R,79,R,0,R,0
133553,1,R,11912,R,86,R,2625,R,9201
133553,2,R,11043,R,43,R,2541,R,8459
133553,3,R,7824,R,43,R,2541,R,5240
133553,11,R,3219,R,0,R,0,R,3219
133553,12,R,869,R,43,R,84,R,742
133650,1,R,10418,R,160,R,7782,R,2476
133650,2,R,8700,R,0,R,6992,R,1708
133650,3,R,8351,R,0,R,6770,R,1581
133650,11,R,349,R,0,R,222,R,127
133650,12,R,1718,R,160,R,790,R,768
133669,1,R,37809,R,8219,R,23869,R,5721
133669,2,R,30148,R,5706,R,20934,R,3508
133669,3,R,27804,R,4763,R,20178,R,2863
133669,11,R,2344,R,943,R,756,R,645
133669,12,R,7661,R,2513,R,2935,R,2213
133702,1,R,32056,R,12143,R,12351,R,7562
133702,2,R,32056,R,12143,R,12351,R,7562
133702,3,R,25595,R,10620,R,11026,R,3949
133702,11,R,6461,R,1523,R,1325,R,3613
133711,1,R,2576,R,72,R,507,R,1997
133711,2,R,2562,R,64,R,501,R,1997
133711,3,R,2532,R,63,R,501,R,1968
133711,11,R,30,R,1,Z,0,R,29
133711,12,R,14,R,8,R,6,R,0
133809,1,R,698,R,90,R,88,R,520
133809,2,R,698,R,90,R,88,R,520
133809,3,R,603,R,1,R,88,R,514
133809,11,R,95,R,89,R,0,R,6
133845,1,R,747,Z,0,R,747,R,0
133845,2,R,747,Z,0,R,747,R,0
133845,3,R,747,Z,0,R,747,R,0
133854,1,R,484,Z,0,R,484,R,0
133854,2,R,484,Z,0,R,484,R,0
133854,3,R,484,Z,0,R,484,R,0
133863,1,R,534,Z,0,R,534,R,0
133863,2,R,534,Z,0,R,534,R,0
133863,3,R,534,Z,0,R,534,R,0
133872,1,R,2461,R,973,R,1202,R,286
133872,2,R,1828,R,711,R,936,R,181
133872,3,R,1649,R,686,R,882,R,81
133872,11,R,179,R,25,R,54,R,100
133872,12,R,633,R,262,R,266,R,105
133881,1,R,10576,R,4350,R,279,R,5947
133881,2,R,3653,R,1,R,104,R,3548
133881,3,R,3345,R,1,R,104,R,3240
133881,11,R,308,R,0,R,0,R,308
133881,12,R,6923,R,4349,R,175,R,2399
133951,1,R,67081,R,17905,R,33233,R,15943
133951,2,R,54913,R,14284,R,29761,R,10868
133951,3,R,47046,R,12652,R,28742,R,5652
133951,11,R,7867,R,1632,R,1019,R,5216
133951,12,R,12168,R,3621,R,3472,R,5075
133960,1,R,1601,R,426,R,798,R,377
133960,2,R,1601,R,426,R,798,R,377
133960,3,R,1310,R,328,R,674,R,308
133960,11,R,291,R,98,R,124,R,69
133979,1,R,1615,R,13,R,1105,R,497
133979,2,R,1511,R,0,R,1105,R,406
133979,3,R,1428,R,0,R,1105,R,323
133979,11,R,83,R,0,R,0,R,83
133979,12,R,104,R,13,R,0,R,91
134024,1,R,144,A,,A,,R,144
134024,2,R,144,A,,A,,R,144
134024,3,R,144,A,,A,,R,144
134079,1,R,3478,R,216,R,1184,R,2078
134079,2,R,2763,R,84,R,1077,R,1602
134079,3,R,2737,R,78,R,1076,R,1583
134079,11,R,26,R,6,R,1,R,19
134079,12,R,715,R,132,R,107,R,476
134097,1,R,46338,R,5380,R,29586,R,11372
134097,2,R,33946,R,1451,R,26588,R,5907
134097,3,R,33421,R,1424,R,26549,R,5448
134097,11,R,525,R,27,R,39,R,459
134097,12,R,12392,R,3929,R,2998,R,5465
134130,1,R,61936,R,11902,R,25519,R,24515
134130,2,R,38246,R,2523,R,21919,R,13804
134130,3,R,36526,R,1336,R,21768,R,13422
134130,11,R,1720,R,1187,R,151,R,382
134130,12,R,23690,R,9379,R,3600,R,10711
134228,1,R,41,A,,A,,R,41
134228,2,R,41,A,,A,,R,41
134228,3,R,41,A,,A,,R,41
134237,1,R,37132,R,31563,R,5569,R,0
134237,2,R,35267,R,30055,R,5212,R,0
134237,3,R,35244,R,30055,R,5189,R,0
134237,11,R,23,R,0,R,23,R,0
134237,12,R,1865,R,1508,R,357,R,0
134291,1,R,884,A,,A,,R,884
134291,2,R,884,A,,A,,R,884
134291,3,R,800,A,,A,,R,800
134291,11,R,84,A,,A,,R,84
134307,1,R,1416,A,,A,,R,1416
134307,2,R,1416,A,,A,,R,1416
134307,3,R,1105,A,,A,,R,1105
134307,11,R,311,A,,A,,R,311
134343,1,R,6524,R,1496,R,3014,R,2014
134343,2,R,6524,R,1496,R,3014,R,2014
134343,3,R,4658,R,1072,R,2421,R,1165
134343,11,R,1866,R,424,R,593,R,849
134495,1,R,39762,R,14273,R,16687,R,8802
134495,2,R,39762,R,14273,R,16687,R,8802
134495,3,R,28032,R,9122,R,13717,R,5193
134495,11,R,11730,R,5151,R,2970,R,3609
134510,1,R,218,R,55,R,95,R,68
134510,2,R,194,R,42,R,85,R,67
134510,3,R,158,R,29,R,79,R,50
134510,11,R,36,R,13,R,6,R,17
134510,12,R,24,R,13,R,10,R,1
134529,1,R,521,A,,A,,R,521
134529,2,R,521,A,,A,,R,521
134529,3,R,521,A,,A,,R,521
134574,1,R,219,A,,A,,R,219
134574,2,R,219,A,,A,,R,219
134574,3,R,219,A,,A,,R,219
134608,1,R,20536,R,6241,R,8440,R,5855
134608,2,R,20536,R,6241,R,8440,R,5855
134608,3,R,14890,R,4279,R,6365,R,4246
134608,11,R,5646,R,1962,R,2075,R,1609
134714,1,R,294,A,,A,,R,294
134714,2,R,294,A,,A,,R,294
134714,3,R,294,A,,A,,R,294
134945,1,R,6521,R,1019,R,2315,R,3187
134945,2,R,4865,R,632,R,1652,R,2581
134945,3,R,2990,R,224,R,1650,R,1116
134945,11,R,1875,R,408,R,2,R,1465
134945,12,R,1656,R,387,R,663,R,606
135081,1,R,34299,R,16446,R,675,R,17178
135081,2,R,30501,R,13651,R,560,R,16290
135081,3,R,29531,R,13527,R,558,R,15446
135081,11,R,970,R,124,R,2,R,844
135081,12,R,3798,R,2795,R,115,R,888
135142,1,R,411,A,,A,,R,411
135142,2,R,411,A,,A,,R,411
135142,3,R,411,A,,A,,R,411
135160,1,R,4021,R,1614,R,1377,R,1030
135160,2,R,4021,R,1614,R,1377,R,1030
135160,3,R,3201,R,1128,R,1114,R,959
135160,11,R,820,R,486,R,263,R,71
135179,1,R,1263,R,13,R,0,R,1250
135179,2,R,1263,R,13,R,0,R,1250
135179,3,R,1142,R,10,R,0,R,1132
135179,11,R,121,R,3,R,0,R,118
135188,1,R,6557,R,2840,R,2727,R,990
135188,2,R,6557,R,2840,R,2727,R,990
135188,3,R,4587,R,2004,R,1980,R,603
135188,11,R,1970,R,836,R,747,R,387
135267,1,R,1197,R,43,R,0,R,1154
135267,2,R,1197,R,43,R,0,R,1154
135267,3,R,1164,R,43,R,0,R,1121
135267,11,R,33,R,0,R,0,R,33
135276,1,R,1824,A,,A,,R,1824
135276,2,R,1824,A,,A,,R,1824
135276,3,R,1162,A,,A,,R,1162
135276,11,R,662,A,,A,,R,662
135294,1,R,934,A,,A,,R,934
135294,2,R,934,A,,A,,R,934
135294,3,R,842,A,,A,,R,842
135294,11,R,92,A,,A,,R,92
135337,1,R,125,A,,A,,R,125
135337,2,R,125,A,,A,,R,125
135337,3,R,125,A,,A,,R,125
135364,1,R,791,R,719,R,59,R,13
135364,2,R,304,R,304,R,0,R,0
135364,3,R,268,R,268,R,0,R,0
135364,11,R,36,R,36,R,0,R,0
135364,12,R,487,R,415,R,59,R,13
135391,1,R,11408,R,4656,R,4873,R,1879
135391,2,R,11408,R,4656,R,4873,R,1879
135391,3,R,9466,R,3810,R,4105,R,1551
135391,11,R,1942,R,846,R,768,R,328
135407,1,R,1704,R,0,R,0,R,1704
135407,2,R,1704,R,0,R,0,R,1704
135407,3,R,1595,R,0,R,0,R,1595
135407,11,R,109,R,0,R,0,R,109
135522,1,R,711,A,,A,,R,711
135522,2,R,711,A,,A,,R,711
135522,3,R,489,A,,A,,R,489
135522,11,R,222,A,,A,,R,222
135559,1,R,190,A,,A,,R,190
135559,2,R,190,A,,A,,R,190
135559,3,R,190,A,,A,,R,190
135647,1,R,1566,A,,A,,R,1566
135647,2,R,1566,A,,A,,R,1566
135647,3,R,850,A,,A,,R,850
135647,11,R,716,A,,A,,R,716
135717,1,R,84258,R,23113,R,35925,R,25220
135717,2,R,84258,R,23113,R,35925,R,25220
135717,3,R,62953,R,18365,R,31750,R,12838
135717,11,R,21305,R,4748,R,4175,R,12382
135726,1,R,22399,R,1388,R,7990,R,13021
135726,2,R,14514,R,322,R,6120,R,8072
135726,3,R,13547,R,255,R,5974,R,7318
135726,11,R,967,R,67,R,146,R,754
135726,12,R,7885,R,1066,R,1870,R,4949
135735,1,R,3048,A,,A,,R,3048
135735,2,R,3048,A,,A,,R,3048
135735,3,R,1386,A,,A,,R,1386
135735,11,R,1662,A,,A,,R,1662
136109,1,R,172,A,,A,,R,172
136109,2,R,172,A,,A,,R,172
136109,3,R,172,A,,A,,R,172
136145,1,R,1820,R,775,R,676,R,369
136145,2,R,1820,R,775,R,676,R,369
136145,3,R,1186,R,508,R,421,R,257
136145,11,R,634,R,267,R,255,R,112
136172,1,R,19675,R,3704,R,10528,R,5443
136172,2,R,16915,R,2629,R,9770,R,4516
136172,3,R,16092,R,2279,R,9681,R,4132
136172,11,R,823,R,350,R,89,R,384
136172,12,R,2760,R,1075,R,758,R,927
136215,1,R,23575,R,6794,R,6629,R,10152
136215,2,R,7635,R,433,R,4538,R,2664
136215,3,R,7530,R,353,R,4534,R,2643
136215,11,R,105,R,80,R,4,R,21
136215,12,R,15940,R,6361,R,2091,R,7488
136233,1,R,7160,R,2507,R,3070,R,1583
136233,2,R,7160,R,2507,R,3070,R,1583
136233,3,R,4472,R,1680,R,1870,R,922
136233,11,R,2688,R,827,R,1200,R,661
136303,1,R,1241,A,,A,,R,1241
136303,2,R,1241,A,,A,,R,1241
136303,3,R,531,A,,A,,R,531
136303,11,R,710,A,,A,,R,710
136330,1,R,4566,R,291,R,1446,R,2829
136330,2,R,3628,R,200,R,1112,R,2316
136330,3,R,2645,R,160,R,1091,R,1394
136330,11,R,983,R,40,R,21,R,922
136330,12,R,938,R,91,R,334,R,513
136358,1,R,34920,R,14762,R,13994,R,6164
136358,2,R,34920,R,14762,R,13994,R,6164
136358,3,R,28398,R,10863,R,12375,R,5160
136358,11,R,6522,R,3899,R,1619,R,1004
136400,1,R,12450,R,3229,R,5828,R,3393
136400,2,R,12450,R,3229,R,5828,R,3393
136400,3,R,9327,R,2694,R,4569,R,2064
136400,11,R,3123,R,535,R,1259,R,1329
136473,1,R,11678,R,2836,R,4804,R,4038
136473,2,R,11678,R,2836,R,4804,R,4038
136473,3,R,9298,R,2413,R,4198,R,2687
136473,11,R,2380,R,423,R,606,R,1351
136491,1,R,1967,R,64,R,0,R,1903
136491,2,R,1967,R,64,R,0,R,1903
136491,3,R,1688,R,64,R,0,R,1624
136491,11,R,279,R,0,R,0,R,279
136516,1,R,13744,R,5284,R,5625,R,2835
136516,2,R,13744,R,5284,R,5625,R,2835
136516,3,R,9632,R,3942,R,4092,R,1598
136516,11,R,4112,R,1342,R,1533,R,1237
136659,1,R,489,A,,A,,R,489
136659,2,R,489,A,,A,,R,489
136659,3,R,314,A,,A,,R,314
136659,11,R,175,A,,A,,R,175
136701,1,R,149,R,0,R,57,R,92
136701,12,R,149,R,0,R,57,R,92
136765,1,R,761,A,,A,,R,761
136765,2,R,761,A,,A,,R,761
136765,3,R,761,A,,A,,R,761
136774,1,R,1742,R,0,R,789,R,953
136774,2,R,1742,R,0,R,789,R,953
136774,3,R,1735,R,0,R,789,R,946
136774,11,R,7,R,0,R,0,R,7
136826,1,R,1314,A,,A,,R,1314
136826,2,R,1314,A,,A,,R,1314
136826,3,R,847,A,,A,,R,847
136826,11,R,467,A,,A,,R,467
136950,1,R,3197,A,,A,,R,3197
136950,2,R,2732,A,,A,,R,2732
136950,3,R,2683,A,,A,,R,2683
136950,11,R,49,A,,A,,R,49
136950,12,R,465,A,,A,,R,465
137023,1,R,773,A,,A,,R,773
137023,2,R,773,A,,A,,R,773
137023,3,R,765,A,,A,,R,765
137023,11,R,8,A,,A,,R,8
137032,1,R,13292,R,9761,R,2547,R,984
137032,2,R,10161,R,7635,R,1718,R,808
137032,3,R,8993,R,6623,R,1707,R,663
137032,11,R,1168,R,1012,R,11,R,145
137032,12,R,3131,R,2126,R,829,R,176
137078,1,R,31520,R,12632,R,11556,R,7332
137078,2,R,31520,R,12632,R,11556,R,7332
137078,3,R,24565,R,11038,R,9726,R,3801
137078,11,R,6955,R,1594,R,1830,R,3531
137087,1,R,2090,R,186,R,0,R,1904
137087,2,R,2090,R,186,R,0,R,1904
137087,3,R,1585,R,186,R,0,R,1399
137087,11,R,505,R,0,R,0,R,505
137096,1,R,17432,R,4017,R,7640,R,5775
137096,2,R,17432,R,4017,R,7640,R,5775
137096,3,R,15076,R,3443,R,6916,R,4717
137096,11,R,2356,R,574,R,724,R,1058
137120,1,R,2006,R,9,R,9,R,1988
137120,2,R,2006,R,9,R,9,R,1988
137120,3,R,1469,R,9,R,9,R,1451
137120,11,R,537,R,0,R,0,R,537
137209,1,R,20331,R,8582,R,7591,R,4158
137209,2,R,20331,R,8582,R,7591,R,4158
137209,3,R,16510,R,6668,R,6877,R,2965
137209,11,R,3821,R,1914,R,714,R,1193
137245,1,R,2537,R,0,R,161,R,2376
137245,2,R,2537,R,0,R,161,R,2376
137245,3,R,2200,R,0,R,161,R,2039
137245,11,R,337,R,0,R,0,R,337
137272,1,R,70,A,,A,,R,70
137272,2,R,57,A,,A,,R,57
137272,3,R,57,A,,A,,R,57
137272,12,R,13,A,,A,,R,13
137281,1,R,9240,R,3248,R,3530,R,2462
137281,2,R,9240,R,3248,R,3530,R,2462
137281,3,R,5384,R,1953,R,2197,R,1234
137281,11,R,3856,R,1295,R,1333,R,1228
137315,1,R,4064,R,1263,R,1612,R,1189
137315,2,R,4064,R,1263,R,1612,R,1189
137315,3,R,2898,R,1039,R,1152,R,707
137315,11,R,1166,R,224,R,460,R,482
137351,1,R,56611,R,9303,R,36674,R,10634
137351,2,R,43160,R,5711,R,31895,R,5554
137351,3,R,41262,R,5028,R,31674,R,4560
137351,11,R,1898,R,683,R,221,R,994
137351,12,R,13451,R,3592,R,4779,R,5080
137476,1,R,7923,R,2491,R,1819,R,3613
137476,2,R,4641,R,488,R,1383,R,2770
137476,3,R,2232,R,420,R,1381,R,431
137476,11,R,2409,R,68,R,2,R,2339
137476,12,R,3282,R,2003,R,436,R,843
137546,1,R,3979,R,306,R,1096,R,2577
137546,2,R,2456,R,23,R,442,R,1991
137546,3,R,2399,R,20,R,441,R,1938
137546,11,R,57,R,3,R,1,R,53
137546,12,R,1523,R,283,R,654,R,586
137564,1,R,12858,R,3637,R,3221,R,6000
137564,2,R,11181,R,2586,R,2792,R,5803
137564,3,R,5454,R,2088,R,2583,R,783
137564,11,R,5727,R,498,R,209,R,5020
137564,12,R,1677,R,1051,R,429,R,197
137591,1,R,533,A,,A,,R,533
137591,2,R,533,A,,A,,R,533
137591,3,R,533,A,,A,,R,533
137713,1,R,470,A,,A,,R,470
137713,2,R,470,A,,A,,R,470
137713,3,R,276,A,,A,,R,276
137713,11,R,194,A,,A,,R,194
137759,1,R,16499,R,6372,R,7493,R,2634
137759,2,R,16499,R,6372,R,7493,R,2634
137759,3,R,13844,R,4849,R,6843,R,2152
137759,11,R,2655,R,1523,R,650,R,482
137777,1,R,30,A,,A,,R,30
137777,2,R,29,A,,A,,R,29
137777,3,R,29,A,,A,,R,29
137777,12,R,1,A,,A,,R,1
137847,1,R,12051,R,93,R,3524,R,8434
137847,2,R,10888,R,52,R,3175,R,7661
137847,3,R,10847,R,46,R,3171,R,7630
137847,11,R,41,R,6,R,4,R,31
137847,12,R,1163,R,41,R,349,R,773
137856,1,R,284,A,,A,,R,284
137856,2,R,284,A,,A,,R,284
137856,3,R,202,A,,A,,R,202
137856,11,R,82,A,,A,,R,82
137865,1,R,609,A,,A,,R,609
137865,2,R,609,A,,A,,R,609
137865,3,R,574,A,,A,,R,574
137865,11,R,35,A,,A,,R,35
137953,1,R,486,R,190,R,254,R,42
137953,2,R,456,R,160,R,254,R,42
137953,3,R,424,R,136,R,251,R,37
137953,11,R,32,R,24,R,3,R,5
137953,12,R,30,R,30,R,0,R,0
137962,1,R,244,R,40,R,70,R,134
137962,2,R,244,R,40,R,70,R,134
137962,3,R,193,R,39,R,65,R,89
137962,11,R,51,R,1,R,5,R,45
138187,1,R,63109,R,28679,R,25027,R,9403
138187,2,R,63109,R,28679,R,25027,R,9403
138187,3,R,50426,R,21305,R,21729,R,7392
138187,11,R,12683,R,7374,R,3298,R,2011
138275,1,R,1014,R,298,R,560,R,156
138275,2,R,894,R,178,R,560,R,156
138275,3,R,833,R,146,R,558,R,129
138275,11,R,61,R,32,R,2,R,27
138275,12,R,120,R,120,R,0,R,0
138284,1,R,541,R,0,R,0,R,541
138284,2,R,541,R,0,R,0,R,541
138284,3,R,448,R,0,R,0,R,448
138284,11,R,93,R,0,R,0,R,93
138293,1,R,1007,R,134,R,611,R,262
138293,2,R,939,R,70,R,607,R,262
138293,3,R,937,R,68,R,607,R,262
138293,11,R,2,R,2,R,0,R,0
138293,12,R,68,R,64,R,4,R,0
138309,1,R,6892,R,4098,R,1492,R,1302
138309,2,R,6892,R,4098,R,1492,R,1302
138309,3,R,6892,R,4098,R,1492,R,1302
138354,1,R,18411,R,9807,R,7262,R,1342
138354,2,R,11939,R,4170,R,6659,R,1110
138354,3,R,10755,R,3351,R,6477,R,927
138354,11,R,1184,R,819,R,182,R,183
138354,12,R,6472,R,5637,R,603,R,232
138372,1,R,1519,A,,A,,R,1519
138372,2,R,1519,A,,A,,R,1519
138372,3,R,733,A,,A,,R,733
138372,11,R,786,A,,A,,R,786
138479,1,R,1436,R,0,R,59,R,1377
138479,2,R,1436,R,0,R,59,R,1377
138479,3,R,1039,R,0,R,59,R,980
138479,11,R,397,R,0,R,0,R,397
138488,1,R,2883,A,,A,,R,2883
138488,2,R,2883,A,,A,,R,2883
138488,3,R,452,A,,A,,R,452
138488,11,R,2431,A,,A,,R,2431
138497,1,R,567,A,,A,,R,567
138497,2,R,567,A,,A,,R,567
138497,3,R,495,A,,A,,R,495
138497,11,R,72,A,,A,,R,72
138558,1,R,4371,R,547,R,2234,R,1590
138558,2,R,4371,R,547,R,2234,R,1590
138558,3,R,3669,R,307,R,2036,R,1326
138558,11,R,702,R,240,R,198,R,264
138600,1,R,1187,R,38,R,92,R,1057
138600,2,R,934,R,11,R,65,R,858
138600,3,R,914,R,11,R,65,R,838
138600,11,R,20,R,0,R,0,R,20
138600,12,R,253,R,27,R,27,R,199
138655,1,R,772,R,0,R,772,R,0
138655,2,R,772,R,0,R,772,R,0
138655,3,R,772,R,0,R,772,R,0
138664,1,R,158,R,0,R,158,R,0
138664,2,R,158,R,0,R,158,R,0
138664,3,R,158,R,0,R,158,R,0
138682,1,R,4057,R,2173,R,1049,R,835
138682,2,R,4057,R,2173,R,1049,R,835
138682,3,R,3397,R,1744,R,945,R,708
138682,11,R,660,R,429,R,104,R,127
138716,1,R,7806,R,2400,R,4616,R,790
138716,2,R,7134,R,1958,R,4412,R,764
138716,3,R,6880,R,1849,R,4284,R,747
138716,11,R,254,R,109,R,128,R,17
138716,12,R,672,R,442,R,204,R,26
138761,1,R,366,R,88,R,230,R,48
138761,2,R,366,R,88,R,230,R,48
138761,3,R,355,R,80,R,227,R,48
138761,11,R,11,R,8,R,3,R,0
138822,1,R,887,A,,A,,R,887
138822,2,R,887,A,,A,,R,887
138822,3,R,887,A,,A,,R,887
138840,1,R,5601,R,2211,R,1820,R,1570
138840,2,R,5601,R,2211,R,1820,R,1570
138840,3,R,4938,R,1985,R,1737,R,1216
138840,11,R,663,R,226,R,83,R,354
138868,1,R,3585,R,2140,R,275,R,1170
138868,2,R,3296,R,1855,R,272,R,1169
138868,3,R,2547,R,1819,R,263,R,465
138868,11,R,749,R,36,R,9,R,704
138868,12,R,289,R,285,R,3,R,1
138901,1,R,2622,R,1543,R,806,R,273
138901,2,R,2622,R,1543,R,806,R,273
138901,3,R,2078,R,1162,R,679,R,237
138901,11,R,544,R,381,R,127,R,36
138929,1,R,352,R,0,R,140,R,212
138929,12,R,352,R,0,R,140,R,212
138947,1,R,4394,R,235,R,2910,R,1249
138947,2,R,3702,R,101,R,2669,R,932
138947,3,R,3664,R,82,R,2663,R,919
138947,11,R,38,R,19,R,6,R,13
138947,12,R,692,R,134,R,241,R,317
138956,1,R,6115,R,1558,R,1752,R,2805
138956,2,R,6115,R,1558,R,1752,R,2805
138956,3,R,5377,R,1241,R,1655,R,2481
138956,11,R,738,R,317,R,97,R,324
139144,1,R,2464,R,109,R,599,R,1756
139144,2,R,2287,R,6,R,530,R,1751
139144,3,R,2265,R,5,R,529,R,1731
139144,11,R,22,R,1,R,1,R,20
139144,12,R,177,R,103,R,69,R,5
139153,1,R,468,R,198,R,235,R,35
139153,2,R,188,R,58,R,102,R,28
139153,3,R,188,R,58,R,102,R,28
139153,12,R,280,R,140,R,133,R,7
139199,1,R,3055,R,1262,R,833,R,960
139199,2,R,1455,R,510,R,555,R,390
139199,3,R,1118,R,423,R,507,R,188
139199,11,R,337,R,87,R,48,R,202
139199,12,R,1600,R,752,R,278,R,570
139205,1,R,1370,R,354,R,559,R,457
139205,2,R,1214,R,198,R,559,R,457
139205,3,R,798,R,73,R,479,R,246
139205,11,R,416,R,125,R,80,R,211
139205,12,R,156,R,156,R,0,R,0
139250,1,R,4001,R,1149,R,2189,R,663
139250,2,R,4001,R,1149,R,2189,R,663
139250,3,R,3367,R,817,R,2020,R,530
139250,11,R,634,R,332,R,169,R,133
139278,1,R,9451,R,3625,R,2476,R,3350
139278,2,R,9451,R,3625,R,2476,R,3350
139278,3,R,7010,R,2710,R,2121,R,2179
139278,11,R,2441,R,915,R,355,R,1171
139311,1,R,7195,R,2698,R,3656,R,841
139311,2,R,6457,R,2160,R,3509,R,788
139311,3,R,5287,R,1558,R,3118,R,611
139311,11,R,1170,R,602,R,391,R,177
139311,12,R,738,R,538,R,147,R,53
139348,1,R,185,R,17,R,80,R,88
139348,12,R,185,R,17,R,80,R,88
139357,1,R,4665,R,1564,R,1315,R,1786
139357,2,R,4665,R,1564,R,1315,R,1786
139357,3,R,3989,R,1237,R,1201,R,1551
139357,11,R,676,R,327,R,114,R,235
139366,1,R,9160,R,2795,R,4723,R,1642
139366,2,R,7115,R,1500,R,4396,R,1219
139366,3,R,6535,R,1289,R,4182,R,1064
139366,11,R,580,R,211,R,214,R,155
139366,12,R,2045,R,1295,R,327,R,423
139384,1,R,9015,R,4176,R,1769,R,3070
139384,2,R,9015,R,4176,R,1769,R,3070
139384,3,R,5885,R,3175,R,1101,R,1609
139384,11,R,3130,R,1001,R,668,R,1461
139393,1,R,1006,R,0,R,2,R,1004
139393,2,R,986,R,0,R,0,R,986
139393,3,R,886,R,0,R,0,R,886
139393,11,R,100,R,0,R,0,R,100
139393,12,R,20,R,0,R,2,R,18
139463,1,R,5707,R,734,R,2759,R,2214
139463,2,R,5707,R,734,R,2759,R,2214
139463,3,R,5058,R,616,R,2558,R,1884
139463,11,R,649,R,118,R,201,R,330
139506,1,R,71,A,,A,,R,71
139506,2,R,71,A,,A,,R,71
139506,3,R,71,A,,A,,R,71
139579,1,R,1197,R,408,R,123,R,666
139579,2,R,446,R,318,R,104,R,24
139579,3,R,445,R,318,R,104,R,23
139579,11,R,1,Z,0,Z,0,R,1
139579,12,R,751,R,90,R,19,R,642
139621,1,R,2176,R,756,R,897,R,523
139621,2,R,2176,R,756,R,897,R,523
139621,3,R,1714,R,577,R,784,R,353
139621,11,R,462,R,179,R,113,R,170
139630,1,R,1019,R,66,R,325,R,628
139630,2,R,965,R,12,R,325,R,628
139630,3,R,793,R,12,R,200,R,581
139630,11,R,172,R,0,R,125,R,47
139630,12,R,54,R,54,R,0,R,0
139658,1,R,16189,R,654,R,7561,R,7974
139658,2,R,7805,R,153,R,4741,R,2911
139658,3,R,7585,R,112,R,4735,R,2738
139658,11,R,220,R,41,R,6,R,173
139658,12,R,8384,R,501,R,2820,R,5063
139700,1,R,6460,R,3102,R,2461,R,897
139700,2,R,6460,R,3102,R,2461,R,897
139700,3,R,5678,R,2675,R,2262,R,741
139700,11,R,782,R,427,R,199,R,156
139719,1,R,3016,R,333,R,2192,R,491
139719,2,R,2783,R,294,R,2079,R,410
139719,3,R,2761,R,276,R,2077,R,408
139719,11,R,22,R,18,R,2,R,2
139719,12,R,233,R,39,R,113,R,81
139746,1,R,71,A,,A,,R,71
139746,2,R,71,A,,A,,R,71
139746,3,R,71,A,,A,,R,71
139755,1,R,57952,R,28687,R,10416,R,18849
139755,2,R,20887,R,1187,R,8770,R,10930
139755,3,R,19426,R,93,R,8742,R,10591
139755,11,R,1461,R,1094,R,28,R,339
139755,12,R,37065,R,27500,R,1646,R,7919
139764,1,R,4265,R,1956,R,1803,R,506
139764,2,R,3224,R,1273,R,1446,R,505
139764,3,R,2675,R,925,R,1316,R,434
139764,11,R,549,R,348,R,130,R,71
139764,12,R,1041,R,683,R,357,R,1
139861,1,R,7785,R,1234,R,3365,R,3186
139861,2,R,6242,R,245,R,2895,R,3102
139861,3,R,6085,R,183,R,2891,R,3011
139861,11,R,157,R,62,R,4,R,91
139861,12,R,1543,R,989,R,470,R,84
139931,1,R,30421,R,7267,R,19414,R,3740
139931,2,R,25781,R,4138,R,18409,R,3234
139931,3,R,23688,R,3017,R,17869,R,2802
139931,11,R,2093,R,1121,R,540,R,432
139931,12,R,4640,R,3129,R,1005,R,506
139940,1,R,40847,R,5294,R,27509,R,8044
139940,2,R,32136,R,4338,R,23398,R,4400
139940,3,R,31129,R,4063,R,23206,R,3860
139940,11,R,1007,R,275,R,192,R,540
139940,12,R,8711,R,956,R,4111,R,3644
139959,1,R,45913,R,2335,R,18314,R,25264
139959,2,R,34495,R,718,R,15573,R,18204
139959,3,R,34104,R,675,R,15553,R,17876
139959,11,R,391,R,43,R,20,R,328
139959,12,R,11418,R,1617,R,2741,R,7060
139968,1,R,3714,R,1140,R,1970,R,604
139968,2,R,3714,R,1140,R,1970,R,604
139968,3,R,3110,R,831,R,1794,R,485
139968,11,R,604,R,309,R,176,R,119
139986,1,R,8719,R,4705,R,1887,R,2127
139986,2,R,8719,R,4705,R,1887,R,2127
139986,3,R,6198,R,3474,R,1540,R,1184
139986,11,R,2521,R,1231,R,347,R,943
139995,1,R,1045,R,631,R,98,R,316
139995,2,R,1045,R,631,R,98,R,316
139995,3,R,1045,R,631,R,98,R,316
140003,1,R,288,R,0,R,218,R,70
140003,2,R,288,R,0,R,218,R,70
140003,3,R,288,R,0,R,218,R,70
140012,1,R,13422,R,4824,R,3936,R,4662
140012,2,R,13422,R,4824,R,3936,R,4662
140012,3,R,10609,R,3011,R,3486,R,4112
140012,11,R,2813,R,1813,R,450,R,550
140146,1,R,69,R,69,Z,0,R,0
140146,12,R,69,R,69,Z,0,R,0
140234,1,R,792,R,24,R,335,R,433
140234,2,R,615,R,20,R,305,R,290
140234,3,R,594,R,15,R,303,R,276
140234,11,R,21,R,5,R,2,R,14
140234,12,R,177,R,4,R,30,R,143
140243,1,R,8321,R,2888,R,2027,R,3406
140243,2,R,8321,R,2888,R,2027,R,3406
140243,3,R,5827,R,2075,R,1776,R,1976
140243,11,R,2494,R,813,R,251,R,1430
140252,1,R,3161,R,368,R,2072,R,721
140252,2,R,1106,R,179,R,780,R,147
140252,3,R,1097,R,179,R,780,R,138
140252,11,R,9,R,0,Z,0,R,9
140252,12,R,2055,R,189,R,1292,R,574
140331,1,R,13871,R,5023,R,4186,R,4662
140331,2,R,13871,R,5023,R,4186,R,4662
140331,3,R,10683,R,3641,R,3654,R,3388
140331,11,R,3188,R,1382,R,532,R,1274
140340,1,R,962,R,602,R,317,R,43
140340,2,R,871,R,568,R,267,R,36
140340,3,R,871,R,568,R,267,R,36
140340,12,R,91,R,34,R,50,R,7
140447,1,R,10123,R,2250,R,1903,R,5970
140447,2,R,5218,R,1089,R,611,R,3518
140447,3,R,4942,R,888,R,580,R,3474
140447,11,R,276,R,201,R,31,R,44
140447,12,R,4905,R,1161,R,1292,R,2452
140553,1,R,2934,R,350,Z,0,R,2584
140553,2,R,2934,R,350,Z,0,R,2584
140553,3,R,2882,R,349,Z,0,R,2533
140553,11,R,52,R,1,Z,0,R,51
140562,1,R,1059,R,299,R,0,R,760
140562,12,R,1059,R,299,R,0,R,760
140571,1,R,452,R,281,R,169,R,2
140571,2,R,452,R,281,R,169,R,2
140571,3,R,449,R,278,R,169,R,2
140571,11,R,3,R,3,R,0,R,0
140678,1,R,3638,R,1078,R,1039,R,1521
140678,2,R,3638,R,1078,R,1039,R,1521
140678,3,R,2690,R,704,R,933,R,1053
140678,11,R,948,R,374,R,106,R,468
140696,1,R,2688,R,12,R,257,R,2419
140696,2,R,2659,R,12,R,252,R,2395
140696,3,R,1474,R,8,R,247,R,1219
140696,11,R,1185,R,4,R,5,R,1176
140696,12,R,29,R,0,R,5,R,24
140720,1,R,379,R,43,R,239,R,97
140720,2,R,379,R,43,R,239,R,97
140720,3,R,373,R,42,R,236,R,95
140720,11,R,6,R,1,R,3,R,2
140818,1,R,2266,R,702,R,905,R,659
140818,2,R,1396,R,99,R,708,R,589
140818,3,R,1342,R,83,R,694,R,565
140818,11,R,54,R,16,R,14,R,24
140818,12,R,870,R,603,R,197,R,70
140827,1,R,104,R,46,Z,0,R,58
140827,2,R,104,R,46,Z,0,R,58
140827,3,R,104,R,46,Z,0,R,58
140872,1,R,1292,R,222,R,642,R,428
140872,2,R,1180,R,113,R,642,R,425
140872,3,R,1105,R,111,R,594,R,400
140872,11,R,75,R,2,R,48,R,25
140872,12,R,112,R,109,R,0,R,3
140942,1,R,5602,R,1632,R,1534,R,2436
140942,2,R,5602,R,1632,R,1534,R,2436
140942,3,R,4712,R,1364,R,1396,R,1952
140942,11,R,890,R,268,R,138,R,484
140951,1,R,19508,R,2076,R,8580,R,8852
140951,2,R,16171,R,1321,R,6979,R,7871
140951,3,R,15387,R,1053,R,6940,R,7394
140951,11,R,784,R,268,R,39,R,477
140951,12,R,3337,R,755,R,1601,R,981
140960,1,R,3488,R,589,R,2361,R,538
140960,2,R,3217,R,491,R,2234,R,492
140960,3,R,3036,R,422,R,2205,R,409
140960,11,R,181,R,69,R,29,R,83
140960,12,R,271,R,98,R,127,R,46
140988,1,R,1723,R,665,R,485,R,573
140988,2,R,1518,R,460,R,485,R,573
140988,3,R,1186,R,219,R,477,R,490
140988,11,R,332,R,241,R,8,R,83
140988,12,R,205,R,205,R,0,R,0
141006,1,R,2679,R,721,R,626,R,1332
141006,2,R,2679,R,721,R,626,R,1332
141006,3,R,2046,R,477,R,547,R,1022
141006,11,R,633,R,244,R,79,R,310
141060,1,R,4039,R,1423,R,520,R,2096
141060,2,R,4039,R,1423,R,520,R,2096
141060,3,R,4038,R,1423,R,520,R,2095
141060,11,R,1,Z,0,Z,0,R,1
141167,1,R,1844,R,281,R,1563,R,0
141167,2,R,1027,R,32,R,995,R,0
141167,3,R,946,R,27,R,919,R,0
141167,11,R,81,R,5,R,76,R,0
141167,12,R,817,R,249,R,568,R,0
141185,1,R,3345,R,2096,R,607,R,642
141185,2,R,3274,R,2052,R,580,R,642
141185,3,R,900,R,297,R,362,R,241
141185,11,R,2374,R,1755,R,218,R,401
141185,12,R,71,R,44,R,27,R,0
141237,1,R,3093,R,1395,R,915,R,783
141237,2,R,2969,R,1318,R,874,R,777
141237,3,R,836,R,122,R,457,R,257
141237,11,R,2133,R,1196,R,417,R,520
141237,12,R,124,R,77,R,41,R,6
141255,1,R,6616,R,2027,R,1260,R,3329
141255,2,R,6616,R,2027,R,1260,R,3329
141255,3,R,4301,R,1556,R,1096,R,1649
141255,11,R,2315,R,471,R,164,R,1680
141264,1,R,12343,R,5612,R,4949,R,1782
141264,2,R,8592,R,2544,R,4415,R,1633
141264,3,R,7964,R,2367,R,4321,R,1276
141264,11,R,628,R,177,R,94,R,357
141264,12,R,3751,R,3068,R,534,R,149
141325,1,R,1099,R,531,R,234,R,334
141325,2,R,1040,R,493,R,229,R,318
141325,3,R,490,R,78,R,225,R,187
141325,11,R,550,R,415,R,4,R,131
141325,12,R,59,R,38,R,5,R,16
141334,1,R,15862,R,8313,R,6456,R,1093
141334,2,R,10051,R,3036,R,6021,R,994
141334,3,R,8568,R,2093,R,5702,R,773
141334,11,R,1483,R,943,R,319,R,221
141334,12,R,5811,R,5277,R,435,R,99
141361,1,R,1706,R,257,R,271,R,1178
141361,2,R,1683,R,257,R,248,R,1178
141361,3,R,839,R,8,R,94,R,737
141361,11,R,844,R,249,R,154,R,441
141361,12,R,23,R,0,R,23,R,0
141486,1,R,3167,R,1351,R,1206,R,610
141486,2,R,2103,R,769,R,939,R,395
141486,3,R,1887,R,675,R,887,R,325
141486,11,R,216,R,94,R,52,R,70
141486,12,R,1064,R,582,R,267,R,215
141565,1,R,3294,R,544,R,2110,R,640
141565,2,R,2899,R,464,R,1950,R,485
141565,3,R,2473,R,283,R,1899,R,291
141565,11,R,426,R,181,R,51,R,194
141565,12,R,395,R,80,R,160,R,155
141574,1,R,21939,R,2227,R,13387,R,6325
141574,2,R,16687,R,1422,R,11984,R,3281
141574,3,R,15446,R,886,R,11694,R,2866
141574,11,R,1241,R,536,R,290,R,415
141574,12,R,5252,R,805,R,1403,R,3044
141608,1,R,119,A,,A,,R,119
141608,2,R,119,A,,A,,R,119
141608,3,R,119,A,,A,,R,119
141644,1,R,6411,R,1705,R,1389,R,3317
141644,2,R,4738,R,683,R,1192,R,2863
141644,3,R,2977,R,588,R,1165,R,1224
141644,11,R,1761,R,95,R,27,R,1639
141644,12,R,1673,R,1022,R,197,R,454
141680,1,R,4648,R,2583,R,1444,R,621
141680,2,R,4648,R,2583,R,1444,R,621
141680,3,R,2250,R,595,R,1266,R,389
141680,11,R,2398,R,1988,R,178,R,232
141796,1,R,9140,R,5009,R,2785,R,1346
141796,2,R,9140,R,5009,R,2785,R,1346
141796,3,R,5183,R,2019,R,2214,R,950
141796,11,R,3957,R,2990,R,571,R,396
141802,1,R,1732,R,712,R,487,R,533
141802,2,R,1732,R,712,R,487,R,533
141802,3,R,820,R,281,R,337,R,202
141802,11,R,912,R,431,R,150,R,331
141811,1,R,9734,R,5894,R,2554,R,1286
141811,2,R,9734,R,5894,R,2554,R,1286
141811,3,R,4235,R,2064,R,1789,R,382
141811,11,R,5499,R,3830,R,765,R,904
141839,1,R,3716,R,1784,R,1060,R,872
141839,2,R,3716,R,1784,R,1060,R,872
141839,3,R,2025,R,889,R,845,R,291
141839,11,R,1691,R,895,R,215,R,581
141981,1,R,3807,R,1970,R,1545,R,292
141981,2,R,3807,R,1970,R,1545,R,292
141981,3,R,2904,R,1367,R,1461,R,76
141981,11,R,903,R,603,R,84,R,216
141990,1,R,4336,R,2608,R,744,R,984
141990,2,R,4336,R,2608,R,744,R,984
141990,3,R,1326,R,502,R,593,R,231
141990,11,R,3010,R,2106,R,151,R,753
142054,1,R,740,R,41,R,309,R,390
142054,2,R,740,R,41,R,309,R,390
142054,3,R,740,R,41,R,309,R,390
142090,1,R,111,R,0,R,0,R,111
142090,2,R,111,R,0,R,0,R,111
142090,3,R,109,R,0,R,0,R,109
142090,11,R,2,R,0,R,0,R,2
142115,1,R,33009,R,8522,R,9893,R,14594
142115,2,R,27283,R,5626,R,9567,R,12090
142115,3,R,19431,R,4776,R,9486,R,5169
142115,11,R,7852,R,850,R,81,R,6921
142115,12,R,5726,R,2896,R,326,R,2504
142179,1,R,3763,R,981,R,1276,R,1506
142179,2,R,3763,R,981,R,1276,R,1506
142179,3,R,1829,R,419,R,1059,R,351
142179,11,R,1934,R,562,R,217,R,1155
142276,1,R,15249,R,2869,R,6208,R,6172
142276,2,R,12616,R,2099,R,5219,R,5298
142276,3,R,8301,R,1683,R,5031,R,1587
142276,11,R,4315,R,416,R,188,R,3711
142276,12,R,2633,R,770,R,989,R,874
142285,1,R,14290,R,1914,R,4164,R,8212
142285,2,R,11121,R,839,R,3662,R,6620
142285,3,R,7909,R,694,R,3644,R,3571
142285,11,R,3212,R,145,R,18,R,3049
142285,12,R,3169,R,1075,R,502,R,1592
142294,1,R,1116,A,,A,,R,1116
142294,2,R,1073,A,,A,,R,1073
142294,3,R,1072,A,,A,,R,1072
142294,11,R,1,A,,A,,R,1
142294,12,R,43,A,,A,,R,43
142328,1,R,4588,R,1270,R,1635,R,1683
142328,2,R,4585,R,1268,R,1634,R,1683
142328,3,R,2729,R,676,R,1468,R,585
142328,11,R,1856,R,592,R,166,R,1098
142328,12,R,3,R,2,R,1,R,0
142407,1,R,135,A,,A,,R,135
142407,2,R,135,A,,A,,R,135
142407,3,R,135,A,,A,,R,135
142443,1,R,5054,R,1373,R,2402,R,1279
142443,2,R,5054,R,1373,R,2402,R,1279
142443,3,R,3056,R,982,R,1738,R,336
142443,11,R,1998,R,391,R,664,R,943
142461,1,R,10237,R,493,R,649,R,9095
142461,2,R,9466,R,110,R,553,R,8803
142461,3,R,1203,R,107,R,552,R,544
142461,11,R,8263,R,3,R,1,R,8259
142461,12,R,771,R,383,R,96,R,292
142489,1,R,112,A,,A,,R,112
142489,2,R,112,A,,A,,R,112
142489,3,R,112,A,,A,,R,112
142522,1,R,58556,R,33335,R,20361,R,4860
142522,2,R,58556,R,33335,R,20361,R,4860
142522,3,R,57139,R,32167,R,20253,R,4719
142522,11,R,1417,R,1168,R,108,R,141
142559,1,R,16205,R,2997,R,2346,R,10862
142559,2,R,16205,R,2997,R,2346,R,10862
142559,3,R,4398,R,1222,R,1629,R,1547
142559,11,R,11807,R,1775,R,717,R,9315
142832,1,R,1883,R,539,R,547,R,797
142832,2,R,9,R,9,Z,0,R,0
142832,3,R,9,R,9,Z,0,R,0
142832,12,R,1874,R,530,R,547,R,797
142957,1,R,18,R,18,Z,0,R,0
142957,2,R,9,R,9,Z,0,R,0
142957,3,R,8,R,8,Z,0,R,0
142957,11,R,1,R,1,Z,0,R,0
142957,12,R,9,R,9,Z,0,R,0
143048,1,R,3597,R,33,R,1107,R,2457
143048,2,R,2912,R,26,R,896,R,1990
143048,3,R,2912,R,26,R,896,R,1990
143048,12,R,685,R,7,R,211,R,467
143084,1,R,2556,R,0,R,76,R,2480
143084,2,R,2504,R,0,R,76,R,2428
143084,3,R,2475,R,0,R,76,R,2399
143084,11,R,29,R,0,R,0,R,29
143084,12,R,52,A,,A,,R,52
143118,1,R,7071,R,2508,R,1401,R,3162
143118,2,R,4598,R,711,R,1111,R,2776
143118,3,R,4394,R,703,R,1110,R,2581
143118,11,R,204,R,8,R,1,R,195
143118,12,R,2473,R,1797,R,290,R,386
143215,1,R,15081,R,2126,R,3773,R,9182
143215,2,R,15081,R,2126,R,3773,R,9182
143215,3,R,7790,R,1517,R,3378,R,2895
143215,11,R,7291,R,609,R,395,R,6287
143233,1,R,98,R,75,R,18,R,5
143233,12,R,98,R,75,R,18,R,5
143279,1,R,6072,R,966,R,1923,R,3183
143279,2,R,6072,R,966,R,1923,R,3183
143279,3,R,2920,R,648,R,1699,R,573
143279,11,R,3152,R,318,R,224,R,2610
143288,1,R,513,R,169,R,114,R,230
143288,2,R,513,R,169,R,114,R,230
143288,3,R,363,R,26,R,112,R,225
143288,11,R,150,R,143,R,2,R,5
143297,1,R,230,R,49,R,66,R,115
143297,2,R,214,R,33,R,66,R,115
143297,3,R,202,R,33,R,65,R,104
143297,11,R,12,R,0,R,1,R,11
143297,12,R,16,R,16,R,0,R,0
143358,1,R,5603,R,1056,R,2787,R,1760
143358,2,R,3979,R,53,R,2524,R,1402
143358,3,R,3931,R,29,R,2523,R,1379
143358,11,R,48,R,24,R,1,R,23
143358,12,R,1624,R,1003,R,263,R,358
143376,1,R,283,A,,A,,R,283
143376,2,R,283,A,,A,,R,283
143376,3,R,283,A,,A,,R,283
143464,1,R,120,A,,A,,R,120
143464,2,R,120,A,,A,,R,120
143464,3,R,120,A,,A,,R,120
143473,1,R,50,A,,A,,R,50
143473,2,R,50,A,,A,,R,50
143473,3,R,50,A,,A,,R,50
143491,1,R,94,A,,A,,R,94
143491,2,R,94,A,,A,,R,94
143491,3,R,94,A,,A,,R,94
143552,1,R,50,A,,A,,R,50
143552,2,R,50,A,,A,,R,50
143552,3,R,50,A,,A,,R,50
143613,1,R,2308,R,682,R,937,R,689
143613,2,R,2308,R,682,R,937,R,689
143613,3,R,1408,R,413,R,750,R,245
143613,11,R,900,R,269,R,187,R,444
143659,1,R,231,R,38,R,134,R,59
143659,12,R,231,R,38,R,134,R,59
143853,1,R,2905,A,,A,,R,2905
143853,12,R,2905,A,,A,,R,2905
143978,1,R,1314,R,95,R,906,R,313
143978,2,R,43,R,20,R,22,R,1
143978,3,R,43,R,20,R,22,R,1
143978,12,R,1271,R,75,R,884,R,312
144005,1,R,2854,R,604,R,1207,R,1043
144005,2,R,1832,R,358,R,877,R,597
144005,3,R,1664,R,278,R,874,R,512
144005,11,R,168,R,80,R,3,R,85
144005,12,R,1022,R,246,R,330,R,446
144014,1,R,303,R,251,R,52,R,0
144014,12,R,303,R,251,R,52,R,0
144050,1,R,21145,R,126,R,0,R,21019
144050,2,R,8949,A,,A,,R,8949
144050,3,R,7684,A,,A,,R,7684
144050,11,R,1265,A,,A,,R,1265
144050,12,R,12196,R,126,R,0,R,12070
144157,1,R,4487,R,1171,R,1123,R,2193
144157,2,R,4487,R,1171,R,1123,R,2193
144157,3,R,2225,R,717,R,796,R,712
144157,11,R,2262,R,454,R,327,R,1481
144166,1,R,12016,R,3312,R,3755,R,4949
144166,2,R,12016,R,3312,R,3755,R,4949
144166,3,R,7831,R,2397,R,3344,R,2090
144166,11,R,4185,R,915,R,411,R,2859
144175,1,R,4587,R,1093,R,978,R,2516
144175,2,R,4587,R,1093,R,978,R,2516
144175,3,R,2262,R,744,R,839,R,679
144175,11,R,2325,R,349,R,139,R,1837
144184,1,R,10719,R,2542,R,1607,R,6570
144184,2,R,10719,R,2542,R,1607,R,6570
144184,3,R,3090,R,1177,R,1149,R,764
144184,11,R,7629,R,1365,R,458,R,5806
144193,1,R,9786,R,1861,R,1820,R,6105
144193,2,R,9786,R,1861,R,1820,R,6105
144193,3,R,3775,R,1014,R,1240,R,1521
144193,11,R,6011,R,847,R,580,R,4584
144209,1,R,8446,R,3394,R,2629,R,2423
144209,2,R,8446,R,3394,R,2629,R,2423
144209,3,R,5420,R,2073,R,2261,R,1086
144209,11,R,3026,R,1321,R,368,R,1337
144218,1,R,12002,R,2797,R,2661,R,6544
144218,2,R,12002,R,2797,R,2661,R,6544
144218,3,R,5263,R,1666,R,2227,R,1370
144218,11,R,6739,R,1131,R,434,R,5174
144281,1,R,6888,R,89,R,3824,R,2975
144281,2,R,6666,R,87,R,3777,R,2802
144281,3,R,6572,R,83,R,3758,R,2731
144281,11,R,94,R,4,R,19,R,71
144281,12,R,222,R,2,R,47,R,173
144351,1,R,6786,R,2071,R,4673,R,42
144351,2,R,1662,R,152,R,1507,R,3
144351,3,R,1618,R,133,R,1482,R,3
144351,11,R,44,R,19,R,25,R,0
144351,12,R,5124,R,1919,R,3166,R,39
144564,1,R,3274,R,595,R,1070,R,1609
144564,2,R,3274,R,595,R,1070,R,1609
144564,3,R,1902,R,395,R,862,R,645
144564,11,R,1372,R,200,R,208,R,964
144573,1,R,308,A,,A,,R,308
144573,2,R,308,A,,A,,R,308
144573,3,R,308,A,,A,,R,308
144740,1,R,24433,R,5382,R,14732,R,4319
144740,2,R,15813,R,2274,R,10639,R,2900
144740,3,R,15549,R,2168,R,10549,R,2832
144740,11,R,264,R,106,R,90,R,68
144740,12,R,8620,R,3108,R,4093,R,1419
144795,1,R,718,A,,A,,R,718
144795,2,R,718,A,,A,,R,718
144795,3,R,718,A,,A,,R,718
144865,1,R,41539,R,9864,R,9825,R,21850
144865,2,R,41539,R,9864,R,9825,R,21850
144865,3,R,21686,R,5640,R,9016,R,7030
144865,11,R,19853,R,4224,R,809,R,14820
144883,1,R,631,A,,A,,R,631
144883,2,R,631,A,,A,,R,631
144883,3,R,631,A,,A,,R,631
144892,1,R,10734,R,1749,R,2296,R,6689
144892,2,R,8274,R,827,R,1664,R,5783
144892,3,R,4845,R,822,R,1662,R,2361
144892,11,R,3429,R,5,R,2,R,3422
144892,12,R,2460,R,922,R,632,R,906
144944,1,R,15160,R,2492,R,4389,R,8279
144944,2,R,15160,R,2492,R,4389,R,8279
144944,3,R,8685,R,1648,R,3750,R,3287
144944,11,R,6475,R,844,R,639,R,4992
144962,1,R,4430,R,598,R,2567,R,1265
144962,2,R,3528,R,173,R,2239,R,1116
144962,3,R,3126,R,75,R,2203,R,848
144962,11,R,402,R,98,R,36,R,268
144962,12,R,902,R,425,R,328,R,149
144971,1,R,558,R,11,R,113,R,434
144971,2,R,558,R,11,R,113,R,434
144971,3,R,549,R,8,R,113,R,428
144971,11,R,9,R,3,R,0,R,6
145099,1,R,431,R,0,R,370,R,61
145099,2,R,431,R,0,R,370,R,61
145099,3,R,431,R,0,R,370,R,61
145239,1,R,388,A,,A,,R,388
145239,2,R,388,A,,A,,R,388
145239,3,R,388,A,,A,,R,388
145275,1,R,346,R,68,R,182,R,96
145275,12,R,346,R,68,R,182,R,96
145309,1,R,56,A,,A,,R,56
145309,2,R,56,A,,A,,R,56
145309,3,R,56,A,,A,,R,56
145336,1,R,5270,R,2249,R,2082,R,939
145336,2,R,3051,R,1500,R,1240,R,311
145336,3,R,3005,R,1481,R,1229,R,295
145336,11,R,46,R,19,R,11,R,16
145336,12,R,2219,R,749,R,842,R,628
145354,1,R,40,A,,A,,R,40
145354,2,R,40,A,,A,,R,40
145354,3,R,40,A,,A,,R,40
145372,1,R,1338,R,411,R,682,R,245
145372,2,R,1094,R,184,R,665,R,245
145372,3,R,961,R,107,R,660,R,194
145372,11,R,133,R,77,R,5,R,51
145372,12,R,244,R,227,R,17,R,0
145406,1,R,891,A,,A,,R,891
145406,2,R,891,A,,A,,R,891
145406,3,R,891,A,,A,,R,891
145424,1,R,84,A,,A,,R,84
145424,2,R,84,A,,A,,R,84
145424,3,R,84,A,,A,,R,84
145433,1,R,189,A,,A,,R,189
145433,2,R,189,A,,A,,R,189
145433,3,R,189,A,,A,,R,189
145497,1,R,228,R,12,R,73,R,143
145497,2,R,228,R,12,R,73,R,143
145497,3,R,104,R,6,R,73,R,25
145497,11,R,124,R,6,Z,0,R,118
145521,1,R,3031,R,257,R,732,R,2042
145521,2,R,3031,R,257,R,732,R,2042
145521,3,R,1367,R,214,R,614,R,539
145521,11,R,1664,R,43,R,118,R,1503
145558,1,R,2200,R,48,R,439,R,1713
145558,12,R,2200,R,48,R,439,R,1713
145600,1,R,36493,R,5150,R,19524,R,11819
145600,2,R,23827,R,1321,R,14416,R,8090
145600,3,R,23106,R,1111,R,14326,R,7669
145600,11,R,721,R,210,R,90,R,421
145600,12,R,12666,R,3829,R,5108,R,3729
145619,1,R,3968,R,1120,R,2037,R,811
145619,2,R,2237,R,145,R,1506,R,586
145619,3,R,2012,R,141,R,1505,R,366
145619,11,R,225,R,4,R,1,R,220
145619,12,R,1731,R,975,R,531,R,225
145628,1,R,536,A,,A,,R,536
145628,12,R,536,A,,A,,R,536
145637,1,R,62797,R,12873,R,34741,R,15183
145637,2,R,37468,R,1289,R,30003,R,6176
145637,3,R,35414,R,280,R,29535,R,5599
145637,11,R,2054,R,1009,R,468,R,577
145637,12,R,25329,R,11584,R,4738,R,9007
145646,1,R,1621,R,0,R,221,R,1400
145646,2,R,1621,R,0,R,221,R,1400
145646,3,R,1615,R,0,R,218,R,1397
145646,11,R,6,R,0,R,3,R,3
145682,1,R,10579,R,2557,R,3345,R,4677
145682,2,R,10579,R,2557,R,3345,R,4677
145682,3,R,6408,R,1796,R,2996,R,1616
145682,11,R,4171,R,761,R,349,R,3061
145691,1,R,1065,R,162,R,85,R,818
145691,2,R,1060,R,157,R,85,R,818
145691,3,R,1048,R,157,R,84,R,807
145691,11,R,12,R,0,R,1,R,11
145691,12,R,5,R,5,R,0,R,0
145707,1,R,16029,R,750,R,1331,R,13948
145707,2,R,16029,R,750,R,1331,R,13948
145707,3,R,2148,R,434,R,1061,R,653
145707,11,R,13881,R,316,R,270,R,13295
145725,1,R,10555,R,2460,R,3786,R,4309
145725,2,R,3825,R,642,R,1541,R,1642
145725,3,R,3011,R,120,R,1500,R,1391
145725,11,R,814,R,522,R,41,R,251
145725,12,R,6730,R,1818,R,2245,R,2667
145813,1,R,22892,R,1696,R,12907,R,8289
145813,2,R,19842,R,834,R,12034,R,6974
145813,3,R,19756,R,816,R,12027,R,6913
145813,11,R,86,R,18,R,7,R,61
145813,12,R,3050,R,862,R,873,R,1315
145831,1,R,4031,R,505,R,1363,R,2163
145831,2,R,4031,R,505,R,1363,R,2163
145831,3,R,2492,R,438,R,1179,R,875
145831,11,R,1539,R,67,R,184,R,1288
145886,1,R,123,R,38,Z,0,R,85
145886,12,R,123,R,38,Z,0,R,85
146205,1,R,5300,R,373,R,1381,R,3546
146205,2,R,5300,R,373,R,1381,R,3546
146205,3,R,2796,R,290,R,1127,R,1379
146205,11,R,2504,R,83,R,254,R,2167
146278,1,R,2629,R,697,R,1189,R,743
146278,2,R,2629,R,697,R,1189,R,743
146278,3,R,1683,R,421,R,977,R,285
146278,11,R,946,R,276,R,212,R,458
146296,1,R,20583,R,3053,R,5370,R,12160
146296,2,R,20583,R,3053,R,5370,R,12160
146296,3,R,13024,R,2913,R,5257,R,4854
146296,11,R,7559,R,140,R,113,R,7306
146339,1,R,1231,R,18,R,886,R,327
146339,2,R,852,R,10,R,639,R,203
146339,3,R,833,R,9,R,634,R,190
146339,11,R,19,R,1,R,5,R,13
146339,12,R,379,R,8,R,247,R,124
146348,1,R,3940,R,312,R,1065,R,2563
146348,2,R,3940,R,312,R,1065,R,2563
146348,3,R,2305,R,177,R,902,R,1226
146348,11,R,1635,R,135,R,163,R,1337
146366,1,R,5741,R,803,R,1464,R,3474
146366,2,R,5741,R,803,R,1464,R,3474
146366,3,R,2406,R,534,R,1248,R,624
146366,11,R,3335,R,269,R,216,R,2850
146418,1,R,3872,R,765,R,1306,R,1801
146418,2,R,3872,R,765,R,1306,R,1801
146418,3,R,2447,R,745,R,1208,R,494
146418,11,R,1425,R,20,R,98,R,1307
146427,1,R,1034,R,0,R,0,R,1034
146427,2,R,1034,R,0,R,0,R,1034
146427,3,R,1027,R,0,R,0,R,1027
146427,11,R,7,R,0,R,0,R,7
146454,1,R,80,A,,A,,R,80
146454,2,R,80,A,,A,,R,80
146454,3,R,80,A,,A,,R,80
146472,1,R,22299,R,5702,R,6519,R,10078
146472,2,R,22299,R,5702,R,6519,R,10078
146472,3,R,12620,R,3201,R,5649,R,3770
146472,11,R,9679,R,2501,R,870,R,6308
146481,1,R,1984,R,0,R,246,R,1738
146481,2,R,1954,R,0,R,246,R,1708
146481,3,R,1861,R,0,R,205,R,1656
146481,11,R,93,R,0,R,41,R,52
146481,12,R,30,A,,A,,R,30
146490,1,R,324,R,324,R,0,R,0
146490,12,R,324,R,324,R,0,R,0
146506,1,R,8745,R,801,R,1920,R,6024
146506,2,R,8745,R,801,R,1920,R,6024
146506,3,R,5052,R,575,R,1831,R,2646
146506,11,R,3693,R,226,R,89,R,3378
146533,1,R,95,A,,A,,R,95
146533,2,R,95,A,,A,,R,95
146533,3,R,95,A,,A,,R,95
146603,1,R,5689,R,512,R,1316,R,3861
146603,2,R,5689,R,512,R,1316,R,3861
146603,3,R,2698,R,280,R,1184,R,1234
146603,11,R,2991,R,232,R,132,R,2627
146612,1,R,8396,R,1865,R,4987,R,1544
146612,2,R,4793,R,858,R,2785,R,1150
146612,3,R,4289,R,709,R,2740,R,840
146612,11,R,504,R,149,R,45,R,310
146612,12,R,3603,R,1007,R,2202,R,394
146685,1,R,9697,R,2413,R,2518,R,4766
146685,2,R,9697,R,2413,R,2518,R,4766
146685,3,R,5621,R,1521,R,2227,R,1873
146685,11,R,4076,R,892,R,291,R,2893
146700,1,R,2134,A,,A,,R,2134
146700,2,R,2134,A,,A,,R,2134
146700,3,R,2134,A,,A,,R,2134
146719,1,R,19223,R,2075,R,3005,R,14143
146719,2,R,13772,R,532,R,1569,R,11671
146719,3,R,12070,R,466,R,1550,R,10054
146719,11,R,1702,R,66,R,19,R,1617
146719,12,R,5451,R,1543,R,1436,R,2472
146728,1,R,143,A,,A,,R,143
146728,12,R,143,A,,A,,R,143
146755,1,R,154,R,5,R,104,R,45
146755,2,R,130,R,5,R,82,R,43
146755,3,R,130,R,5,R,82,R,43
146755,12,R,24,R,0,R,22,R,2
146807,1,R,68,A,,A,,R,68
146807,2,R,68,A,,A,,R,68
146807,3,R,68,A,,A,,R,68
146816,1,R,586,R,504,R,82,R,0
146816,2,R,586,R,504,R,82,R,0
146816,3,R,586,R,504,R,82,R,0
146977,1,R,142,R,12,R,61,R,69
146977,12,R,142,R,12,R,61,R,69
147004,1,R,13303,R,1987,R,3271,R,8045
147004,2,R,13303,R,1987,R,3271,R,8045
147004,3,R,6013,R,1424,R,2945,R,1644
147004,11,R,7290,R,563,R,326,R,6401
147013,1,R,2510,R,1029,R,1217,R,264
147013,2,R,1846,R,505,R,1077,R,264
147013,3,R,1836,R,495,R,1077,R,264
147013,11,R,10,R,10,R,0,R,0
147013,12,R,664,R,524,R,140,R,0
147031,1,R,79,R,15,R,40,R,24
147031,12,R,79,R,15,R,40,R,24
147129,1,R,556,R,112,R,326,R,118
147129,2,R,528,R,106,R,304,R,118
147129,3,R,528,R,106,R,304,R,118
147129,12,R,28,R,6,R,22,R,0
147244,1,R,1913,R,175,R,965,R,773
147244,2,R,1765,R,164,R,915,R,686
147244,3,R,1525,R,40,R,865,R,620
147244,11,R,240,R,124,R,50,R,66
147244,12,R,148,R,11,R,50,R,87
147341,1,R,758,R,14,R,93,R,651
147341,2,R,758,R,14,R,93,R,651
147341,3,R,756,R,14,R,93,R,649
147341,11,R,2,Z,0,Z,0,R,2
147369,1,R,2614,R,1071,R,252,R,1291
147369,2,R,1849,R,615,R,171,R,1063
147369,3,R,1784,R,563,R,170,R,1051
147369,11,R,65,R,52,R,1,R,12
147369,12,R,765,R,456,R,81,R,228
147378,1,R,17956,R,3025,R,5250,R,9681
147378,2,R,17956,R,3025,R,5250,R,9681
147378,3,R,9724,R,1705,R,4822,R,3197
147378,11,R,8232,R,1320,R,428,R,6484
147396,1,R,60,A,,A,,R,60
147396,2,R,60,A,,A,,R,60
147396,3,R,60,A,,A,,R,60
147411,1,R,5879,R,631,R,1897,R,3351
147411,2,R,5879,R,631,R,1897,R,3351
147411,3,R,3316,R,398,R,1701,R,1217
147411,11,R,2563,R,233,R,196,R,2134
147536,1,R,12807,R,6635,R,2204,R,3968
147536,2,R,6921,R,3186,R,1408,R,2327
147536,3,R,5608,R,3109,R,1385,R,1114
147536,11,R,1313,R,77,R,23,R,1213
147536,12,R,5886,R,3449,R,796,R,1641
147590,1,R,622,R,40,R,498,R,84
147590,2,R,49,R,4,R,44,R,1
147590,3,R,34,R,3,R,31,R,0
147590,11,R,15,R,1,R,13,R,1
147590,12,R,573,R,36,R,454,R,83
147642,1,R,72,A,,A,,R,72
147642,2,R,72,A,,A,,R,72
147642,3,R,72,A,,A,,R,72
147660,1,R,3164,R,297,R,936,R,1931
147660,2,R,2525,R,3,R,785,R,1737
147660,3,R,2462,R,1,R,724,R,1737
147660,11,R,63,R,2,R,61,R,0
147660,12,R,639,R,294,R,151,R,194
147679,1,R,3045,R,122,R,1746,R,1177
147679,2,R,2054,R,31,R,1157,R,866
147679,3,R,1987,R,31,R,1147,R,809
147679,11,R,67,R,0,R,10,R,57
147679,12,R,991,R,91,R,589,R,311
147697,1,R,315,R,9,R,158,R,148
147697,12,R,315,R,9,R,158,R,148
147703,1,R,17359,R,3110,R,10785,R,3464
147703,2,R,12379,R,1356,R,9087,R,1936
147703,3,R,12246,R,1272,R,9077,R,1897
147703,11,R,133,R,84,R,10,R,39
147703,12,R,4980,R,1754,R,1698,R,1528
147767,1,R,26847,R,1234,R,1914,R,23699
147767,2,R,10421,R,0,R,31,R,10390
147767,3,R,9665,R,0,R,0,R,9665
147767,11,R,756,R,0,R,31,R,725
147767,12,R,16426,R,1234,R,1883,R,13309
147776,1,R,6962,R,1263,R,3755,R,1944
147776,2,R,4900,R,795,R,2808,R,1297
147776,3,R,4575,R,765,R,2766,R,1044
147776,11,R,325,R,30,R,42,R,253
147776,12,R,2062,R,468,R,947,R,647
147800,1,R,17467,R,4551,R,3921,R,8995
147800,2,R,17467,R,4551,R,3921,R,8995
147800,3,R,10430,R,4058,R,3729,R,2643
147800,11,R,7037,R,493,R,192,R,6352
147819,1,R,81,A,,A,,R,81
147819,2,R,81,A,,A,,R,81
147819,3,R,81,A,,A,,R,81
147828,1,R,3728,R,1071,R,839,R,1818
147828,2,R,2739,R,117,R,805,R,1817
147828,3,R,2604,R,116,R,725,R,1763
147828,11,R,135,R,1,R,80,R,54
147828,12,R,989,R,954,R,34,R,1
147916,1,R,9633,R,2989,R,3039,R,3605
147916,2,R,9633,R,2989,R,3039,R,3605
147916,3,R,4774,R,842,R,2484,R,1448
147916,11,R,4859,R,2147,R,555,R,2157
148007,1,R,6382,R,870,R,1930,R,3582
148007,2,R,6382,R,870,R,1930,R,3582
148007,3,R,3990,R,807,R,1689,R,1494
148007,11,R,2392,R,63,R,241,R,2088
148016,1,R,379,R,0,R,89,R,290
148016,2,R,379,R,0,R,89,R,290
148016,3,R,341,R,0,R,89,R,252
148016,11,R,38,R,0,R,0,R,38
148098,1,R,73,A,,A,,R,73
148098,2,R,73,A,,A,,R,73
148098,3,R,73,A,,A,,R,73
148131,1,R,1460,R,66,R,1093,R,301
148131,2,R,1203,R,38,R,1025,R,140
148131,3,R,1069,R,6,R,926,R,137
148131,11,R,134,R,32,R,99,R,3
148131,12,R,257,R,28,R,68,R,161
148256,1,R,3428,R,232,R,1192,R,2004
148256,2,R,3428,R,232,R,1192,R,2004
148256,3,R,1565,R,174,R,1005,R,386
148256,11,R,1863,R,58,R,187,R,1618
148292,1,R,3704,R,593,R,953,R,2158
148292,2,R,3704,R,593,R,953,R,2158
148292,3,R,1989,R,501,R,822,R,666
148292,11,R,1715,R,92,R,131,R,1492
148380,1,R,9280,R,1796,R,3136,R,4348
148380,2,R,9280,R,1796,R,3136,R,4348
148380,3,R,5791,R,1314,R,2768,R,1709
148380,11,R,3489,R,482,R,368,R,2639
148405,1,R,1510,R,296,R,780,R,434
148405,2,R,1133,R,79,R,697,R,357
148405,3,R,1034,R,77,R,694,R,263
148405,11,R,99,R,2,R,3,R,94
148405,12,R,377,R,217,R,83,R,77
148487,1,R,4724,R,415,R,2903,R,1406
148487,2,R,2937,R,218,R,2073,R,646
148487,3,R,2889,R,202,R,2066,R,621
148487,11,R,48,R,16,R,7,R,25
148487,12,R,1787,R,197,R,830,R,760
148496,1,R,4219,R,682,R,2259,R,1278
148496,2,R,2568,R,17,R,1626,R,925
148496,3,R,2384,R,17,R,1622,R,745
148496,11,R,184,R,0,R,4,R,180
148496,12,R,1651,R,665,R,633,R,353
148511,1,R,3339,R,876,R,1524,R,939
148511,2,R,146,R,24,R,119,R,3
148511,3,R,132,R,10,R,119,R,3
148511,11,R,14,R,14,Z,0,R,0
148511,12,R,3193,R,852,R,1405,R,936
148575,1,R,670,R,413,R,218,R,39
148575,2,R,337,R,80,R,218,R,39
148575,3,R,337,R,80,R,218,R,39
148575,12,R,333,R,333,R,0,R,0
148584,1,R,5174,R,3063,R,1472,R,639
148584,2,R,1705,R,265,R,1018,R,422
148584,3,R,1431,R,248,R,1010,R,173
148584,11,R,274,R,17,R,8,R,249
148584,12,R,3469,R,2798,R,454,R,217
148593,1,R,94,R,11,R,34,R,49
148593,2,R,76,R,11,R,17,R,48
148593,3,R,76,R,11,R,17,R,48
148593,12,R,18,R,0,R,17,R,1
148627,1,R,3855,R,386,R,2631,R,838
148627,2,R,3351,R,162,R,2479,R,710
148627,3,R,3161,R,132,R,2478,R,551
148627,11,R,190,R,30,R,1,R,159
148627,12,R,504,R,224,R,152,R,128
148654,1,R,5834,R,2850,R,2424,R,560
148654,2,R,2783,R,1228,R,1313,R,242
148654,3,R,2638,R,1174,R,1287,R,177
148654,11,R,145,R,54,R,26,R,65
148654,12,R,3051,R,1622,R,1111,R,318
148672,1,R,2552,R,341,R,868,R,1343
148672,2,R,2552,R,341,R,868,R,1343
148672,3,R,1456,R,234,R,794,R,428
148672,11,R,1096,R,107,R,74,R,915
148821,1,R,2798,R,270,R,667,R,1861
148821,2,R,2798,R,270,R,667,R,1861
148821,3,R,1190,R,221,R,472,R,497
148821,11,R,1608,R,49,R,195,R,1364
148876,1,R,1041,A,,A,,R,1041
148876,2,R,1041,A,,A,,R,1041
148876,3,R,992,A,,A,,R,992
148876,11,R,49,A,,A,,R,49
148885,1,R,234,R,18,R,81,R,135
148885,12,R,234,R,18,R,81,R,135
148937,1,R,3275,R,238,R,719,R,2318
148937,2,R,3275,R,238,R,719,R,2318
148937,3,R,851,R,134,R,493,R,224
148937,11,R,2424,R,104,R,226,R,2094
148982,1,R,120,R,40,R,70,R,10
148982,12,R,120,R,40,R,70,R,10
148991,1,R,1699,R,405,R,513,R,781
148991,2,R,1699,R,405,R,513,R,781
148991,3,R,960,R,323,R,493,R,144
148991,11,R,739,R,82,R,20,R,637
149028,1,R,303,R,117,R,73,R,113
149028,2,R,191,R,19,R,64,R,108
149028,3,R,190,R,19,R,64,R,107
149028,11,R,1,R,0,R,0,R,1
149028,12,R,112,R,98,R,9,R,5
149204,1,R,84,A,,A,,R,84
149204,2,R,84,A,,A,,R,84
149204,3,R,84,A,,A,,R,84
149222,1,R,12745,R,2947,R,5611,R,4187
149222,2,R,9134,R,2136,R,4846,R,2152
149222,3,R,8984,R,2039,R,4832,R,2113
149222,11,R,150,R,97,R,14,R,39
149222,12,R,3611,R,811,R,765,R,2035
149231,1,R,14122,R,2957,R,6800,R,4365
149231,2,R,10167,R,1263,R,5646,R,3258
149231,3,R,9870,R,1173,R,5636,R,3061
149231,11,R,297,R,90,R,10,R,197
149231,12,R,3955,R,1694,R,1154,R,1107
149310,1,R,271,A,,A,,R,271
149310,2,R,271,A,,A,,R,271
149310,3,R,132,A,,A,,R,132
149310,11,R,139,A,,A,,R,139
149329,1,R,90,A,,A,,R,90
149329,2,R,80,A,,A,,R,80
149329,3,R,80,A,,A,,R,80
149329,12,R,10,A,,A,,R,10
149365,1,R,7937,R,1206,R,1527,R,5204
149365,2,R,7937,R,1206,R,1527,R,5204
149365,3,R,2748,R,809,R,1325,R,614
149365,11,R,5189,R,397,R,202,R,4590
149505,1,R,915,R,0,R,29,R,886
149505,2,R,858,R,0,R,15,R,843
149505,3,R,844,R,0,R,15,R,829
149505,11,R,14,R,0,R,0,R,14
149505,12,R,57,R,0,R,14,R,43
149514,1,R,1186,R,491,R,252,R,443
149514,2,R,227,R,174,R,4,R,49
149514,3,R,225,R,174,R,4,R,47
149514,11,R,2,R,0,R,0,R,2
149514,12,R,959,R,317,R,248,R,394
149532,1,R,16508,R,1880,R,3341,R,11287
149532,2,R,16508,R,1880,R,3341,R,11287
149532,3,R,9919,R,1323,R,3001,R,5595
149532,11,R,6589,R,557,R,340,R,5692
149550,1,R,245,A,,A,,R,245
149550,2,R,245,A,,A,,R,245
149550,3,R,245,A,,A,,R,245
149639,1,R,1015,R,563,R,102,R,350
149639,2,R,110,R,0,R,1,R,109
149639,3,R,74,R,0,R,1,R,73
149639,11,R,36,R,0,R,0,R,36
149639,12,R,905,R,563,R,101,R,241
149727,1,R,15414,R,3177,R,4242,R,7995
149727,2,R,15414,R,3177,R,4242,R,7995
149727,3,R,7521,R,1902,R,3818,R,1801
149727,11,R,7893,R,1275,R,424,R,6194
149772,1,R,8213,R,1978,R,4881,R,1354
149772,2,R,5706,R,1106,R,3688,R,912
149772,3,R,5565,R,1047,R,3662,R,856
149772,11,R,141,R,59,R,26,R,56
149772,12,R,2507,R,872,R,1193,R,442
149781,1,R,3254,R,200,R,112,R,2942
149781,2,R,2373,R,0,R,12,R,2361
149781,3,R,2144,R,0,R,12,R,2132
149781,11,R,229,R,0,R,0,R,229
149781,12,R,881,R,200,R,100,R,581
149842,1,R,22904,R,4290,R,6537,R,12077
149842,2,R,22904,R,4290,R,6537,R,12077
149842,3,R,12060,R,2680,R,6070,R,3310
149842,11,R,10844,R,1610,R,467,R,8767
150066,1,R,1564,R,142,R,765,R,657
150066,2,R,1334,R,51,R,673,R,610
150066,3,R,1292,R,42,R,668,R,582
150066,11,R,42,R,9,R,5,R,28
150066,12,R,230,R,91,R,92,R,47
150136,1,R,23638,R,7819,R,7219,R,8600
150136,2,R,16022,R,1479,R,6725,R,7818
150136,3,R,14523,R,1413,R,6718,R,6392
150136,11,R,1499,R,66,R,7,R,1426
150136,12,R,7616,R,6340,R,494,R,782
150145,1,R,1392,R,371,R,535,R,486
150145,2,R,1217,R,263,R,496,R,458
150145,3,R,1167,R,258,R,495,R,414
150145,11,R,50,R,5,R,1,R,44
150145,12,R,175,R,108,R,39,R,28
150163,1,R,6465,R,968,R,2165,R,3332
150163,2,R,4674,R,89,R,1955,R,2630
150163,3,R,4492,R,80,R,1952,R,2460
150163,11,R,182,R,9,R,3,R,170
150163,12,R,1791,R,879,R,210,R,702
150172,1,R,763,R,195,R,223,R,345
150172,2,R,617,R,139,R,202,R,276
150172,3,R,617,R,139,R,202,R,276
150172,12,R,146,R,56,R,21,R,69
150215,1,R,196,R,12,R,72,R,112
150215,12,R,196,R,12,R,72,R,112
150251,1,R,275,R,275,A,,A,
150251,2,R,275,R,275,A,,A,
150251,3,R,268,R,268,A,,A,
150251,11,R,7,R,7,A,,A,
150288,1,R,322,R,5,R,62,R,255
150288,12,R,322,R,5,R,62,R,255
150303,1,R,571,A,,A,,R,571
150303,2,R,571,A,,A,,R,571
150303,3,R,571,A,,A,,R,571
150400,1,R,1835,R,0,R,152,R,1683
150400,2,R,1835,R,0,R,152,R,1683
150400,3,R,1822,R,0,R,152,R,1670
150400,11,R,13,R,0,R,0,R,13
150428,1,R,48,A,,A,,R,48
150428,2,R,48,A,,A,,R,48
150428,3,R,48,A,,A,,R,48
150455,1,R,820,R,21,R,65,R,734
150455,2,R,747,R,0,R,36,R,711
150455,3,R,630,R,0,R,36,R,594
150455,11,R,117,R,0,R,0,R,117
150455,12,R,73,R,21,R,29,R,23
150534,1,R,2495,R,126,R,1019,R,1350
150534,2,R,2006,R,62,R,888,R,1056
150534,3,R,1549,R,26,R,839,R,684
150534,11,R,457,R,36,R,49,R,372
150534,12,R,489,R,64,R,131,R,294
150604,1,R,1000,R,0,R,134,R,866
150604,2,R,922,R,0,R,134,R,788
150604,3,R,886,R,0,R,125,R,761
150604,11,R,36,R,0,R,9,R,27
150604,12,R,78,A,,A,,R,78
150668,1,R,862,R,25,R,233,R,604
150668,2,R,802,R,5,R,202,R,595
150668,3,R,782,R,5,R,200,R,577
150668,11,R,20,Z,0,R,2,R,18
150668,12,R,60,R,20,R,31,R,9
150677,1,R,2449,R,69,R,1080,R,1300
150677,2,R,1890,R,21,R,673,R,1196
150677,3,R,1633,R,14,R,628,R,991
150677,11,R,257,R,7,R,45,R,205
150677,12,R,559,R,48,R,407,R,104
150756,1,R,1222,R,0,R,254,R,968
150756,2,R,968,A,,A,,R,968
150756,3,R,964,A,,A,,R,964
150756,11,R,4,A,,A,,R,4
150756,12,R,254,R,0,R,254,R,0
150765,1,R,158,A,,A,,R,158
150765,2,R,158,A,,A,,R,158
150765,3,R,158,A,,A,,R,158
150774,1,R,621,R,0,R,7,R,614
150774,2,R,621,R,0,R,7,R,614
150774,3,R,590,R,0,R,7,R,583
150774,11,R,31,R,0,R,0,R,31
150853,1,R,295,A,,A,,R,295
150853,2,R,295,A,,A,,R,295
150853,3,R,295,A,,A,,R,295
150941,1,R,1716,R,115,R,140,R,1461
150941,2,R,1466,R,40,R,110,R,1316
150941,3,R,1046,R,30,R,108,R,908
150941,11,R,420,R,10,R,2,R,408
150941,12,R,250,R,75,R,30,R,145
150987,1,R,178903,R,28747,R,36706,R,113450
150987,2,R,178903,R,28747,R,36706,R,113450
150987,3,R,73699,R,15939,R,26762,R,30998
150987,11,R,105204,R,12808,R,9944,R,82452
151102,1,R,10011,R,868,R,4320,R,4823
151102,2,R,9092,R,797,R,3911,R,4384
151102,3,R,5938,R,643,R,3885,R,1410
151102,11,R,3154,R,154,R,26,R,2974
151102,12,R,919,R,71,R,409,R,439
151111,1,R,29063,R,3661,R,16416,R,8986
151111,2,R,19239,R,2030,R,13205,R,4004
151111,3,R,18183,R,1607,R,12949,R,3627
151111,11,R,1056,R,423,R,256,R,377
151111,12,R,9824,R,1631,R,3211,R,4982
151263,1,R,6136,R,950,R,1547,R,3639
151263,2,R,4332,R,223,R,1230,R,2879
151263,3,R,3372,R,43,R,1229,R,2100
151263,11,R,960,R,180,R,1,R,779
151263,12,R,1804,R,727,R,317,R,760
151290,1,R,3457,R,804,R,1096,R,1557
151290,2,R,1739,R,21,R,772,R,946
151290,3,R,1453,R,18,R,771,R,664
151290,11,R,286,R,3,R,1,R,282
151290,12,R,1718,R,783,R,324,R,611
151306,1,R,11111,R,3392,R,4321,R,3398
151306,2,R,8293,R,749,R,4185,R,3359
151306,3,R,5803,R,695,R,4163,R,945
151306,11,R,2490,R,54,R,22,R,2414
151306,12,R,2818,R,2643,R,136,R,39
151324,1,R,9502,R,2885,R,3894,R,2723
151324,2,R,7424,R,1877,R,3310,R,2237
151324,3,R,7231,R,1858,R,3308,R,2065
151324,11,R,193,R,19,R,2,R,172
151324,12,R,2078,R,1008,R,584,R,486
151333,1,R,5718,R,1072,R,1632,R,3014
151333,2,R,5435,R,930,R,1563,R,2942
151333,3,R,2656,R,602,R,1498,R,556
151333,11,R,2779,R,328,R,65,R,2386
151333,12,R,283,R,142,R,69,R,72
151342,1,R,8049,R,967,R,3188,R,3894
151342,2,R,7386,R,866,R,2877,R,3643
151342,3,R,4354,R,718,R,2823,R,813
151342,11,R,3032,R,148,R,54,R,2830
151342,12,R,663,R,101,R,311,R,251
151351,1,R,62701,R,4242,R,27624,R,30835
151351,2,R,50794,R,530,R,24875,R,25389
151351,3,R,37635,R,280,R,24790,R,12565
151351,11,R,13159,R,250,R,85,R,12824
151351,12,R,11907,R,3712,R,2749,R,5446
151360,1,R,5733,R,1131,R,2134,R,2468
151360,2,R,5406,R,1017,R,1996,R,2393
151360,3,R,3047,R,763,R,1920,R,364
151360,11,R,2359,R,254,R,76,R,2029
151360,12,R,327,R,114,R,138,R,75
151379,1,R,5933,R,1747,R,2547,R,1639
151379,2,R,5253,R,1487,R,2254,R,1512
151379,3,R,3636,R,984,R,2229,R,423
151379,11,R,1617,R,503,R,25,R,1089
151379,12,R,680,R,260,R,293,R,127
151388,1,R,5256,R,3196,R,799,R,1261
151388,2,R,4900,R,2933,R,759,R,1208
151388,3,R,3144,R,2234,R,733,R,177
151388,11,R,1756,R,699,R,26,R,1031
151388,12,R,356,R,263,R,40,R,53
151467,1,R,250,A,,A,,R,250
151467,2,R,250,A,,A,,R,250
151467,3,R,250,A,,A,,R,250
151564,1,R,57,A,,A,,R,57
151564,2,R,57,A,,A,,R,57
151564,3,R,57,A,,A,,R,57
151607,1,R,148,A,,A,,R,148
151607,2,R,148,A,,A,,R,148
151607,3,R,148,A,,A,,R,148
151661,1,R,1752,A,,A,,R,1752
151661,2,R,1752,A,,A,,R,1752
151661,3,R,1667,A,,A,,R,1667
151661,11,R,85,A,,A,,R,85
151777,1,R,1252,R,107,R,930,R,215
151777,2,R,950,R,0,R,753,R,197
151777,3,R,896,R,0,R,718,R,178
151777,11,R,54,R,0,R,35,R,19
151777,12,R,302,R,107,R,177,R,18
151786,1,R,4696,R,1281,R,1229,R,2186
151786,2,R,3356,R,1055,R,887,R,1414
151786,3,R,2725,R,753,R,813,R,1159
151786,11,R,631,R,302,R,74,R,255
151786,12,R,1340,R,226,R,342,R,772
151801,1,R,2289,R,0,R,964,R,1325
151801,2,R,2159,R,0,R,939,R,1220
151801,3,R,1958,R,0,R,938,R,1020
151801,11,R,201,R,0,R,1,R,200
151801,12,R,130,R,0,R,25,R,105
151810,1,R,298,R,25,R,109,R,164
151810,2,R,231,R,11,R,108,R,112
151810,3,R,202,R,11,R,108,R,83
151810,11,R,29,R,0,R,0,R,29
151810,12,R,67,R,14,R,1,R,52
151865,1,R,165,R,88,R,37,R,40
151865,12,R,165,R,88,R,37,R,40
151962,1,R,472,R,424,R,19,R,29
151962,2,R,472,R,424,R,19,R,29
151962,3,R,472,R,424,R,19,R,29
152044,1,P,110,A,,A,,P,110
152044,2,P,110,A,,A,,P,110
152044,3,P,110,A,,A,,P,110
152080,1,R,13675,R,149,R,1827,R,11699
152080,2,R,9157,R,13,R,1105,R,8039
152080,3,R,9004,R,11,R,1099,R,7894
152080,11,R,153,R,2,R,6,R,145
152080,12,R,4518,R,136,R,722,R,3660
152099,1,R,780,R,257,R,273,R,250
152099,2,R,597,R,194,R,158,R,245
152099,3,R,558,R,183,R,158,R,217
152099,11,R,39,R,11,R,0,R,28
152099,12,R,183,R,63,R,115,R,5
152150,1,R,90,A,,A,,R,90
152150,2,R,90,A,,A,,R,90
152150,3,R,90,A,,A,,R,90
152275,1,R,188,A,,A,,R,188
152275,2,R,188,A,,A,,R,188
152275,3,R,188,A,,A,,R,188
152309,1,R,138,A,,A,,R,138
152309,2,R,138,A,,A,,R,138
152309,3,R,138,A,,A,,R,138
152318,1,R,2358,R,86,R,1234,R,1038
152318,2,R,2341,R,83,R,1224,R,1034
152318,3,R,2255,R,21,R,1219,R,1015
152318,11,R,86,R,62,R,5,R,19
152318,12,R,17,R,3,R,10,R,4
152336,1,R,2112,R,248,R,1433,R,431
152336,2,R,1787,R,162,R,1296,R,329
152336,3,R,1752,R,152,R,1285,R,315
152336,11,R,35,R,10,R,11,R,14
152336,12,R,325,R,86,R,137,R,102
152381,1,R,1414,R,466,R,905,R,43
152381,2,R,1014,R,357,R,657,R,0
152381,3,R,996,R,342,R,654,R,0
152381,11,R,18,R,15,R,3,R,0
152381,12,R,400,R,109,R,248,R,43
152390,1,R,1603,R,36,R,277,R,1290
152390,2,R,1507,R,7,R,240,R,1260
152390,3,R,1434,R,2,R,240,R,1192
152390,11,R,73,R,5,R,0,R,68
152390,12,R,96,R,29,R,37,R,30
152451,1,R,261,R,39,R,58,R,164
152451,12,R,261,R,39,R,58,R,164
152497,1,R,169,R,4,R,104,R,61
152497,2,R,169,R,4,R,104,R,61
152497,3,R,169,R,4,R,104,R,61
152530,1,R,2671,R,669,R,709,R,1293
152530,2,R,2641,R,668,R,709,R,1264
152530,3,R,1945,R,26,R,700,R,1219
152530,11,R,696,R,642,R,9,R,45
152530,12,R,30,R,1,R,0,R,29
152567,1,R,5034,R,413,R,1863,R,2758
152567,2,R,4692,R,412,R,1856,R,2424
152567,3,R,2403,R,41,R,1659,R,703
152567,11,R,2289,R,371,R,197,R,1721
152567,12,R,342,R,1,R,7,R,334
152600,1,R,3113,R,148,R,2005,R,960
152600,2,R,2403,R,48,R,1472,R,883
152600,3,R,2347,R,22,R,1470,R,855
152600,11,R,56,R,26,R,2,R,28
152600,12,R,710,R,100,R,533,R,77
152628,1,R,58,A,,A,,R,58
152628,2,R,58,A,,A,,R,58
152628,3,R,58,A,,A,,R,58
152637,1,R,21226,R,1237,R,2930,R,17059
152637,2,R,21226,R,1237,R,2930,R,17059
152637,3,R,4638,R,983,R,2016,R,1639
152637,11,R,16588,R,254,R,914,R,15420
152673,1,R,852,R,1,R,43,R,808
152673,2,R,852,R,1,R,43,R,808
152673,3,R,852,R,1,R,43,R,808
152798,1,R,615,R,101,R,423,R,91
152798,2,R,368,R,71,R,245,R,52
152798,3,R,368,R,71,R,245,R,52
152798,12,R,247,R,30,R,178,R,39
152992,1,R,1125,R,231,R,228,R,666
152992,2,R,874,R,103,R,225,R,546
152992,3,R,763,R,103,R,225,R,435
152992,11,R,111,R,0,R,0,R,111
152992,12,R,251,R,128,R,3,R,120
153001,1,R,2517,R,1696,R,260,R,561
153001,2,R,1788,R,967,R,260,R,561
153001,3,R,1640,R,851,R,260,R,529
153001,11,R,148,R,116,R,0,R,32
153001,12,R,729,R,729,R,0,R,0
153074,1,R,246,A,,A,,R,246
153074,2,R,246,A,,A,,R,246
153074,3,R,246,A,,A,,R,246
153083,1,R,172,A,,A,,R,172
153083,2,R,172,A,,A,,R,172
153083,3,R,172,A,,A,,R,172
153108,1,R,1235,R,0,R,124,R,1111
153108,2,R,1235,R,0,R,124,R,1111
153108,3,R,1084,R,0,R,118,R,966
153108,11,R,151,R,0,R,6,R,145
153126,1,R,1076,R,78,R,504,R,494
153126,2,R,912,R,34,R,429,R,449
153126,3,R,820,R,22,R,428,R,370
153126,11,R,92,R,12,R,1,R,79
153126,12,R,164,R,44,R,75,R,45
153144,1,R,1326,R,1,R,24,R,1301
153144,2,R,1326,R,1,R,24,R,1301
153144,3,R,1269,R,1,R,24,R,1244
153144,11,R,57,R,0,R,0,R,57
153162,1,R,1142,R,2,R,0,R,1140
153162,2,R,1140,A,,A,,R,1140
153162,3,R,1105,A,,A,,R,1105
153162,11,R,35,A,,A,,R,35
153162,12,R,2,R,2,R,0,R,0
153214,1,R,35463,R,8168,R,8616,R,18679
153214,2,R,35463,R,8168,R,8616,R,18679
153214,3,R,12915,R,3640,R,5673,R,3602
153214,11,R,22548,R,4528,R,2943,R,15077
153241,1,R,74,A,,A,,R,74
153241,2,R,74,A,,A,,R,74
153241,3,R,70,A,,A,,R,70
153241,11,R,4,A,,A,,R,4
153250,1,R,2084,R,545,R,343,R,1196
153250,2,R,1795,R,256,R,343,R,1196
153250,3,R,1529,R,24,R,319,R,1186
153250,11,R,266,R,232,R,24,R,10
153250,12,R,289,R,289,R,0,R,0
153269,1,R,4999,R,647,R,2334,R,2018
153269,2,R,2813,R,40,R,1532,R,1241
153269,3,R,2762,R,29,R,1527,R,1206
153269,11,R,51,R,11,R,5,R,35
153269,12,R,2186,R,607,R,802,R,777
153278,1,R,2087,R,109,R,343,R,1635
153278,2,R,1658,R,0,R,292,R,1366
153278,3,R,1642,R,0,R,286,R,1356
153278,11,R,16,R,0,R,6,R,10
153278,12,R,429,R,109,R,51,R,269
153296,1,R,841,R,168,R,555,R,118
153296,2,R,841,R,168,R,555,R,118
153296,3,R,613,R,63,R,494,R,56
153296,11,R,228,R,105,R,61,R,62
153302,1,R,237,R,26,R,30,R,181
153302,2,R,237,R,26,R,30,R,181
153302,3,R,201,R,19,R,26,R,156
153302,11,R,36,R,7,R,4,R,25
153311,1,R,11186,R,4389,R,2614,R,4183
153311,2,R,11186,R,4389,R,2614,R,4183
153311,3,R,4428,R,1991,R,1605,R,832
153311,11,R,6758,R,2398,R,1009,R,3351
153320,1,R,747,R,267,R,255,R,225
153320,2,R,662,R,235,R,223,R,204
153320,3,R,393,R,36,R,209,R,148
153320,11,R,269,R,199,R,14,R,56
153320,12,R,85,R,32,R,32,R,21
153366,1,R,1358,R,392,R,190,R,776
153366,2,R,974,R,35,R,163,R,776
153366,3,R,968,R,35,R,163,R,770
153366,11,R,6,R,0,R,0,R,6
153366,12,R,384,R,357,R,27,R,0
153375,1,R,2070,R,352,R,1118,R,600
153375,2,R,1631,R,182,R,918,R,531
153375,3,R,1596,R,172,R,915,R,509
153375,11,R,35,R,10,R,3,R,22
153375,12,R,439,R,170,R,200,R,69
153384,1,R,1798,A,,A,,R,1798
153384,2,R,1798,A,,A,,R,1798
153384,3,R,1721,A,,A,,R,1721
153384,11,R,77,A,,A,,R,77
153427,1,R,107,R,18,R,89,R,0
153427,2,R,107,R,18,R,89,R,0
153427,3,R,107,R,18,R,89,R,0
153445,1,R,6463,R,1404,R,2126,R,2933
153445,2,R,6463,R,1404,R,2126,R,2933
153445,3,R,2943,R,477,R,1642,R,824
153445,11,R,3520,R,927,R,484,R,2109
153463,1,R,32,A,,A,,R,32
153463,2,R,32,A,,A,,R,32
153463,3,R,32,A,,A,,R,32
153472,1,R,3942,R,642,R,1727,R,1573
153472,2,R,3942,R,642,R,1727,R,1573
153472,3,R,2339,R,385,R,1372,R,582
153472,11,R,1603,R,257,R,355,R,991
153524,1,R,5737,R,1173,R,1835,R,2729
153524,2,R,5737,R,1173,R,1835,R,2729
153524,3,R,3501,R,407,R,962,R,2132
153524,11,R,2236,R,766,R,873,R,597
153533,1,R,2385,R,271,R,754,R,1360
153533,2,R,2385,R,271,R,754,R,1360
153533,3,R,1157,R,81,R,543,R,533
153533,11,R,1228,R,190,R,211,R,827
153542,1,R,16,R,0,R,7,R,9
153542,2,R,16,R,0,R,7,R,9
153542,3,R,16,R,0,R,7,R,9
153597,1,R,145,A,,A,,R,145
153597,2,R,145,A,,A,,R,145
153597,3,R,145,A,,A,,R,145
153603,1,R,32133,R,1711,R,16684,R,13738
153603,2,R,26641,R,916,R,15787,R,9938
153603,3,R,26046,R,593,R,15740,R,9713
153603,11,R,595,R,323,R,47,R,225
153603,12,R,5492,R,795,R,897,R,3800
153630,1,R,9015,R,4368,R,2920,R,1727
153630,2,R,9015,R,4368,R,2920,R,1727
153630,3,R,3989,R,1270,R,1988,R,731
153630,11,R,5026,R,3098,R,932,R,996
153658,1,R,32864,R,4450,R,18289,R,10125
153658,2,R,23911,R,1603,R,17261,R,5047
153658,3,R,22665,R,897,R,17180,R,4588
153658,11,R,1246,R,706,R,81,R,459
153658,12,R,8953,R,2847,R,1028,R,5078
153737,1,R,17079,R,4801,R,6910,R,5368
153737,2,R,17079,R,4801,R,6910,R,5368
153737,3,R,9210,R,2274,R,5258,R,1678
153737,11,R,7869,R,2527,R,1652,R,3690
153746,1,R,69,A,,A,,R,69
153746,2,R,69,A,,A,,R,69
153746,3,R,69,A,,A,,R,69
153764,1,R,187,A,,A,,R,187
153764,2,R,187,A,,A,,R,187
153764,3,R,187,A,,A,,R,187
153773,1,R,95,A,,A,,R,95
153773,2,R,95,A,,A,,R,95
153773,3,R,95,A,,A,,R,95
153782,1,R,32,A,,A,,R,32
153782,2,R,32,A,,A,,R,32
153782,3,R,32,A,,A,,R,32
153825,1,R,1328,R,35,R,281,R,1012
153825,2,R,1225,R,15,R,232,R,978
153825,3,R,1145,R,4,R,229,R,912
153825,11,R,80,R,11,R,3,R,66
153825,12,R,103,R,20,R,49,R,34
153834,1,R,1488,R,0,R,43,R,1445
153834,2,R,1488,R,0,R,43,R,1445
153834,3,R,1468,R,0,R,43,R,1425
153834,11,R,20,R,0,R,0,R,20
153861,1,R,3472,R,2301,R,609,R,562
153861,2,R,1149,R,946,R,117,R,86
153861,3,R,1141,R,939,R,117,R,85
153861,11,R,8,R,7,R,0,R,1
153861,12,R,2323,R,1355,R,492,R,476
153922,1,R,2208,R,649,R,1115,R,444
153922,2,R,2208,R,649,R,1115,R,444
153922,3,R,993,R,225,R,721,R,47
153922,11,R,1215,R,424,R,394,R,397
153977,1,R,1280,R,404,R,712,R,164
153977,2,R,1278,R,404,R,710,R,164
153977,3,R,1278,R,404,R,710,R,164
153977,12,R,2,Z,0,R,2,R,0
154004,1,R,2664,R,1530,R,0,R,1134
154004,2,R,1194,R,60,R,0,R,1134
154004,3,R,1183,R,60,R,0,R,1123
154004,11,R,11,R,0,R,0,R,11
154004,12,R,1470,R,1470,R,0,R,0
154013,1,R,1665,R,332,R,322,R,1011
154013,2,R,1299,R,170,R,261,R,868
154013,3,R,1173,R,86,R,259,R,828
154013,11,R,126,R,84,R,2,R,40
154013,12,R,366,R,162,R,61,R,143
154022,1,R,46925,R,46900,R,25,R,0
154022,2,R,36770,R,36770,Z,0,R,0
154022,3,R,34645,R,34645,Z,0,R,0
154022,11,R,2125,R,2125,Z,0,R,0
154022,12,R,10155,R,10130,R,25,R,0
154059,1,R,3317,R,831,R,1514,R,972
154059,2,R,3317,R,831,R,1514,R,972
154059,3,R,1498,R,179,R,1003,R,316
154059,11,R,1819,R,652,R,511,R,656
154095,1,R,10303,R,1647,R,5090,R,3566
154095,2,R,8433,R,931,R,4675,R,2827
154095,3,R,8103,R,718,R,4657,R,2728
154095,11,R,330,R,213,R,18,R,99
154095,12,R,1870,R,716,R,415,R,739
154101,1,R,2117,R,891,R,311,R,915
154101,2,R,1290,R,167,R,302,R,821
154101,3,R,1268,R,164,R,301,R,803
154101,11,R,22,R,3,R,1,R,18
154101,12,R,827,R,724,R,9,R,94
154110,1,R,5571,R,1308,R,1955,R,2308
154110,2,R,5571,R,1308,R,1955,R,2308
154110,3,R,2274,R,709,R,1127,R,438
154110,11,R,3297,R,599,R,828,R,1870
154129,1,R,2655,R,1396,R,629,R,630
154129,2,R,2655,R,1396,R,629,R,630
154129,3,R,984,R,333,R,345,R,306
154129,11,R,1671,R,1063,R,284,R,324
154156,1,R,1667,R,84,R,1583,R,0
154156,12,R,1667,R,84,R,1583,R,0
154174,1,R,2563,R,31,R,1335,R,1197
154174,2,R,93,R,31,R,39,R,23
154174,3,R,72,R,11,R,38,R,23
154174,11,R,21,R,20,R,1,R,0
154174,12,R,2470,R,0,R,1296,R,1174
154208,1,R,249,A,,A,,R,249
154208,2,R,249,A,,A,,R,249
154208,3,R,249,A,,A,,R,249
154235,1,R,2888,R,282,R,1391,R,1215
154235,2,R,2248,R,173,R,1228,R,847
154235,3,R,2225,R,173,R,1224,R,828
154235,11,R,23,R,0,R,4,R,19
154235,12,R,640,R,109,R,163,R,368
154262,1,R,228,R,60,R,88,R,80
154262,2,R,228,R,60,R,88,R,80
154262,3,R,225,R,60,R,85,R,80
154262,11,R,3,R,0,R,3,R,0
154332,1,R,214,A,,A,,R,214
154332,2,R,214,A,,A,,R,214
154332,3,R,214,A,,A,,R,214
154350,1,R,1266,R,281,R,281,R,704
154350,2,R,1210,R,259,R,276,R,675
154350,3,R,1184,R,252,R,276,R,656
154350,11,R,26,R,7,R,0,R,19
154350,12,R,56,R,22,R,5,R,29
154378,1,R,3880,R,984,R,1731,R,1165
154378,2,R,3880,R,984,R,1731,R,1165
154378,3,R,2261,R,652,R,1021,R,588
154378,11,R,1619,R,332,R,710,R,577
154396,1,R,2005,R,888,R,701,R,416
154396,2,R,2005,R,888,R,701,R,416
154396,3,R,911,R,352,R,370,R,189
154396,11,R,1094,R,536,R,331,R,227
154448,1,R,193,A,,A,,R,193
154448,2,R,193,A,,A,,R,193
154448,3,R,193,A,,A,,R,193
154457,1,R,72,A,,A,,R,72
154457,2,R,72,A,,A,,R,72
154457,3,R,72,A,,A,,R,72
154466,1,R,76,A,,A,,R,76
154466,2,R,76,A,,A,,R,76
154466,3,R,76,A,,A,,R,76
154493,1,R,5559,R,4194,R,891,R,474
154493,2,R,4026,R,3005,R,767,R,254
154493,3,R,2846,R,1868,R,755,R,223
154493,11,R,1180,R,1137,R,12,R,31
154493,12,R,1533,R,1189,R,124,R,220
154518,1,R,3742,R,3072,R,664,R,6
154518,2,R,3042,R,2372,R,664,R,6
154518,3,R,2913,R,2303,R,604,R,6
154518,11,R,129,R,69,R,60,R,0
154518,12,R,700,R,700,R,0,R,0
154527,1,R,1506,R,29,R,549,R,928
154527,2,R,1482,R,11,R,547,R,924
154527,3,R,1469,R,8,R,545,R,916
154527,11,R,13,R,3,R,2,R,8
154527,12,R,24,R,18,R,2,R,4
154536,1,R,176,R,20,R,131,R,25
154536,12,R,176,R,20,R,131,R,25
154545,1,R,129,A,,A,,R,129
154545,2,R,129,A,,A,,R,129
154545,3,R,129,A,,A,,R,129
154572,1,R,7071,R,2784,R,2258,R,2029
154572,2,R,7071,R,2784,R,2258,R,2029
154572,3,R,3460,R,1267,R,1353,R,840
154572,11,R,3611,R,1517,R,905,R,1189
154590,1,R,1677,R,437,R,169,R,1071
154590,2,R,1586,R,413,R,169,R,1004
154590,3,R,1501,R,367,R,161,R,973
154590,11,R,85,R,46,R,8,R,31
154590,12,R,91,R,24,R,0,R,67
154642,1,R,2707,R,1866,R,576,R,265
154642,2,R,2707,R,1866,R,576,R,265
154642,3,R,1203,R,899,R,263,R,41
154642,11,R,1504,R,967,R,313,R,224
154688,1,R,2650,R,966,R,436,R,1248
154688,2,R,1964,R,280,R,436,R,1248
154688,3,R,1182,R,213,R,413,R,556
154688,11,R,782,R,67,R,23,R,692
154688,12,R,686,R,686,Z,0,R,0
154697,1,R,10942,R,6174,R,1011,R,3757
154697,2,R,10942,R,6174,R,1011,R,3757
154697,3,R,3663,R,1886,R,804,R,973
154697,11,R,7279,R,4288,R,207,R,2784
154712,1,R,2899,R,74,R,108,R,2717
154712,2,R,2764,R,13,R,34,R,2717
154712,3,R,2537,R,0,R,34,R,2503
154712,11,R,227,R,13,R,0,R,214
154712,12,R,135,R,61,R,74,R,0
154721,1,R,689,R,0,R,283,R,406
154721,2,R,689,R,0,R,283,R,406
154721,3,R,622,R,0,R,283,R,339
154721,11,R,67,R,0,Z,0,R,67
154749,1,R,515,R,0,R,53,R,462
154749,2,R,515,R,0,R,53,R,462
154749,3,R,513,R,0,R,53,R,460
154749,11,R,2,R,0,Z,0,R,2
154800,1,R,9198,R,3717,R,3458,R,2023
154800,2,R,9198,R,3717,R,3458,R,2023
154800,3,R,6660,R,2870,R,3016,R,774
154800,11,R,2538,R,847,R,442,R,1249
154855,1,R,581,R,202,R,129,R,250
154855,2,R,549,R,176,R,123,R,250
154855,3,R,447,R,143,R,123,R,181
154855,11,R,102,R,33,Z,0,R,69
154855,12,R,32,R,26,R,6,R,0
154907,1,R,2370,R,610,R,449,R,1311
154907,2,R,2370,R,610,R,449,R,1311
154907,3,R,1019,R,232,R,306,R,481
154907,11,R,1351,R,378,R,143,R,830
154925,1,R,1784,R,170,R,777,R,837
154925,2,R,1784,R,170,R,777,R,837
154925,3,R,1159,R,142,R,716,R,301
154925,11,R,625,R,28,R,61,R,536
154934,1,R,2218,R,1166,R,628,R,424
154934,2,R,2218,R,1166,R,628,R,424
154934,3,R,1157,R,548,R,366,R,243
154934,11,R,1061,R,618,R,262,R,181
154952,1,R,3350,R,820,R,1118,R,1412
154952,2,R,3350,R,820,R,1118,R,1412
154952,3,R,2468,R,432,R,909,R,1127
154952,11,R,882,R,388,R,209,R,285
154998,1,R,2295,R,540,R,1011,R,744
154998,2,R,2295,R,540,R,1011,R,744
154998,3,R,1581,R,414,R,825,R,342
154998,11,R,714,R,126,R,186,R,402
155007,1,R,520,R,14,R,127,R,379
155007,2,R,520,R,14,R,127,R,379
155007,3,R,466,R,8,R,127,R,331
155007,11,R,54,R,6,R,0,R,48
155025,1,R,5886,R,3273,R,1289,R,1324
155025,2,R,2698,R,379,R,1128,R,1191
155025,3,R,2546,R,349,R,1121,R,1076
155025,11,R,152,R,30,R,7,R,115
155025,12,R,3188,R,2894,R,161,R,133
155052,1,R,2812,R,1395,R,506,R,911
155052,2,R,2812,R,1395,R,506,R,911
155052,3,R,408,R,52,R,239,R,117
155052,11,R,2404,R,1343,R,267,R,794
155061,1,R,16922,R,8516,R,3065,R,5341
155061,2,R,13253,R,5325,R,2732,R,5196
155061,3,R,11835,R,4160,R,2663,R,5012
155061,11,R,1418,R,1165,R,69,R,184
155061,12,R,3669,R,3191,R,333,R,145
155070,1,R,233,R,84,R,65,R,84
155070,2,R,198,R,71,R,46,R,81
155070,3,R,191,R,71,R,46,R,74
155070,11,R,7,R,0,R,0,R,7
155070,12,R,35,R,13,R,19,R,3
155089,1,R,3604,R,1369,R,1096,R,1139
155089,2,R,2274,R,325,R,961,R,988
155089,3,R,1216,R,173,R,873,R,170
155089,11,R,1058,R,152,R,88,R,818
155089,12,R,1330,R,1044,R,135,R,151
155098,1,R,1946,R,279,R,618,R,1049
155098,2,R,1946,R,279,R,618,R,1049
155098,3,R,991,R,202,R,495,R,294
155098,11,R,955,R,77,R,123,R,755
155104,1,R,2591,R,697,R,1043,R,851
155104,2,R,2591,R,697,R,1043,R,851
155104,3,R,1726,R,415,R,816,R,495
155104,11,R,865,R,282,R,227,R,356
155140,1,R,1077,R,51,R,346,R,680
155140,2,R,1077,R,51,R,346,R,680
155140,3,R,1077,R,51,R,346,R,680
155159,1,R,130,A,,A,,R,130
155159,2,R,130,A,,A,,R,130
155159,3,R,130,A,,A,,R,130
155177,1,R,331,R,3,R,86,R,242
155177,2,R,331,R,3,R,86,R,242
155177,3,R,322,R,3,R,86,R,233
155177,11,R,9,R,0,R,0,R,9
155186,1,R,3597,R,1158,R,738,R,1701
155186,2,R,3597,R,1158,R,738,R,1701
155186,3,R,1983,R,520,R,540,R,923
155186,11,R,1614,R,638,R,198,R,778
155195,1,R,7544,R,2435,R,2088,R,3021
155195,2,R,7544,R,2435,R,2088,R,3021
155195,3,R,4479,R,1770,R,1562,R,1147
155195,11,R,3065,R,665,R,526,R,1874
155201,1,R,1100,R,280,R,503,R,317
155201,2,R,1100,R,280,R,503,R,317
155201,3,R,710,R,153,R,401,R,156
155201,11,R,390,R,127,R,102,R,161
155210,1,R,25217,R,6187,R,7306,R,11724
155210,2,R,25217,R,6187,R,7306,R,11724
155210,3,R,14844,R,3833,R,6222,R,4789
155210,11,R,10373,R,2354,R,1084,R,6935
155283,1,R,952,R,69,R,883,R,0
155283,2,R,952,R,69,R,883,R,0
155283,3,R,952,R,69,R,883,R,0
155292,1,R,6621,R,1614,R,1697,R,3310
155292,2,R,6621,R,1614,R,1697,R,3310
155292,3,R,3486,R,1067,R,1257,R,1162
155292,11,R,3135,R,547,R,440,R,2148
155308,1,R,205,R,5,R,137,R,63
155308,2,R,201,R,3,R,135,R,63
155308,3,R,197,R,2,R,134,R,61
155308,11,R,4,R,1,R,1,R,2
155308,12,R,4,R,2,R,2,R,0
155317,1,R,30885,R,3526,R,16706,R,10653
155317,2,R,22216,R,1454,R,14566,R,6196
155317,3,R,20977,R,1313,R,14529,R,5135
155317,11,R,1239,R,141,R,37,R,1061
155317,12,R,8669,R,2072,R,2140,R,4457
155335,1,R,4012,R,376,R,706,R,2930
155335,2,R,3318,R,82,R,570,R,2666
155335,3,R,951,R,70,R,562,R,319
155335,11,R,2367,R,12,R,8,R,2347
155335,12,R,694,R,294,R,136,R,264
155353,1,R,146,A,,A,,R,146
155353,2,R,146,A,,A,,R,146
155353,3,R,146,A,,A,,R,146
155399,1,R,22106,R,4662,R,11646,R,5798
155399,2,R,16473,R,2243,R,10398,R,3832
155399,3,R,15683,R,1808,R,10301,R,3574
155399,11,R,790,R,435,R,97,R,258
155399,12,R,5633,R,2419,R,1248,R,1966
155414,1,R,1061,R,81,R,649,R,331
155414,2,R,1003,R,57,R,615,R,331
155414,3,R,988,R,53,R,614,R,321
155414,11,R,15,R,4,R,1,R,10
155414,12,R,58,R,24,R,34,R,0
155423,1,R,1639,R,50,R,65,R,1524
155423,2,R,1639,R,50,R,65,R,1524
155423,3,R,832,R,37,R,41,R,754
155423,11,R,807,R,13,R,24,R,770
155450,1,R,1934,R,653,R,797,R,484
155450,2,R,1934,R,653,R,797,R,484
155450,3,R,984,R,318,R,517,R,149
155450,11,R,950,R,335,R,280,R,335
155487,1,R,1234,R,33,R,216,R,985
155487,2,R,1234,R,33,R,216,R,985
155487,3,R,458,R,14,R,188,R,256
155487,11,R,776,R,19,R,28,R,729
155496,1,R,154,R,19,R,9,R,126
155496,2,R,154,R,19,R,9,R,126
155496,3,R,150,R,19,R,9,R,122
155496,11,R,4,R,0,R,0,R,4
155511,1,R,829,R,0,R,16,R,813
155511,2,R,828,R,0,R,15,R,813
155511,3,R,826,R,0,R,15,R,811
155511,11,R,2,Z,0,Z,0,R,2
155511,12,R,1,Z,0,R,1,R,0
155520,1,R,1788,R,246,R,513,R,1029
155520,2,R,1371,R,104,R,389,R,878
155520,3,R,1096,R,99,R,381,R,616
155520,11,R,275,R,5,R,8,R,262
155520,12,R,417,R,142,R,124,R,151
155566,1,R,2307,R,380,R,832,R,1095
155566,2,R,2307,R,380,R,832,R,1095
155566,3,R,1063,R,228,R,572,R,263
155566,11,R,1244,R,152,R,260,R,832
155593,1,R,1305,R,344,R,248,R,713
155593,2,R,1305,R,344,R,248,R,713
155593,3,R,454,R,31,R,105,R,318
155593,11,R,851,R,313,R,143,R,395
155618,1,R,781,R,22,R,306,R,453
155618,2,R,781,R,22,R,306,R,453
155618,3,R,346,R,4,R,249,R,93
155618,11,R,435,R,18,R,57,R,360
155627,1,R,1115,R,24,R,684,R,407
155627,2,R,963,R,6,R,614,R,343
155627,3,R,961,R,6,R,614,R,341
155627,11,R,2,R,0,R,0,R,2
155627,12,R,152,R,18,R,70,R,64
155636,1,R,612,R,329,R,265,R,18
155636,2,R,339,R,268,R,63,R,8
155636,3,R,337,R,266,R,63,R,8
155636,11,R,2,R,2,R,0,R,0
155636,12,R,273,R,61,R,202,R,10
155681,1,R,6816,R,1310,R,3650,R,1856
155681,2,R,4937,R,340,R,3113,R,1484
155681,3,R,4505,R,328,R,3083,R,1094
155681,11,R,432,R,12,R,30,R,390
155681,12,R,1879,R,970,R,537,R,372
155715,1,R,1947,R,1039,R,445,R,463
155715,2,R,1947,R,1039,R,445,R,463
155715,3,R,778,R,158,R,342,R,278
155715,11,R,1169,R,881,R,103,R,185
155812,1,R,1697,R,177,R,704,R,816
155812,2,R,1112,R,73,R,619,R,420
155812,3,R,945,R,51,R,619,R,275
155812,11,R,167,R,22,Z,0,R,145
155812,12,R,585,R,104,R,85,R,396
155830,1,R,1515,R,250,R,288,R,977
155830,2,R,1515,R,250,R,288,R,977
155830,3,R,521,R,135,R,136,R,250
155830,11,R,994,R,115,R,152,R,727
155858,1,R,2414,R,438,R,783,R,1193
155858,2,R,2414,R,438,R,783,R,1193
155858,3,R,1325,R,235,R,544,R,546
155858,11,R,1089,R,203,R,239,R,647
155900,1,R,1580,R,935,R,50,R,595
155900,2,R,1412,R,813,R,38,R,561
155900,3,R,1378,R,780,R,38,R,560
155900,11,R,34,R,33,R,0,R,1
155900,12,R,168,R,122,R,12,R,34
155937,1,R,808,R,200,R,362,R,246
155937,2,R,779,R,189,R,362,R,228
155937,3,R,613,R,131,R,360,R,122
155937,11,R,166,R,58,R,2,R,106
155937,12,R,29,R,11,R,0,R,18
155973,1,R,812,R,152,R,163,R,497
155973,2,R,627,R,17,R,159,R,451
155973,3,R,542,R,7,R,145,R,390
155973,11,R,85,R,10,R,14,R,61
155973,12,R,185,R,135,R,4,R,46
156082,1,R,6517,R,1027,R,1917,R,3573
156082,2,R,5702,R,850,R,1668,R,3184
156082,3,R,4687,R,818,R,1653,R,2216
156082,11,R,1015,R,32,R,15,R,968
156082,12,R,815,R,177,R,249,R,389
156107,1,R,8867,R,1147,R,2543,R,5177
156107,2,R,8867,R,1147,R,2543,R,5177
156107,3,R,3827,R,680,R,1888,R,1259
156107,11,R,5040,R,467,R,655,R,3918
156125,1,R,19283,R,4743,R,5914,R,8626
156125,2,R,14506,R,3456,R,5139,R,5911
156125,3,R,11713,R,2010,R,5120,R,4583
156125,11,R,2793,R,1446,R,19,R,1328
156125,12,R,4777,R,1287,R,775,R,2715
156134,1,R,1718,R,210,R,0,R,1508
156134,2,R,1718,R,210,R,0,R,1508
156134,3,R,1718,R,210,R,0,R,1508
156189,1,R,583,A,,A,,R,583
156189,2,R,583,A,,A,,R,583
156189,3,R,546,A,,A,,R,546
156189,11,R,37,A,,A,,R,37
156213,1,R,2176,R,622,R,875,R,679
156213,2,R,1823,R,297,R,847,R,679
156213,3,R,1433,R,193,R,638,R,602
156213,11,R,390,R,104,R,209,R,77
156213,12,R,353,R,325,R,28,R,0
156222,1,R,1971,R,842,R,746,R,383
156222,12,R,1971,R,842,R,746,R,383
156231,1,R,3573,R,1311,R,1123,R,1139
156231,2,R,3573,R,1311,R,1123,R,1139
156231,3,R,2078,R,811,R,919,R,348
156231,11,R,1495,R,500,R,204,R,791
156286,1,R,3381,R,323,R,1485,R,1573
156286,2,R,2543,R,88,R,1236,R,1219
156286,3,R,2464,R,75,R,1230,R,1159
156286,11,R,79,R,13,R,6,R,60
156286,12,R,838,R,235,R,249,R,354
156295,1,R,1505,A,,A,,R,1505
156295,2,R,1505,A,,A,,R,1505
156295,3,R,1483,A,,A,,R,1483
156295,11,R,22,A,,A,,R,22
156310,1,R,447,A,,A,,R,447
156310,2,R,447,A,,A,,R,447
156310,3,R,447,A,,A,,R,447
156338,1,R,6922,R,2309,R,2198,R,2415
156338,2,R,6922,R,2309,R,2198,R,2415
156338,3,R,3737,R,1317,R,1538,R,882
156338,11,R,3185,R,992,R,660,R,1533
156356,1,R,779,R,257,R,356,R,166
156356,2,R,656,R,169,R,321,R,166
156356,3,R,594,R,157,R,321,R,116
156356,11,R,62,R,12,Z,0,R,50
156356,12,R,123,R,88,R,35,R,0
156365,1,R,15615,R,2897,R,7035,R,5683
156365,2,R,8763,R,1259,R,2289,R,5215
156365,3,R,3359,R,1101,R,1920,R,338
156365,11,R,5404,R,158,R,369,R,4877
156365,12,R,6852,R,1638,R,4746,R,468
156392,1,R,16711,R,6657,R,4763,R,5291
156392,2,R,16711,R,6657,R,4763,R,5291
156392,3,R,10028,R,4598,R,3920,R,1510
156392,11,R,6683,R,2059,R,843,R,3781
156408,1,R,1375,A,,A,,R,1375
156408,2,R,1375,A,,A,,R,1375
156408,3,R,1363,A,,A,,R,1363
156408,11,R,12,A,,A,,R,12
156417,1,R,209,R,163,R,27,R,19
156417,2,R,175,R,129,R,27,R,19
156417,3,R,171,R,125,R,27,R,19
156417,11,R,4,R,4,R,0,R,0
156417,12,R,34,R,34,R,0,R,0
156426,1,R,270,A,,A,,R,270
156426,2,R,270,A,,A,,R,270
156426,3,R,270,A,,A,,R,270
156471,1,R,7056,R,4991,R,2065,R,0
156471,2,R,6152,R,4087,R,2065,R,0
156471,3,R,6152,R,4087,R,2065,R,0
156471,12,R,904,R,904,R,0,R,0
156541,1,R,26738,R,15888,R,9887,R,963
156541,2,R,7744,R,4712,R,2207,R,825
156541,3,R,6921,R,4317,R,1833,R,771
156541,11,R,823,R,395,R,374,R,54
156541,12,R,18994,R,11176,R,7680,R,138
156620,1,R,17607,R,5457,R,9129,R,3021
156620,2,R,14609,R,3898,R,8026,R,2685
156620,3,R,13273,R,3456,R,7804,R,2013
156620,11,R,1336,R,442,R,222,R,672
156620,12,R,2998,R,1559,R,1103,R,336
156648,1,R,8889,R,3233,R,2496,R,3160
156648,2,R,8889,R,3233,R,2496,R,3160
156648,3,R,5009,R,2512,R,1854,R,643
156648,11,R,3880,R,721,R,642,R,2517
156727,1,R,3483,R,3483,A,,A,
156727,12,R,3483,R,3483,A,,A,
156745,1,R,1578,R,354,R,739,R,485
156745,2,R,1252,R,28,R,739,R,485
156745,3,R,1218,R,16,R,735,R,467
156745,11,R,34,R,12,R,4,R,18
156745,12,R,326,R,326,R,0,R,0
156754,1,R,64,A,,A,,R,64
156754,2,R,64,A,,A,,R,64
156754,3,R,64,A,,A,,R,64
156790,1,R,4166,R,1410,R,834,R,1922
156790,2,R,4166,R,1410,R,834,R,1922
156790,3,R,1865,R,914,R,434,R,517
156790,11,R,2301,R,496,R,400,R,1405
156842,1,R,350,A,,A,,R,350
156842,2,R,350,A,,A,,R,350
156842,3,R,350,A,,A,,R,350
156851,1,R,1949,R,622,R,566,R,761
156851,2,R,1949,R,622,R,566,R,761
156851,3,R,1088,R,480,R,435,R,173
156851,11,R,861,R,142,R,131,R,588
156860,1,R,2932,R,1216,R,1026,R,690
156860,2,R,2932,R,1216,R,1026,R,690
156860,3,R,2131,R,987,R,757,R,387
156860,11,R,801,R,229,R,269,R,303
156921,1,R,17699,R,5553,R,4482,R,7664
156921,2,R,17699,R,5553,R,4482,R,7664
156921,3,R,9282,R,3799,R,3373,R,2110
156921,11,R,8417,R,1754,R,1109,R,5554
156967,1,R,263,A,,A,,R,263
156967,2,R,263,A,,A,,R,263
156967,3,R,263,A,,A,,R,263
157021,1,R,411,R,183,R,202,R,26
157021,2,R,291,R,169,R,96,R,26
157021,3,R,265,R,169,R,96,R,0
157021,11,R,26,R,0,R,0,R,26
157021,12,R,120,R,14,R,106,R,0
157030,1,R,104,R,42,R,40,R,22
157030,2,R,104,R,42,R,40,R,22
157030,3,R,85,R,26,R,39,R,20
157030,11,R,19,R,16,R,1,R,2
157058,1,R,2115,R,422,R,1481,R,212
157058,2,R,1920,R,332,R,1420,R,168
157058,3,R,1493,R,146,R,1217,R,130
157058,11,R,427,R,186,R,203,R,38
157058,12,R,195,R,90,R,61,R,44
157076,1,R,928,R,158,R,318,R,452
157076,2,R,928,R,158,R,318,R,452
157076,3,R,879,R,154,R,314,R,411
157076,11,R,49,R,4,R,4,R,41
157085,1,R,35216,R,5480,R,17730,R,12006
157085,2,R,25088,R,1564,R,15855,R,7669
157085,3,R,23973,R,1129,R,15560,R,7284
157085,11,R,1115,R,435,R,295,R,385
157085,12,R,10128,R,3916,R,1875,R,4337
157100,1,R,592,R,53,R,24,R,515
157100,2,R,544,R,5,R,24,R,515
157100,3,R,456,R,3,R,24,R,429
157100,11,R,88,R,2,R,0,R,86
157100,12,R,48,R,48,R,0,R,0
157207,1,R,109,R,109,A,,A,
157207,12,R,109,R,109,A,,A,
157216,1,R,5191,R,1031,R,3628,R,532
157216,2,R,1940,R,432,R,1037,R,471
157216,3,R,1772,R,420,R,1023,R,329
157216,11,R,168,R,12,R,14,R,142
157216,12,R,3251,R,599,R,2591,R,61
157289,1,R,26325,R,5806,R,14479,R,6040
157289,2,R,18681,R,3462,R,10929,R,4290
157289,3,R,15971,R,3093,R,10768,R,2110
157289,11,R,2710,R,369,R,161,R,2180
157289,12,R,7644,R,2344,R,3550,R,1750
157298,1,R,96,A,,A,,R,96
157298,12,R,96,A,,A,,R,96
157304,1,R,5463,R,1469,R,1221,R,2773
157304,2,R,5463,R,1469,R,1221,R,2773
157304,3,R,2509,R,1260,R,767,R,482
157304,11,R,2954,R,209,R,454,R,2291
157331,1,R,5208,R,2167,R,1361,R,1680
157331,2,R,5208,R,2167,R,1361,R,1680
157331,3,R,2857,R,1367,R,1024,R,466
157331,11,R,2351,R,800,R,337,R,1214
157377,1,R,2243,R,660,R,951,R,632
157377,2,R,1925,R,403,R,907,R,615
157377,3,R,1417,R,390,R,893,R,134
157377,11,R,508,R,13,R,14,R,481
157377,12,R,318,R,257,R,44,R,17
157386,1,R,9558,R,1336,R,4346,R,3876
157386,2,R,8794,R,768,R,4167,R,3859
157386,3,R,5054,R,666,R,3834,R,554
157386,11,R,3740,R,102,R,333,R,3305
157386,12,R,764,R,568,R,179,R,17
157401,1,R,11887,R,2637,R,3716,R,5534
157401,2,R,9121,R,1441,R,3260,R,4420
157401,3,R,7215,R,1092,R,3161,R,2962
157401,11,R,1906,R,349,R,99,R,1458
157401,12,R,2766,R,1196,R,456,R,1114
157438,1,R,6320,R,2758,R,2119,R,1443
157438,2,R,6320,R,2758,R,2119,R,1443
157438,3,R,3770,R,1620,R,1518,R,632
157438,11,R,2550,R,1138,R,601,R,811
157447,1,R,18500,R,8882,R,6896,R,2722
157447,2,R,11630,R,3208,R,6193,R,2229
157447,3,R,9107,R,2359,R,5585,R,1163
157447,11,R,2523,R,849,R,608,R,1066
157447,12,R,6870,R,5674,R,703,R,493
157483,1,R,6593,R,1769,R,1948,R,2876
157483,2,R,6593,R,1769,R,1948,R,2876
157483,3,R,3488,R,1285,R,1538,R,665
157483,11,R,3105,R,484,R,410,R,2211
157535,1,R,2961,R,388,R,913,R,1660
157535,2,R,1876,R,120,R,909,R,847
157535,3,R,1234,R,52,R,879,R,303
157535,11,R,642,R,68,R,30,R,544
157535,12,R,1085,R,268,R,4,R,813
157553,1,R,3365,R,1552,R,869,R,944
157553,2,R,3365,R,1552,R,869,R,944
157553,3,R,2023,R,1108,R,713,R,202
157553,11,R,1342,R,444,R,156,R,742
157614,1,R,145,A,,A,,R,145
157614,2,R,145,A,,A,,R,145
157614,3,R,145,A,,A,,R,145
157650,1,R,284,A,,A,,R,284
157650,2,R,284,A,,A,,R,284
157650,3,R,284,A,,A,,R,284
157669,1,R,192,A,,A,,R,192
157669,2,R,192,A,,A,,R,192
157669,3,R,192,A,,A,,R,192
157678,1,R,206,A,,A,,R,206
157678,2,R,206,A,,A,,R,206
157678,3,R,206,A,,A,,R,206
157711,1,R,7478,R,3386,R,1879,R,2213
157711,2,R,7478,R,3386,R,1879,R,2213
157711,3,R,5005,R,2533,R,1633,R,839
157711,11,R,2473,R,853,R,246,R,1374
157739,1,R,4130,R,1256,R,1125,R,1749
157739,2,R,4130,R,1256,R,1125,R,1749
157739,3,R,2190,R,1011,R,760,R,419
157739,11,R,1940,R,245,R,365,R,1330
157748,1,R,5633,R,1409,R,2791,R,1433
157748,2,R,1204,R,98,R,474,R,632
157748,3,R,941,R,97,R,469,R,375
157748,11,R,263,R,1,R,5,R,257
157748,12,R,4429,R,1311,R,2317,R,801
157757,1,R,1926,R,429,R,632,R,865
157757,2,R,907,R,164,R,405,R,338
157757,3,R,677,R,156,R,403,R,118
157757,11,R,230,R,8,R,2,R,220
157757,12,R,1019,R,265,R,227,R,527
157793,1,R,3982,R,2106,R,576,R,1300
157793,2,R,3436,R,1896,R,550,R,990
157793,3,R,3420,R,1887,R,550,R,983
157793,11,R,16,R,9,R,0,R,7
157793,12,R,546,R,210,R,26,R,310
157809,1,R,2363,R,466,R,645,R,1252
157809,2,R,2127,R,269,R,634,R,1224
157809,3,R,1419,R,123,R,607,R,689
157809,11,R,708,R,146,R,27,R,535
157809,12,R,236,R,197,R,11,R,28
157818,1,R,1029,R,0,R,33,R,996
157818,2,R,1029,R,0,R,33,R,996
157818,3,R,1021,R,0,R,33,R,988
157818,11,R,8,Z,0,Z,0,R,8
157863,1,R,1394,R,243,R,938,R,213
157863,2,R,830,R,113,R,515,R,202
157863,3,R,828,R,112,R,515,R,201
157863,11,R,2,R,1,R,0,R,1
157863,12,R,564,R,130,R,423,R,11
157951,1,R,19978,R,4609,R,9706,R,5663
157951,2,R,17207,R,2899,R,9099,R,5209
157951,3,R,13452,R,1874,R,8768,R,2810
157951,11,R,3755,R,1025,R,331,R,2399
157951,12,R,2771,R,1710,R,607,R,454
158088,1,R,1562,R,277,R,524,R,761
158088,2,R,1562,R,277,R,524,R,761
158088,3,R,1239,R,264,R,504,R,471
158088,11,R,323,R,13,R,20,R,290
158246,1,R,311,A,,A,,R,311
158246,2,R,311,A,,A,,R,311
158246,3,R,311,A,,A,,R,311
158325,1,R,199,R,0,R,162,R,37
158325,2,R,199,R,0,R,162,R,37
158325,3,R,199,R,0,R,162,R,37
158431,1,R,8595,R,4668,R,2534,R,1393
158431,2,R,8595,R,4668,R,2534,R,1393
158431,3,R,7365,R,3879,R,2455,R,1031
158431,11,R,1230,R,789,R,79,R,362
158477,1,R,690,R,0,R,48,R,642
158477,2,R,651,R,0,R,48,R,603
158477,3,R,640,R,0,R,48,R,592
158477,11,R,11,R,0,R,0,R,11
158477,12,R,39,R,0,R,0,R,39
158538,1,R,76,A,,A,,R,76
158538,2,R,76,A,,A,,R,76
158538,3,R,76,A,,A,,R,76
158617,1,R,843,A,,A,,R,843
158617,2,R,843,A,,A,,R,843
158617,3,R,843,A,,A,,R,843
158662,1,R,18084,R,4102,R,8472,R,5510
158662,2,R,18084,R,4102,R,8472,R,5510
158662,3,R,15651,R,3272,R,7114,R,5265
158662,11,R,2433,R,830,R,1358,R,245
158778,1,R,117,A,,A,,R,117
158778,2,R,117,A,,A,,R,117
158778,3,R,117,A,,A,,R,117
158787,1,R,105,A,,A,,R,105
158787,2,R,105,A,,A,,R,105
158787,3,R,105,A,,A,,R,105
158802,1,R,1202,R,54,R,975,R,173
158802,2,R,1191,R,43,R,975,R,173
158802,3,R,1187,R,43,R,975,R,169
158802,11,R,4,R,0,R,0,R,4
158802,12,R,11,R,11,R,0,R,0
158884,1,R,3905,R,1103,R,1237,R,1565
158884,2,R,3905,R,1103,R,1237,R,1565
158884,3,R,1994,R,840,R,860,R,294
158884,11,R,1911,R,263,R,377,R,1271
159009,1,R,5833,R,1719,R,3715,R,399
159009,2,R,4866,R,960,R,3591,R,315
159009,3,R,4609,R,788,R,3540,R,281
159009,11,R,257,R,172,R,51,R,34
159009,12,R,967,R,759,R,124,R,84
159027,1,R,181,A,,A,,R,181
159027,2,R,181,A,,A,,R,181
159027,3,R,181,A,,A,,R,181
159197,1,R,798,A,,A,,R,798
159197,2,R,798,A,,A,,R,798
159197,3,R,798,A,,A,,R,798
159328,1,R,147,A,,A,,R,147
159328,2,R,147,A,,A,,R,147
159328,3,R,147,A,,A,,R,147
159373,1,R,3043,R,46,R,0,R,2997
159373,2,R,1000,R,46,R,0,R,954
159373,3,R,1000,R,46,R,0,R,954
159373,12,R,2043,A,,A,,R,2043
159382,1,R,6878,R,3623,R,2513,R,742
159382,2,R,6878,R,3623,R,2513,R,742
159382,3,R,5620,R,3623,R,1484,R,513
159382,11,R,1258,R,0,R,1029,R,229
159391,1,R,44241,R,6808,R,18467,R,18966
159391,2,R,35589,R,2901,R,17417,R,15271
159391,3,R,31060,R,2870,R,17359,R,10831
159391,11,R,4529,R,31,R,58,R,4440
159391,12,R,8652,R,3907,R,1050,R,3695
159407,1,R,4682,R,2100,R,1643,R,939
159407,2,R,4682,R,2100,R,1643,R,939
159407,3,R,3320,R,1344,R,1505,R,471
159407,11,R,1362,R,756,R,138,R,468
159416,1,R,14871,R,11513,R,1203,R,2155
159416,2,R,3329,R,688,R,938,R,1703
159416,3,R,2718,R,688,R,926,R,1104
159416,11,R,611,R,0,R,12,R,599
159416,12,R,11542,R,10825,R,265,R,452
159513,1,R,292,A,,A,,R,292
159513,2,R,292,A,,A,,R,292
159513,3,R,292,A,,A,,R,292
159522,1,R,235,A,,A,,R,235
159522,2,R,235,A,,A,,R,235
159522,3,R,235,A,,A,,R,235
159531,1,R,43,A,,A,,R,43
159531,2,R,43,A,,A,,R,43
159531,3,R,43,A,,A,,R,43
159568,1,R,1095,R,283,R,430,R,382
159568,2,R,867,R,89,R,402,R,376
159568,3,R,798,R,49,R,400,R,349
159568,11,R,69,R,40,R,2,R,27
159568,12,R,228,R,194,R,28,R,6
159601,1,R,46,A,,A,,R,46
159601,2,R,46,A,,A,,R,46
159601,3,R,46,A,,A,,R,46
159647,1,R,12948,R,655,R,5193,R,7100
159647,2,R,11516,R,343,R,4727,R,6446
159647,3,R,8377,R,185,R,4541,R,3651
159647,11,R,3139,R,158,R,186,R,2795
159647,12,R,1432,R,312,R,466,R,654
159656,1,R,4875,R,823,R,2070,R,1982
159656,2,R,3552,R,318,R,1804,R,1430
159656,3,R,3247,R,304,R,1795,R,1148
159656,11,R,305,R,14,R,9,R,282
159656,12,R,1323,R,505,R,266,R,552
159717,1,R,6776,R,1382,R,4120,R,1274
159717,2,R,6211,R,1061,R,3941,R,1209
159717,3,R,5461,R,929,R,3714,R,818
159717,11,R,750,R,132,R,227,R,391
159717,12,R,565,R,321,R,179,R,65
159939,1,R,8114,R,1184,R,4815,R,2115
159939,2,R,6738,R,785,R,4198,R,1755
159939,3,R,4953,R,345,R,3996,R,612
159939,11,R,1785,R,440,R,202,R,1143
159939,12,R,1376,R,399,R,617,R,360
159948,1,R,3053,R,263,R,1131,R,1659
159948,2,R,1172,R,137,R,333,R,702
159948,3,R,1042,R,134,R,328,R,580
159948,11,R,130,R,3,R,5,R,122
159948,12,R,1881,R,126,R,798,R,957
159966,1,R,7065,R,1769,R,3641,R,1655
159966,2,R,6321,R,1377,R,3389,R,1555
159966,3,R,5203,R,781,R,3197,R,1225
159966,11,R,1118,R,596,R,192,R,330
159966,12,R,744,R,392,R,252,R,100
159993,1,R,9594,R,2015,R,3505,R,4074
159993,2,R,7399,R,797,R,3087,R,3515
159993,3,R,5435,R,772,R,3079,R,1584
159993,11,R,1964,R,25,R,8,R,1931
159993,12,R,2195,R,1218,R,418,R,559
160010,1,R,1440,R,438,R,664,R,338
160010,2,R,1440,R,438,R,664,R,338
160010,3,R,1139,R,438,R,595,R,106
160010,11,R,301,R,0,R,69,R,232
160038,1,R,10544,R,5967,R,4084,R,493
160038,2,R,9367,R,4981,R,3917,R,469
160038,3,R,6778,R,2730,R,3624,R,424
160038,11,R,2589,R,2251,R,293,R,45
160038,12,R,1177,R,986,R,167,R,24
160065,1,R,1592,R,695,R,422,R,475
160065,2,R,1126,R,320,R,349,R,457
160065,3,R,593,R,139,R,276,R,178
160065,11,R,533,R,181,R,73,R,279
160065,12,R,466,R,375,R,73,R,18
160074,1,R,1411,R,149,R,714,R,548
160074,2,R,1004,R,45,R,477,R,482
160074,3,R,971,R,45,R,468,R,458
160074,11,R,33,R,0,R,9,R,24
160074,12,R,407,R,104,R,237,R,66
160126,1,R,67,A,,A,,R,67
160126,2,R,67,A,,A,,R,67
160126,3,R,67,A,,A,,R,67
160199,1,R,55,A,,A,,R,55
160199,2,R,55,A,,A,,R,55
160199,3,R,55,A,,A,,R,55
160320,1,R,4004,A,,A,,R,4004
160320,2,R,4004,A,,A,,R,4004
160320,3,R,4004,A,,A,,R,4004
160409,1,R,103,R,1,R,8,R,94
160409,2,R,103,R,1,R,8,R,94
160409,3,R,94,R,0,R,8,R,86
160409,11,R,9,R,1,Z,0,R,8
160472,1,R,317,A,,A,,R,317
160472,2,R,317,A,,A,,R,317
160472,3,R,317,A,,A,,R,317
160481,1,R,3389,R,1800,R,877,R,712
160481,2,R,3389,R,1800,R,877,R,712
160481,3,R,2653,R,1455,R,800,R,398
160481,11,R,736,R,345,R,77,R,314
160524,1,R,421,Z,0,R,421,R,0
160524,2,R,421,Z,0,R,421,R,0
160524,3,R,421,Z,0,R,421,R,0
160579,1,R,4500,R,458,R,2642,R,1400
160579,2,R,4500,R,458,R,2642,R,1400
160579,3,R,3778,R,408,R,2539,R,831
160579,11,R,722,R,50,R,103,R,569
160597,1,R,112,A,,A,,R,112
160597,2,R,112,A,,A,,R,112
160597,3,R,112,A,,A,,R,112
160612,1,R,17041,R,1460,R,8714,R,6867
160612,2,R,15556,R,758,R,8363,R,6435
160612,3,R,10395,R,665,R,8345,R,1385
160612,11,R,5161,R,93,R,18,R,5050
160612,12,R,1485,R,702,R,351,R,432
160621,1,R,9246,R,1392,R,3457,R,4397
160621,2,R,7305,R,1176,R,3330,R,2799
160621,3,R,6510,R,454,R,3317,R,2739
160621,11,R,795,R,722,R,13,R,60
160621,12,R,1941,R,216,R,127,R,1598
160630,1,R,2810,R,959,R,1266,R,585
160630,2,R,2482,R,826,R,1107,R,549
160630,3,R,1341,R,355,R,906,R,80
160630,11,R,1141,R,471,R,201,R,469
160630,12,R,328,R,133,R,159,R,36
160649,1,R,4114,R,1333,R,2470,R,311
160649,2,R,4114,R,1333,R,2470,R,311
160649,3,R,2758,R,1123,R,1408,R,227
160649,11,R,1356,R,210,R,1062,R,84
160658,1,R,16810,R,2700,R,7181,R,6929
160658,2,R,14184,R,1412,R,6917,R,5855
160658,3,R,13169,R,1383,R,6897,R,4889
160658,11,R,1015,R,29,R,20,R,966
160658,12,R,2626,R,1288,R,264,R,1074
160667,1,R,6723,R,875,R,958,R,4890
160667,2,R,6723,R,875,R,958,R,4890
160667,3,R,2902,R,784,R,906,R,1212
160667,11,R,3821,R,91,R,52,R,3678
160755,1,R,15026,R,1751,R,2994,R,10281
160755,2,R,9131,R,318,R,2489,R,6324
160755,3,R,8251,R,305,R,2483,R,5463
160755,11,R,880,R,13,R,6,R,861
160755,12,R,5895,R,1433,R,505,R,3957
160904,1,R,3580,R,231,R,2377,R,972
160904,2,R,2871,R,174,R,2219,R,478
160904,3,R,2719,R,105,R,2207,R,407
160904,11,R,152,R,69,R,12,R,71
160904,12,R,709,R,57,R,158,R,494
160959,1,R,386,A,,A,,R,386
160959,2,R,381,A,,A,,R,381
160959,3,R,367,A,,A,,R,367
160959,11,R,14,A,,A,,R,14
160959,12,R,5,A,,A,,R,5
160977,1,R,1933,A,,A,,R,1933
160977,2,R,1933,A,,A,,R,1933
160977,3,R,1933,A,,A,,R,1933
160995,1,R,694,R,390,R,300,R,4
160995,2,R,680,R,376,R,300,R,4
160995,3,R,671,R,367,R,300,R,4
160995,11,R,9,R,9,R,0,R,0
160995,12,R,14,R,14,R,0,R,0
161004,1,R,2018,A,,A,,R,2018
161004,2,R,2018,A,,A,,R,2018
161004,3,R,2008,A,,A,,R,2008
161004,11,R,10,A,,A,,R,10
161022,1,R,310,R,51,R,70,R,189
161022,2,R,310,R,51,R,70,R,189
161022,3,R,310,R,51,R,70,R,189
161077,1,R,5095,R,1817,R,1550,R,1728
161077,2,R,5095,R,1817,R,1550,R,1728
161077,3,R,3231,R,1320,R,1492,R,419
161077,11,R,1864,R,497,R,58,R,1309
161086,1,R,2472,A,,A,,R,2472
161086,2,R,2472,A,,A,,R,2472
161086,3,R,2469,A,,A,,R,2469
161086,11,R,3,A,,A,,R,3
161138,1,R,3721,R,1128,R,1401,R,1192
161138,2,R,3721,R,1128,R,1401,R,1192
161138,3,R,2106,R,455,R,1193,R,458
161138,11,R,1615,R,673,R,208,R,734
161192,1,R,3258,R,1257,R,856,R,1145
161192,2,R,3258,R,1257,R,856,R,1145
161192,3,R,1723,R,727,R,726,R,270
161192,11,R,1535,R,530,R,130,R,875
161208,1,R,43,A,,A,,R,43
161208,2,R,43,A,,A,,R,43
161208,3,R,43,A,,A,,R,43
161217,1,R,5761,R,3707,R,1003,R,1051
161217,2,R,5650,R,3598,R,1001,R,1051
161217,3,R,3390,R,2452,R,873,R,65
161217,11,R,2260,R,1146,R,128,R,986
161217,12,R,111,R,109,R,2,R,0
161226,1,R,2480,R,841,R,728,R,911
161226,2,R,1841,R,230,R,704,R,907
161226,3,R,1212,R,92,R,688,R,432
161226,11,R,629,R,138,R,16,R,475
161226,12,R,639,R,611,R,24,R,4
161235,1,R,1829,R,874,R,373,R,582
161235,2,R,1756,R,801,R,373,R,582
161235,3,R,822,R,458,R,319,R,45
161235,11,R,934,R,343,R,54,R,537
161235,12,R,73,R,73,R,0,R,0
161253,1,R,13960,R,4139,R,6755,R,3066
161253,2,R,10867,R,2545,R,6059,R,2263
161253,3,R,8843,R,915,R,5953,R,1975
161253,11,R,2024,R,1630,R,106,R,288
161253,12,R,3093,R,1594,R,696,R,803
161299,1,R,1044,R,40,R,237,R,767
161299,2,R,1001,Z,0,R,234,R,767
161299,3,R,1001,Z,0,R,234,R,767
161299,12,R,43,R,40,R,3,R,0
161341,1,R,3617,R,2517,R,460,R,640
161341,2,R,3546,R,2446,R,460,R,640
161341,3,R,2452,R,1954,R,427,R,71
161341,11,R,1094,R,492,R,33,R,569
161341,12,R,71,R,71,R,0,R,0
161457,1,R,11153,R,7294,R,570,R,3289
161457,2,R,7947,R,5668,R,407,R,1872
161457,3,R,2250,R,0,R,404,R,1846
161457,11,R,5697,R,5668,R,3,R,26
161457,12,R,3206,R,1626,R,163,R,1417
161484,1,R,1284,R,466,R,442,R,376
161484,2,R,1284,R,466,R,442,R,376
161484,3,R,700,R,202,R,414,R,84
161484,11,R,584,R,264,R,28,R,292
161493,1,R,149,A,,A,,R,149
161493,2,R,149,A,,A,,R,149
161493,3,R,149,A,,A,,R,149
161509,1,R,494,R,4,R,29,R,461
161509,2,R,435,R,0,R,0,R,435
161509,3,R,424,R,0,R,0,R,424
161509,11,R,11,R,0,R,0,R,11
161509,12,R,59,R,4,R,29,R,26
161518,1,R,2099,R,1252,R,43,R,804
161518,2,R,1339,R,492,R,43,R,804
161518,3,R,1074,R,324,R,43,R,707
161518,11,R,265,R,168,R,0,R,97
161518,12,R,760,R,760,R,0,R,0
161527,1,R,378,A,,A,,R,378
161527,2,R,378,A,,A,,R,378
161527,3,R,378,A,,A,,R,378
161545,1,R,9790,R,2850,R,3561,R,3379
161545,2,R,9790,R,2850,R,3561,R,3379
161545,3,R,6383,R,1796,R,3343,R,1244
161545,11,R,3407,R,1054,R,218,R,2135
161554,1,R,9676,R,2912,R,4473,R,2291
161554,2,R,6941,R,1371,R,3567,R,2003
161554,3,R,4854,R,730,R,3444,R,680
161554,11,R,2087,R,641,R,123,R,1323
161554,12,R,2735,R,1541,R,906,R,288
161563,1,R,1831,R,138,R,681,R,1012
161563,2,R,1660,R,4,R,658,R,998
161563,3,R,703,R,3,R,658,R,42
161563,11,R,957,R,1,R,0,R,956
161563,12,R,171,R,134,R,23,R,14
161572,1,R,9106,R,8909,R,197,R,0
161572,2,R,8174,R,7977,R,197,R,0
161572,3,R,8096,R,7899,R,197,R,0
161572,11,R,78,R,78,R,0,R,0
161572,12,R,932,R,932,R,0,R,0
161581,1,R,1065,R,354,R,315,R,396
161581,2,R,1065,R,354,R,315,R,396
161581,3,R,453,R,93,R,271,R,89
161581,11,R,612,R,261,R,44,R,307
161688,1,R,3395,R,1239,R,874,R,1282
161688,2,R,3395,R,1239,R,874,R,1282
161688,3,R,2327,R,1059,R,751,R,517
161688,11,R,1068,R,180,R,123,R,765
161767,1,R,16083,R,5566,R,6107,R,4410
161767,2,R,16083,R,5566,R,6107,R,4410
161767,3,R,11781,R,3737,R,5337,R,2707
161767,11,R,4302,R,1829,R,770,R,1703
161800,1,R,203,A,,A,,R,203
161800,2,R,203,A,,A,,R,203
161800,3,R,203,A,,A,,R,203
161855,1,R,41,A,,A,,R,41
161855,2,R,41,A,,A,,R,41
161855,3,R,41,A,,A,,R,41
161864,1,R,5803,R,624,R,2236,R,2943
161864,2,R,5803,R,624,R,2236,R,2943
161864,3,R,4878,R,518,R,1961,R,2399
161864,11,R,925,R,106,R,275,R,544
161873,1,R,3975,R,876,R,1821,R,1278
161873,2,R,1960,R,430,R,971,R,559
161873,3,R,1462,R,402,R,971,R,89
161873,11,R,498,R,28,R,0,R,470
161873,12,R,2015,R,446,R,850,R,719
162007,1,R,7274,R,1079,R,3399,R,2796
162007,2,R,5886,R,574,R,3089,R,2223
162007,3,R,5714,R,510,R,3073,R,2131
162007,11,R,172,R,64,R,16,R,92
162007,12,R,1388,R,505,R,310,R,573
162061,1,R,1297,R,937,R,310,R,50
162061,2,R,333,R,56,R,227,R,50
162061,3,R,320,R,46,R,225,R,49
162061,11,R,13,R,10,R,2,R,1
162061,12,R,964,R,881,R,83,R,0
162104,1,R,2248,R,480,R,1176,R,592
162104,2,R,2248,R,480,R,1176,R,592
162104,3,R,1694,R,391,R,876,R,427
162104,11,R,554,R,89,R,300,R,165
162122,1,R,8145,R,2984,R,3034,R,2127
162122,2,R,8145,R,2984,R,3034,R,2127
162122,3,R,5909,R,1974,R,2720,R,1215
162122,11,R,2236,R,1010,R,314,R,912
162168,1,R,2719,R,1254,R,678,R,787
162168,2,R,2719,R,1254,R,678,R,787
162168,3,R,1599,R,579,R,581,R,439
162168,11,R,1120,R,675,R,97,R,348
162210,1,R,884,R,123,R,138,R,623
162210,2,R,774,R,84,R,93,R,597
162210,3,R,564,R,28,R,91,R,445
162210,11,R,210,R,56,R,2,R,152
162210,12,R,110,R,39,R,45,R,26
162283,1,R,2354,R,351,R,1075,R,928
162283,2,R,2013,R,273,R,1004,R,736
162283,3,R,1923,R,269,R,1002,R,652
162283,11,R,90,R,4,R,2,R,84
162283,12,R,341,R,78,R,71,R,192
162335,1,R,61,A,,A,,R,61
162335,2,R,61,A,,A,,R,61
162335,3,R,61,A,,A,,R,61
162371,1,R,975,A,,A,,R,975
162371,2,R,975,A,,A,,R,975
162371,3,R,975,A,,A,,R,975
162557,1,R,9416,R,2088,R,2060,R,5268
162557,2,R,9416,R,2088,R,2060,R,5268
162557,3,R,5070,R,1325,R,1726,R,2019
162557,11,R,4346,R,763,R,334,R,3249
162584,1,R,4515,R,1247,R,2199,R,1069
162584,2,R,3633,R,568,R,2085,R,980
162584,3,R,3103,R,543,R,1614,R,946
162584,11,R,530,R,25,R,471,R,34
162584,12,R,882,R,679,R,114,R,89
162609,1,R,906,R,102,R,389,R,415
162609,2,R,906,R,102,R,389,R,415
162609,3,R,468,R,33,R,319,R,116
162609,11,R,438,R,69,R,70,R,299
162654,1,R,1666,R,502,R,56,R,1108
162654,2,R,1002,R,1,R,13,R,988
162654,3,R,978,R,1,R,13,R,964
162654,11,R,24,R,0,R,0,R,24
162654,12,R,664,R,501,R,43,R,120
162690,1,R,7091,R,1120,R,2553,R,3418
162690,2,R,7091,R,1120,R,2553,R,3418
162690,3,R,3664,R,927,R,2073,R,664
162690,11,R,3427,R,193,R,480,R,2754
162706,1,R,6811,R,2560,R,2052,R,2199
162706,2,R,6811,R,2560,R,2052,R,2199
162706,3,R,4725,R,1278,R,1762,R,1685
162706,11,R,2086,R,1282,R,290,R,514
162760,1,R,2377,R,481,R,763,R,1133
162760,2,R,1302,R,36,R,344,R,922
162760,3,R,1256,R,2,R,344,R,910
162760,11,R,46,R,34,R,0,R,12
162760,12,R,1075,R,445,R,419,R,211
162779,1,R,14060,R,3493,R,3686,R,6881
162779,2,R,14060,R,3493,R,3686,R,6881
162779,3,R,10165,R,2744,R,3242,R,4179
162779,11,R,3895,R,749,R,444,R,2702
162830,1,R,164,A,,A,,R,164
162830,2,R,164,A,,A,,R,164
162830,3,R,164,A,,A,,R,164
162928,1,R,39148,R,18738,R,5178,R,15232
162928,2,R,9175,R,2363,R,518,R,6294
162928,3,R,5739,R,24,R,503,R,5212
162928,11,R,3436,R,2339,R,15,R,1082
162928,12,R,29973,R,16375,R,4660,R,8938
163028,1,R,1742,A,,A,,R,1742
163028,2,R,1742,A,,A,,R,1742
163028,3,R,1742,A,,A,,R,1742
163046,1,R,5540,R,691,R,1496,R,3353
163046,2,R,4062,R,30,R,973,R,3059
163046,3,R,4040,R,27,R,969,R,3044
163046,11,R,22,R,3,R,4,R,15
163046,12,R,1478,R,661,R,523,R,294
163204,1,R,94890,R,82730,R,7892,R,4268
163204,2,R,80232,R,68957,R,7580,R,3695
163204,3,R,74739,R,65138,R,7160,R,2441
163204,11,R,5493,R,3819,R,420,R,1254
163204,12,R,14658,R,13773,R,312,R,573
163259,1,R,7440,R,1471,R,2560,R,3409
163259,2,R,1214,R,243,R,497,R,474
163259,3,R,1183,R,234,R,490,R,459
163259,11,R,31,R,9,R,7,R,15
163259,12,R,6226,R,1228,R,2063,R,2935
163268,1,R,15771,R,930,R,12176,R,2665
163268,2,R,11570,R,389,R,9497,R,1684
163268,3,R,11271,R,281,R,9423,R,1567
163268,11,R,299,R,108,R,74,R,117
163268,12,R,4201,R,541,R,2679,R,981
163286,1,R,44110,R,2438,R,10172,R,31500
163286,2,R,32717,R,563,R,9214,R,22940
163286,3,R,31941,R,500,R,9081,R,22360
163286,11,R,776,R,63,R,133,R,580
163286,12,R,11393,R,1875,R,958,R,8560
163295,1,R,2225,R,376,R,255,R,1594
163295,2,R,1571,R,5,R,135,R,1431
163295,3,R,1418,R,5,R,135,R,1278
163295,11,R,153,R,0,R,0,R,153
163295,12,R,654,R,371,R,120,R,163
163338,1,R,3204,R,383,R,1522,R,1299
163338,2,R,2483,R,281,R,1451,R,751
163338,3,R,2305,R,236,R,1444,R,625
163338,11,R,178,R,45,R,7,R,126
163338,12,R,721,R,102,R,71,R,548
163347,1,R,736,A,,A,,R,736
163347,2,R,736,A,,A,,R,736
163347,3,R,736,A,,A,,R,736
163408,1,R,145,A,,A,,R,145
163408,2,R,145,A,,A,,R,145
163408,3,R,145,A,,A,,R,145
163426,1,R,25359,R,4441,R,11463,R,9455
163426,2,R,25359,R,4441,R,11463,R,9455
163426,3,R,19149,R,3302,R,8511,R,7336
163426,11,R,6210,R,1139,R,2952,R,2119
163453,1,R,10551,R,854,R,4937,R,4760
163453,2,R,8855,R,459,R,4492,R,3904
163453,3,R,8816,R,443,R,4488,R,3885
163453,11,R,39,R,16,R,4,R,19
163453,12,R,1696,R,395,R,445,R,856
163462,1,R,2773,R,487,R,1525,R,761
163462,2,R,2016,R,158,R,1312,R,546
163462,3,R,1911,R,124,R,1305,R,482
163462,11,R,105,R,34,R,7,R,64
163462,12,R,757,R,329,R,213,R,215
163532,1,R,520,A,,A,,R,520
163532,2,R,336,A,,A,,R,336
163532,3,R,336,A,,A,,R,336
163532,12,R,184,A,,A,,R,184
163541,1,R,445,A,,A,,R,445
163541,2,R,445,A,,A,,R,445
163541,3,R,445,A,,A,,R,445
163578,1,R,2732,R,1258,R,672,R,802
163578,2,R,1208,R,157,R,423,R,628
163578,3,R,833,R,153,R,423,R,257
163578,11,R,375,R,4,R,0,R,371
163578,12,R,1524,R,1101,R,249,R,174
163657,1,R,15636,R,7885,R,4404,R,3347
163657,2,R,15636,R,7885,R,4404,R,3347
163657,3,R,10977,R,5090,R,3730,R,2157
163657,11,R,4659,R,2795,R,674,R,1190
163815,1,R,48,A,,A,,R,48
163815,2,R,48,A,,A,,R,48
163815,3,R,48,A,,A,,R,48
163851,1,R,7497,R,649,R,1820,R,5028
163851,2,R,6651,R,164,R,1685,R,4802
163851,3,R,6306,R,131,R,1668,R,4507
163851,11,R,345,R,33,R,17,R,295
163851,12,R,846,R,485,R,135,R,226
163912,1,R,1678,R,10,R,403,R,1265
163912,2,R,1668,R,10,R,403,R,1255
163912,3,R,1639,R,6,R,402,R,1231
163912,11,R,29,R,4,R,1,R,24
163912,12,R,10,R,0,R,0,R,10
163976,1,R,689,R,0,R,106,R,583
163976,2,R,499,A,,A,,R,499
163976,3,R,499,A,,A,,R,499
163976,12,R,190,R,0,R,106,R,84
164076,1,R,21858,R,2244,R,6574,R,13040
164076,2,R,18205,R,689,R,6220,R,11296
164076,3,R,17835,R,616,R,6194,R,11025
164076,11,R,370,R,73,R,26,R,271
164076,12,R,3653,R,1555,R,354,R,1744
164085,1,R,1075,R,769,R,143,R,163
164085,12,R,1075,R,769,R,143,R,163
164155,1,R,4671,A,,A,,R,4671
164155,2,R,4671,A,,A,,R,4671
164155,3,R,4671,A,,A,,R,4671
164173,1,R,4050,R,1178,R,1458,R,1414
164173,2,R,3324,R,501,R,1456,R,1367
164173,3,R,3317,R,500,R,1456,R,1361
164173,11,R,7,R,1,R,0,R,6
164173,12,R,726,R,677,R,2,R,47
164216,1,R,958,Z,0,R,26,R,932
164216,2,R,958,Z,0,R,26,R,932
164216,3,R,908,Z,0,R,26,R,882
164216,11,R,50,Z,0,Z,0,R,50
164270,1,R,3548,R,1066,R,1243,R,1239
164270,2,R,1731,R,5,R,760,R,966
164270,3,R,1704,R,5,R,760,R,939
164270,11,R,27,R,0,R,0,R,27
164270,12,R,1817,R,1061,R,483,R,273
164313,1,R,3630,R,758,R,1457,R,1415
164313,2,R,3630,R,758,R,1457,R,1415
164313,3,R,2729,R,469,R,1289,R,971
164313,11,R,901,R,289,R,168,R,444
164368,1,R,3103,R,581,R,1684,R,838
164368,2,R,838,A,,A,,R,838
164368,3,R,838,A,,A,,R,838
164368,12,R,2265,R,581,R,1684,R,0
164447,1,R,2610,R,665,R,791,R,1154
164447,2,R,1511,R,10,R,616,R,885
164447,3,R,1169,R,10,R,616,R,543
164447,11,R,342,R,0,R,0,R,342
164447,12,R,1099,R,655,R,175,R,269
164465,1,R,2049,A,,A,,R,2049
164465,2,R,2049,A,,A,,R,2049
164465,3,R,2011,A,,A,,R,2011
164465,11,R,38,A,,A,,R,38
164492,1,R,1573,R,391,R,1086,R,96
164492,2,R,1112,R,196,R,850,R,66
164492,3,R,1041,R,196,R,845,R,0
164492,11,R,71,R,0,R,5,R,66
164492,12,R,461,R,195,R,236,R,30
164535,1,R,48,A,,A,,R,48
164535,2,R,48,A,,A,,R,48
164535,3,R,48,A,,A,,R,48
164562,1,R,2211,R,310,R,343,R,1558
164562,2,R,1766,R,13,R,280,R,1473
164562,3,R,1718,R,6,R,280,R,1432
164562,11,R,48,R,7,R,0,R,41
164562,12,R,445,R,297,R,63,R,85
164580,1,R,4645,R,496,R,1209,R,2940
164580,2,R,3272,R,189,R,710,R,2373
164580,3,R,2959,R,11,R,708,R,2240
164580,11,R,313,R,178,R,2,R,133
164580,12,R,1373,R,307,R,499,R,567
164599,1,R,66,A,,A,,R,66
164599,2,R,66,A,,A,,R,66
164599,3,R,66,A,,A,,R,66
164614,1,R,38,R,0,R,0,R,38
164614,2,R,38,R,0,R,0,R,38
164614,3,R,37,R,0,R,0,R,37
164614,11,R,1,R,0,R,0,R,1
164632,1,R,3629,R,1276,R,2310,R,43
164632,2,R,1593,R,406,R,1144,R,43
164632,3,R,1362,R,404,R,925,R,33
164632,11,R,231,R,2,R,219,R,10
164632,12,R,2036,R,870,R,1166,R,0
164739,1,R,5534,R,108,R,1062,R,4364
164739,2,R,4521,R,0,R,157,R,4364
164739,3,R,4419,R,0,R,157,R,4262
164739,11,R,102,R,0,R,0,R,102
164739,12,R,1013,R,108,R,905,R,0
164748,1,R,9705,R,2701,R,3348,R,3656
164748,2,R,8697,R,2235,R,3276,R,3186
164748,3,R,8555,R,2233,R,3261,R,3061
164748,11,R,142,R,2,R,15,R,125
164748,12,R,1008,R,466,R,72,R,470
164775,1,R,2174,R,537,R,806,R,831
164775,2,R,2174,R,537,R,806,R,831
164775,3,R,1504,R,332,R,735,R,437
164775,11,R,670,R,205,R,71,R,394
164872,1,R,1006,R,507,R,293,R,206
164872,2,R,443,R,186,R,149,R,108
164872,3,R,337,R,97,R,148,R,92
164872,11,R,106,R,89,R,1,R,16
164872,12,R,563,R,321,R,144,R,98
164915,1,R,187,R,3,R,44,R,140
164915,12,R,187,R,3,R,44,R,140
164924,1,R,16561,R,1046,R,2645,R,12870
164924,2,R,10548,R,246,R,1253,R,9049
164924,3,R,10107,R,153,R,1217,R,8737
164924,11,R,441,R,93,R,36,R,312
164924,12,R,6013,R,800,R,1392,R,3821
164988,1,R,45380,R,6665,R,4430,R,34285
164988,2,R,22856,R,353,R,1725,R,20778
164988,3,R,19346,R,106,R,1701,R,17539
164988,11,R,3510,R,247,R,24,R,3239
164988,12,R,22524,R,6312,R,2705,R,13507
165015,1,R,5803,R,488,R,2044,R,3271
165015,2,R,3942,R,82,R,1795,R,2065
165015,3,R,3863,R,46,R,1788,R,2029
165015,11,R,79,R,36,R,7,R,36
165015,12,R,1861,R,406,R,249,R,1206
165024,1,R,11506,R,2066,R,4708,R,4732
165024,2,R,9351,R,1174,R,4386,R,3791
165024,3,R,8536,R,872,R,4315,R,3349
165024,11,R,815,R,302,R,71,R,442
165024,12,R,2155,R,892,R,322,R,941
165033,1,R,8960,R,4670,R,2845,R,1445
165033,2,R,8960,R,4670,R,2845,R,1445
165033,3,R,6852,R,3188,R,2598,R,1066
165033,11,R,2108,R,1482,R,247,R,379
165060,1,R,177,A,,A,,R,177
165060,2,R,177,A,,A,,R,177
165060,3,R,177,A,,A,,R,177
165112,1,R,11868,R,4065,R,3844,R,3959
165112,2,R,11868,R,4065,R,3844,R,3959
165112,3,R,9549,R,3007,R,3643,R,2899
165112,11,R,2319,R,1058,R,201,R,1060
165167,1,R,3014,R,2050,R,498,R,466
165167,2,R,1189,R,1010,R,133,R,46
165167,3,R,761,R,630,R,131,R,0
165167,11,R,428,R,380,R,2,R,46
165167,12,R,1825,R,1040,R,365,R,420
165194,1,R,4173,R,1328,R,1573,R,1272
165194,2,R,4173,R,1328,R,1573,R,1272
165194,3,R,3012,R,643,R,1429,R,940
165194,11,R,1161,R,685,R,144,R,332
165255,1,R,340,A,,A,,R,340
165255,2,R,340,A,,A,,R,340
165255,3,R,340,A,,A,,R,340
165264,1,R,972,R,279,R,83,R,610
165264,2,R,972,R,279,R,83,R,610
165264,3,R,948,R,279,R,59,R,610
165264,11,R,24,R,0,R,24,R,0
165334,1,R,4611,R,138,R,1269,R,3204
165334,2,R,2466,R,16,R,72,R,2378
165334,3,R,2383,R,16,R,71,R,2296
165334,11,R,83,R,0,R,1,R,82
165334,12,R,2145,R,122,R,1197,R,826
165495,1,R,18,A,,A,,R,18
165495,12,R,18,A,,A,,R,18
165529,1,R,2320,R,311,R,504,R,1505
165529,2,R,2023,R,243,R,421,R,1359
165529,3,R,1964,R,220,R,413,R,1331
165529,11,R,59,R,23,R,8,R,28
165529,12,R,297,R,68,R,83,R,146
165574,1,R,1297,R,41,R,197,R,1059
165574,2,R,1297,R,41,R,197,R,1059
165574,3,R,1213,R,35,R,197,R,981
165574,11,R,84,R,6,R,0,R,78
165608,1,R,56,A,,A,,R,56
165608,2,R,56,A,,A,,R,56
165608,3,R,56,A,,A,,R,56
165635,1,R,321,A,,A,,R,321
165635,2,R,321,A,,A,,R,321
165635,3,R,321,A,,A,,R,321
165644,1,R,516,R,29,R,240,R,247
165644,2,R,407,R,20,R,213,R,174
165644,3,R,407,R,20,R,213,R,174
165644,12,R,109,R,9,R,27,R,73
165662,1,R,5988,R,631,R,1860,R,3497
165662,2,R,4301,Z,0,R,1186,R,3115
165662,3,R,4249,Z,0,R,1177,R,3072
165662,11,R,52,Z,0,R,9,R,43
165662,12,R,1687,R,631,R,674,R,382
165671,1,R,2231,R,170,R,260,R,1801
165671,2,R,2113,R,53,R,259,R,1801
165671,3,R,1918,R,46,R,254,R,1618
165671,11,R,195,R,7,R,5,R,183
165671,12,R,118,R,117,R,1,R,0
165699,1,R,5091,R,1510,R,1950,R,1631
165699,2,R,3545,R,237,R,1712,R,1596
165699,3,R,3340,R,148,R,1698,R,1494
165699,11,R,205,R,89,R,14,R,102
165699,12,R,1546,R,1273,R,238,R,35
165750,1,R,160,A,,A,,R,160
165750,2,R,160,A,,A,,R,160
165750,3,R,160,A,,A,,R,160
165802,1,R,2875,R,2012,R,357,R,506
165802,2,R,2700,R,1922,R,347,R,431
165802,3,R,1466,R,745,R,340,R,381
165802,11,R,1234,R,1177,R,7,R,50
165802,12,R,175,R,90,R,10,R,75
165820,1,R,9604,R,4546,R,2620,R,2438
165820,2,R,3825,R,682,R,1872,R,1271
165820,3,R,3146,R,503,R,1760,R,883
165820,11,R,679,R,179,R,112,R,388
165820,12,R,5779,R,3864,R,748,R,1167
165866,1,R,5888,R,2437,R,1955,R,1496
165866,2,R,3388,R,713,R,1628,R,1047
165866,3,R,2778,R,168,R,1613,R,997
165866,11,R,610,R,545,R,15,R,50
165866,12,R,2500,R,1724,R,327,R,449
165884,1,R,1040,R,238,R,302,R,500
165884,2,R,1040,R,238,R,302,R,500
165884,3,R,585,R,47,R,242,R,296
165884,11,R,455,R,191,R,60,R,204
165936,1,R,2063,R,352,R,707,R,1004
165936,2,R,1456,R,66,R,628,R,762
165936,3,R,1323,R,20,R,619,R,684
165936,11,R,133,R,46,R,9,R,78
165936,12,R,607,R,286,R,79,R,242
165945,1,R,1647,R,335,R,1101,R,211
165945,12,R,1647,R,335,R,1101,R,211
165981,1,R,2061,R,759,R,701,R,601
165981,2,R,2061,R,759,R,701,R,601
165981,3,R,1526,R,493,R,622,R,411
165981,11,R,535,R,266,R,79,R,190
166018,1,R,771,A,,A,,R,771
166018,2,R,771,A,,A,,R,771
166018,3,R,767,A,,A,,R,767
166018,11,R,4,A,,A,,R,4
166027,1,R,37558,R,12100,R,1771,R,23687
166027,2,R,12135,R,2526,R,534,R,9075
166027,3,R,8016,R,490,R,169,R,7357
166027,11,R,4119,R,2036,R,365,R,1718
166027,12,R,25423,R,9574,R,1237,R,14612
166045,1,R,193,R,12,R,0,R,181
166045,2,R,108,R,0,R,0,R,108
166045,11,R,108,R,0,R,0,R,108
166045,12,R,85,R,12,R,0,R,73
166054,1,R,240,R,93,R,94,R,53
166054,2,R,75,R,3,R,42,R,30
166054,3,R,60,R,1,R,37,R,22
166054,11,R,15,R,2,R,5,R,8
166054,12,R,165,R,90,R,52,R,23
166124,1,R,3310,A,,A,,R,3310
166124,2,R,3310,A,,A,,R,3310
166124,3,R,3290,A,,A,,R,3290
166124,11,R,20,A,,A,,R,20
166133,1,R,5109,R,1789,R,2011,R,1309
166133,2,R,5109,R,1789,R,2011,R,1309
166133,3,R,3996,R,1239,R,1862,R,895
166133,11,R,1113,R,550,R,149,R,414
166391,1,R,1894,R,512,R,1114,R,268
166391,2,R,1308,R,112,R,928,R,268
166391,3,R,1248,R,75,R,927,R,246
166391,11,R,60,R,37,R,1,R,22
166391,12,R,586,R,400,R,186,R,0
166407,1,R,254,A,,A,,R,254
166407,2,R,254,A,,A,,R,254
166407,3,R,254,A,,A,,R,254
166452,1,R,4431,R,1191,R,1562,R,1678
166452,2,R,1679,R,264,R,943,R,472
166452,3,R,1478,R,231,R,942,R,305
166452,11,R,201,R,33,R,1,R,167
166452,12,R,2752,R,927,R,619,R,1206
166489,1,R,334,R,50,R,0,R,284
166489,2,R,35,A,,A,,R,35
166489,3,R,35,A,,A,,R,35
166489,12,R,299,R,50,R,0,R,249
166498,1,R,94,A,,A,,R,94
166498,2,R,94,A,,A,,R,94
166498,3,R,94,A,,A,,R,94
166513,1,R,20418,R,7460,R,2058,R,10900
166513,2,R,14497,R,4008,R,1571,R,8918
166513,3,R,12970,R,2866,R,1532,R,8572
166513,11,R,1527,R,1142,R,39,R,346
166513,12,R,5921,R,3452,R,487,R,1982
166629,1,R,36745,R,6644,R,10161,R,19940
166629,2,R,27478,R,3038,R,8465,R,15975
166629,3,R,25255,R,1535,R,8445,R,15275
166629,11,R,2223,R,1503,R,20,R,700
166629,12,R,9267,R,3606,R,1696,R,3965
166638,1,R,17933,R,2022,R,6584,R,9327
166638,2,R,13718,R,757,R,5344,R,7617
166638,3,R,12772,R,632,R,5311,R,6829
166638,11,R,946,R,125,R,33,R,788
166638,12,R,4215,R,1265,R,1240,R,1710
166647,1,R,6971,R,3040,R,2170,R,1761
166647,2,R,6971,R,3040,R,2170,R,1761
166647,3,R,4359,R,1250,R,1948,R,1161
166647,11,R,2612,R,1790,R,222,R,600
166656,1,R,6764,R,1144,R,3605,R,2015
166656,2,R,3673,R,58,R,2687,R,928
166656,3,R,3634,R,55,R,2665,R,914
166656,11,R,39,R,3,R,22,R,14
166656,12,R,3091,R,1086,R,918,R,1087
166674,1,R,2213,R,98,R,1517,R,598
166674,2,R,2084,R,98,R,1460,R,526
166674,3,R,1916,R,74,R,1455,R,387
166674,11,R,168,R,24,R,5,R,139
166674,12,R,129,R,0,R,57,R,72
166683,1,R,12915,R,0,R,237,R,12678
166683,2,R,4788,A,,A,,R,4788
166683,3,R,4653,A,,A,,R,4653
166683,11,R,135,A,,A,,R,135
166683,12,R,8127,R,0,R,237,R,7890
166692,1,R,1397,R,97,R,195,R,1105
166692,2,R,1301,R,1,R,195,R,1105
166692,3,R,1292,Z,0,R,195,R,1097
166692,11,R,9,R,1,Z,0,R,8
166692,12,R,96,R,96,Z,0,R,0
166708,1,R,1448,R,53,R,70,R,1325
166708,12,R,1448,R,53,R,70,R,1325
166717,1,R,1143,R,104,R,163,R,876
166717,2,R,93,R,0,R,5,R,88
166717,3,R,44,R,0,R,5,R,39
166717,11,R,49,R,0,R,0,R,49
166717,12,R,1050,R,104,R,158,R,788
166805,1,R,106,A,,A,,R,106
166805,2,R,106,A,,A,,R,106
166805,3,R,106,A,,A,,R,106
166823,1,R,7905,R,3284,R,2807,R,1814
166823,2,R,7905,R,3284,R,2807,R,1814
166823,3,R,4947,R,1785,R,2298,R,864
166823,11,R,2958,R,1499,R,509,R,950
166850,1,R,6849,R,1875,R,2181,R,2793
166850,2,R,4621,R,347,R,1637,R,2637
166850,3,R,4245,R,191,R,1587,R,2467
166850,11,R,376,R,156,R,50,R,170
166850,12,R,2228,R,1528,R,544,R,156
166869,1,R,2226,R,796,R,1430,R,0
166869,2,R,774,R,520,R,254,R,0
166869,3,R,254,R,0,R,254,R,0
166869,11,R,520,R,520,R,0,R,0
166869,12,R,1452,R,276,R,1176,R,0
166887,1,R,11771,R,3870,R,2942,R,4959
166887,2,R,11771,R,3870,R,2942,R,4959
166887,3,R,6177,R,2392,R,2650,R,1135
166887,11,R,5594,R,1478,R,292,R,3824
166911,1,R,305,R,2,R,180,R,123
166911,2,R,305,R,2,R,180,R,123
166911,3,R,264,R,0,R,180,R,84
166911,11,R,41,R,2,R,0,R,39
166939,1,R,2688,R,243,R,65,R,2380
166939,2,R,2351,A,,A,,R,2351
166939,3,R,2339,A,,A,,R,2339
166939,11,R,12,A,,A,,R,12
166939,12,R,337,R,243,R,65,R,29
166957,1,R,4709,R,1425,R,1827,R,1457
166957,2,R,4709,R,1425,R,1827,R,1457
166957,3,R,3841,R,1239,R,1676,R,926
166957,11,R,868,R,186,R,151,R,531
167039,1,R,30,A,,A,,R,30
167039,2,R,30,A,,A,,R,30
167039,3,R,30,A,,A,,R,30
167057,1,R,826,R,0,R,115,R,711
167057,2,R,402,R,0,R,23,R,379
167057,3,R,377,R,0,R,23,R,354
167057,11,R,25,R,0,R,0,R,25
167057,12,R,424,R,0,R,92,R,332
167093,1,R,539,R,0,R,392,R,147
167093,12,R,539,R,0,R,392,R,147
167215,1,R,1123,R,0,R,493,R,630
167215,12,R,1123,R,0,R,493,R,630
167260,1,R,1526,R,432,R,300,R,794
167260,2,R,1223,R,130,R,300,R,793
167260,3,R,1198,R,130,R,300,R,768
167260,11,R,25,R,0,R,0,R,25
167260,12,R,303,R,302,R,0,R,1
167288,1,R,1292,R,57,R,494,R,741
167288,2,R,1095,R,38,R,408,R,649
167288,3,R,797,R,19,R,404,R,374
167288,11,R,298,R,19,R,4,R,275
167288,12,R,197,R,19,R,86,R,92
167297,1,R,162,A,,A,,R,162
167297,2,R,162,A,,A,,R,162
167297,3,R,162,A,,A,,R,162
167312,1,R,7570,R,1890,R,1586,R,4094
167312,2,R,7570,R,1890,R,1586,R,4094
167312,3,R,5057,R,1054,R,1509,R,2494
167312,11,R,2513,R,836,R,77,R,1600
167358,1,R,41654,R,1742,R,17570,R,22342
167358,2,R,23278,R,222,R,11475,R,11581
167358,3,R,23030,R,200,R,11458,R,11372
167358,11,R,248,R,22,R,17,R,209
167358,12,R,18376,R,1520,R,6095,R,10761
167376,1,R,6504,R,1771,R,2669,R,2064
167376,2,R,6504,R,1771,R,2669,R,2064
167376,3,R,4551,R,1202,R,2294,R,1055
167376,11,R,1953,R,569,R,375,R,1009
167394,1,R,1657,R,415,R,710,R,532
167394,2,R,1229,R,236,R,597,R,396
167394,3,R,1048,R,209,R,592,R,247
167394,11,R,181,R,27,R,5,R,149
167394,12,R,428,R,179,R,113,R,136
167525,1,R,4684,R,1542,R,2036,R,1106
167525,2,R,4684,R,1542,R,2036,R,1106
167525,3,R,2082,R,556,R,1351,R,175
167525,11,R,2602,R,986,R,685,R,931
167534,1,R,9511,R,2164,R,3018,R,4329
167534,2,R,9511,R,2164,R,3018,R,4329
167534,3,R,7083,R,1442,R,2862,R,2779
167534,11,R,2428,R,722,R,156,R,1550
167598,1,R,3675,R,2322,R,1040,R,313
167598,2,R,1399,R,344,R,835,R,220
167598,3,R,1239,R,301,R,818,R,120
167598,11,R,160,R,43,R,17,R,100
167598,12,R,2276,R,1978,R,205,R,93
167631,1,R,3344,R,0,R,2232,R,1112
167631,2,R,3344,R,0,R,2232,R,1112
167631,3,R,3163,R,0,R,2176,R,987
167631,11,R,181,R,0,R,56,R,125
167677,1,R,115,A,,A,,R,115
167677,2,R,24,A,,A,,R,24
167677,3,R,16,A,,A,,R,16
167677,11,R,8,A,,A,,R,8
167677,12,R,91,A,,A,,R,91
167729,1,R,7428,R,1174,R,4059,R,2195
167729,2,R,5679,R,547,R,3316,R,1816
167729,3,R,4730,R,342,R,3242,R,1146
167729,11,R,949,R,205,R,74,R,670
167729,12,R,1749,R,627,R,743,R,379
167783,1,R,5787,R,2839,R,1381,R,1567
167783,2,R,1836,R,223,R,566,R,1047
167783,3,R,1823,R,221,R,564,R,1038
167783,11,R,13,R,2,R,2,R,9
167783,12,R,3951,R,2616,R,815,R,520
167792,1,R,353,R,14,R,40,R,299
167792,2,R,353,R,14,R,40,R,299
167792,3,R,252,Z,0,R,40,R,212
167792,11,R,101,R,14,Z,0,R,87
167835,1,R,3194,R,0,R,232,R,2962
167835,2,R,2621,A,,A,,R,2621
167835,3,R,2606,A,,A,,R,2606
167835,11,R,15,A,,A,,R,15
167835,12,R,573,R,0,R,232,R,341
167871,1,R,267,A,,A,,R,267
167871,2,R,267,A,,A,,R,267
167871,3,R,262,A,,A,,R,262
167871,11,R,5,A,,A,,R,5
167899,1,R,2849,R,242,R,331,R,2276
167899,2,R,1945,R,52,R,176,R,1717
167899,3,R,1936,R,50,R,174,R,1712
167899,11,R,9,R,2,R,2,R,5
167899,12,R,904,R,190,R,155,R,559
167905,1,R,6342,R,2502,R,2786,R,1054
167905,2,R,6342,R,2502,R,2786,R,1054
167905,3,R,4909,R,1741,R,2603,R,565
167905,11,R,1433,R,761,R,183,R,489
167987,1,R,9128,R,2442,R,2168,R,4518
167987,2,R,6575,R,1658,R,1276,R,3641
167987,3,R,5738,R,884,R,1263,R,3591
167987,11,R,837,R,774,R,13,R,50
167987,12,R,2553,R,784,R,892,R,877
167996,1,R,2773,Z,0,R,260,R,2513
167996,2,R,2665,Z,0,R,223,R,2442
167996,3,R,2536,Z,0,R,223,R,2313
167996,11,R,129,Z,0,R,0,R,129
167996,12,R,108,Z,0,R,37,R,71
168005,1,R,7246,R,247,R,3684,R,3315
168005,2,R,4814,R,49,R,1881,R,2884
168005,3,R,4706,R,44,R,1880,R,2782
168005,11,R,108,R,5,R,1,R,102
168005,12,R,2432,R,198,R,1803,R,431
168032,1,R,34,A,,A,,R,34
168032,2,R,34,A,,A,,R,34
168032,3,R,34,A,,A,,R,34
168148,1,R,14945,R,986,R,4443,R,9516
168148,2,R,7715,R,261,R,1536,R,5918
168148,3,R,6954,R,33,R,1481,R,5440
168148,11,R,761,R,228,R,55,R,478
168148,12,R,7230,R,725,R,2907,R,3598
168218,1,R,2503,R,2,R,181,R,2320
168218,2,R,2503,R,2,R,181,R,2320
168218,3,R,2343,R,2,R,181,R,2160
168218,11,R,160,R,0,R,0,R,160
168227,1,R,4674,R,168,R,1218,R,3288
168227,2,R,4420,R,113,R,1120,R,3187
168227,3,R,4155,R,67,R,1115,R,2973
168227,11,R,265,R,46,R,5,R,214
168227,12,R,254,R,55,R,98,R,101
168254,1,R,3874,R,258,R,2203,R,1413
168254,2,R,2708,R,36,R,1835,R,837
168254,3,R,2616,R,30,R,1833,R,753
168254,11,R,92,R,6,R,2,R,84
168254,12,R,1166,R,222,R,368,R,576
168263,1,R,5529,R,893,R,1923,R,2713
168263,2,R,4372,R,736,R,1626,R,2010
168263,3,R,3783,R,533,R,1619,R,1631
168263,11,R,589,R,203,R,7,R,379
168263,12,R,1157,R,157,R,297,R,703
168281,1,R,1780,R,0,R,215,R,1565
168281,2,R,1780,R,0,R,215,R,1565
168281,3,R,1774,R,0,R,215,R,1559
168281,11,R,6,R,0,R,0,R,6
168342,1,R,2326,A,,A,,R,2326
168342,2,R,2270,A,,A,,R,2270
168342,3,R,2186,A,,A,,R,2186
168342,11,R,84,A,,A,,R,84
168342,12,R,56,A,,A,,R,56
168421,1,R,8009,R,1082,R,2517,R,4410
168421,2,R,5756,R,220,R,1834,R,3702
168421,3,R,5388,R,4,R,1818,R,3566
168421,11,R,368,R,216,R,16,R,136
168421,12,R,2253,R,862,R,683,R,708
168430,1,R,7785,R,739,R,3344,R,3702
168430,2,R,5813,R,469,R,2674,R,2670
168430,3,R,4697,R,365,R,2591,R,1741
168430,11,R,1116,R,104,R,83,R,929
168430,12,R,1972,R,270,R,670,R,1032
168528,1,R,1875,R,105,R,1057,R,713
168528,2,R,1786,R,49,R,1033,R,704
168528,3,R,1678,R,16,R,1027,R,635
168528,11,R,108,R,33,R,6,R,69
168528,12,R,89,R,56,R,24,R,9
168546,1,R,1479,R,0,R,567,R,912
168546,2,R,1479,R,0,R,567,R,912
168546,3,R,1432,R,0,R,566,R,866
168546,11,R,47,R,0,R,1,R,46
168555,1,R,48,A,,A,,R,48
168555,2,R,48,A,,A,,R,48
168555,3,R,48,A,,A,,R,48
168573,1,R,1154,A,,A,,R,1154
168573,2,R,1154,A,,A,,R,1154
168573,3,R,1154,A,,A,,R,1154
168591,1,R,1301,R,0,R,44,R,1257
168591,2,R,1257,A,,A,,R,1257
168591,3,R,1228,A,,A,,R,1228
168591,11,R,29,A,,A,,R,29
168591,12,R,44,R,0,R,44,R,0
168607,1,R,2798,R,319,R,796,R,1683
168607,2,R,2798,R,319,R,796,R,1683
168607,3,R,903,R,134,R,456,R,313
168607,11,R,1895,R,185,R,340,R,1370
168740,1,R,4003,R,865,R,1122,R,2016
168740,2,R,1787,R,321,R,563,R,903
168740,3,R,1393,R,136,R,546,R,711
168740,11,R,394,R,185,R,17,R,192
168740,12,R,2216,R,544,R,559,R,1113
168786,1,R,1280,R,51,R,674,R,555
168786,2,R,1168,R,22,R,634,R,512
168786,3,R,1139,R,20,R,632,R,487
168786,11,R,29,R,2,R,2,R,25
168786,12,R,112,R,29,R,40,R,43
168847,1,R,4976,R,3302,R,972,R,702
168847,2,R,4585,R,2937,R,956,R,692
168847,3,R,3721,R,2290,R,890,R,541
168847,11,R,864,R,647,R,66,R,151
168847,12,R,391,R,365,R,16,R,10
168883,1,R,2527,R,1120,R,872,R,535
168883,2,R,2527,R,1120,R,872,R,535
168883,3,R,1353,R,564,R,678,R,111
168883,11,R,1174,R,556,R,194,R,424
168892,1,R,165,A,,A,,R,165
168892,2,R,165,A,,A,,R,165
168892,3,R,165,A,,A,,R,165
169080,1,R,3678,R,385,R,558,R,2735
169080,2,R,3252,R,140,R,451,R,2661
169080,3,R,3045,R,87,R,443,R,2515
169080,11,R,207,R,53,R,8,R,146
169080,12,R,426,R,245,R,107,R,74
169099,1,R,371,R,123,R,157,R,91
169099,12,R,371,R,123,R,157,R,91
169187,1,R,142,A,,A,,R,142
169187,2,R,142,A,,A,,R,142
169187,3,R,142,A,,A,,R,142
169220,1,R,244,A,,A,,R,244
169220,12,R,244,A,,A,,R,244
169248,1,R,16725,R,4615,R,5155,R,6955
169248,2,R,11187,R,2158,R,3856,R,5173
169248,3,R,10875,R,1996,R,3855,R,5024
169248,11,R,312,R,162,R,1,R,149
169248,12,R,5538,R,2457,R,1299,R,1782
169275,1,R,9347,R,4218,R,3799,R,1330
169275,2,R,9347,R,4218,R,3799,R,1330
169275,3,R,7359,R,3228,R,3248,R,883
169275,11,R,1988,R,990,R,551,R,447
169284,1,R,418,A,,A,,R,418
169284,2,R,418,A,,A,,R,418
169284,3,R,418,A,,A,,R,418
169327,1,R,1566,R,326,R,508,R,732
169327,2,R,1167,R,178,R,406,R,583
169327,3,R,1129,R,170,R,397,R,562
169327,11,R,38,R,8,R,9,R,21
169327,12,R,399,R,148,R,102,R,149
169363,1,R,1638,R,429,R,410,R,799
169363,2,R,1201,R,149,R,371,R,681
169363,3,R,1019,R,108,R,368,R,543
169363,11,R,182,R,41,R,3,R,138
169363,12,R,437,R,280,R,39,R,118
169424,1,R,119,A,,A,,R,119
169424,12,R,119,A,,A,,R,119
169442,1,R,1548,R,67,R,552,R,929
169442,2,R,1485,R,67,R,550,R,868
169442,3,R,1330,R,7,R,539,R,784
169442,11,R,155,R,60,R,11,R,84
169442,12,R,63,R,0,R,2,R,61
169479,1,R,5996,R,3100,R,2046,R,850
169479,2,R,4662,R,1899,R,1953,R,810
169479,3,R,3855,R,1766,R,1807,R,282
169479,11,R,807,R,133,R,146,R,528
169479,12,R,1334,R,1201,R,93,R,40
169503,1,R,362,A,,A,,R,362
169503,2,R,362,A,,A,,R,362
169503,3,R,362,A,,A,,R,362
169521,1,R,10733,R,3932,R,4289,R,2512
169521,2,R,10733,R,3932,R,4289,R,2512
169521,3,R,8257,R,2422,R,3774,R,2061
169521,11,R,2476,R,1510,R,515,R,451
169576,1,R,187,A,,A,,R,187
169576,2,R,187,A,,A,,R,187
169576,3,R,187,A,,A,,R,187
169655,1,R,2319,R,0,R,50,R,2269
169655,2,R,2319,R,0,R,50,R,2269
169655,3,R,2319,R,0,R,50,R,2269
169716,1,R,5954,R,148,R,3269,R,2537
169716,2,R,3609,R,0,R,1996,R,1613
169716,3,R,2449,R,0,R,1908,R,541
169716,11,R,1160,R,0,R,88,R,1072
169716,12,R,2345,R,148,R,1273,R,924
169761,1,R,1434,R,0,R,1021,R,413
169761,2,R,1434,R,0,R,1021,R,413
169761,3,R,1434,R,0,R,1021,R,413
169798,1,R,16093,R,2916,R,9221,R,3956
169798,2,R,13287,R,1893,R,8341,R,3053
169798,3,R,12408,R,1771,R,8057,R,2580
169798,11,R,879,R,122,R,284,R,473
169798,12,R,2806,R,1023,R,880,R,903
169813,1,R,76,A,,A,,R,76
169813,2,R,76,A,,A,,R,76
169813,3,R,76,A,,A,,R,76
169910,1,R,12025,R,1890,R,4972,R,5163
169910,2,R,10861,R,1529,R,4839,R,4493
169910,3,R,9037,R,1529,R,4839,R,2669
169910,11,R,1824,R,0,R,0,R,1824
169910,12,R,1164,R,361,R,133,R,670
169974,1,R,1764,R,377,R,723,R,664
169974,2,R,1764,R,377,R,723,R,664
169974,3,R,739,R,221,R,402,R,116
169974,11,R,1025,R,156,R,321,R,548
169983,1,R,1886,R,228,R,161,R,1497
169983,2,R,1436,R,0,R,31,R,1405
169983,3,R,1417,R,0,R,31,R,1386
169983,11,R,19,R,0,R,0,R,19
169983,12,R,450,R,228,R,130,R,92
169992,1,R,1071,R,336,R,367,R,368
169992,2,R,1071,R,336,R,367,R,368
169992,3,R,610,R,177,R,309,R,124
169992,11,R,461,R,159,R,58,R,244
170000,1,R,1358,R,806,R,121,R,431
170000,2,R,1239,R,687,R,121,R,431
170000,3,R,955,R,687,R,99,R,169
170000,11,R,284,R,0,R,22,R,262
170000,12,R,119,R,119,R,0,R,0
170037,1,R,2155,R,635,R,805,R,715
170037,2,R,1750,R,387,R,675,R,688
170037,3,R,1572,R,326,R,672,R,574
170037,11,R,178,R,61,R,3,R,114
170037,12,R,405,R,248,R,130,R,27
170055,1,R,17744,R,5121,R,7816,R,4807
170055,2,R,17744,R,5121,R,7816,R,4807
170055,3,R,13759,R,3156,R,6998,R,3605
170055,11,R,3985,R,1965,R,818,R,1202
170082,1,R,25119,R,1593,R,15337,R,8189
170082,2,R,21083,R,953,R,13438,R,6692
170082,3,R,20682,R,904,R,13423,R,6355
170082,11,R,401,R,49,R,15,R,337
170082,12,R,4036,R,640,R,1899,R,1497
170091,1,R,196,R,36,R,48,R,112
170091,2,R,196,R,36,R,48,R,112
170091,3,R,164,R,36,R,48,R,80
170091,11,R,32,R,0,Z,0,R,32
170240,1,R,15749,R,5237,R,7001,R,3511
170240,2,R,15749,R,5237,R,7001,R,3511
170240,3,R,12216,R,3163,R,6159,R,2894
170240,11,R,3533,R,2074,R,842,R,617
170286,1,R,1896,R,117,R,0,R,1779
170286,2,R,1749,R,117,Z,0,R,1632
170286,3,R,1595,Z,0,Z,0,R,1595
170286,11,R,154,R,117,Z,0,R,37
170286,12,R,147,A,,A,,R,147
170301,1,R,3404,R,3,R,453,R,2948
170301,2,R,3404,R,3,R,453,R,2948
170301,3,R,3282,R,3,R,359,R,2920
170301,11,R,122,R,0,R,94,R,28
170444,1,R,6263,R,3872,R,1706,R,685
170444,2,R,6263,R,3872,R,1706,R,685
170444,3,R,4134,R,2319,R,1367,R,448
170444,11,R,2129,R,1553,R,339,R,237
170532,1,R,1384,A,,A,,R,1384
170532,2,R,1384,A,,A,,R,1384
170532,3,R,1362,A,,A,,R,1362
170532,11,R,22,A,,A,,R,22
170541,1,R,9135,R,2727,R,3607,R,2801
170541,2,R,9135,R,2727,R,3607,R,2801
170541,3,R,6624,R,1642,R,3025,R,1957
170541,11,R,2511,R,1085,R,582,R,844
170550,1,R,6192,R,1550,R,2440,R,2202
170550,2,R,6192,R,1550,R,2440,R,2202
170550,3,R,4306,R,1016,R,1940,R,1350
170550,11,R,1886,R,534,R,500,R,852
170587,1,R,2132,R,92,R,1124,R,916
170587,2,R,2132,R,92,R,1124,R,916
170587,3,R,1283,R,91,R,827,R,365
170587,11,R,849,R,1,R,297,R,551
170611,1,R,172,A,,A,,R,172
170611,2,R,172,A,,A,,R,172
170611,3,R,172,A,,A,,R,172
170620,1,R,3905,R,917,R,2282,R,706
170620,2,R,3905,R,917,R,2282,R,706
170620,3,R,2306,R,616,R,1654,R,36
170620,11,R,1599,R,301,R,628,R,670
170639,1,R,1808,R,216,R,864,R,728
170639,2,R,1808,R,216,R,864,R,728
170639,3,R,1472,R,46,R,807,R,619
170639,11,R,336,R,170,R,57,R,109
170657,1,R,13045,R,5168,R,4574,R,3303
170657,2,R,13045,R,5168,R,4574,R,3303
170657,3,R,10542,R,3545,R,4246,R,2751
170657,11,R,2503,R,1623,R,328,R,552
170675,1,R,3878,R,354,R,992,R,2532
170675,2,R,2719,R,32,R,678,R,2009
170675,3,R,1753,R,15,R,650,R,1088
170675,11,R,966,R,17,R,28,R,921
170675,12,R,1159,R,322,R,314,R,523
170736,1,R,53,A,,A,,R,53
170736,2,R,53,A,,A,,R,53
170736,3,R,53,A,,A,,R,53
170790,1,R,22963,R,8574,R,8672,R,5717
170790,2,R,22963,R,8574,R,8672,R,5717
170790,3,R,18713,R,6059,R,7762,R,4892
170790,11,R,4250,R,2515,R,910,R,825
170806,1,R,2333,R,450,R,1500,R,383
170806,2,R,1923,R,354,R,1345,R,224
170806,3,R,1773,R,308,R,1339,R,126
170806,11,R,150,R,46,R,6,R,98
170806,12,R,410,R,96,R,155,R,159
170967,1,R,1295,R,298,R,764,R,233
170967,2,R,1264,R,275,R,758,R,231
170967,3,R,949,R,275,R,589,R,85
170967,11,R,315,R,0,R,169,R,146
170967,12,R,31,R,23,R,6,R,2
170976,1,R,54262,R,1649,R,11564,R,41049
170976,2,R,34962,R,108,R,8266,R,26588
170976,3,R,34503,R,101,R,8242,R,26160
170976,11,R,459,R,7,R,24,R,428
170976,12,R,19300,R,1541,R,3298,R,14461
171012,1,R,179,A,,A,,R,179
171012,2,R,179,A,,A,,R,179
171012,3,R,179,A,,A,,R,179
171100,1,R,55377,R,4265,R,36587,R,14525
171100,2,R,42929,R,1530,R,33458,R,7941
171100,3,R,42407,R,1382,R,33401,R,7624
171100,11,R,522,R,148,R,57,R,317
171100,12,R,12448,R,2735,R,3129,R,6584
171128,1,R,7848,R,403,R,611,R,6834
171128,2,R,6197,R,14,R,500,R,5683
171128,3,R,5997,R,10,R,499,R,5488
171128,11,R,200,R,4,R,1,R,195
171128,12,R,1651,R,389,R,111,R,1151
171137,1,R,9221,R,1539,R,6164,R,1518
171137,2,R,6812,R,466,R,5077,R,1269
171137,3,R,6456,R,332,R,5026,R,1098
171137,11,R,356,R,134,R,51,R,171
171137,12,R,2409,R,1073,R,1087,R,249
171146,1,R,7507,R,2108,R,4184,R,1215
171146,2,R,5859,R,1678,R,3385,R,796
171146,3,R,5135,R,1577,R,3230,R,328
171146,11,R,724,R,101,R,155,R,468
171146,12,R,1648,R,430,R,799,R,419
171155,1,R,4473,R,1814,R,1178,R,1481
171155,2,R,4473,R,1814,R,1178,R,1481
171155,3,R,2534,R,922,R,970,R,642
171155,11,R,1939,R,892,R,208,R,839
171225,1,R,3223,R,1066,R,1259,R,898
171225,2,R,3223,R,1066,R,1259,R,898
171225,3,R,2214,R,705,R,965,R,544
171225,11,R,1009,R,361,R,294,R,354
171234,1,R,2056,R,524,R,844,R,688
171234,2,R,2056,R,524,R,844,R,688
171234,3,R,1353,R,268,R,682,R,403
171234,11,R,703,R,256,R,162,R,285
171304,1,R,5376,R,1437,R,2085,R,1854
171304,2,R,5376,R,1437,R,2085,R,1854
171304,3,R,3629,R,901,R,1768,R,960
171304,11,R,1747,R,536,R,317,R,894
171395,1,R,2147,R,385,R,740,R,1022
171395,2,R,2147,R,385,R,740,R,1022
171395,3,R,1087,R,186,R,491,R,410
171395,11,R,1060,R,199,R,249,R,612
171456,1,R,8049,R,1196,R,3043,R,3810
171456,2,R,7251,R,712,R,2901,R,3638
171456,3,R,6972,R,662,R,2863,R,3447
171456,11,R,279,R,50,R,38,R,191
171456,12,R,798,R,484,R,142,R,172
171483,1,R,3722,R,895,R,1715,R,1112
171483,2,R,3722,R,895,R,1715,R,1112
171483,3,R,3073,R,548,R,1598,R,927
171483,11,R,649,R,347,R,117,R,185
171492,1,R,3089,R,1411,R,1319,R,359
171492,2,R,2515,R,1181,R,1073,R,261
171492,3,R,2396,R,1093,R,1067,R,236
171492,11,R,119,R,88,R,6,R,25
171492,12,R,574,R,230,R,246,R,98
171535,1,R,22881,R,8722,R,8303,R,5856
171535,2,R,22881,R,8722,R,8303,R,5856
171535,3,R,17163,R,5644,R,7251,R,4268
171535,11,R,5718,R,3078,R,1052,R,1588
171571,1,R,18296,R,2054,R,10885,R,5357
171571,2,R,14541,R,1294,R,9534,R,3713
171571,3,R,13745,R,1039,R,9393,R,3313
171571,11,R,796,R,255,R,141,R,400
171571,12,R,3755,R,760,R,1351,R,1644
171599,1,R,1088,R,71,R,175,R,842
171599,2,R,997,R,28,R,175,R,794
171599,3,R,974,R,24,R,174,R,776
171599,11,R,23,R,4,R,1,R,18
171599,12,R,91,R,43,Z,0,R,48
171775,1,R,69,A,,A,,R,69
171775,2,R,69,A,,A,,R,69
171775,3,R,69,A,,A,,R,69
171881,1,R,192,R,3,R,44,R,145
171881,2,R,192,R,3,R,44,R,145
171881,3,R,130,R,2,R,43,R,85
171881,11,R,62,R,1,R,1,R,60
171988,1,R,196,R,0,R,114,R,82
171988,2,R,196,R,0,R,114,R,82
171988,3,R,196,R,0,R,114,R,82
171997,1,R,319,R,0,R,210,R,109
171997,2,R,319,R,0,R,210,R,109
171997,3,R,319,R,0,R,210,R,109
172015,1,R,159,R,0,R,110,R,49
172015,2,R,159,R,0,R,110,R,49
172015,3,R,159,R,0,R,110,R,49
172033,1,R,410,R,66,R,127,R,217
172033,2,R,229,R,62,R,46,R,121
172033,3,R,211,R,55,R,44,R,112
172033,11,R,18,R,7,R,2,R,9
172033,12,R,181,R,4,R,81,R,96
172051,1,R,7637,R,591,R,4696,R,2350
172051,2,R,6788,R,387,R,4313,R,2088
172051,3,R,6490,R,315,R,4194,R,1981
172051,11,R,298,R,72,R,119,R,107
172051,12,R,849,R,204,R,383,R,262
172200,1,R,12977,R,4334,R,4823,R,3820
172200,2,R,12977,R,4334,R,4823,R,3820
172200,3,R,10163,R,2593,R,4501,R,3069
172200,11,R,2814,R,1741,R,322,R,751
172264,1,R,2192,R,974,R,1010,R,208
172264,2,R,2002,R,812,R,982,R,208
172264,3,R,1785,R,704,R,944,R,137
172264,11,R,217,R,108,R,38,R,71
172264,12,R,190,R,162,R,28,R,0
172291,1,R,3999,R,1926,R,1065,R,1008
172291,2,R,3999,R,1926,R,1065,R,1008
172291,3,R,2527,R,1055,R,704,R,768
172291,11,R,1472,R,871,R,361,R,240
172307,1,R,2339,R,228,R,1072,R,1039
172307,2,R,2339,R,228,R,1072,R,1039
172307,3,R,1651,R,173,R,863,R,615
172307,11,R,688,R,55,R,209,R,424
172334,1,R,2791,R,1850,R,523,R,418
172334,2,R,1192,R,251,R,523,R,418
172334,3,R,1064,R,241,R,421,R,402
172334,11,R,128,R,10,R,102,R,16
172334,12,R,1599,R,1599,R,0,R,0
172422,1,R,340,A,,A,,R,340
172422,2,R,340,A,,A,,R,340
172422,3,R,340,A,,A,,R,340
172477,1,R,558,R,22,R,313,R,223
172477,12,R,558,R,22,R,313,R,223
172495,1,R,305,A,,A,,R,305
172495,2,R,305,A,,A,,R,305
172495,3,R,305,A,,A,,R,305
172608,1,R,1664,R,991,R,671,R,2
172608,2,R,829,R,417,R,412,R,0
172608,3,R,805,R,395,R,410,R,0
172608,11,R,24,R,22,R,2,R,0
172608,12,R,835,R,574,R,259,R,2
172617,1,R,21126,R,9563,R,5329,R,6234
172617,2,R,21126,R,9563,R,5329,R,6234
172617,3,R,12851,R,4007,R,4259,R,4585
172617,11,R,8275,R,5556,R,1070,R,1649
172635,1,R,20639,R,3511,R,3897,R,13231
172635,2,R,20639,R,3511,R,3897,R,13231
172635,3,R,13574,R,3098,R,3400,R,7076
172635,11,R,7065,R,413,R,497,R,6155
172644,1,R,28051,R,4747,R,12132,R,11172
172644,2,R,18699,R,2260,R,10669,R,5770
172644,3,R,17858,R,2106,R,10585,R,5167
172644,11,R,841,R,154,R,84,R,603
172644,12,R,9352,R,2487,R,1463,R,5402
172671,1,R,1335,R,323,R,569,R,443
172671,2,R,1335,R,323,R,569,R,443
172671,3,R,849,R,175,R,394,R,280
172671,11,R,486,R,148,R,175,R,163
172680,1,R,119,A,,A,,R,119
172680,2,R,119,A,,A,,R,119
172680,3,R,119,A,,A,,R,119
172699,1,R,18447,R,2536,R,11890,R,4021
172699,2,R,14117,R,1150,R,10708,R,2259
172699,3,R,13653,R,1023,R,10665,R,1965
172699,11,R,464,R,127,R,43,R,294
172699,12,R,4330,R,1386,R,1182,R,1762
172705,1,R,493,R,63,R,275,R,155
172705,12,R,493,R,63,R,275,R,155
172866,1,R,136,R,1,R,126,R,9
172866,2,R,136,R,1,R,126,R,9
172866,3,R,129,R,1,R,126,R,2
172866,11,R,7,R,0,Z,0,R,7
172918,1,R,4249,R,1554,R,968,R,1727
172918,2,R,4249,R,1554,R,968,R,1727
172918,3,R,1790,R,479,R,668,R,643
172918,11,R,2459,R,1075,R,300,R,1084
172954,1,R,2625,R,935,R,752,R,938
172954,2,R,2625,R,935,R,752,R,938
172954,3,R,2043,R,671,R,688,R,684
172954,11,R,582,R,264,R,64,R,254
172963,1,R,10580,R,3283,R,3678,R,3619
172963,2,R,10580,R,3283,R,3678,R,3619
172963,3,R,5266,R,1860,R,2468,R,938
172963,11,R,5314,R,1423,R,1210,R,2681
173045,1,R,3631,R,46,R,1328,R,2257
173045,2,R,2628,R,43,R,1146,R,1439
173045,3,R,2624,R,43,R,1143,R,1438
173045,11,R,4,R,0,R,3,R,1
173045,12,R,1003,R,3,R,182,R,818
173063,1,R,4775,R,1036,R,1280,R,2459
173063,2,R,4775,R,1036,R,1280,R,2459
173063,3,R,2464,R,551,R,981,R,932
173063,11,R,2311,R,485,R,299,R,1527
173115,1,R,1477,R,921,R,334,R,222
173115,2,R,1477,R,921,R,334,R,222
173115,3,R,836,R,372,R,326,R,138
173115,11,R,641,R,549,R,8,R,84
173124,1,R,4956,R,2042,R,2020,R,894
173124,2,R,4491,R,1736,R,1888,R,867
173124,3,R,3665,R,1444,R,1825,R,396
173124,11,R,826,R,292,R,63,R,471
173124,12,R,465,R,306,R,132,R,27
173142,1,R,967,R,170,R,436,R,361
173142,2,R,910,R,113,R,436,R,361
173142,3,R,707,R,1,R,427,R,279
173142,11,R,203,R,112,R,9,R,82
173142,12,R,57,R,57,R,0,R,0
173160,1,R,4501,R,673,R,2263,R,1565
173160,2,R,3234,R,398,R,1613,R,1223
173160,3,R,2145,R,208,R,1221,R,716
173160,11,R,1089,R,190,R,392,R,507
173160,12,R,1267,R,275,R,650,R,342
173203,1,R,5906,R,689,R,1718,R,3499
173203,2,R,5906,R,689,R,1718,R,3499
173203,3,R,2081,R,281,R,985,R,815
173203,11,R,3825,R,408,R,733,R,2684
173258,1,R,2106,A,,A,,R,2106
173258,2,R,2106,A,,A,,R,2106
173258,3,R,2050,A,,A,,R,2050
173258,11,R,56,A,,A,,R,56
173300,1,R,1955,R,123,R,526,R,1306
173300,2,R,1846,R,50,R,499,R,1297
173300,3,R,1747,R,1,R,497,R,1249
173300,11,R,99,R,49,R,2,R,48
173300,12,R,109,R,73,R,27,R,9
173328,1,R,7743,R,3514,R,3333,R,896
173328,2,R,3775,R,1142,R,1990,R,643
173328,3,R,3306,R,1021,R,1840,R,445
173328,11,R,469,R,121,R,150,R,198
173328,12,R,3968,R,2372,R,1343,R,253
173416,1,R,3602,R,825,R,1202,R,1575
173416,2,R,3602,R,825,R,1202,R,1575
173416,3,R,2575,R,584,R,1117,R,874
173416,11,R,1027,R,241,R,85,R,701
173452,1,R,1226,R,595,R,95,R,536
173452,2,R,1048,R,417,R,95,R,536
173452,3,R,916,R,286,R,95,R,535
173452,11,R,132,R,131,R,0,R,1
173452,12,R,178,R,178,R,0,R,0
173461,1,R,5607,R,1668,R,1648,R,2291
173461,2,R,5607,R,1668,R,1648,R,2291
173461,3,R,3073,R,864,R,1321,R,888
173461,11,R,2534,R,804,R,327,R,1403
173559,1,R,6708,R,2180,R,2337,R,2191
173559,2,R,6708,R,2180,R,2337,R,2191
173559,3,R,3486,R,1188,R,1688,R,610
173559,11,R,3222,R,992,R,649,R,1581
173638,1,R,4818,R,1522,R,1109,R,2187
173638,2,R,4818,R,1522,R,1109,R,2187
173638,3,R,2100,R,483,R,659,R,958
173638,11,R,2718,R,1039,R,450,R,1229
173647,1,R,1970,R,0,R,55,R,1915
173647,2,R,1970,R,0,R,55,R,1915
173647,3,R,1945,R,0,R,55,R,1890
173647,11,R,25,R,0,R,0,R,25
173665,1,R,2997,R,514,R,1194,R,1289
173665,2,R,1861,R,96,R,796,R,969
173665,3,R,1801,R,92,R,793,R,916
173665,11,R,60,R,4,R,3,R,53
173665,12,R,1136,R,418,R,398,R,320
173683,1,R,261,R,212,R,47,R,2
173683,12,R,261,R,212,R,47,R,2
173708,1,R,5914,R,1569,R,1626,R,2719
173708,2,R,5914,R,1569,R,1626,R,2719
173708,3,R,3930,R,1012,R,1503,R,1415
173708,11,R,1984,R,557,R,123,R,1304
173735,1,R,3688,R,755,R,1535,R,1398
173735,2,R,3688,R,755,R,1535,R,1398
173735,3,R,2315,R,438,R,1017,R,860
173735,11,R,1373,R,317,R,518,R,538
173744,1,R,890,A,,A,,R,890
173744,2,R,890,A,,A,,R,890
173744,3,R,890,A,,A,,R,890
173799,1,R,5284,R,2152,R,1586,R,1546
173799,2,R,5284,R,2152,R,1586,R,1546
173799,3,R,2984,R,1109,R,1241,R,634
173799,11,R,2300,R,1043,R,345,R,912
173896,1,R,392,R,29,R,281,R,82
173896,12,R,392,R,29,R,281,R,82
173902,1,R,2158,A,,A,,R,2158
173902,2,R,2158,A,,A,,R,2158
173902,3,R,2141,A,,A,,R,2141
173902,11,R,17,A,,A,,R,17
173911,1,R,4490,R,1212,R,1333,R,1945
173911,2,R,4490,R,1212,R,1333,R,1945
173911,3,R,2770,R,576,R,1185,R,1009
173911,11,R,1720,R,636,R,148,R,936
173920,1,R,18388,R,3388,R,9758,R,5242
173920,2,R,15963,R,2316,R,8988,R,4659
173920,3,R,12674,R,1789,R,8758,R,2127
173920,11,R,3289,R,527,R,230,R,2532
173920,12,R,2425,R,1072,R,770,R,583
173957,1,R,1748,A,,A,,R,1748
173957,2,R,491,A,,A,,R,491
173957,3,R,491,A,,A,,R,491
173957,12,R,1257,A,,A,,R,1257
174020,1,R,8185,R,3574,R,3573,R,1038
174020,2,R,7282,R,3286,R,3128,R,868
174020,3,R,6603,R,2950,R,3050,R,603
174020,11,R,679,R,336,R,78,R,265
174020,12,R,903,R,288,R,445,R,170
174066,1,R,59339,R,2384,R,27340,R,29615
174066,2,R,42832,R,1214,R,22863,R,18755
174066,3,R,31871,R,597,R,22219,R,9055
174066,11,R,10961,R,617,R,644,R,9700
174066,12,R,16507,R,1170,R,4477,R,10860
174075,1,R,2979,R,1358,R,509,R,1112
174075,2,R,2979,R,1358,R,509,R,1112
174075,3,R,1942,R,1276,R,467,R,199
174075,11,R,1037,R,82,R,42,R,913
174127,1,R,905,R,123,R,318,R,464
174127,2,R,749,R,1,R,295,R,453
174127,3,R,734,R,1,R,295,R,438
174127,11,R,15,R,0,R,0,R,15
174127,12,R,156,R,122,R,23,R,11
174136,1,R,9577,R,3717,R,3283,R,2577
174136,2,R,9577,R,3717,R,3283,R,2577
174136,3,R,6873,R,2449,R,2892,R,1532
174136,11,R,2704,R,1268,R,391,R,1045
174154,1,R,1174,R,325,R,771,R,78
174154,2,R,1163,R,314,R,771,R,78
174154,3,R,1161,R,312,R,771,R,78
174154,11,R,2,R,2,Z,0,R,0
174154,12,R,11,R,11,Z,0,R,0
174190,1,R,110,A,,A,,R,110
174190,2,R,110,A,,A,,R,110
174190,3,R,110,A,,A,,R,110
174233,1,R,10069,R,480,R,5524,R,4065
174233,2,R,9125,R,305,R,5252,R,3568
174233,3,R,7839,R,254,R,5213,R,2372
174233,11,R,1286,R,51,R,39,R,1196
174233,12,R,944,R,175,R,272,R,497
174251,1,R,1100,R,39,R,446,R,615
174251,2,R,1100,R,39,R,446,R,615
174251,3,R,1039,R,17,R,440,R,582
174251,11,R,61,R,22,R,6,R,33
174321,1,R,213,A,,A,,R,213
174321,2,R,213,A,,A,,R,213
174321,3,R,213,A,,A,,R,213
174358,1,R,5828,R,2075,R,3084,R,669
174358,2,R,4329,R,1085,R,2784,R,460
174358,3,R,3554,R,497,R,2718,R,339
174358,11,R,775,R,588,R,66,R,121
174358,12,R,1499,R,990,R,300,R,209
174376,1,R,7229,R,2743,R,2800,R,1686
174376,2,R,7229,R,2743,R,2800,R,1686
174376,3,R,4453,R,1363,R,2240,R,850
174376,11,R,2776,R,1380,R,560,R,836
174428,1,R,14821,R,6326,R,5040,R,3455
174428,2,R,14821,R,6326,R,5040,R,3455
174428,3,R,8515,R,3170,R,3803,R,1542
174428,11,R,6306,R,3156,R,1237,R,1913
174437,1,R,1141,R,259,R,584,R,298
174437,2,R,1000,R,162,R,555,R,283
174437,3,R,924,R,135,R,527,R,262
174437,11,R,76,R,27,R,28,R,21
174437,12,R,141,R,97,R,29,R,15
174473,1,R,3261,R,1317,R,873,R,1071
174473,2,R,3261,R,1317,R,873,R,1071
174473,3,R,1728,R,415,R,720,R,593
174473,11,R,1533,R,902,R,153,R,478
174491,1,R,3588,R,1472,R,928,R,1188
174491,2,R,3475,R,1368,R,922,R,1185
174491,3,R,1584,R,140,R,506,R,938
174491,11,R,1891,R,1228,R,416,R,247
174491,12,R,113,R,104,R,6,R,3
174507,1,R,1355,R,157,R,1062,R,136
174507,2,R,594,R,42,R,529,R,23
174507,3,R,367,R,27,R,318,R,22
174507,11,R,227,R,15,R,211,R,1
174507,12,R,761,R,115,R,533,R,113
174525,1,R,127,R,40,R,34,R,53
174525,2,R,127,R,40,R,34,R,53
174525,3,R,107,R,30,R,31,R,46
174525,11,R,20,R,10,R,3,R,7
174570,1,R,2646,R,326,R,548,R,1772
174570,2,R,2646,R,326,R,548,R,1772
174570,3,R,741,R,156,R,373,R,212
174570,11,R,1905,R,170,R,175,R,1560
174738,1,R,6268,R,2140,R,2549,R,1579
174738,2,R,6268,R,2140,R,2549,R,1579
174738,3,R,3946,R,1177,R,1887,R,882
174738,11,R,2322,R,963,R,662,R,697
174747,1,R,1482,R,38,R,53,R,1391
174747,2,R,1437,R,0,R,46,R,1391
174747,3,R,1410,R,0,R,46,R,1364
174747,11,R,27,R,0,R,0,R,27
174747,12,R,45,R,38,R,7,R,0
174756,1,R,4968,R,1957,R,1772,R,1239
174756,2,R,4968,R,1957,R,1772,R,1239
174756,3,R,3573,R,1150,R,1472,R,951
174756,11,R,1395,R,807,R,300,R,288
174783,1,R,12618,R,2213,R,5916,R,4489
174783,2,R,9922,R,1179,R,4834,R,3909
174783,3,R,6035,R,839,R,4394,R,802
174783,11,R,3887,R,340,R,440,R,3107
174783,12,R,2696,R,1034,R,1082,R,580
174792,1,R,1684,R,66,R,117,R,1501
174792,2,R,1506,R,1,R,63,R,1442
174792,3,R,1486,R,1,R,63,R,1422
174792,11,R,20,R,0,R,0,R,20
174792,12,R,178,R,65,R,54,R,59
174817,1,R,5642,R,2483,R,1497,R,1662
174817,2,R,1900,R,282,R,717,R,901
174817,3,R,1229,R,281,R,706,R,242
174817,11,R,671,R,1,R,11,R,659
174817,12,R,3742,R,2201,R,780,R,761
174844,1,R,3138,R,10,R,189,R,2939
174844,2,R,3138,R,10,R,189,R,2939
174844,3,R,3092,R,7,R,189,R,2896
174844,11,R,46,R,3,R,0,R,43
174862,1,R,1996,R,1345,R,226,R,425
174862,2,R,1546,R,895,R,226,R,425
174862,3,R,897,R,325,R,147,R,425
174862,11,R,649,R,570,R,79,R,0
174862,12,R,450,R,450,Z,0,R,0
174899,1,R,3847,R,1076,R,646,R,2125
174899,2,R,2137,R,377,R,412,R,1348
174899,3,R,2044,R,322,R,400,R,1322
174899,11,R,93,R,55,R,12,R,26
174899,12,R,1710,R,699,R,234,R,777
174914,1,R,10193,R,753,R,4967,R,4473
174914,2,R,6365,R,105,R,3531,R,2729
174914,3,R,6277,R,82,R,3520,R,2675
174914,11,R,88,R,23,R,11,R,54
174914,12,R,3828,R,648,R,1436,R,1744
174978,1,R,248,A,,A,,R,248
174978,2,R,248,A,,A,,R,248
174978,3,R,248,A,,A,,R,248
175005,1,R,4300,R,1479,R,1388,R,1433
175005,2,R,2942,R,923,R,1139,R,880
175005,3,R,2897,R,922,R,1113,R,862
175005,11,R,45,R,1,R,26,R,18
175005,12,R,1358,R,556,R,249,R,553
175014,1,R,14004,R,12687,R,886,R,431
175014,2,R,12822,R,11505,R,886,R,431
175014,3,R,12726,R,11409,R,886,R,431
175014,11,R,96,R,96,Z,0,R,0
175014,12,R,1182,R,1182,Z,0,R,0
175041,1,R,7550,R,1995,R,2681,R,2874
175041,2,R,7550,R,1995,R,2681,R,2874
175041,3,R,5059,R,1263,R,2251,R,1545
175041,11,R,2491,R,732,R,430,R,1329
175078,1,R,8943,R,1262,R,1244,R,6437
175078,2,R,8300,R,1009,R,1152,R,6139
175078,3,R,2360,R,924,R,1118,R,318
175078,11,R,5940,R,85,R,34,R,5821
175078,12,R,643,R,253,R,92,R,298
175120,1,R,771,R,1,R,7,R,763
175120,2,R,771,R,1,R,7,R,763
175120,3,R,771,R,1,R,7,R,763
175139,1,R,295,R,209,R,86,R,0
175139,12,R,295,R,209,R,86,R,0
175227,1,R,1578,R,144,R,995,R,439
175227,2,R,1578,R,144,R,995,R,439
175227,3,R,1525,R,123,R,975,R,427
175227,11,R,53,R,21,R,20,R,12
175236,1,R,3540,R,1574,R,1209,R,757
175236,2,R,3540,R,1574,R,1209,R,757
175236,3,R,2460,R,947,R,955,R,558
175236,11,R,1080,R,627,R,254,R,199
175263,1,R,2692,R,938,R,796,R,958
175263,2,R,2692,R,938,R,796,R,958
175263,3,R,1475,R,634,R,570,R,271
175263,11,R,1217,R,304,R,226,R,687
175272,1,R,6901,R,1326,R,3844,R,1731
175272,2,R,5947,R,818,R,3477,R,1652
175272,3,R,5554,R,607,R,3409,R,1538
175272,11,R,393,R,211,R,68,R,114
175272,12,R,954,R,508,R,367,R,79
175281,1,R,1228,R,2,R,1042,R,184
175281,12,R,1228,R,2,R,1042,R,184
175315,1,R,12097,R,4635,R,4118,R,3344
175315,2,R,12097,R,4635,R,4118,R,3344
175315,3,R,8271,R,2779,R,3382,R,2110
175315,11,R,3826,R,1856,R,736,R,1234
175342,1,R,3272,R,850,R,1809,R,613
175342,2,R,2731,R,500,R,1684,R,547
175342,3,R,2536,R,305,R,1684,R,547
175342,11,R,195,R,195,R,0,R,0
175342,12,R,541,R,350,R,125,R,66
175421,1,R,5176,R,3875,R,563,R,738
175421,2,R,1933,R,776,R,543,R,614
175421,3,R,1637,R,654,R,538,R,445
175421,11,R,296,R,122,R,5,R,169
175421,12,R,3243,R,3099,R,20,R,124
175430,1,R,1070,R,259,R,475,R,336
175430,2,R,1012,R,206,R,470,R,336
175430,3,R,571,R,49,R,386,R,136
175430,11,R,441,R,157,R,84,R,200
175430,12,R,58,R,53,R,5,R,0
175494,1,R,191,A,,A,,R,191
175494,2,R,191,A,,A,,R,191
175494,3,R,191,A,,A,,R,191
175519,1,R,2344,R,1089,R,781,R,474
175519,2,R,2344,R,1089,R,781,R,474
175519,3,R,1706,R,605,R,748,R,353
175519,11,R,638,R,484,R,33,R,121
175573,1,R,3472,R,1048,R,1592,R,832
175573,2,R,3472,R,1048,R,1592,R,832
175573,3,R,2430,R,718,R,1234,R,478
175573,11,R,1042,R,330,R,358,R,354
175616,1,R,3636,R,1332,R,1512,R,792
175616,2,R,2413,R,289,R,1347,R,777
175616,3,R,1827,R,272,R,1329,R,226
175616,11,R,586,R,17,R,18,R,551
175616,12,R,1223,R,1043,R,165,R,15
175643,1,R,3206,R,554,R,2046,R,606
175643,2,R,3206,R,554,R,2046,R,606
175643,3,R,1913,R,397,R,1043,R,473
175643,11,R,1293,R,157,R,1003,R,133
175652,1,R,5047,R,2312,R,1322,R,1413
175652,2,R,5047,R,2312,R,1322,R,1413
175652,3,R,3553,R,1354,R,1191,R,1008
175652,11,R,1494,R,958,R,131,R,405
175698,1,R,30,A,,A,,R,30
175698,2,R,30,A,,A,,R,30
175698,3,R,30,A,,A,,R,30
175722,1,R,42,A,,A,,R,42
175722,2,R,42,A,,A,,R,42
175722,3,R,42,A,,A,,R,42
175786,1,R,12468,R,3856,R,3219,R,5393
175786,2,R,12468,R,3856,R,3219,R,5393
175786,3,R,8736,R,2993,R,2950,R,2793
175786,11,R,3732,R,863,R,269,R,2600
175810,1,R,6971,R,2864,R,2149,R,1958
175810,2,R,6971,R,2864,R,2149,R,1958
175810,3,R,5719,R,2354,R,1871,R,1494
175810,11,R,1252,R,510,R,278,R,464
175829,1,R,6294,R,2261,R,2947,R,1086
175829,2,R,6294,R,2261,R,2947,R,1086
175829,3,R,5073,R,1667,R,2701,R,705
175829,11,R,1221,R,594,R,246,R,381
175856,1,R,7261,R,2943,R,3518,R,800
175856,2,R,5219,R,1518,R,3264,R,437
175856,3,R,5180,R,1509,R,3243,R,428
175856,11,R,39,R,9,R,21,R,9
175856,12,R,2042,R,1425,R,254,R,363
175883,1,R,5819,R,1280,R,2498,R,2041
175883,2,R,5819,R,1280,R,2498,R,2041
175883,3,R,4429,R,723,R,2172,R,1534
175883,11,R,1390,R,557,R,326,R,507
175935,1,R,3752,R,405,R,1245,R,2102
175935,2,R,3752,R,405,R,1245,R,2102
175935,3,R,3043,R,404,R,1238,R,1401
175935,11,R,709,R,1,R,7,R,701
175980,1,R,675,R,0,R,76,R,599
175980,2,R,618,R,0,R,32,R,586
175980,3,R,616,R,0,R,32,R,584
175980,11,R,2,R,0,R,0,R,2
175980,12,R,57,R,0,R,44,R,13
176008,1,R,2517,R,888,R,860,R,769
176008,2,R,2517,R,888,R,860,R,769
176008,3,R,1818,R,601,R,745,R,472
176008,11,R,699,R,287,R,115,R,297
176017,1,R,26841,R,2550,R,17392,R,6899
176017,2,R,21111,R,1565,R,16019,R,3527
176017,3,R,20685,R,1496,R,16002,R,3187
176017,11,R,426,R,69,R,17,R,340
176017,12,R,5730,R,985,R,1373,R,3372
176035,1,R,2841,R,1042,R,1260,R,539
176035,2,R,2507,R,882,R,1165,R,460
176035,3,R,2017,R,868,R,985,R,164
176035,11,R,490,R,14,R,180,R,296
176035,12,R,334,R,160,R,95,R,79
176044,1,R,2826,R,297,R,1556,R,973
176044,2,R,2613,R,202,R,1474,R,937
176044,3,R,1487,R,193,R,737,R,557
176044,11,R,1126,R,9,R,737,R,380
176044,12,R,213,R,95,R,82,R,36
176053,1,R,4960,R,762,R,2051,R,2147
176053,2,R,3085,R,118,R,1847,R,1120
176053,3,R,2676,R,105,R,1820,R,751
176053,11,R,409,R,13,R,27,R,369
176053,12,R,1875,R,644,R,204,R,1027
176062,1,R,75,A,,A,,R,75
176062,2,R,75,A,,A,,R,75
176062,3,R,75,A,,A,,R,75
176071,1,R,11554,R,3450,R,4231,R,3873
176071,2,R,11554,R,3450,R,4231,R,3873
176071,3,R,9204,R,3414,R,4023,R,1767
176071,11,R,2350,R,36,R,208,R,2106
176080,1,R,25234,R,4941,R,11085,R,9208
176080,2,R,19891,R,2652,R,10121,R,7118
176080,3,R,19552,R,2475,R,10112,R,6965
176080,11,R,339,R,177,R,9,R,153
176080,12,R,5343,R,2289,R,964,R,2090
176169,1,R,4097,R,1229,R,2111,R,757
176169,2,R,4097,R,1229,R,2111,R,757
176169,3,R,3055,R,583,R,1971,R,501
176169,11,R,1042,R,646,R,140,R,256
176178,1,R,9772,R,2735,R,4376,R,2661
176178,2,R,9772,R,2735,R,4376,R,2661
176178,3,R,6614,R,1470,R,3465,R,1679
176178,11,R,3158,R,1265,R,911,R,982
176239,1,R,7302,R,2359,R,3529,R,1414
176239,2,R,7302,R,2359,R,3529,R,1414
176239,3,R,5126,R,1598,R,2911,R,617
176239,11,R,2176,R,761,R,618,R,797
176318,1,R,517,R,61,R,185,R,271
176318,2,R,517,R,61,R,185,R,271
176318,3,R,493,R,38,R,185,R,270
176318,11,R,24,R,23,Z,0,R,1
176336,1,R,99,R,11,R,85,R,3
176336,2,R,99,R,11,R,85,R,3
176336,3,R,97,R,11,R,83,R,3
176336,11,R,2,R,0,R,2,R,0
176354,1,R,2220,R,229,R,1139,R,852
176354,2,R,2220,R,229,R,1139,R,852
176354,3,R,1892,R,229,R,1129,R,534
176354,11,R,328,R,0,R,10,R,318
176372,1,R,15411,R,4917,R,8375,R,2119
176372,2,R,11533,R,2944,R,7472,R,1117
176372,3,R,11229,R,2827,R,7445,R,957
176372,11,R,304,R,117,R,27,R,160
176372,12,R,3878,R,1973,R,903,R,1002
176406,1,R,729,R,29,R,0,R,700
176406,2,R,700,R,0,R,0,R,700
176406,3,R,571,R,0,R,0,R,571
176406,11,R,129,R,0,R,0,R,129
176406,12,R,29,R,29,R,0,R,0
176433,1,R,93,A,,A,,R,93
176433,2,R,93,A,,A,,R,93
176433,3,R,93,A,,A,,R,93
176451,1,R,264,R,223,R,27,R,14
176451,2,R,40,R,32,R,8,R,0
176451,3,R,40,R,32,R,8,R,0
176451,12,R,224,R,191,R,19,R,14
176479,1,R,7130,R,2549,R,1382,R,3199
176479,2,R,4156,R,1006,R,1053,R,2097
176479,3,R,2402,R,978,R,1041,R,383
176479,11,R,1754,R,28,R,12,R,1714
176479,12,R,2974,R,1543,R,329,R,1102
176600,1,R,125,R,4,R,19,R,102
176600,12,R,125,R,4,R,19,R,102
176628,1,R,2505,R,980,R,1202,R,323
176628,2,R,1393,R,290,R,923,R,180
176628,3,R,1348,R,269,R,917,R,162
176628,11,R,45,R,21,R,6,R,18
176628,12,R,1112,R,690,R,279,R,143
176664,1,R,421,R,139,R,14,R,268
176664,2,R,376,R,94,R,14,R,268
176664,3,R,376,R,94,R,14,R,268
176664,12,R,45,R,45,Z,0,R,0
176716,1,R,204,A,,A,,R,204
176716,2,R,204,A,,A,,R,204
176716,3,R,204,A,,A,,R,204
176770,1,R,1026,R,350,R,579,R,97
176770,2,R,815,R,205,R,555,R,55
176770,3,R,810,R,202,R,555,R,53
176770,11,R,5,R,3,R,0,R,2
176770,12,R,211,R,145,R,24,R,42
176789,1,R,295,R,139,R,112,R,44
176789,2,R,215,R,97,R,87,R,31
176789,3,R,185,R,74,R,83,R,28
176789,11,R,30,R,23,R,4,R,3
176789,12,R,80,R,42,R,25,R,13
176798,1,R,215,A,,A,,R,215
176798,2,R,215,A,,A,,R,215
176798,3,R,215,A,,A,,R,215
176910,1,R,232,R,92,R,77,R,63
176910,2,R,196,R,92,R,46,R,58
176910,3,R,176,R,85,R,41,R,50
176910,11,R,20,R,7,R,5,R,8
176910,12,R,36,R,0,R,31,R,5
176947,1,R,1067,Z,0,R,289,R,778
176947,2,R,1067,Z,0,R,289,R,778
176947,3,R,1060,Z,0,R,289,R,771
176947,11,R,7,Z,0,Z,0,R,7
176965,1,R,17747,R,1906,R,6048,R,9793
176965,2,R,10028,R,953,R,4523,R,4552
176965,3,R,6363,R,771,R,4345,R,1247
176965,11,R,3665,R,182,R,178,R,3305
176965,12,R,7719,R,953,R,1525,R,5241
176983,1,R,44,A,,A,,R,44
176983,2,R,44,A,,A,,R,44
176983,3,R,44,A,,A,,R,44
177038,1,R,780,R,35,R,282,R,463
177038,2,R,196,R,26,R,49,R,121
177038,3,R,158,R,23,R,49,R,86
177038,11,R,38,R,3,R,0,R,35
177038,12,R,584,R,9,R,233,R,342
177065,1,R,8694,R,5905,R,1245,R,1544
177065,2,R,8119,R,5470,R,1193,R,1456
177065,3,R,7386,R,4836,R,1178,R,1372
177065,11,R,733,R,634,R,15,R,84
177065,12,R,575,R,435,R,52,R,88
177083,1,R,43,A,,A,,R,43
177083,2,R,43,A,,A,,R,43
177083,3,R,33,A,,A,,R,33
177083,11,R,10,A,,A,,R,10
177092,1,R,629,R,80,R,182,R,367
177092,12,R,629,R,80,R,182,R,367
177117,1,R,269,R,0,R,154,R,115
177117,2,R,269,R,0,R,154,R,115
177117,3,R,268,R,0,R,154,R,114
177117,11,R,1,R,0,R,0,R,1
177126,1,R,706,R,219,R,172,R,315
177126,12,R,706,R,219,R,172,R,315
177135,1,R,5015,R,870,R,1812,R,2333
177135,2,R,5015,R,870,R,1812,R,2333
177135,3,R,3500,R,653,R,1519,R,1328
177135,11,R,1515,R,217,R,293,R,1005
177144,1,R,1180,R,174,R,564,R,442
177144,2,R,979,R,59,R,478,R,442
177144,3,R,911,R,57,R,478,R,376
177144,11,R,68,R,2,R,0,R,66
177144,12,R,201,R,115,R,86,R,0
177214,1,R,1715,R,190,R,833,R,692
177214,2,R,1432,R,21,R,790,R,621
177214,3,R,1426,R,21,R,790,R,615
177214,11,R,6,Z,0,Z,0,R,6
177214,12,R,283,R,169,R,43,R,71
177250,1,R,3182,R,614,R,1242,R,1326
177250,2,R,3182,R,614,R,1242,R,1326
177250,3,R,2072,R,448,R,1117,R,507
177250,11,R,1110,R,166,R,125,R,819
177278,1,R,99,R,32,R,56,R,11
177278,12,R,99,R,32,R,56,R,11
177302,1,R,929,R,929,A,,A,
177302,2,R,929,R,929,A,,A,
177302,3,R,929,R,929,A,,A,
177339,1,R,2510,R,748,R,596,R,1166
177339,2,R,1553,R,321,R,549,R,683
177339,3,R,1240,R,232,R,329,R,679
177339,11,R,313,R,89,R,220,R,4
177339,12,R,957,R,427,R,47,R,483
177418,1,R,989,R,218,R,698,R,73
177418,2,R,736,R,103,R,577,R,56
177418,3,R,674,R,54,R,574,R,46
177418,11,R,62,R,49,R,3,R,10
177418,12,R,253,R,115,R,121,R,17
177436,1,R,50,A,,A,,R,50
177436,2,R,50,A,,A,,R,50
177436,3,R,50,A,,A,,R,50
177472,1,R,14535,R,3711,R,4968,R,5856
177472,2,R,14535,R,3711,R,4968,R,5856
177472,3,R,10640,R,3015,R,4848,R,2777
177472,11,R,3895,R,696,R,120,R,3079
177542,1,R,601,R,193,R,190,R,218
177542,2,R,499,R,91,R,190,R,218
177542,3,R,450,R,91,R,190,R,169
177542,11,R,49,R,0,R,0,R,49
177542,12,R,102,R,102,Z,0,R,0
177551,1,R,1339,R,227,R,690,R,422
177551,2,R,1339,R,227,R,690,R,422
177551,3,R,1256,R,219,R,689,R,348
177551,11,R,83,R,8,R,1,R,74
177588,1,R,96,A,,A,,R,96
177588,2,R,96,A,,A,,R,96
177588,3,R,96,A,,A,,R,96
177603,1,R,180,A,,A,,R,180
177603,2,R,180,A,,A,,R,180
177603,3,R,180,A,,A,,R,180
177676,1,R,4641,R,614,R,2303,R,1724
177676,2,R,4641,R,614,R,2303,R,1724
177676,3,R,3155,R,478,R,1990,R,687
177676,11,R,1486,R,136,R,313,R,1037
177685,1,R,251,A,,A,,R,251
177685,2,R,251,A,,A,,R,251
177685,3,R,251,A,,A,,R,251
177719,1,R,859,R,0,R,131,R,728
177719,2,R,728,A,,A,,R,728
177719,3,R,728,A,,A,,R,728
177719,12,R,131,R,0,R,131,R,0
177746,1,R,811,A,,A,,R,811
177746,2,R,811,A,,A,,R,811
177746,3,R,799,A,,A,,R,799
177746,11,R,12,A,,A,,R,12
177816,1,R,86,A,,A,,R,86
177816,12,R,86,A,,A,,R,86
177834,1,R,4251,R,1483,R,2768,R,0
177834,12,R,4251,R,1483,R,2768,R,0
177931,1,R,22,A,,A,,R,22
177931,2,R,22,A,,A,,R,22
177931,3,R,22,A,,A,,R,22
177940,1,R,2429,R,201,R,1159,R,1069
177940,2,R,2296,R,173,R,1096,R,1027
177940,3,R,1529,R,158,R,1094,R,277
177940,11,R,767,R,15,R,2,R,750
177940,12,R,133,R,28,R,63,R,42
177968,1,R,10951,R,4162,R,3810,R,2979
177968,2,R,5957,R,1756,R,3538,R,663
177968,3,R,5517,R,1742,R,3528,R,247
177968,11,R,440,R,14,R,10,R,416
177968,12,R,4994,R,2406,R,272,R,2316
177977,1,R,2547,R,81,R,1481,R,985
177977,2,R,2547,R,81,R,1481,R,985
177977,3,R,2277,R,11,R,1288,R,978
177977,11,R,270,R,70,R,193,R,7
177986,1,R,2128,R,1090,R,1038,R,0
177986,2,R,473,R,473,Z,0,R,0
177986,3,R,414,R,414,Z,0,R,0
177986,11,R,59,R,59,Z,0,R,0
177986,12,R,1655,R,617,R,1038,R,0
177995,1,R,17558,R,4139,R,6776,R,6643
177995,2,R,17558,R,4139,R,6776,R,6643
177995,3,R,13969,R,3715,R,6065,R,4189
177995,11,R,3589,R,424,R,711,R,2454
178059,1,R,12225,R,8533,R,2654,R,1038
178059,2,R,7149,R,4088,R,2493,R,568
178059,3,R,7018,R,4016,R,2491,R,511
178059,11,R,131,R,72,R,2,R,57
178059,12,R,5076,R,4445,R,161,R,470
178077,1,R,142,A,,A,,R,142
178077,2,R,142,A,,A,,R,142
178077,3,R,142,A,,A,,R,142
178183,1,R,236,R,0,R,236,R,0
178183,2,R,236,R,0,R,236,R,0
178183,3,R,236,R,0,R,236,R,0
178208,1,R,5238,R,2237,R,910,R,2091
178208,2,R,1804,R,578,R,301,R,925
178208,3,R,990,R,527,R,277,R,186
178208,11,R,814,R,51,R,24,R,739
178208,12,R,3434,R,1659,R,609,R,1166
178217,1,R,2960,R,500,R,1549,R,911
178217,2,R,2960,R,500,R,1549,R,911
178217,3,R,1997,R,322,R,1186,R,489
178217,11,R,963,R,178,R,363,R,422
178244,1,R,6222,R,1142,R,1323,R,3757
178244,2,R,5212,R,414,R,1213,R,3585
178244,3,R,1633,R,371,R,1184,R,78
178244,11,R,3579,R,43,R,29,R,3507
178244,12,R,1010,R,728,R,110,R,172
178341,1,R,4967,R,1065,R,2804,R,1098
178341,2,R,4757,R,945,R,2773,R,1039
178341,3,R,3612,R,595,R,2590,R,427
178341,11,R,1145,R,350,R,183,R,612
178341,12,R,210,R,120,R,31,R,59
178369,1,R,1825,R,335,R,347,R,1143
178369,2,R,1756,R,310,R,336,R,1110
178369,3,R,1416,R,146,R,302,R,968
178369,11,R,340,R,164,R,34,R,142
178369,12,R,69,R,25,R,11,R,33
178387,1,R,4325,R,388,R,2173,R,1764
178387,2,R,4067,R,272,R,2055,R,1740
178387,3,R,2587,R,231,R,1950,R,406
178387,11,R,1480,R,41,R,105,R,1334
178387,12,R,258,R,116,R,118,R,24
178396,1,R,33430,R,5177,R,20077,R,8176
178396,2,R,25033,R,1892,R,17858,R,5283
178396,3,R,24040,R,1359,R,17765,R,4916
178396,11,R,993,R,533,R,93,R,367
178396,12,R,8397,R,3285,R,2219,R,2893
178402,1,R,17378,R,916,R,5893,R,10569
178402,2,R,11533,R,117,R,4310,R,7106
178402,3,R,7325,R,75,R,4277,R,2973
178402,11,R,4208,R,42,R,33,R,4133
178402,12,R,5845,R,799,R,1583,R,3463
178411,1,R,7655,R,115,R,3735,R,3805
178411,2,R,5716,R,80,R,3200,R,2436
178411,3,R,5607,R,30,R,3183,R,2394
178411,11,R,109,R,50,R,17,R,42
178411,12,R,1939,R,35,R,535,R,1369
178420,1,R,17495,R,3198,R,5270,R,9027
178420,2,R,14394,R,2362,R,3940,R,8092
178420,3,R,5962,R,1612,R,3781,R,569
178420,11,R,8432,R,750,R,159,R,7523
178420,12,R,3101,R,836,R,1330,R,935
178448,1,R,6740,R,2682,R,2516,R,1542
178448,2,R,6740,R,2682,R,2516,R,1542
178448,3,R,3715,R,1478,R,1693,R,544
178448,11,R,3025,R,1204,R,823,R,998
178518,1,R,186,R,62,R,124,R,0
178518,12,R,186,R,62,R,124,R,0
178527,1,R,89,A,,A,,R,89
178527,2,R,89,A,,A,,R,89
178527,3,R,89,A,,A,,R,89
178615,1,R,3994,R,741,R,2309,R,944
178615,2,R,3525,R,562,R,2107,R,856
178615,3,R,2793,R,43,R,2097,R,653
178615,11,R,732,R,519,R,10,R,203
178615,12,R,469,R,179,R,202,R,88
178624,1,R,12279,R,4631,R,1566,R,6082
178624,2,R,6140,R,1162,R,1453,R,3525
178624,3,R,4970,R,931,R,1404,R,2635
178624,11,R,1170,R,231,R,49,R,890
178624,12,R,6139,R,3469,R,113,R,2557
178679,1,R,799,R,120,R,345,R,334
178679,2,R,682,R,99,R,249,R,334
178679,3,R,675,R,96,R,249,R,330
178679,11,R,7,R,3,R,0,R,4
178679,12,R,117,R,21,R,96,R,0
178697,1,R,1609,R,0,R,152,R,1457
178697,2,R,1609,R,0,R,152,R,1457
178697,3,R,1594,R,0,R,152,R,1442
178697,11,R,15,R,0,R,0,R,15
178721,1,R,8746,R,5915,R,2428,R,403
178721,2,R,7211,R,4880,R,2036,R,295
178721,3,R,6954,R,4678,R,2016,R,260
178721,11,R,257,R,202,R,20,R,35
178721,12,R,1535,R,1035,R,392,R,108
178767,1,R,133,R,0,R,53,R,80
178767,2,R,133,R,0,R,53,R,80
178767,3,R,133,R,0,R,53,R,80
178828,1,R,16,A,,A,,R,16
178828,2,R,16,A,,A,,R,16
178828,3,R,16,A,,A,,R,16
178891,1,R,2057,R,104,R,1402,R,551
178891,2,R,2057,R,104,R,1402,R,551
178891,3,R,2048,R,104,R,1396,R,548
178891,11,R,9,R,0,R,6,R,3
178989,1,R,358,R,5,R,52,R,301
178989,2,R,301,A,,A,,R,301
178989,3,R,301,A,,A,,R,301
178989,12,R,57,R,5,R,52,R,0
179043,1,R,4068,R,965,R,1700,R,1403
179043,2,R,2622,R,265,R,1150,R,1207
179043,3,R,1833,R,227,R,1147,R,459
179043,11,R,789,R,38,R,3,R,748
179043,12,R,1446,R,700,R,550,R,196
179159,1,R,19321,R,1489,R,6105,R,11727
179159,2,R,11619,R,936,R,2582,R,8101
179159,3,R,7919,R,880,R,2576,R,4463
179159,11,R,3700,R,56,R,6,R,3638
179159,12,R,7702,R,553,R,3523,R,3626
179195,1,R,46,A,,A,,R,46
179195,2,R,46,A,,A,,R,46
179195,3,R,46,A,,A,,R,46
179265,1,R,654,R,0,R,122,R,532
179265,2,R,288,R,0,R,106,R,182
179265,3,R,281,R,0,R,106,R,175
179265,11,R,7,R,0,R,0,R,7
179265,12,R,366,R,0,R,16,R,350
179308,1,R,21669,R,6020,R,6634,R,9015
179308,2,R,21669,R,6020,R,6634,R,9015
179308,3,R,14843,R,3559,R,5677,R,5607
179308,11,R,6826,R,2461,R,957,R,3408
179317,1,R,115,R,26,R,87,R,2
179317,12,R,115,R,26,R,87,R,2
179326,1,R,2469,R,146,R,972,R,1351
179326,2,R,1841,R,30,R,780,R,1031
179326,3,R,1471,R,28,R,757,R,686
179326,11,R,370,R,2,R,23,R,345
179326,12,R,628,R,116,R,192,R,320
179344,1,R,2240,R,853,R,854,R,533
179344,2,R,2240,R,853,R,854,R,533
179344,3,R,1166,R,432,R,614,R,120
179344,11,R,1074,R,421,R,240,R,413
179511,1,R,203,Z,0,R,203,R,0
179511,2,R,203,Z,0,R,203,R,0
179511,3,R,203,Z,0,R,203,R,0
179539,1,R,4947,R,1959,R,1923,R,1065
179539,2,R,4947,R,1959,R,1923,R,1065
179539,3,R,3117,R,1289,R,1617,R,211
179539,11,R,1830,R,670,R,306,R,854
179548,1,R,585,R,45,R,356,R,184
179548,2,R,401,R,9,R,208,R,184
179548,3,R,401,R,9,R,208,R,184
179548,12,R,184,R,36,R,148,R,0
179557,1,R,10995,R,2208,R,6969,R,1818
179557,2,R,9015,R,1739,R,5676,R,1600
179557,3,R,7298,R,1020,R,4879,R,1399
179557,11,R,1717,R,719,R,797,R,201
179557,12,R,1980,R,469,R,1293,R,218
179566,1,R,27054,R,4849,R,11935,R,10270
179566,2,R,21763,R,2417,R,10180,R,9166
179566,3,R,14310,R,2133,R,9925,R,2252
179566,11,R,7453,R,284,R,255,R,6914
179566,12,R,5291,R,2432,R,1755,R,1104
179645,1,R,3410,R,1680,R,1436,R,294
179645,2,R,3410,R,1680,R,1436,R,294
179645,3,R,2356,R,1082,R,1144,R,130
179645,11,R,1054,R,598,R,292,R,164
179715,1,R,2598,R,1089,R,1026,R,483
179715,2,R,2598,R,1089,R,1026,R,483
179715,3,R,1639,R,569,R,857,R,213
179715,11,R,959,R,520,R,169,R,270
179812,1,R,2061,R,0,R,637,R,1424
179812,12,R,2061,R,0,R,637,R,1424
179867,1,R,18015,R,1011,R,3349,R,13655
179867,2,R,9064,R,519,R,1007,R,7538
179867,3,R,8149,R,208,R,865,R,7076
179867,11,R,915,R,311,R,142,R,462
179867,12,R,8951,R,492,R,2342,R,6117
179894,1,R,10103,R,2911,R,5421,R,1771
179894,2,R,2621,R,397,R,1429,R,795
179894,3,R,2553,R,390,R,1426,R,737
179894,11,R,68,R,7,R,3,R,58
179894,12,R,7482,R,2514,R,3992,R,976
179946,1,R,625,R,18,R,279,R,328
179946,2,R,625,R,18,R,279,R,328
179946,3,R,612,R,18,R,266,R,328
179946,11,R,13,R,0,R,13,R,0
179955,1,R,948,R,4,R,628,R,316
179955,2,R,907,R,4,R,628,R,275
179955,3,R,907,R,4,R,628,R,275
179955,12,R,41,A,,A,,R,41
179964,1,R,2384,R,1410,R,593,R,381
179964,2,R,1426,R,676,R,518,R,232
179964,3,R,1374,R,665,R,518,R,191
179964,11,R,52,R,11,R,0,R,41
179964,12,R,958,R,734,R,75,R,149
179991,1,R,49,A,,A,,R,49
179991,2,R,49,A,,A,,R,49
179991,3,R,49,A,,A,,R,49
180054,1,R,418,R,0,R,301,R,117
180054,2,R,418,R,0,R,301,R,117
180054,3,R,361,R,0,R,301,R,60
180054,11,R,57,R,0,R,0,R,57
180063,1,R,30,A,,A,,R,30
180063,2,R,30,A,,A,,R,30
180063,3,R,30,A,,A,,R,30
180081,1,R,916,R,122,R,206,R,588
180081,2,R,916,R,122,R,206,R,588
180081,3,R,411,R,16,R,179,R,216
180081,11,R,505,R,106,R,27,R,372
180090,1,R,111,A,,A,,R,111
180090,2,R,111,A,,A,,R,111
180090,3,R,111,A,,A,,R,111
180106,1,R,1141,R,10,R,353,R,778
180106,2,R,1100,R,5,R,317,R,778
180106,3,R,1078,R,5,R,316,R,757
180106,11,R,22,Z,0,R,1,R,21
180106,12,R,41,R,5,R,36,R,0
180151,1,R,813,R,178,R,84,R,551
180151,2,R,813,R,178,R,84,R,551
180151,3,R,352,R,37,R,76,R,239
180151,11,R,461,R,141,R,8,R,312
180160,1,R,408,R,13,R,0,R,395
180160,2,R,408,R,13,R,0,R,395
180160,3,R,358,R,0,R,0,R,358
180160,11,R,50,R,13,R,0,R,37
180179,1,R,5275,R,1158,R,2479,R,1638
180179,2,R,4891,R,986,R,2281,R,1624
180179,3,R,3252,R,601,R,2055,R,596
180179,11,R,1639,R,385,R,226,R,1028
180179,12,R,384,R,172,R,198,R,14
180197,1,R,3299,R,403,R,792,R,2104
180197,2,R,3299,R,403,R,792,R,2104
180197,3,R,1441,R,209,R,631,R,601
180197,11,R,1858,R,194,R,161,R,1503
180203,1,R,239,A,,A,,R,239
180203,2,R,239,A,,A,,R,239
180203,3,R,148,A,,A,,R,148
180203,11,R,91,A,,A,,R,91
180212,1,R,699,R,388,R,185,R,126
180212,2,R,699,R,388,R,185,R,126
180212,3,R,542,R,335,R,155,R,52
180212,11,R,157,R,53,R,30,R,74
180249,1,R,1996,R,795,R,724,R,477
180249,2,R,1996,R,795,R,724,R,477
180249,3,R,1194,R,435,R,620,R,139
180249,11,R,802,R,360,R,104,R,338
180258,1,R,914,R,451,R,385,R,78
180258,2,R,694,R,234,R,385,R,75
180258,3,R,694,R,234,R,385,R,75
180258,12,R,220,R,217,Z,0,R,3
180276,1,R,1965,R,508,R,467,R,990
180276,2,R,1965,R,508,R,467,R,990
180276,3,R,798,R,235,R,420,R,143
180276,11,R,1167,R,273,R,47,R,847
180328,1,R,490,A,,A,,R,490
180328,2,R,490,A,,A,,R,490
180328,3,R,472,A,,A,,R,472
180328,11,R,18,A,,A,,R,18
180373,1,R,1302,R,778,R,406,R,118
180373,2,R,1302,R,778,R,406,R,118
180373,3,R,444,R,142,R,250,R,52
180373,11,R,858,R,636,R,156,R,66
180416,1,R,1785,R,157,R,498,R,1130
180416,2,R,1553,R,36,R,484,R,1033
180416,3,R,1519,R,13,R,483,R,1023
180416,11,R,34,R,23,R,1,R,10
180416,12,R,232,R,121,R,14,R,97
180461,1,R,18998,R,1245,R,5932,R,11821
180461,2,R,16436,R,811,R,5185,R,10440
180461,3,R,15358,R,759,R,5137,R,9462
180461,11,R,1078,R,52,R,48,R,978
180461,12,R,2562,R,434,R,747,R,1381
180489,1,R,12702,R,1836,R,5184,R,5682
180489,2,R,9366,R,949,R,4719,R,3698
180489,3,R,7808,R,782,R,4642,R,2384
180489,11,R,1558,R,167,R,77,R,1314
180489,12,R,3336,R,887,R,465,R,1984
180522,1,R,1262,R,298,R,617,R,347
180522,2,R,1212,R,248,R,617,R,347
180522,3,R,924,R,175,R,601,R,148
180522,11,R,288,R,73,R,16,R,199
180522,12,R,50,R,50,R,0,R,0
180595,1,R,1108,R,17,R,510,R,581
180595,2,R,842,R,6,R,510,R,326
180595,3,R,834,R,3,R,510,R,321
180595,11,R,8,R,3,R,0,R,5
180595,12,R,266,R,11,R,0,R,255
180647,1,R,925,R,0,R,713,R,212
180647,2,R,868,R,0,R,674,R,194
180647,3,R,748,R,0,R,636,R,112
180647,11,R,120,R,0,R,38,R,82
180647,12,R,57,R,0,R,39,R,18
180692,1,R,1782,R,295,R,122,R,1365
180692,2,R,1755,R,268,R,122,R,1365
180692,3,R,1428,R,268,R,121,R,1039
180692,11,R,327,R,0,R,1,R,326
180692,12,R,27,R,27,Z,0,R,0
180814,1,R,20201,R,19277,R,589,R,335
180814,2,R,15332,R,14589,R,433,R,310
180814,3,R,14289,R,13570,R,425,R,294
180814,11,R,1043,R,1019,R,8,R,16
180814,12,R,4869,R,4688,R,156,R,25
180832,1,R,1339,R,851,R,486,R,2
180832,2,R,742,R,303,R,438,R,1
180832,3,R,741,R,303,R,437,R,1
180832,11,R,1,R,0,R,1,R,0
180832,12,R,597,R,548,R,48,R,1
180878,1,R,987,R,116,R,424,R,447
180878,2,R,815,R,89,R,401,R,325
180878,3,R,569,R,26,R,372,R,171
180878,11,R,246,R,63,R,29,R,154
180878,12,R,172,R,27,R,23,R,122
180902,1,R,9995,R,5890,R,2451,R,1654
180902,2,R,9995,R,5890,R,2451,R,1654
180902,3,R,4291,R,1547,R,2010,R,734
180902,11,R,5704,R,4343,R,441,R,920
180948,1,R,2619,R,1479,R,682,R,458
180948,2,R,2053,R,923,R,673,R,457
180948,3,R,1790,R,675,R,673,R,442
180948,11,R,263,R,248,R,0,R,15
180948,12,R,566,R,556,R,9,R,1
180957,1,R,105,A,,A,,R,105
180957,2,R,105,A,,A,,R,105
180957,3,R,105,A,,A,,R,105
180984,1,R,3966,R,753,R,867,R,2346
180984,2,R,3225,R,13,R,866,R,2346
180984,3,R,1350,R,10,R,865,R,475
180984,11,R,1875,R,3,R,1,R,1871
180984,12,R,741,R,740,R,1,R,0
181002,1,R,9884,R,1672,R,4046,R,4166
181002,2,R,4980,R,407,R,2951,R,1622
181002,3,R,4462,R,191,R,2855,R,1416
181002,11,R,518,R,216,R,96,R,206
181002,12,R,4904,R,1265,R,1095,R,2544
181020,1,R,2427,R,406,R,0,R,2021
181020,2,R,1310,R,258,R,0,R,1052
181020,3,R,1038,R,59,R,0,R,979
181020,11,R,272,R,199,R,0,R,73
181020,12,R,1117,R,148,R,0,R,969
181127,1,R,1043,R,0,R,303,R,740
181127,2,R,1017,R,0,R,303,R,714
181127,3,R,979,R,0,R,298,R,681
181127,11,R,38,R,0,R,5,R,33
181127,12,R,26,A,,A,,R,26
181145,1,R,25,A,,A,,R,25
181145,2,R,25,A,,A,,R,25
181145,3,R,25,A,,A,,R,25
181190,1,R,137,A,,A,,R,137
181190,2,R,137,A,,A,,R,137
181190,3,R,137,A,,A,,R,137
181215,1,R,7218,R,3365,R,1966,R,1887
181215,2,R,4666,R,1034,R,1811,R,1821
181215,3,R,4489,R,995,R,1794,R,1700
181215,11,R,177,R,39,R,17,R,121
181215,12,R,2552,R,2331,R,155,R,66
181297,1,R,1175,R,417,R,717,R,41
181297,2,R,852,R,134,R,677,R,41
181297,3,R,813,R,102,R,676,R,35
181297,11,R,39,R,32,R,1,R,6
181297,12,R,323,R,283,R,40,R,0
181303,1,R,24188,R,6150,R,5319,R,12719
181303,2,R,24188,R,6150,R,5319,R,12719
181303,3,R,12632,R,4096,R,4109,R,4427
181303,11,R,11556,R,2054,R,1210,R,8292
181312,1,R,2831,R,782,R,977,R,1072
181312,2,R,2831,R,782,R,977,R,1072
181312,3,R,1146,R,283,R,609,R,254
181312,11,R,1685,R,499,R,368,R,818
181330,1,R,1867,R,348,R,570,R,949
181330,2,R,1514,R,4,R,562,R,948
181330,3,R,1279,R,2,R,562,R,715
181330,11,R,235,R,2,R,0,R,233
181330,12,R,353,R,344,R,8,R,1
181394,1,R,17737,R,4906,R,8331,R,4500
181394,2,R,13664,R,2934,R,7319,R,3411
181394,3,R,12975,R,2653,R,7248,R,3074
181394,11,R,689,R,281,R,71,R,337
181394,12,R,4073,R,1972,R,1012,R,1089
181419,1,R,919,R,575,R,26,R,318
181419,2,R,919,R,575,R,26,R,318
181419,3,R,495,R,474,R,21,R,0
181419,11,R,424,R,101,R,5,R,318
181428,1,R,4194,R,737,R,381,R,3076
181428,2,R,1051,R,188,R,8,R,855
181428,3,R,983,R,145,R,8,R,830
181428,11,R,68,R,43,Z,0,R,25
181428,12,R,3143,R,549,R,373,R,2221
181446,1,R,4462,R,113,R,886,R,3463
181446,2,R,4241,R,27,R,838,R,3376
181446,3,R,1615,R,24,R,835,R,756
181446,11,R,2626,R,3,R,3,R,2620
181446,12,R,221,R,86,R,48,R,87
181464,1,R,25883,R,2298,R,18005,R,5580
181464,2,R,20244,R,456,R,16865,R,2923
181464,3,R,19627,R,321,R,16512,R,2794
181464,11,R,617,R,135,R,353,R,129
181464,12,R,5639,R,1842,R,1140,R,2657
181491,1,R,6815,R,2000,R,2224,R,2591
181491,2,R,6815,R,2000,R,2224,R,2591
181491,3,R,2798,R,695,R,1574,R,529
181491,11,R,4017,R,1305,R,650,R,2062
181534,1,R,2262,R,896,R,424,R,942
181534,2,R,1962,R,605,R,423,R,934
181534,3,R,1231,R,475,R,414,R,342
181534,11,R,731,R,130,R,9,R,592
181534,12,R,300,R,291,R,1,R,8
181543,1,R,24,R,8,R,1,R,15
181543,2,R,24,R,8,R,1,R,15
181543,3,R,18,R,5,R,1,R,12
181543,11,R,6,R,3,Z,0,R,3
181604,1,R,856,R,102,R,477,R,277
181604,2,R,570,R,19,R,364,R,187
181604,3,R,499,R,4,R,363,R,132
181604,11,R,71,R,15,R,1,R,55
181604,12,R,286,R,83,R,113,R,90
181640,1,R,13995,R,4358,R,4619,R,5018
181640,2,R,13995,R,4358,R,4619,R,5018
181640,3,R,8069,R,2014,R,3569,R,2486
181640,11,R,5926,R,2344,R,1050,R,2532
181738,1,R,754,R,0,R,41,R,713
181738,2,R,654,R,0,R,41,R,613
181738,3,R,489,R,0,R,41,R,448
181738,11,R,165,R,0,R,0,R,165
181738,12,R,100,R,0,R,0,R,100
181765,1,R,286,R,41,R,0,R,245
181765,2,R,286,R,41,R,0,R,245
181765,3,R,244,R,0,R,0,R,244
181765,11,R,42,R,41,R,0,R,1
181783,1,R,5949,R,1188,R,2044,R,2717
181783,2,R,4696,R,414,R,1887,R,2395
181783,3,R,3232,R,340,R,1878,R,1014
181783,11,R,1464,R,74,R,9,R,1381
181783,12,R,1253,R,774,R,157,R,322
181817,1,R,1948,R,117,R,599,R,1232
181817,2,R,1948,R,117,R,599,R,1232
181817,3,R,1103,R,92,R,482,R,529
181817,11,R,845,R,25,R,117,R,703
181853,1,R,759,R,180,R,210,R,369
181853,2,R,567,R,33,R,165,R,369
181853,3,R,466,R,33,R,165,R,268
181853,11,R,101,Z,0,Z,0,R,101
181853,12,R,192,R,147,R,45,R,0
181880,1,R,353,A,,A,,R,353
181880,2,R,353,A,,A,,R,353
181880,3,R,353,A,,A,,R,353
182005,1,R,39425,R,10958,R,15794,R,12673
182005,2,R,39425,R,10958,R,15794,R,12673
182005,3,R,31623,R,9232,R,14037,R,8354
182005,11,R,7802,R,1726,R,1757,R,4319
182148,1,R,763,R,7,R,462,R,294
182148,2,R,763,R,7,R,462,R,294
182148,3,R,763,R,7,R,462,R,294
182281,1,R,35921,R,3874,R,22640,R,9407
182281,2,R,29575,R,3103,R,20438,R,6034
182281,3,R,27037,R,2851,R,20297,R,3889
182281,11,R,2538,R,252,R,141,R,2145
182281,12,R,6346,R,771,R,2202,R,3373
182290,1,R,26890,R,1903,R,10217,R,14770
182290,2,R,22315,R,506,R,9579,R,12230
182290,3,R,16846,R,440,R,9464,R,6942
182290,11,R,5469,R,66,R,115,R,5288
182290,12,R,4575,R,1397,R,638,R,2540
182306,1,R,4266,R,2960,R,1019,R,287
182306,2,R,4266,R,2960,R,1019,R,287
182306,3,R,2543,R,1593,R,786,R,164
182306,11,R,1723,R,1367,R,233,R,123
182500,1,R,13953,R,4846,R,4880,R,4227
182500,2,R,13953,R,4846,R,4880,R,4227
182500,3,R,9081,R,2743,R,3932,R,2406
182500,11,R,4872,R,2103,R,948,R,1821
182564,1,R,5583,R,1435,R,1409,R,2739
182564,2,R,5583,R,1435,R,1409,R,2739
182564,3,R,2518,R,995,R,977,R,546
182564,11,R,3065,R,440,R,432,R,2193
182634,1,R,1120,R,208,R,750,R,162
182634,2,R,983,R,81,R,740,R,162
182634,3,R,822,R,81,R,740,R,1
182634,11,R,161,R,0,R,0,R,161
182634,12,R,137,R,127,R,10,R,0
182670,1,R,7434,R,24,R,302,R,7108
182670,2,R,5017,A,,A,,R,5017
182670,3,R,4897,A,,A,,R,4897
182670,11,R,120,A,,A,,R,120
182670,12,R,2417,R,24,R,302,R,2091
182704,1,R,116,A,,A,,R,116
182704,2,R,116,A,,A,,R,116
182704,3,R,116,A,,A,,R,116
182722,1,R,235,A,,A,,R,235
182722,2,R,235,A,,A,,R,235
182722,3,R,235,A,,A,,R,235
182795,1,R,1972,R,413,R,753,R,806
182795,2,R,1214,R,220,R,578,R,416
182795,3,R,1173,R,192,R,577,R,404
182795,11,R,41,R,28,R,1,R,12
182795,12,R,758,R,193,R,175,R,390
182829,1,R,701,R,46,R,345,R,310
182829,12,R,701,R,46,R,345,R,310
182892,1,R,94,A,,A,,R,94
182892,2,R,94,A,,A,,R,94
182892,3,R,94,A,,A,,R,94
182980,1,R,4152,R,1042,R,2158,R,952
182980,2,R,1229,R,343,R,610,R,276
182980,3,R,1186,R,331,R,596,R,259
182980,11,R,43,R,12,R,14,R,17
182980,12,R,2923,R,699,R,1548,R,676
183026,1,R,255134,R,242090,R,1693,R,11351
183026,2,R,212123,R,204811,R,1533,R,5779
183026,3,R,206820,R,202945,R,1525,R,2350
183026,11,R,5303,R,1866,R,8,R,3429
183026,12,R,43011,R,37279,R,160,R,5572
183035,1,R,30,A,,A,,R,30
183035,2,R,30,A,,A,,R,30
183035,3,R,30,A,,A,,R,30
183044,1,R,14676,R,940,R,5515,R,8221
183044,2,R,12025,R,215,R,4960,R,6850
183044,3,R,11649,R,97,R,4938,R,6614
183044,11,R,376,R,118,R,22,R,236
183044,12,R,2651,R,725,R,555,R,1371
183062,1,R,3123,R,156,R,442,R,2525
183062,2,R,2938,R,78,R,369,R,2491
183062,3,R,2846,R,52,R,364,R,2430
183062,11,R,92,R,26,R,5,R,61
183062,12,R,185,R,78,R,73,R,34
183071,1,R,1586,R,699,R,516,R,371
183071,2,R,1218,R,547,R,406,R,265
183071,3,R,1174,R,524,R,405,R,245
183071,11,R,44,R,23,R,1,R,20
183071,12,R,368,R,152,R,110,R,106
183080,1,R,4102,R,292,R,2364,R,1446
183080,2,R,3429,R,27,R,2144,R,1258
183080,3,R,3380,R,24,R,2122,R,1234
183080,11,R,49,R,3,R,22,R,24
183080,12,R,673,R,265,R,220,R,188
183099,1,R,4978,R,1108,R,1159,R,2711
183099,2,R,4978,R,1108,R,1159,R,2711
183099,3,R,2787,R,754,R,1086,R,947
183099,11,R,2191,R,354,R,73,R,1764
183105,1,R,1400,R,230,R,373,R,797
183105,2,R,1400,R,230,R,373,R,797
183105,3,R,689,R,131,R,326,R,232
183105,11,R,711,R,99,R,47,R,565
183114,1,R,2343,R,295,R,569,R,1479
183114,2,R,2343,R,295,R,569,R,1479
183114,3,R,923,R,198,R,507,R,218
183114,11,R,1420,R,97,R,62,R,1261
183123,1,R,1998,R,267,R,388,R,1343
183123,2,R,1998,R,267,R,388,R,1343
183123,3,R,633,R,81,R,326,R,226
183123,11,R,1365,R,186,R,62,R,1117
183132,1,R,5528,R,686,R,1056,R,3786
183132,2,R,5528,R,686,R,1056,R,3786
183132,3,R,2192,R,395,R,944,R,853
183132,11,R,3336,R,291,R,112,R,2933
183141,1,R,3340,R,458,R,728,R,2154
183141,2,R,3340,R,458,R,728,R,2154
183141,3,R,1511,R,240,R,653,R,618
183141,11,R,1829,R,218,R,75,R,1536
183150,1,R,3995,R,394,R,954,R,2647
183150,2,R,3995,R,394,R,954,R,2647
183150,3,R,1647,R,200,R,869,R,578
183150,11,R,2348,R,194,R,85,R,2069
183202,1,R,100,A,,A,,R,100
183202,2,R,100,A,,A,,R,100
183202,3,R,100,A,,A,,R,100
183211,1,R,3434,R,827,R,778,R,1829
183211,2,R,1491,R,280,R,271,R,940
183211,3,R,1459,R,260,R,271,R,928
183211,11,R,32,R,20,Z,0,R,12
183211,12,R,1943,R,547,R,507,R,889
183239,1,R,2143,R,34,R,758,R,1351
183239,2,R,2116,R,33,R,732,R,1351
183239,3,R,2090,R,29,R,731,R,1330
183239,11,R,26,R,4,R,1,R,21
183239,12,R,27,R,1,R,26,R,0
183248,1,R,170,A,,A,,R,170
183248,2,R,170,A,,A,,R,170
183248,3,R,154,A,,A,,R,154
183248,11,R,16,A,,A,,R,16
183257,1,R,2257,R,2257,A,,A,
183257,2,R,1997,R,1997,A,,A,
183257,3,R,1653,R,1653,A,,A,
183257,11,R,344,R,344,A,,A,
183257,12,R,260,R,260,A,,A,
183275,1,R,100,A,,A,,R,100
183275,2,R,100,A,,A,,R,100
183275,3,R,100,A,,A,,R,100
183488,1,R,1139,R,0,R,1114,R,25
183488,2,R,1139,R,0,R,1114,R,25
183488,3,R,1139,R,0,R,1114,R,25
183600,1,R,36,A,,A,,R,36
183600,2,R,36,A,,A,,R,36
183600,3,R,36,A,,A,,R,36
183655,1,R,7382,R,3693,R,2417,R,1272
183655,2,R,7382,R,3693,R,2417,R,1272
183655,3,R,5265,R,1831,R,2298,R,1136
183655,11,R,2117,R,1862,R,119,R,136
183725,1,R,655,R,0,R,203,R,452
183725,2,R,655,R,0,R,203,R,452
183725,3,R,655,R,0,R,203,R,452
183743,1,R,16693,R,0,R,11229,R,5464
183743,2,R,16693,R,0,R,11229,R,5464
183743,3,R,13187,R,0,R,9031,R,4156
183743,11,R,3506,R,0,R,2198,R,1308
183789,1,R,2833,R,1399,R,1027,R,407
183789,2,R,2694,R,1306,R,1006,R,382
183789,3,R,2499,R,1217,R,1000,R,282
183789,11,R,195,R,89,R,6,R,100
183789,12,R,139,R,93,R,21,R,25
183804,1,R,10102,A,,A,,R,10102
183804,2,R,4483,A,,A,,R,4483
183804,3,R,4483,A,,A,,R,4483
183804,12,R,5619,A,,A,,R,5619
183822,1,R,967,R,43,R,780,R,144
183822,2,R,961,R,41,R,777,R,143
183822,3,R,957,R,41,R,776,R,140
183822,11,R,4,R,0,R,1,R,3
183822,12,R,6,R,2,R,3,R,1
183859,1,R,14556,R,2392,R,4913,R,7251
183859,2,R,14556,R,2392,R,4913,R,7251
183859,3,R,9911,R,994,R,4585,R,4332
183859,11,R,4645,R,1398,R,328,R,2919
183877,1,R,11735,R,5416,R,3057,R,3262
183877,2,R,11735,R,5416,R,3057,R,3262
183877,3,R,8357,R,4737,R,2869,R,751
183877,11,R,3378,R,679,R,188,R,2511
183910,1,R,2068,R,59,R,896,R,1113
183910,2,R,1548,R,0,R,722,R,826
183910,3,R,1516,R,0,R,705,R,811
183910,11,R,32,R,0,R,17,R,15
183910,12,R,520,R,59,R,174,R,287
183938,1,R,15292,R,4057,R,4009,R,7226
183938,2,R,15292,R,4057,R,4009,R,7226
183938,3,R,8765,R,2291,R,3776,R,2698
183938,11,R,6527,R,1766,R,233,R,4528
183974,1,R,1740,R,385,R,911,R,444
183974,2,R,1022,R,37,R,740,R,245
183974,3,R,994,R,32,R,727,R,235
183974,11,R,28,R,5,R,13,R,10
183974,12,R,718,R,348,R,171,R,199
183983,1,R,155,A,,A,,R,155
183983,2,R,155,A,,A,,R,155
183983,3,R,155,A,,A,,R,155
184056,1,R,1045,A,,A,,R,1045
184056,2,R,1045,A,,A,,R,1045
184056,3,R,1045,A,,A,,R,1045
184092,1,R,1147,R,0,R,968,R,179
184092,2,R,1147,R,0,R,968,R,179
184092,3,R,1147,R,0,R,968,R,179
184180,1,R,8995,R,1755,R,4283,R,2957
184180,2,R,8995,R,1755,R,4283,R,2957
184180,3,R,6546,R,680,R,3883,R,1983
184180,11,R,2449,R,1075,R,400,R,974
184205,1,R,4418,R,997,R,1854,R,1567
184205,2,R,4418,R,997,R,1854,R,1567
184205,3,R,2512,R,759,R,1373,R,380
184205,11,R,1906,R,238,R,481,R,1187
184348,1,R,2502,R,81,R,487,R,1934
184348,2,R,1763,R,0,R,73,R,1690
184348,3,R,1546,R,0,R,57,R,1489
184348,11,R,217,R,0,R,16,R,201
184348,12,R,739,R,81,R,414,R,244
184427,1,R,529,A,,A,,R,529
184427,2,R,529,A,,A,,R,529
184427,3,R,529,A,,A,,R,529
184481,1,R,9358,R,1250,R,4240,R,3868
184481,2,R,9358,R,1250,R,4240,R,3868
184481,3,R,7558,R,1044,R,4068,R,2446
184481,11,R,1800,R,206,R,172,R,1422
184506,1,R,188,A,,A,,R,188
184506,2,R,188,A,,A,,R,188
184506,3,R,188,A,,A,,R,188
184603,1,R,8836,R,1717,R,1451,R,5668
184603,2,R,6194,R,530,R,1189,R,4475
184603,3,R,3020,R,518,R,1178,R,1324
184603,11,R,3174,R,12,R,11,R,3151
184603,12,R,2642,R,1187,R,262,R,1193
184612,1,R,2761,R,278,R,1642,R,841
184612,2,R,2130,R,132,R,1552,R,446
184612,3,R,1968,R,75,R,1471,R,422
184612,11,R,162,R,57,R,81,R,24
184612,12,R,631,R,146,R,90,R,395
184694,1,R,3238,R,290,R,1188,R,1760
184694,2,R,2202,R,81,R,877,R,1244
184694,3,R,2058,R,77,R,871,R,1110
184694,11,R,144,R,4,R,6,R,134
184694,12,R,1036,R,209,R,311,R,516
184746,1,R,221,A,,A,,R,221
184746,2,R,221,A,,A,,R,221
184746,3,R,221,A,,A,,R,221
184773,1,R,2270,R,391,R,830,R,1049
184773,2,R,1719,R,99,R,769,R,851
184773,3,R,1296,R,94,R,768,R,434
184773,11,R,423,R,5,R,1,R,417
184773,12,R,551,R,292,R,61,R,198
184782,1,R,22902,R,3783,R,12442,R,6677
184782,2,R,17132,R,2165,R,11057,R,3910
184782,3,R,16334,R,1949,R,11037,R,3348
184782,11,R,798,R,216,R,20,R,562
184782,12,R,5770,R,1618,R,1385,R,2767
184791,1,R,7961,R,3104,R,3486,R,1371
184791,2,R,7961,R,3104,R,3486,R,1371
184791,3,R,5397,R,1632,R,3042,R,723
184791,11,R,2564,R,1472,R,444,R,648
184816,1,R,215,A,,A,,R,215
184816,2,R,215,A,,A,,R,215
184816,3,R,215,A,,A,,R,215
184959,1,R,1074,R,0,R,1030,R,44
184959,2,R,1074,R,0,R,1030,R,44
184959,3,R,1074,R,0,R,1030,R,44
184968,1,R,185,A,,A,,R,185
184968,2,R,185,A,,A,,R,185
184968,3,R,185,A,,A,,R,185
184995,1,R,10498,R,3580,R,3768,R,3150
184995,2,R,10498,R,3580,R,3768,R,3150
184995,3,R,8603,R,2372,R,3289,R,2942
184995,11,R,1895,R,1208,R,479,R,208
185129,1,R,7008,R,2142,R,3705,R,1161
185129,2,R,4830,R,536,R,3270,R,1024
185129,3,R,4582,R,493,R,3242,R,847
185129,11,R,248,R,43,R,28,R,177
185129,12,R,2178,R,1606,R,435,R,137
185262,1,R,15610,R,1816,R,3533,R,10261
185262,2,R,13130,R,1634,R,3405,R,8091
185262,3,R,12187,R,1552,R,3398,R,7237
185262,11,R,943,R,82,R,7,R,854
185262,12,R,2480,R,182,R,128,R,2170
185396,1,R,2569,A,,A,,R,2569
185396,2,R,2569,A,,A,,R,2569
185396,3,R,2569,A,,A,,R,2569
185466,1,R,601,A,,A,,R,601
185466,2,R,601,A,,A,,R,601
185466,3,R,601,A,,A,,R,601
185509,1,R,8853,R,1499,R,3226,R,4128
185509,2,R,8853,R,1499,R,3226,R,4128
185509,3,R,6587,R,770,R,2946,R,2871
185509,11,R,2266,R,729,R,280,R,1257
185536,1,R,17222,R,2936,R,5763,R,8523
185536,2,R,17222,R,2936,R,5763,R,8523
185536,3,R,10223,R,868,R,5192,R,4163
185536,11,R,6999,R,2068,R,571,R,4360
185572,1,R,5323,R,292,R,2102,R,2929
185572,2,R,4043,R,51,R,1583,R,2409
185572,3,R,3986,R,35,R,1578,R,2373
185572,11,R,57,R,16,R,5,R,36
185572,12,R,1280,R,241,R,519,R,520
185590,1,R,25785,R,3081,R,16355,R,6349
185590,2,R,20151,R,1251,R,13910,R,4990
185590,3,R,19102,R,776,R,13822,R,4504
185590,11,R,1049,R,475,R,88,R,486
185590,12,R,5634,R,1830,R,2445,R,1359
185679,1,R,792,R,0,R,205,R,587
185679,2,R,792,R,0,R,205,R,587
185679,3,R,792,R,0,R,205,R,587
185721,1,R,714,R,0,R,714,R,0
185721,2,R,714,R,0,R,714,R,0
185721,3,R,714,R,0,R,714,R,0
185758,1,R,162,R,162,R,0,R,0
185758,12,R,162,R,162,R,0,R,0
185767,1,R,431,A,,A,,R,431
185767,2,R,431,A,,A,,R,431
185767,3,R,431,A,,A,,R,431
185828,1,R,14640,R,1014,R,5068,R,8558
185828,2,R,10578,R,51,R,3650,R,6877
185828,3,R,9332,R,46,R,3644,R,5642
185828,11,R,1246,R,5,R,6,R,1235
185828,12,R,4062,R,963,R,1418,R,1681
185873,1,R,12532,R,4041,R,2512,R,5979
185873,2,R,12532,R,4041,R,2512,R,5979
185873,3,R,7163,R,1757,R,2327,R,3079
185873,11,R,5369,R,2284,R,185,R,2900
185970,1,R,180,A,,A,,R,180
185970,2,R,180,A,,A,,R,180
185970,3,R,180,A,,A,,R,180
186016,1,R,736,A,,A,,R,736
186016,2,R,736,A,,A,,R,736
186016,3,R,736,A,,A,,R,736
186034,1,R,8178,R,1023,R,2560,R,4595
186034,2,R,8178,R,1023,R,2560,R,4595
186034,3,R,5779,R,705,R,2372,R,2702
186034,11,R,2399,R,318,R,188,R,1893
186052,1,R,1536,A,,A,,R,1536
186052,2,R,1536,A,,A,,R,1536
186052,3,R,1536,A,,A,,R,1536
186122,1,R,315,R,7,R,155,R,153
186122,12,R,315,R,7,R,155,R,153
186131,1,R,9042,A,,A,,R,9042
186131,2,R,5759,A,,A,,R,5759
186131,3,R,5652,A,,A,,R,5652
186131,11,R,107,A,,A,,R,107
186131,12,R,3283,A,,A,,R,3283
186186,1,R,323,A,,A,,R,323
186186,2,R,307,A,,A,,R,307
186186,3,R,307,A,,A,,R,307
186186,12,R,16,A,,A,,R,16
186201,1,R,6346,R,453,R,3020,R,2873
186201,2,R,5721,R,248,R,2786,R,2687
186201,3,R,5086,R,161,R,2740,R,2185
186201,11,R,635,R,87,R,46,R,502
186201,12,R,625,R,205,R,234,R,186
186274,1,R,396,A,,A,,R,396
186274,2,R,396,A,,A,,R,396
186274,3,R,396,A,,A,,R,396
186283,1,R,4932,R,647,R,2308,R,1977
186283,2,R,3807,R,264,R,1809,R,1734
186283,3,R,3337,R,152,R,1800,R,1385
186283,11,R,470,R,112,R,9,R,349
186283,12,R,1125,R,383,R,499,R,243
186371,1,R,6622,R,1507,R,3232,R,1883
186371,2,R,4484,R,834,R,2613,R,1037
186371,3,R,4243,R,734,R,2601,R,908
186371,11,R,241,R,100,R,12,R,129
186371,12,R,2138,R,673,R,619,R,846
186380,1,R,57297,R,5692,R,31220,R,20385
186380,2,R,41428,R,1823,R,27928,R,11677
186380,3,R,38826,R,1277,R,27852,R,9697
186380,11,R,2602,R,546,R,76,R,1980
186380,12,R,15869,R,3869,R,3292,R,8708
186399,1,R,12739,R,1565,R,5947,R,5227
186399,2,R,8803,R,401,R,4575,R,3827
186399,3,R,8098,R,254,R,4508,R,3336
186399,11,R,705,R,147,R,67,R,491
186399,12,R,3936,R,1164,R,1372,R,1400
186405,1,R,15,A,,A,,R,15
186405,2,R,15,A,,A,,R,15
186405,3,R,15,A,,A,,R,15
186423,1,R,53,A,,A,,R,53
186423,2,R,53,A,,A,,R,53
186423,3,R,53,A,,A,,R,53
186432,1,R,4961,R,1037,R,2878,R,1046
186432,2,R,3011,R,558,R,1436,R,1017
186432,3,R,2119,R,309,R,1353,R,457
186432,11,R,892,R,249,R,83,R,560
186432,12,R,1950,R,479,R,1442,R,29
186469,1,R,2084,R,212,R,775,R,1097
186469,2,R,2084,R,212,R,775,R,1097
186469,3,R,1168,R,169,R,695,R,304
186469,11,R,916,R,43,R,80,R,793
186584,1,R,12878,R,1100,R,3791,R,7987
186584,2,R,9048,R,68,R,2708,R,6272
186584,3,R,6244,R,53,R,2697,R,3494
186584,11,R,2804,R,15,R,11,R,2778
186584,12,R,3830,R,1032,R,1083,R,1715
186593,1,R,328,A,,A,,R,328
186593,2,R,328,A,,A,,R,328
186593,3,R,328,A,,A,,R,328
186618,1,R,1175,R,123,R,1029,R,23
186618,2,R,802,R,29,R,759,R,14
186618,3,R,687,R,29,R,644,R,14
186618,11,R,115,R,0,R,115,R,0
186618,12,R,373,R,94,R,270,R,9
186645,1,R,9716,R,2305,R,3440,R,3971
186645,2,R,9716,R,2305,R,3440,R,3971
186645,3,R,6554,R,873,R,3239,R,2442
186645,11,R,3162,R,1432,R,201,R,1529
186867,1,R,9650,R,1029,R,4806,R,3815
186867,2,R,4180,R,2,R,2042,R,2136
186867,3,R,4115,R,2,R,2042,R,2071
186867,11,R,65,R,0,R,0,R,65
186867,12,R,5470,R,1027,R,2764,R,1679
186876,1,R,12036,R,787,R,6049,R,5200
186876,2,R,10906,R,260,R,5758,R,4888
186876,3,R,8307,R,178,R,5736,R,2393
186876,11,R,2599,R,82,R,22,R,2495
186876,12,R,1130,R,527,R,291,R,312
186900,1,R,85,A,,A,,R,85
186900,2,R,85,A,,A,,R,85
186900,3,R,85,A,,A,,R,85
187000,1,R,855,A,,A,,R,855
187000,2,R,855,A,,A,,R,855
187000,3,R,855,A,,A,,R,855
187046,1,R,10924,R,10758,R,166,R,0
187046,2,R,9844,R,9678,R,166,R,0
187046,3,R,9579,R,9413,R,166,R,0
187046,11,R,265,R,265,R,0,R,0
187046,12,R,1080,R,1080,R,0,R,0
187134,1,R,8588,R,189,R,4444,R,3955
187134,2,R,7651,R,54,R,4001,R,3596
187134,3,R,7118,R,12,R,3775,R,3331
187134,11,R,533,R,42,R,226,R,265
187134,12,R,937,R,135,R,443,R,359
187198,1,R,11360,R,2555,R,4461,R,4344
187198,2,R,11360,R,2555,R,4461,R,4344
187198,3,R,9994,R,2042,R,4323,R,3629
187198,11,R,1366,R,513,R,138,R,715
187444,1,R,11608,R,5253,R,4515,R,1840
187444,2,R,7860,R,2673,R,3832,R,1355
187444,3,R,7749,R,2663,R,3829,R,1257
187444,11,R,111,R,10,R,3,R,98
187444,12,R,3748,R,2580,R,683,R,485
187505,1,R,781,A,,A,,R,781
187505,2,R,781,A,,A,,R,781
187505,3,R,781,A,,A,,R,781
187532,1,R,27915,R,11878,R,10109,R,5928
187532,2,R,27915,R,11878,R,10109,R,5928
187532,3,R,21878,R,8805,R,8922,R,4151
187532,11,R,6037,R,3073,R,1187,R,1777
187596,1,R,2004,R,147,R,1093,R,764
187596,2,R,1974,R,129,R,1083,R,762
187596,3,R,1368,R,128,R,1022,R,218
187596,11,R,606,R,1,R,61,R,544
187596,12,R,30,R,18,R,10,R,2
187620,1,R,8861,R,3531,R,3360,R,1970
187620,2,R,8861,R,3531,R,3360,R,1970
187620,3,R,6094,R,2265,R,2798,R,1031
187620,11,R,2767,R,1266,R,562,R,939
187639,1,R,3275,R,1234,R,869,R,1172
187639,2,R,3275,R,1234,R,869,R,1172
187639,3,R,1795,R,868,R,514,R,413
187639,11,R,1480,R,366,R,355,R,759
187648,1,R,7107,R,4630,R,1706,R,771
187648,2,R,5410,R,3235,R,1513,R,662
187648,3,R,4034,R,2362,R,1467,R,205
187648,11,R,1376,R,873,R,46,R,457
187648,12,R,1697,R,1395,R,193,R,109
187666,1,R,2918,R,872,R,918,R,1128
187666,2,R,2918,R,872,R,918,R,1128
187666,3,R,1652,R,647,R,721,R,284
187666,11,R,1266,R,225,R,197,R,844
187745,1,R,1100,R,250,R,265,R,585
187745,2,R,1012,R,220,R,207,R,585
187745,3,R,376,R,135,R,204,R,37
187745,11,R,636,R,85,R,3,R,548
187745,12,R,88,R,30,R,58,R,0
187897,1,R,3565,R,1166,R,2026,R,373
187897,2,R,2095,R,546,R,1319,R,230
187897,3,R,1877,R,519,R,1258,R,100
187897,11,R,218,R,27,R,61,R,130
187897,12,R,1470,R,620,R,707,R,143
187903,1,R,2646,R,591,R,1077,R,978
187903,2,R,2646,R,591,R,1077,R,978
187903,3,R,1881,R,542,R,1034,R,305
187903,11,R,765,R,49,R,43,R,673
187912,1,R,528,R,0,R,6,R,522
187912,2,R,528,R,0,R,6,R,522
187912,3,R,366,R,0,R,6,R,360
187912,11,R,162,R,0,R,0,R,162
187958,1,R,3097,R,1310,R,732,R,1055
187958,2,R,3097,R,1310,R,732,R,1055
187958,3,R,2178,R,1217,R,495,R,466
187958,11,R,919,R,93,R,237,R,589
187967,1,R,2088,R,186,R,487,R,1415
187967,2,R,1477,R,50,R,374,R,1053
187967,3,R,1157,R,44,R,371,R,742
187967,11,R,320,R,6,R,3,R,311
187967,12,R,611,R,136,R,113,R,362
187976,1,R,1936,R,1491,R,144,R,301
187976,2,R,1936,R,1491,R,144,R,301
187976,3,R,1581,R,1387,R,126,R,68
187976,11,R,355,R,104,R,18,R,233
187985,1,R,24675,R,4607,R,9962,R,10106
187985,2,R,18363,R,3002,R,8684,R,6677
187985,3,R,17965,R,2944,R,8646,R,6375
187985,11,R,398,R,58,R,38,R,302
187985,12,R,6312,R,1605,R,1278,R,3429
187994,1,R,1593,R,1025,R,387,R,181
187994,2,R,1593,R,1025,R,387,R,181
187994,3,R,753,R,344,R,310,R,99
187994,11,R,840,R,681,R,77,R,82
188003,1,R,1917,R,399,R,403,R,1115
188003,2,R,1917,R,399,R,403,R,1115
188003,3,R,569,R,239,R,211,R,119
188003,11,R,1348,R,160,R,192,R,996
188021,1,R,1286,R,1006,R,156,R,124
188021,2,R,1286,R,1006,R,156,R,124
188021,3,R,455,R,286,R,126,R,43
188021,11,R,831,R,720,R,30,R,81
188030,1,R,16904,R,4000,R,9420,R,3484
188030,2,R,13685,R,2613,R,8623,R,2449
188030,3,R,12840,R,2257,R,8482,R,2101
188030,11,R,845,R,356,R,141,R,348
188030,12,R,3219,R,1387,R,797,R,1035
188049,1,R,3736,R,3111,R,353,R,272
188049,2,R,3736,R,3111,R,353,R,272
188049,3,R,2529,R,1959,R,333,R,237
188049,11,R,1207,R,1152,R,20,R,35
188058,1,R,1685,R,585,R,576,R,524
188058,2,R,1685,R,585,R,576,R,524
188058,3,R,1049,R,437,R,504,R,108
188058,11,R,636,R,148,R,72,R,416
188100,1,R,8421,R,3111,R,2274,R,3036
188100,2,R,8421,R,3111,R,2274,R,3036
188100,3,R,5715,R,2322,R,1758,R,1635
188100,11,R,2706,R,789,R,516,R,1401
188137,1,R,5210,R,1854,R,1331,R,2025
188137,2,R,5210,R,1854,R,1331,R,2025
188137,3,R,3272,R,1383,R,1063,R,826
188137,11,R,1938,R,471,R,268,R,1199
188182,1,R,1353,R,1059,R,282,R,12
188182,2,R,356,R,62,R,282,R,12
188182,3,R,355,R,62,R,281,R,12
188182,11,R,1,R,0,R,1,R,0
188182,12,R,997,R,997,R,0,R,0
188207,1,R,347,R,209,R,128,R,10
188207,12,R,347,R,209,R,128,R,10
188216,1,R,305,R,7,R,43,R,255
188216,2,R,305,R,7,R,43,R,255
188216,3,R,304,R,7,R,43,R,254
188216,11,R,1,R,0,R,0,R,1
188225,1,R,1897,R,900,R,306,R,691
188225,2,R,1897,R,900,R,306,R,691
188225,3,R,1187,R,756,R,239,R,192
188225,11,R,710,R,144,R,67,R,499
188261,1,R,844,R,254,R,350,R,240
188261,2,R,844,R,254,R,350,R,240
188261,3,R,574,R,221,R,240,R,113
188261,11,R,270,R,33,R,110,R,127
188289,1,R,87,A,,A,,R,87
188289,2,R,87,A,,A,,R,87
188289,3,R,87,A,,A,,R,87
188304,1,R,4545,R,1555,R,2208,R,782
188304,2,R,3311,R,914,R,1715,R,682
188304,3,R,2391,R,907,R,1379,R,105
188304,11,R,920,R,7,R,336,R,577
188304,12,R,1234,R,641,R,493,R,100
188340,1,R,1731,R,70,R,496,R,1165
188340,2,R,1716,R,67,R,487,R,1162
188340,3,R,1407,R,67,R,482,R,858
188340,11,R,309,R,0,R,5,R,304
188340,12,R,15,R,3,R,9,R,3
188429,1,R,8359,R,800,R,3916,R,3643
188429,2,R,5510,R,159,R,2710,R,2641
188429,3,R,5380,R,121,R,2698,R,2561
188429,11,R,130,R,38,R,12,R,80
188429,12,R,2849,R,641,R,1206,R,1002
188438,1,R,3851,R,516,R,1264,R,2071
188438,2,R,3851,R,516,R,1264,R,2071
188438,3,R,2324,R,342,R,1216,R,766
188438,11,R,1527,R,174,R,48,R,1305
188517,1,R,321,R,0,R,83,R,238
188517,2,R,321,R,0,R,83,R,238
188517,3,R,309,R,0,R,82,R,227
188517,11,R,12,R,0,R,1,R,11
188526,1,R,907,R,0,R,612,R,295
188526,2,R,505,R,0,R,379,R,126
188526,3,R,462,R,0,R,374,R,88
188526,11,R,43,R,0,R,5,R,38
188526,12,R,402,R,0,R,233,R,169
188535,1,R,731,R,126,R,85,R,520
188535,12,R,731,R,126,R,85,R,520
188580,1,R,903,R,47,R,0,R,856
188580,12,R,903,R,47,R,0,R,856
188641,1,R,2300,R,152,R,505,R,1643
188641,2,R,1663,R,144,R,330,R,1189
188641,3,R,1462,R,6,R,329,R,1127
188641,11,R,201,R,138,R,1,R,62
188641,12,R,637,R,8,R,175,R,454
188650,1,R,566,R,0,R,566,R,0
188650,2,R,566,R,0,R,566,R,0
188650,3,R,566,R,0,R,566,R,0
188669,1,R,88,A,,A,,R,88
188669,2,R,88,A,,A,,R,88
188669,3,R,88,A,,A,,R,88
188678,1,R,243,R,0,R,0,R,243
188678,2,R,243,R,0,R,0,R,243
188678,3,R,243,R,0,R,0,R,243
188687,1,R,448,R,369,R,15,R,64
188687,2,R,448,R,369,R,15,R,64
188687,3,R,448,R,369,R,15,R,64
188854,1,R,1725,R,13,R,911,R,801
188854,2,R,1714,R,13,R,911,R,790
188854,3,R,1714,R,13,R,911,R,790
188854,12,R,11,A,,A,,R,11
188890,1,R,2370,A,,A,,R,2370
188890,2,R,2370,A,,A,,R,2370
188890,3,R,2370,A,,A,,R,2370
188915,1,R,29,A,,A,,R,29
188915,2,R,29,A,,A,,R,29
188915,3,R,29,A,,A,,R,29
188942,1,R,295,A,,A,,R,295
188942,2,R,295,A,,A,,R,295
188942,3,R,295,A,,A,,R,295
189015,1,R,1043,R,456,R,297,R,290
189015,12,R,1043,R,456,R,297,R,290
189088,1,R,3329,R,162,R,263,R,2904
189088,2,R,2828,R,162,R,145,R,2521
189088,3,R,2482,R,0,R,71,R,2411
189088,11,R,346,R,162,R,74,R,110
189088,12,R,501,R,0,R,118,R,383
189097,1,R,3711,R,351,R,0,R,3360
189097,2,R,3711,R,351,R,0,R,3360
189097,3,R,3316,R,0,R,0,R,3316
189097,11,R,395,R,351,R,0,R,44
189219,1,R,218,A,,A,,R,218
189219,2,R,218,A,,A,,R,218
189219,3,R,218,A,,A,,R,218
189228,1,R,2910,R,1299,R,646,R,965
189228,2,R,2502,R,1244,R,621,R,637
189228,3,R,2148,R,1237,R,619,R,292
189228,11,R,354,R,7,R,2,R,345
189228,12,R,408,R,55,R,25,R,328
189255,1,R,141,A,,A,,R,141
189255,2,R,141,A,,A,,R,141
189255,3,R,141,A,,A,,R,141
189273,1,R,83,A,,A,,R,83
189273,2,R,83,A,,A,,R,83
189273,3,R,83,A,,A,,R,83
189282,1,R,425,A,,A,,R,425
189282,2,R,425,A,,A,,R,425
189282,3,R,425,A,,A,,R,425
189404,1,R,163,A,,A,,R,163
189404,2,R,163,A,,A,,R,163
189404,3,R,163,A,,A,,R,163
189413,1,R,717,A,,A,,R,717
189413,2,R,565,A,,A,,R,565
189413,3,R,565,A,,A,,R,565
189413,12,R,152,A,,A,,R,152
189468,1,R,224,A,,A,,R,224
189468,2,R,224,A,,A,,R,224
189468,3,R,224,A,,A,,R,224
189477,1,R,232,A,,A,,R,232
189477,2,R,232,A,,A,,R,232
189477,3,R,232,A,,A,,R,232
189501,1,R,1186,R,2,R,509,R,675
189501,12,R,1186,R,2,R,509,R,675
189547,1,R,6640,R,1358,R,2075,R,3207
189547,2,R,6640,R,1358,R,2075,R,3207
189547,3,R,3776,R,999,R,1957,R,820
189547,11,R,2864,R,359,R,118,R,2387
189565,1,R,672,R,0,R,290,R,382
189565,2,R,672,R,0,R,290,R,382
189565,3,R,625,R,0,R,279,R,346
189565,11,R,47,R,0,R,11,R,36
189583,1,R,4217,R,0,R,643,R,3574
189583,2,R,4217,R,0,R,643,R,3574
189583,3,R,966,R,0,R,193,R,773
189583,11,R,3251,R,0,R,450,R,2801
189592,1,R,475,R,0,R,161,R,314
189592,2,R,475,R,0,R,161,R,314
189592,3,R,459,R,0,R,145,R,314
189592,11,R,16,R,0,R,16,R,0
189705,1,R,2919,R,378,R,1696,R,845
189705,2,R,1933,R,0,R,1221,R,712
189705,3,R,1855,R,0,R,1205,R,650
189705,11,R,78,R,0,R,16,R,62
189705,12,R,986,R,378,R,475,R,133
189714,1,R,544,A,,A,,R,544
189714,2,R,544,A,,A,,R,544
189714,3,R,544,A,,A,,R,544
189811,1,R,1316,A,,A,,R,1316
189811,2,R,1316,A,,A,,R,1316
189811,3,R,1316,A,,A,,R,1316
189839,1,R,5448,R,2273,R,666,R,2509
189839,2,R,5448,R,2273,R,666,R,2509
189839,3,R,1499,R,699,R,556,R,244
189839,11,R,3949,R,1574,R,110,R,2265
189857,1,R,946,A,,A,,R,946
189857,2,R,838,A,,A,,R,838
189857,3,R,838,A,,A,,R,838
189857,12,R,108,A,,A,,R,108
189990,1,R,1432,R,3,R,0,R,1429
189990,2,R,1432,R,3,R,0,R,1429
189990,3,R,1432,R,3,R,0,R,1429
190008,1,R,50,A,,A,,R,50
190008,2,R,50,A,,A,,R,50
190008,3,R,50,A,,A,,R,50
190044,1,R,4041,R,449,R,517,R,3075
190044,2,R,2619,R,23,R,300,R,2296
190044,3,R,2440,R,2,R,291,R,2147
190044,11,R,179,R,21,R,9,R,149
190044,12,R,1422,R,426,R,217,R,779
190053,1,R,1171,R,97,R,268,R,806
190053,2,R,1171,R,97,R,268,R,806
190053,3,R,465,R,70,R,267,R,128
190053,11,R,706,R,27,R,1,R,678
190071,1,R,149,R,0,R,94,R,55
190071,2,R,149,R,0,R,94,R,55
190071,3,R,149,R,0,R,94,R,55
190080,1,R,97,R,16,R,35,R,46
190080,12,R,97,R,16,R,35,R,46
190099,1,R,3224,A,,A,,R,3224
190099,2,R,3206,A,,A,,R,3206
190099,3,R,3188,A,,A,,R,3188
190099,11,R,18,A,,A,,R,18
190099,12,R,18,A,,A,,R,18
190114,1,R,999,R,767,R,222,R,10
190114,2,R,630,R,560,R,66,R,4
190114,3,R,630,R,560,R,66,R,4
190114,12,R,369,R,207,R,156,R,6
190150,1,R,39113,R,1834,R,4905,R,32374
190150,2,R,9911,R,15,R,357,R,9539
190150,3,R,9389,R,10,R,338,R,9041
190150,11,R,522,R,5,R,19,R,498
190150,12,R,29202,R,1819,R,4548,R,22835
190169,1,R,2093,R,392,R,573,R,1128
190169,2,R,2093,R,392,R,573,R,1128
190169,3,R,1137,R,278,R,478,R,381
190169,11,R,956,R,114,R,95,R,747
190239,1,R,272,A,,A,,R,272
190239,2,R,272,A,,A,,R,272
190239,3,R,272,A,,A,,R,272
190318,1,R,381,A,,A,,R,381
190318,2,R,381,A,,A,,R,381
190318,3,R,381,A,,A,,R,381
190372,1,R,998,A,,A,,R,998
190372,2,R,916,A,,A,,R,916
190372,3,R,902,A,,A,,R,902
190372,11,R,14,A,,A,,R,14
190372,12,R,82,A,,A,,R,82
190415,1,R,26727,R,310,R,5394,R,21023
190415,2,R,16282,R,1,R,3374,R,12907
190415,3,R,16088,R,1,R,3368,R,12719
190415,11,R,194,R,0,R,6,R,188
190415,12,R,10445,R,309,R,2020,R,8116
190424,1,R,1431,R,6,R,109,R,1316
190424,12,R,1431,R,6,R,109,R,1316
190442,1,R,4464,R,646,R,1086,R,2732
190442,2,R,4464,R,646,R,1086,R,2732
190442,3,R,1516,R,331,R,796,R,389
190442,11,R,2948,R,315,R,290,R,2343
190451,1,R,257,A,,A,,R,257
190451,2,R,257,A,,A,,R,257
190451,3,R,257,A,,A,,R,257
190503,1,R,4119,R,141,R,2076,R,1902
190503,2,R,3950,R,60,R,1988,R,1902
190503,3,R,3948,R,59,R,1988,R,1901
190503,11,R,2,R,1,R,0,R,1
190503,12,R,169,R,81,R,88,R,0
190512,1,R,22934,R,1021,R,14367,R,7546
190512,2,R,18552,R,582,R,11440,R,6530
190512,3,R,17673,R,435,R,11354,R,5884
190512,11,R,879,R,147,R,86,R,646
190512,12,R,4382,R,439,R,2927,R,1016
190521,1,R,25782,R,5124,R,13530,R,7128
190521,2,R,25782,R,5124,R,13530,R,7128
190521,3,R,21938,R,3667,R,13169,R,5102
190521,11,R,3844,R,1457,R,361,R,2026
190530,1,R,9183,R,1122,R,4607,R,3454
190530,2,R,9183,R,1122,R,4607,R,3454
190530,3,R,7636,R,848,R,4454,R,2334
190530,11,R,1547,R,274,R,153,R,1120
190549,1,R,17247,R,2467,R,9758,R,5022
190549,2,R,14043,R,1646,R,8279,R,4118
190549,3,R,11978,R,1051,R,8140,R,2787
190549,11,R,2065,R,595,R,139,R,1331
190549,12,R,3204,R,821,R,1479,R,904
190558,1,R,13127,R,1398,R,7317,R,4412
190558,2,R,12023,R,1116,R,6745,R,4162
190558,3,R,10814,R,631,R,6602,R,3581
190558,11,R,1209,R,485,R,143,R,581
190558,12,R,1104,R,282,R,572,R,250
190567,1,R,17741,R,1188,R,9557,R,6996
190567,2,R,14566,R,801,R,8167,R,5598
190567,3,R,13290,R,607,R,7955,R,4728
190567,11,R,1276,R,194,R,212,R,870
190567,12,R,3175,R,387,R,1390,R,1398
190576,1,R,11166,R,5657,R,1981,R,3528
190576,2,R,4391,R,3243,R,762,R,386
190576,3,R,4066,R,3096,R,754,R,216
190576,11,R,325,R,147,R,8,R,170
190576,12,R,6775,R,2414,R,1219,R,3142
190585,1,R,7452,R,971,R,4133,R,2348
190585,2,R,7452,R,971,R,4133,R,2348
190585,3,R,6236,R,685,R,4033,R,1518
190585,11,R,1216,R,286,R,100,R,830
190594,1,R,26815,R,1446,R,14023,R,11346
190594,2,R,20080,R,641,R,10289,R,9150
190594,3,R,18445,R,517,R,10167,R,7761
190594,11,R,1635,R,124,R,122,R,1389
190594,12,R,6735,R,805,R,3734,R,2196
190600,1,R,16642,R,3870,R,10101,R,2671
190600,2,R,14340,R,2772,R,9220,R,2348
190600,3,R,13298,R,2197,R,9140,R,1961
190600,11,R,1042,R,575,R,80,R,387
190600,12,R,2302,R,1098,R,881,R,323
190619,1,R,23445,R,8552,R,6990,R,7903
190619,2,R,23445,R,8552,R,6990,R,7903
190619,3,R,9244,R,1570,R,6350,R,1324
190619,11,R,14201,R,6982,R,640,R,6579
190628,1,R,18176,R,1193,R,8279,R,8704
190628,2,R,18176,R,1193,R,8279,R,8704
190628,3,R,13077,R,909,R,7906,R,4262
190628,11,R,5099,R,284,R,373,R,4442
190637,1,R,16695,R,4428,R,9415,R,2852
190637,2,R,14672,R,3724,R,8615,R,2333
190637,3,R,12480,R,2649,R,8431,R,1400
190637,11,R,2192,R,1075,R,184,R,933
190637,12,R,2023,R,704,R,800,R,519
190646,1,R,4918,R,868,R,2641,R,1409
190646,2,R,4918,R,868,R,2641,R,1409
190646,3,R,4013,R,397,R,2466,R,1150
190646,11,R,905,R,471,R,175,R,259
190655,1,R,16916,R,1321,R,9177,R,6418
190655,2,R,16916,R,1321,R,9177,R,6418
190655,3,R,15116,R,896,R,9008,R,5212
190655,11,R,1800,R,425,R,169,R,1206
190664,1,R,20162,R,1712,R,10706,R,7744
190664,2,R,17148,R,1109,R,9196,R,6843
190664,3,R,15243,R,799,R,9012,R,5432
190664,11,R,1905,R,310,R,184,R,1411
190664,12,R,3014,R,603,R,1510,R,901
190673,1,R,14588,R,1437,R,6908,R,6243
190673,2,R,14588,R,1437,R,6908,R,6243
190673,3,R,11556,R,968,R,6674,R,3914
190673,11,R,3032,R,469,R,234,R,2329
190682,1,R,696,R,7,R,235,R,454
190682,12,R,696,R,7,R,235,R,454
190691,1,R,8099,R,533,R,3463,R,4103
190691,2,R,7834,R,512,R,3353,R,3969
190691,3,R,5239,R,378,R,3286,R,1575
190691,11,R,2595,R,134,R,67,R,2394
190691,12,R,265,R,21,R,110,R,134
190707,1,R,19,A,,A,,R,19
190707,2,R,19,A,,A,,R,19
190707,3,R,19,A,,A,,R,19
190716,1,R,2609,R,30,R,2360,R,219
190716,2,R,1319,R,1,R,1239,R,79
190716,3,R,1314,R,1,R,1234,R,79
190716,11,R,5,Z,0,R,5,R,0
190716,12,R,1290,R,29,R,1121,R,140
190725,1,R,2945,R,885,R,953,R,1107
190725,2,R,1978,R,377,R,817,R,784
190725,3,R,1884,R,325,R,815,R,744
190725,11,R,94,R,52,R,2,R,40
190725,12,R,967,R,508,R,136,R,323
190752,1,R,58,A,,A,,R,58
190752,2,R,58,A,,A,,R,58
190752,3,R,58,A,,A,,R,58
190761,1,R,1875,R,60,R,805,R,1010
190761,2,R,1491,R,41,R,766,R,684
190761,3,R,1181,R,31,R,762,R,388
190761,11,R,310,R,10,R,4,R,296
190761,12,R,384,R,19,R,39,R,326
190840,1,R,8327,R,1956,R,2692,R,3679
190840,2,R,8327,R,1956,R,2692,R,3679
190840,3,R,4553,R,1008,R,2515,R,1030
190840,11,R,3774,R,948,R,177,R,2649
190956,1,R,160,R,0,R,136,R,24
190956,2,R,160,R,0,R,136,R,24
190956,3,R,160,R,0,R,136,R,24
190983,1,R,696,R,28,R,138,R,530
190983,2,R,645,R,9,R,119,R,517
190983,3,R,642,R,7,R,118,R,517
190983,11,R,3,R,2,R,1,R,0
190983,12,R,51,R,19,R,19,R,13
191083,1,R,12566,R,2449,R,3606,R,6511
191083,2,R,12566,R,2449,R,3606,R,6511
191083,3,R,7482,R,1576,R,3417,R,2489
191083,11,R,5084,R,873,R,189,R,4022
191126,1,R,8986,R,427,R,5492,R,3067
191126,2,R,8696,R,427,R,5490,R,2779
191126,3,R,8230,R,355,R,5451,R,2424
191126,11,R,466,R,72,R,39,R,355
191126,12,R,290,R,0,R,2,R,288
191199,1,R,8507,R,3163,R,1517,R,3827
191199,2,R,8507,R,3163,R,1517,R,3827
191199,3,R,3648,R,1573,R,1431,R,644
191199,11,R,4859,R,1590,R,86,R,3183
191205,1,R,939,R,3,R,214,R,722
191205,2,R,870,R,3,R,168,R,699
191205,3,R,602,R,3,R,168,R,431
191205,11,R,268,R,0,R,0,R,268
191205,12,R,69,R,0,R,46,R,23
191241,1,R,17965,R,2068,R,3841,R,12056
191241,2,R,11053,R,298,R,1910,R,8845
191241,3,R,10661,R,194,R,1903,R,8564
191241,11,R,392,R,104,R,7,R,281
191241,12,R,6912,R,1770,R,1931,R,3211
191302,1,R,2016,R,104,R,539,R,1373
191302,2,R,2016,R,104,R,539,R,1373
191302,3,R,1135,R,86,R,512,R,537
191302,11,R,881,R,18,R,27,R,836
191311,1,R,285,A,,A,,R,285
191311,2,R,285,A,,A,,R,285
191311,3,R,285,A,,A,,R,285
191339,1,R,5487,R,1508,R,1757,R,2222
191339,2,R,5487,R,1508,R,1757,R,2222
191339,3,R,2473,R,621,R,1346,R,506
191339,11,R,3014,R,887,R,411,R,1716
191515,1,R,2102,A,,A,,R,2102
191515,2,R,2102,A,,A,,R,2102
191515,3,R,2099,A,,A,,R,2099
191515,11,R,3,A,,A,,R,3
191533,1,R,1161,R,1,R,141,R,1019
191533,2,R,1160,R,0,R,141,R,1019
191533,3,R,1145,R,0,R,140,R,1005
191533,11,R,15,R,0,R,1,R,14
191533,12,R,1,R,1,R,0,R,0
191597,1,R,940,A,,A,,R,940
191597,2,R,940,A,,A,,R,940
191597,3,R,940,A,,A,,R,940
191612,1,R,2698,R,731,R,497,R,1470
191612,2,R,2698,R,731,R,497,R,1470
191612,3,R,1419,R,561,R,479,R,379
191612,11,R,1279,R,170,R,18,R,1091
191621,1,R,2827,R,342,R,523,R,1962
191621,2,R,2788,R,303,R,523,R,1962
191621,3,R,1046,R,259,R,518,R,269
191621,11,R,1742,R,44,R,5,R,1693
191621,12,R,39,R,39,R,0,R,0
191630,1,R,1699,A,,A,,R,1699
191630,2,R,1647,A,,A,,R,1647
191630,3,R,1631,A,,A,,R,1631
191630,11,R,16,A,,A,,R,16
191630,12,R,52,A,,A,,R,52
191649,1,R,11251,R,472,R,1559,R,9220
191649,2,R,6641,R,52,R,627,R,5962
191649,3,R,6397,R,44,R,617,R,5736
191649,11,R,244,R,8,R,10,R,226
191649,12,R,4610,R,420,R,932,R,3258
191676,1,R,1090,R,314,R,462,R,314
191676,2,R,1035,R,269,R,457,R,309
191676,3,R,815,R,81,R,452,R,282
191676,11,R,220,R,188,R,5,R,27
191676,12,R,55,R,45,R,5,R,5
191719,1,R,15566,R,4618,R,5107,R,5841
191719,2,R,15566,R,4618,R,5107,R,5841
191719,3,R,7590,R,1447,R,4244,R,1899
191719,11,R,7976,R,3171,R,863,R,3942
191728,1,R,1680,R,393,R,100,R,1187
191728,2,R,1680,R,393,R,100,R,1187
191728,3,R,1680,R,393,R,100,R,1187
191931,1,R,4328,R,192,R,1252,R,2884
191931,2,R,3589,R,75,R,899,R,2615
191931,3,R,2829,R,28,R,815,R,1986
191931,11,R,760,R,47,R,84,R,629
191931,12,R,739,R,117,R,353,R,269
191940,1,R,182,A,,A,,R,182
191940,2,R,182,A,,A,,R,182
191940,3,R,182,A,,A,,R,182
191959,1,R,61,A,,A,,R,61
191959,2,R,61,A,,A,,R,61
191959,3,R,61,A,,A,,R,61
191968,1,R,5205,R,69,R,807,R,4329
191968,2,R,4580,R,55,R,693,R,3832
191968,3,R,4469,R,45,R,693,R,3731
191968,11,R,111,R,10,R,0,R,101
191968,12,R,625,R,14,R,114,R,497
191986,1,R,4684,R,748,R,1352,R,2584
191986,2,R,4684,R,748,R,1352,R,2584
191986,3,R,2039,R,517,R,1136,R,386
191986,11,R,2645,R,231,R,216,R,2198
192004,1,R,304,R,111,R,27,R,166
192004,2,R,304,R,111,R,27,R,166
192004,3,R,304,R,111,R,27,R,166
192022,1,R,3211,R,645,R,1287,R,1279
192022,2,R,3211,R,645,R,1287,R,1279
192022,3,R,2021,R,445,R,1181,R,395
192022,11,R,1190,R,200,R,106,R,884
192040,1,R,324,R,15,R,7,R,302
192040,2,R,174,A,,A,,R,174
192040,3,R,172,A,,A,,R,172
192040,11,R,2,A,,A,,R,2
192040,12,R,150,R,15,R,7,R,128
192110,1,R,1070,R,133,R,9,R,928
192110,2,R,661,R,133,R,9,R,519
192110,3,R,460,R,0,R,0,R,460
192110,11,R,201,R,133,R,9,R,59
192110,12,R,409,A,,A,,R,409
192165,1,R,207,A,,A,,R,207
192165,2,R,207,A,,A,,R,207
192165,3,R,207,A,,A,,R,207
192192,1,R,1420,R,521,R,652,R,247
192192,2,R,1002,R,160,R,641,R,201
192192,3,R,995,R,159,R,641,R,195
192192,11,R,7,R,1,Z,0,R,6
192192,12,R,418,R,361,R,11,R,46
192271,1,R,1732,R,733,R,958,R,41
192271,2,R,1355,R,509,R,813,R,33
192271,3,R,1354,R,509,R,812,R,33
192271,11,R,1,R,0,R,1,R,0
192271,12,R,377,R,224,R,145,R,8
192323,1,R,3443,R,82,R,892,R,2469
192323,2,R,2731,R,46,R,620,R,2065
192323,3,R,2551,R,12,R,610,R,1929
192323,11,R,180,R,34,R,10,R,136
192323,12,R,712,R,36,R,272,R,404
192448,1,R,18013,R,475,R,170,R,17368
192448,2,R,12861,R,1,R,5,R,12855
192448,3,R,5740,R,1,R,5,R,5734
192448,11,R,7121,R,0,R,0,R,7121
192448,12,R,5152,R,474,R,165,R,4513
192484,1,R,196,A,,A,,R,196
192484,2,R,196,A,,A,,R,196
192484,3,R,196,A,,A,,R,196
192624,1,R,160,A,,A,,R,160
192624,2,R,160,A,,A,,R,160
192624,3,R,160,A,,A,,R,160
192688,1,R,696,A,,A,,R,696
192688,2,R,696,A,,A,,R,696
192688,3,R,696,A,,A,,R,696
192703,1,R,3693,R,74,R,839,R,2780
192703,2,R,3018,R,0,R,428,R,2590
192703,3,R,3018,R,0,R,428,R,2590
192703,12,R,675,R,74,R,411,R,190
192712,1,R,1112,R,13,R,127,R,972
192712,2,R,552,R,5,R,60,R,487
192712,3,R,539,R,0,R,59,R,480
192712,11,R,13,R,5,R,1,R,7
192712,12,R,560,R,8,R,67,R,485
192749,1,R,2911,R,455,R,1153,R,1303
192749,2,R,1457,R,5,R,742,R,710
192749,3,R,1338,R,5,R,741,R,592
192749,11,R,119,R,0,R,1,R,118
192749,12,R,1454,R,450,R,411,R,593
192785,1,R,952,R,58,R,552,R,342
192785,2,R,886,R,58,R,524,R,304
192785,3,R,869,R,58,R,523,R,288
192785,11,R,17,R,0,R,1,R,16
192785,12,R,66,R,0,R,28,R,38
192800,1,R,16,A,,A,,R,16
192800,2,R,16,A,,A,,R,16
192800,3,R,16,A,,A,,R,16
192819,1,R,7361,R,613,R,3282,R,3466
192819,2,R,6240,R,118,R,2948,R,3174
192819,3,R,5225,R,107,R,2945,R,2173
192819,11,R,1015,R,11,R,3,R,1001
192819,12,R,1121,R,495,R,334,R,292
192864,1,R,1741,R,31,R,1013,R,697
192864,2,R,1741,R,31,R,1013,R,697
192864,3,R,1715,R,30,R,1006,R,679
192864,11,R,26,R,1,R,7,R,18
192961,1,R,164,A,,A,,R,164
192961,2,R,164,A,,A,,R,164
192961,3,R,164,A,,A,,R,164
192970,1,R,12,R,0,R,12,R,0
192970,2,R,12,R,0,R,12,R,0
192970,3,R,12,R,0,R,12,R,0
193016,1,R,10508,R,2696,R,4724,R,3088
193016,2,R,7444,R,909,R,3807,R,2728
193016,3,R,6351,R,882,R,3763,R,1706
193016,11,R,1093,R,27,R,44,R,1022
193016,12,R,3064,R,1787,R,917,R,360
193052,1,R,609,A,,A,,R,609
193052,2,R,355,A,,A,,R,355
193052,3,R,355,A,,A,,R,355
193052,12,R,254,A,,A,,R,254
193061,1,R,50,A,,A,,R,50
193061,2,R,47,A,,A,,R,47
193061,3,R,47,A,,A,,R,47
193061,12,R,3,A,,A,,R,3
193070,1,R,67,R,0,R,0,R,67
193070,2,R,46,R,0,R,0,R,46
193070,3,R,46,R,0,R,0,R,46
193070,12,R,21,A,,A,,R,21
193201,1,R,593,R,138,R,396,R,59
193201,2,R,593,R,138,R,396,R,59
193201,3,R,593,R,138,R,396,R,59
193247,1,R,130,A,,A,,R,130
193247,2,R,111,A,,A,,R,111
193247,3,R,111,A,,A,,R,111
193247,12,R,19,A,,A,,R,19
193265,1,R,86,A,,A,,R,86
193265,2,R,86,A,,A,,R,86
193265,3,R,86,A,,A,,R,86
193283,1,R,8773,R,878,R,1821,R,6074
193283,2,R,8773,R,878,R,1821,R,6074
193283,3,R,3983,R,666,R,1664,R,1653
193283,11,R,4790,R,212,R,157,R,4421
193292,1,R,9845,R,1902,R,3259,R,4684
193292,2,R,7019,R,131,R,2658,R,4230
193292,3,R,3396,R,79,R,2655,R,662
193292,11,R,3623,R,52,R,3,R,3568
193292,12,R,2826,R,1771,R,601,R,454
193308,1,R,10507,R,1970,R,3133,R,5404
193308,2,R,8175,R,1766,R,2796,R,3613
193308,3,R,7473,R,1747,R,2790,R,2936
193308,11,R,702,R,19,R,6,R,677
193308,12,R,2332,R,204,R,337,R,1791
193326,1,R,20035,R,4614,R,4736,R,10685
193326,2,R,20035,R,4614,R,4736,R,10685
193326,3,R,10052,R,2349,R,4451,R,3252
193326,11,R,9983,R,2265,R,285,R,7433
193353,1,R,2620,R,90,R,960,R,1570
193353,2,R,2170,R,48,R,913,R,1209
193353,3,R,1369,R,43,R,911,R,415
193353,11,R,801,R,5,R,2,R,794
193353,12,R,450,R,42,R,47,R,361
193380,1,R,151,A,,A,,R,151
193380,2,R,151,A,,A,,R,151
193380,3,R,151,A,,A,,R,151
193399,1,R,5169,R,828,R,1269,R,3072
193399,2,R,3790,R,284,R,1089,R,2417
193399,3,R,3109,R,278,R,1082,R,1749
193399,11,R,681,R,6,R,7,R,668
193399,12,R,1379,R,544,R,180,R,655
193405,1,R,1253,R,0,R,4,R,1249
193405,12,R,1253,R,0,R,4,R,1249
193478,1,R,17756,R,4119,R,7053,R,6584
193478,2,R,17756,R,4119,R,7053,R,6584
193478,3,R,13270,R,2399,R,6490,R,4381
193478,11,R,4486,R,1720,R,563,R,2203
193584,1,R,2673,R,68,R,1333,R,1272
193584,2,R,2023,R,18,R,966,R,1039
193584,3,R,1940,R,13,R,965,R,962
193584,11,R,83,R,5,R,1,R,77
193584,12,R,650,R,50,R,367,R,233
193609,1,R,71,A,,A,,R,71
193609,2,R,71,A,,A,,R,71
193609,3,R,71,A,,A,,R,71
193654,1,R,10813,R,301,R,4832,R,5680
193654,2,R,8010,R,174,R,3784,R,4052
193654,3,R,7214,R,136,R,3748,R,3330
193654,11,R,796,R,38,R,36,R,722
193654,12,R,2803,R,127,R,1048,R,1628
193751,1,R,601,R,141,R,320,R,140
193751,12,R,601,R,141,R,320,R,140
193821,1,R,1063,R,3,R,834,R,226
193821,12,R,1063,R,3,R,834,R,226
193830,1,R,1582,R,93,R,584,R,905
193830,12,R,1582,R,93,R,584,R,905
193858,1,R,414,A,,A,,R,414
193858,2,R,414,A,,A,,R,414
193858,3,R,414,A,,A,,R,414
193894,1,R,56,R,28,R,25,R,3
193894,12,R,56,R,28,R,25,R,3
193900,1,R,63571,R,3386,R,23466,R,36719
193900,2,R,33020,R,447,R,11588,R,20985
193900,3,R,31020,R,290,R,11476,R,19254
193900,11,R,2000,R,157,R,112,R,1731
193900,12,R,30551,R,2939,R,11878,R,15734
193946,1,R,5142,R,847,R,2010,R,2285
193946,2,R,5142,R,847,R,2010,R,2285
193946,3,R,3383,R,548,R,1988,R,847
193946,11,R,1759,R,299,R,22,R,1438
193973,1,R,5148,R,1595,R,2465,R,1088
193973,2,R,3246,R,332,R,1895,R,1019
193973,3,R,2824,R,26,R,1877,R,921
193973,11,R,422,R,306,R,18,R,98
193973,12,R,1902,R,1263,R,570,R,69
193991,1,R,84,A,,A,,R,84
193991,2,R,84,A,,A,,R,84
193991,3,R,84,A,,A,,R,84
194028,1,R,2061,R,542,R,908,R,611
194028,2,R,2061,R,542,R,908,R,611
194028,3,R,1098,R,346,R,704,R,48
194028,11,R,963,R,196,R,204,R,563
194073,1,R,370,A,,A,,R,370
194073,12,R,370,A,,A,,R,370
194091,1,R,7224,R,214,R,2544,R,4466
194091,2,R,3537,R,39,R,2141,R,1357
194091,3,R,3458,R,36,R,2140,R,1282
194091,11,R,79,R,3,R,1,R,75
194091,12,R,3687,R,175,R,403,R,3109
194116,1,R,816,R,333,R,339,R,144
194116,2,R,663,R,331,R,208,R,124
194116,3,R,517,R,287,R,199,R,31
194116,11,R,146,R,44,R,9,R,93
194116,12,R,153,R,2,R,131,R,20
194189,1,R,133,A,,A,,R,133
194189,2,R,133,A,,A,,R,133
194189,3,R,133,A,,A,,R,133
194222,1,R,10278,R,1201,R,2560,R,6517
194222,2,R,10278,R,1201,R,2560,R,6517
194222,3,R,5368,R,593,R,2378,R,2397
194222,11,R,4910,R,608,R,182,R,4120
194240,1,R,6530,R,806,R,2342,R,3382
194240,2,R,6530,R,806,R,2342,R,3382
194240,3,R,4689,R,762,R,2310,R,1617
194240,11,R,1841,R,44,R,32,R,1765
194310,1,R,16012,R,1709,R,7371,R,6932
194310,2,R,9209,R,516,R,4920,R,3773
194310,3,R,8254,R,415,R,4890,R,2949
194310,11,R,955,R,101,R,30,R,824
194310,12,R,6803,R,1193,R,2451,R,3159
194392,1,R,1199,R,9,R,397,R,793
194392,2,R,1178,R,3,R,386,R,789
194392,3,R,608,R,3,R,386,R,219
194392,11,R,570,R,0,R,0,R,570
194392,12,R,21,R,6,R,11,R,4
194435,1,R,152,A,,A,,R,152
194435,2,R,152,A,,A,,R,152
194435,3,R,152,A,,A,,R,152
194499,1,R,1429,R,914,R,515,R,0
194499,2,R,1429,R,914,R,515,R,0
194499,3,R,1412,R,897,R,515,R,0
194499,11,R,17,R,17,R,0,R,0
194569,1,R,161,R,68,R,9,R,84
194569,2,R,161,R,68,R,9,R,84
194569,3,R,103,R,66,R,9,R,28
194569,11,R,58,R,2,R,0,R,56
194578,1,R,6094,R,184,R,2470,R,3440
194578,2,R,4517,R,107,R,1909,R,2501
194578,3,R,3864,R,93,R,1900,R,1871
194578,11,R,653,R,14,R,9,R,630
194578,12,R,1577,R,77,R,561,R,939
194657,1,R,285,A,,A,,R,285
194657,2,R,167,A,,A,,R,167
194657,3,R,167,A,,A,,R,167
194657,12,R,118,A,,A,,R,118
194666,1,R,514,A,,A,,R,514
194666,2,R,439,A,,A,,R,439
194666,3,R,439,A,,A,,R,439
194666,12,R,75,A,,A,,R,75
194693,1,R,61,A,,A,,R,61
194693,2,R,61,A,,A,,R,61
194693,3,R,61,A,,A,,R,61
194718,1,R,85,A,,A,,R,85
194718,2,R,85,A,,A,,R,85
194718,3,R,85,A,,A,,R,85
194736,1,R,164,A,,A,,R,164
194736,2,R,164,A,,A,,R,164
194736,3,R,164,A,,A,,R,164
194763,1,R,610,A,,A,,R,610
194763,2,R,383,A,,A,,R,383
194763,3,R,383,A,,A,,R,383
194763,12,R,227,A,,A,,R,227
194824,1,R,7752,R,188,R,0,R,7564
194824,2,R,6348,A,,A,,R,6348
194824,3,R,6291,A,,A,,R,6291
194824,11,R,57,A,,A,,R,57
194824,12,R,1404,R,188,R,0,R,1216
194958,1,R,2197,R,558,R,1002,R,637
194958,2,R,1518,R,257,R,732,R,529
194958,3,R,1221,R,256,R,732,R,233
194958,11,R,297,R,1,Z,0,R,296
194958,12,R,679,R,301,R,270,R,108
195003,1,R,19382,R,865,R,7485,R,11032
195003,2,R,16004,R,260,R,6061,R,9683
195003,3,R,13628,R,179,R,6037,R,7412
195003,11,R,2376,R,81,R,24,R,2271
195003,12,R,3378,R,605,R,1424,R,1349
195030,1,R,14407,R,997,R,2594,R,10816
195030,2,R,7770,R,591,R,1170,R,6009
195030,3,R,6755,R,193,R,1088,R,5474
195030,11,R,1015,R,398,R,82,R,535
195030,12,R,6637,R,406,R,1424,R,4807
195049,1,R,286,A,,A,,R,286
195049,12,R,286,A,,A,,R,286
195058,1,R,7953,R,1762,R,3274,R,2917
195058,2,R,7953,R,1762,R,3274,R,2917
195058,3,R,5303,R,1184,R,3166,R,953
195058,11,R,2650,R,578,R,108,R,1964
195067,1,R,655,A,,A,,R,655
195067,2,R,655,A,,A,,R,655
195067,3,R,655,A,,A,,R,655
195128,1,R,2309,R,342,R,1013,R,954
195128,2,R,1141,R,0,R,489,R,652
195128,3,R,1137,R,0,R,487,R,650
195128,11,R,4,R,0,R,2,R,2
195128,12,R,1168,R,342,R,524,R,302
195155,1,R,184,R,140,R,44,R,0
195155,12,R,184,R,140,R,44,R,0
195164,1,R,2977,R,791,R,933,R,1253
195164,2,R,1999,R,28,R,835,R,1136
195164,3,R,1932,R,20,R,834,R,1078
195164,11,R,67,R,8,R,1,R,58
195164,12,R,978,R,763,R,98,R,117
195173,1,R,4953,R,648,R,4301,R,4
195173,2,R,2035,R,603,R,1431,R,1
195173,3,R,2026,R,595,R,1431,R,0
195173,11,R,9,R,8,R,0,R,1
195173,12,R,2918,R,45,R,2870,R,3
195191,1,R,315,A,,A,,R,315
195191,2,R,315,A,,A,,R,315
195191,3,R,315,A,,A,,R,315
195216,1,R,2186,R,18,R,57,R,2111
195216,2,R,2151,R,18,R,49,R,2084
195216,3,R,2083,R,18,R,49,R,2016
195216,11,R,68,R,0,R,0,R,68
195216,12,R,35,R,0,R,8,R,27
195243,1,R,2433,R,47,R,508,R,1878
195243,2,R,2222,R,11,R,393,R,1818
195243,3,R,1090,R,6,R,393,R,691
195243,11,R,1132,R,5,Z,0,R,1127
195243,12,R,211,R,36,R,115,R,60
195289,1,R,167,A,,A,,R,167
195289,2,R,167,A,,A,,R,167
195289,3,R,167,A,,A,,R,167
195304,1,R,1898,R,5,R,115,R,1778
195304,2,R,1652,R,0,R,84,R,1568
195304,3,R,1543,R,0,R,84,R,1459
195304,11,R,109,R,0,R,0,R,109
195304,12,R,246,R,5,R,31,R,210
195322,1,R,5054,R,807,R,1244,R,3003
195322,2,R,5054,R,807,R,1244,R,3003
195322,3,R,1911,R,548,R,1149,R,214
195322,11,R,3143,R,259,R,95,R,2789
195438,1,R,171,A,,A,,R,171
195438,2,R,164,A,,A,,R,164
195438,3,R,164,A,,A,,R,164
195438,12,R,7,A,,A,,R,7
195474,1,R,3948,R,98,R,2434,R,1416
195474,2,R,3773,R,59,R,2389,R,1325
195474,3,R,3552,R,28,R,2386,R,1138
195474,11,R,221,R,31,R,3,R,187
195474,12,R,175,R,39,R,45,R,91
195526,1,R,2860,R,0,R,193,R,2667
195526,2,R,2860,R,0,R,193,R,2667
195526,3,R,2804,R,0,R,161,R,2643
195526,11,R,56,R,0,R,32,R,24
195544,1,R,5255,R,687,R,2393,R,2175
195544,2,R,4362,R,358,R,2163,R,1841
195544,3,R,3671,R,341,R,2160,R,1170
195544,11,R,691,R,17,R,3,R,671
195544,12,R,893,R,329,R,230,R,334
195580,1,R,93,A,,A,,R,93
195580,12,R,93,A,,A,,R,93
195702,1,R,158,R,0,R,100,R,58
195702,2,R,158,R,0,R,100,R,58
195702,3,R,158,R,0,R,100,R,58
195720,1,R,4058,R,799,R,1765,R,1494
195720,2,R,2723,R,30,R,1504,R,1189
195720,3,R,2695,R,30,R,1487,R,1178
195720,11,R,28,R,0,R,17,R,11
195720,12,R,1335,R,769,R,261,R,305
195784,1,R,888,A,,A,,R,888
195784,2,R,888,A,,A,,R,888
195784,3,R,888,A,,A,,R,888
195809,1,R,21357,R,1001,R,9447,R,10909
195809,2,R,16998,R,159,R,7794,R,9045
195809,3,R,10013,R,140,R,7783,R,2090
195809,11,R,6985,R,19,R,11,R,6955
195809,12,R,4359,R,842,R,1653,R,1864
195988,1,R,2168,R,358,R,587,R,1223
195988,2,R,2168,R,358,R,587,R,1223
195988,3,R,1107,R,264,R,530,R,313
195988,11,R,1061,R,94,R,57,R,910
196006,1,R,4281,R,573,R,1386,R,2322
196006,2,R,4281,R,573,R,1386,R,2322
196006,3,R,3802,R,478,R,1383,R,1941
196006,11,R,479,R,95,R,3,R,381
196015,1,R,4269,R,2601,R,1386,R,282
196015,2,R,4269,R,2601,R,1386,R,282
196015,3,R,3164,R,1598,R,1381,R,185
196015,11,R,1105,R,1003,R,5,R,97
196024,1,R,3078,R,896,R,723,R,1459
196024,2,R,2906,R,726,R,722,R,1458
196024,3,R,2838,R,715,R,721,R,1402
196024,11,R,68,R,11,R,1,R,56
196024,12,R,172,R,170,R,1,R,1
196033,1,R,2837,R,123,R,1143,R,1571
196033,2,R,2837,R,123,R,1143,R,1571
196033,3,R,1987,R,95,R,1142,R,750
196033,11,R,850,R,28,R,1,R,821
196042,1,R,18499,R,896,R,6005,R,11598
196042,2,R,18458,R,895,R,5999,R,11564
196042,3,R,10317,R,625,R,5844,R,3848
196042,11,R,8141,R,270,R,155,R,7716
196042,12,R,41,R,1,R,6,R,34
196051,1,R,2452,R,135,R,1380,R,937
196051,2,R,2440,R,123,R,1380,R,937
196051,3,R,2065,R,97,R,1373,R,595
196051,11,R,375,R,26,R,7,R,342
196051,12,R,12,R,12,R,0,R,0
196060,1,R,27172,R,2758,R,10242,R,14172
196060,2,R,21800,R,1379,R,8324,R,12097
196060,3,R,12942,R,728,R,8305,R,3909
196060,11,R,8858,R,651,R,19,R,8188
196060,12,R,5372,R,1379,R,1918,R,2075
196079,1,R,20575,R,1351,R,6293,R,12931
196079,2,R,16074,R,967,R,5367,R,9740
196079,3,R,15664,R,575,R,5362,R,9727
196079,11,R,410,R,392,R,5,R,13
196079,12,R,4501,R,384,R,926,R,3191
196088,1,R,35427,R,3730,R,19432,R,12265
196088,2,R,22843,R,1552,R,15590,R,5701
196088,3,R,21824,R,872,R,15528,R,5424
196088,11,R,1019,R,680,R,62,R,277
196088,12,R,12584,R,2178,R,3842,R,6564
196097,1,R,33031,R,3641,R,17450,R,11940
196097,2,R,23741,R,1697,R,14555,R,7489
196097,3,R,18939,R,724,R,14458,R,3757
196097,11,R,4802,R,973,R,97,R,3732
196097,12,R,9290,R,1944,R,2895,R,4451
196103,1,R,3230,R,128,R,631,R,2471
196103,2,R,2791,R,101,R,553,R,2137
196103,3,R,1852,R,29,R,546,R,1277
196103,11,R,939,R,72,R,7,R,860
196103,12,R,439,R,27,R,78,R,334
196112,1,R,3006,R,1084,R,1401,R,521
196112,2,R,2080,R,484,R,1177,R,419
196112,3,R,1907,R,363,R,1139,R,405
196112,11,R,173,R,121,R,38,R,14
196112,12,R,926,R,600,R,224,R,102
196121,1,R,8138,R,2100,R,3620,R,2418
196121,2,R,6165,R,856,R,3115,R,2194
196121,3,R,6018,R,757,R,3110,R,2151
196121,11,R,147,R,99,R,5,R,43
196121,12,R,1973,R,1244,R,505,R,224
196130,1,R,8083,R,564,R,3422,R,4097
196130,2,R,6899,R,284,R,2899,R,3716
196130,3,R,5825,R,153,R,2855,R,2817
196130,11,R,1074,R,131,R,44,R,899
196130,12,R,1184,R,280,R,523,R,381
196149,1,R,7824,R,1179,R,3839,R,2806
196149,2,R,6575,R,352,R,3597,R,2626
196149,3,R,6283,R,136,R,3594,R,2553
196149,11,R,292,R,216,R,3,R,73
196149,12,R,1249,R,827,R,242,R,180
196158,1,R,3582,R,346,R,1469,R,1767
196158,2,R,3125,R,134,R,1332,R,1659
196158,3,R,3010,R,54,R,1330,R,1626
196158,11,R,115,R,80,R,2,R,33
196158,12,R,457,R,212,R,137,R,108
196167,1,R,4230,R,37,R,1714,R,2479
196167,2,R,4139,R,36,R,1672,R,2431
196167,3,R,4037,R,17,R,1671,R,2349
196167,11,R,102,R,19,R,1,R,82
196167,12,R,91,R,1,R,42,R,48
196176,1,R,8697,R,828,R,4659,R,3210
196176,2,R,7493,R,447,R,4124,R,2922
196176,3,R,6505,R,232,R,4113,R,2160
196176,11,R,988,R,215,R,11,R,762
196176,12,R,1204,R,381,R,535,R,288
196185,1,R,6263,R,676,R,2068,R,3519
196185,2,R,5541,R,119,R,2003,R,3419
196185,3,R,5110,R,101,R,1983,R,3026
196185,11,R,431,R,18,R,20,R,393
196185,12,R,722,R,557,R,65,R,100
196194,1,R,9219,R,1754,R,3780,R,3685
196194,2,R,7762,R,930,R,3376,R,3456
196194,3,R,6114,R,778,R,3371,R,1965
196194,11,R,1648,R,152,R,5,R,1491
196194,12,R,1457,R,824,R,404,R,229
196200,1,R,3479,R,480,R,1156,R,1843
196200,2,R,2708,R,65,R,852,R,1791
196200,3,R,2101,R,56,R,851,R,1194
196200,11,R,607,R,9,R,1,R,597
196200,12,R,771,R,415,R,304,R,52
196219,1,R,3686,R,194,R,1330,R,2162
196219,2,R,3619,R,187,R,1323,R,2109
196219,3,R,3304,R,57,R,1302,R,1945
196219,11,R,315,R,130,R,21,R,164
196219,12,R,67,R,7,R,7,R,53
196228,1,R,396,A,,A,,R,396
196228,12,R,396,A,,A,,R,396
196237,1,R,5954,R,603,R,2959,R,2392
196237,2,R,5477,R,480,R,2792,R,2205
196237,3,R,4545,R,314,R,2754,R,1477
196237,11,R,932,R,166,R,38,R,728
196237,12,R,477,R,123,R,167,R,187
196246,1,R,5289,R,1470,R,2807,R,1012
196246,2,R,4524,R,1029,R,2622,R,873
196246,3,R,4110,R,751,R,2609,R,750
196246,11,R,414,R,278,R,13,R,123
196246,12,R,765,R,441,R,185,R,139
196255,1,R,2501,R,272,R,1080,R,1149
196255,2,R,324,R,19,R,263,R,42
196255,3,R,322,R,17,R,263,R,42
196255,11,R,2,R,2,R,0,R,0
196255,12,R,2177,R,253,R,817,R,1107
196264,1,R,16287,R,15076,R,420,R,791
196264,2,R,12735,R,11557,R,387,R,791
196264,3,R,11035,R,10023,R,350,R,662
196264,11,R,1700,R,1534,R,37,R,129
196264,12,R,3552,R,3519,R,33,R,0
196291,1,R,1563,R,87,R,732,R,744
196291,2,R,1421,R,12,R,674,R,735
196291,3,R,1413,R,10,R,674,R,729
196291,11,R,8,R,2,R,0,R,6
196291,12,R,142,R,75,R,58,R,9
196307,1,R,1479,R,111,R,388,R,980
196307,2,R,205,R,77,R,116,R,12
196307,3,R,178,R,54,R,114,R,10
196307,11,R,27,R,23,R,2,R,2
196307,12,R,1274,R,34,R,272,R,968
196389,1,R,1886,A,,A,,R,1886
196389,2,R,1886,A,,A,,R,1886
196389,3,R,1880,A,,A,,R,1880
196389,11,R,6,A,,A,,R,6
196413,1,R,37243,R,2995,R,6540,R,27708
196413,2,R,28695,R,596,R,4526,R,23573
196413,3,R,15773,R,522,R,4465,R,10786
196413,11,R,12922,R,74,R,61,R,12787
196413,12,R,8548,R,2399,R,2014,R,4135
196431,1,R,360,A,,A,,R,360
196431,2,R,360,A,,A,,R,360
196431,3,R,360,A,,A,,R,360
196440,1,R,17,A,,A,,R,17
196440,2,R,15,A,,A,,R,15
196440,3,R,15,A,,A,,R,15
196440,12,R,2,A,,A,,R,2
196468,1,R,5434,R,328,R,2771,R,2335
196468,12,R,5434,R,328,R,2771,R,2335
196565,1,R,7983,R,800,R,1249,R,5934
196565,2,R,7983,R,800,R,1249,R,5934
196565,3,R,1824,R,423,R,1001,R,400
196565,11,R,6159,R,377,R,248,R,5534
196583,1,R,96,A,,A,,R,96
196583,2,R,96,A,,A,,R,96
196583,3,R,96,A,,A,,R,96
196592,1,R,14626,R,4828,R,5202,R,4596
196592,2,R,6341,R,1961,R,2364,R,2016
196592,3,R,4866,R,1792,R,2335,R,739
196592,11,R,1475,R,169,R,29,R,1277
196592,12,R,8285,R,2867,R,2838,R,2580
196653,1,R,1421,R,133,R,855,R,433
196653,2,R,1421,R,133,R,855,R,433
196653,3,R,1354,R,123,R,842,R,389
196653,11,R,67,R,10,R,13,R,44
196680,1,R,18823,R,18823,A,,A,
196680,2,R,16699,R,16699,A,,A,
196680,3,R,16699,R,16699,A,,A,
196680,12,R,2124,R,2124,A,,A,
196699,1,R,3630,R,570,R,976,R,2084
196699,2,R,3630,R,570,R,976,R,2084
196699,3,R,1579,R,320,R,875,R,384
196699,11,R,2051,R,250,R,101,R,1700
196866,1,R,2118,A,,A,,R,2118
196866,2,R,2118,A,,A,,R,2118
196866,3,R,2099,A,,A,,R,2099
196866,11,R,19,A,,A,,R,19
196884,1,R,272,R,17,R,143,R,112
196884,12,R,272,R,17,R,143,R,112
197018,1,R,2006,A,,A,,R,2006
197018,2,R,2006,A,,A,,R,2006
197018,3,R,2006,A,,A,,R,2006
197027,1,R,960,R,13,R,0,R,947
197027,2,R,947,A,,A,,R,947
197027,3,R,947,A,,A,,R,947
197027,12,R,13,R,13,R,0,R,0
197036,1,R,4656,A,,A,,R,4656
197036,2,R,4656,A,,A,,R,4656
197036,3,R,4567,A,,A,,R,4567
197036,11,R,89,A,,A,,R,89
197045,1,R,4702,R,2446,R,1057,R,1199
197045,2,R,3109,R,1099,R,884,R,1126
197045,3,R,2861,R,908,R,880,R,1073
197045,11,R,248,R,191,R,4,R,53
197045,12,R,1593,R,1347,R,173,R,73
197133,1,R,2609,A,,A,,R,2609
197133,2,R,2609,A,,A,,R,2609
197133,3,R,2574,A,,A,,R,2574
197133,11,R,35,A,,A,,R,35
197142,1,R,595,R,3,R,225,R,367
197142,2,R,595,R,3,R,225,R,367
197142,3,R,582,R,0,R,225,R,357
197142,11,R,13,R,3,R,0,R,10
197151,1,R,4198,A,,A,,R,4198
197151,2,R,3557,A,,A,,R,3557
197151,3,R,3535,A,,A,,R,3535
197151,11,R,22,A,,A,,R,22
197151,12,R,641,A,,A,,R,641
197197,1,R,2017,A,,A,,R,2017
197197,2,R,1655,A,,A,,R,1655
197197,3,R,1630,A,,A,,R,1630
197197,11,R,25,A,,A,,R,25
197197,12,R,362,A,,A,,R,362
197221,1,R,106,A,,A,,R,106
197221,2,R,106,A,,A,,R,106
197221,3,R,106,A,,A,,R,106
197285,1,R,1575,R,348,R,216,R,1011
197285,2,R,1575,R,348,R,216,R,1011
197285,3,R,1052,R,348,R,216,R,488
197285,11,R,523,R,0,R,0,R,523
197294,1,R,15595,R,2449,R,4563,R,8583
197294,2,R,15595,R,2449,R,4563,R,8583
197294,3,R,9858,R,1272,R,4303,R,4283
197294,11,R,5737,R,1177,R,260,R,4300
197337,1,R,84,A,,A,,R,84
197337,2,R,84,A,,A,,R,84
197337,3,R,84,A,,A,,R,84
197531,1,R,683,A,,A,,R,683
197531,2,R,683,A,,A,,R,683
197531,3,R,683,A,,A,,R,683
197601,1,R,170,A,,A,,R,170
197601,2,R,139,A,,A,,R,139
197601,3,R,139,A,,A,,R,139
197601,12,R,31,A,,A,,R,31
197647,1,R,155,A,,A,,R,155
197647,2,R,122,A,,A,,R,122
197647,3,R,122,A,,A,,R,122
197647,12,R,33,A,,A,,R,33
197674,1,R,272,A,,A,,R,272
197674,2,R,250,A,,A,,R,250
197674,3,R,250,A,,A,,R,250
197674,12,R,22,A,,A,,R,22
197692,1,R,100,A,,A,,R,100
197692,2,R,85,A,,A,,R,85
197692,3,R,85,A,,A,,R,85
197692,12,R,15,A,,A,,R,15
197708,1,R,7568,R,1080,R,2548,R,3940
197708,2,R,3338,R,137,R,998,R,2203
197708,3,R,3157,R,7,R,997,R,2153
197708,11,R,181,R,130,R,1,R,50
197708,12,R,4230,R,943,R,1550,R,1737
197735,1,R,1184,A,,A,,R,1184
197735,2,R,956,A,,A,,R,956
197735,3,R,956,A,,A,,R,956
197735,12,R,228,A,,A,,R,228
197744,1,R,247,A,,A,,R,247
197744,2,R,200,A,,A,,R,200
197744,3,R,200,A,,A,,R,200
197744,12,R,47,A,,A,,R,47
197814,1,R,3469,R,2450,R,925,R,94
197814,2,R,3469,R,2450,R,925,R,94
197814,3,R,1784,R,1281,R,443,R,60
197814,11,R,1685,R,1169,R,482,R,34
197850,1,R,4805,R,1477,R,2448,R,880
197850,2,R,4805,R,1477,R,2448,R,880
197850,3,R,2066,R,421,R,1201,R,444
197850,11,R,2739,R,1056,R,1247,R,436
197869,1,R,23026,R,2776,R,14986,R,5264
197869,2,R,20856,R,1714,R,14428,R,4714
197869,3,R,20629,R,1621,R,14405,R,4603
197869,11,R,227,R,93,R,23,R,111
197869,12,R,2170,R,1062,R,558,R,550
197887,1,R,9190,R,3297,R,3600,R,2293
197887,2,R,9190,R,3297,R,3600,R,2293
197887,3,R,7265,R,2254,R,3219,R,1792
197887,11,R,1925,R,1043,R,381,R,501
197911,1,R,1387,R,257,R,983,R,147
197911,2,R,1263,R,236,R,923,R,104
197911,3,R,1069,R,63,R,905,R,101
197911,11,R,194,R,173,R,18,R,3
197911,12,R,124,R,21,R,60,R,43
197966,1,R,2523,R,1033,R,1055,R,435
197966,2,R,2523,R,1033,R,1055,R,435
197966,3,R,1432,R,830,R,421,R,181
197966,11,R,1091,R,203,R,634,R,254
197984,1,R,1797,R,203,R,657,R,937
197984,2,R,1684,R,90,R,657,R,937
197984,3,R,1563,R,84,R,650,R,829
197984,11,R,121,R,6,R,7,R,108
197984,12,R,113,R,113,R,0,R,0
197993,1,R,203,R,22,R,143,R,38
197993,2,R,203,R,22,R,143,R,38
197993,3,R,198,R,22,R,141,R,35
197993,11,R,5,R,0,R,2,R,3
198011,1,R,1406,R,762,R,498,R,146
198011,2,R,1406,R,762,R,498,R,146
198011,3,R,1021,R,650,R,250,R,121
198011,11,R,385,R,112,R,248,R,25
198039,1,R,3970,R,1586,R,2317,R,67
198039,2,R,3970,R,1586,R,2317,R,67
198039,3,R,2475,R,971,R,1461,R,43
198039,11,R,1495,R,615,R,856,R,24
198066,1,R,840,R,13,R,32,R,795
198066,2,R,809,R,5,R,20,R,784
198066,3,R,795,R,0,R,20,R,775
198066,11,R,14,R,5,R,0,R,9
198066,12,R,31,R,8,R,12,R,11
198084,1,R,2590,R,1115,R,1284,R,191
198084,2,R,2590,R,1115,R,1284,R,191
198084,3,R,1434,R,491,R,793,R,150
198084,11,R,1156,R,624,R,491,R,41
198109,1,R,880,R,151,R,612,R,117
198109,2,R,774,R,119,R,538,R,117
198109,3,R,709,R,116,R,536,R,57
198109,11,R,65,R,3,R,2,R,60
198109,12,R,106,R,32,R,74,R,0
198118,1,R,4834,R,1706,R,1894,R,1234
198118,2,R,4834,R,1706,R,1894,R,1234
198118,3,R,3046,R,1194,R,1291,R,561
198118,11,R,1788,R,512,R,603,R,673
198136,1,R,5697,R,1062,R,1830,R,2805
198136,2,R,3243,R,725,R,1217,R,1301
198136,3,R,3196,R,713,R,1201,R,1282
198136,11,R,47,R,12,R,16,R,19
198136,12,R,2454,R,337,R,613,R,1504
198154,1,R,26685,R,7659,R,5339,R,13687
198154,2,R,26685,R,7659,R,5339,R,13687
198154,3,R,13319,R,6403,R,4590,R,2326
198154,11,R,13366,R,1256,R,749,R,11361
198206,1,R,2171,R,1048,R,624,R,499
198206,2,R,2171,R,1048,R,624,R,499
198206,3,R,1549,R,562,R,590,R,397
198206,11,R,622,R,486,R,34,R,102
198215,1,R,1471,R,342,R,490,R,639
198215,2,R,1370,R,266,R,478,R,626
198215,3,R,1234,R,160,R,461,R,613
198215,11,R,136,R,106,R,17,R,13
198215,12,R,101,R,76,R,12,R,13
198233,1,R,6241,R,4073,R,1965,R,203
198233,2,R,6241,R,4073,R,1965,R,203
198233,3,R,3223,R,1704,R,1391,R,128
198233,11,R,3018,R,2369,R,574,R,75
198251,1,R,7357,R,1834,R,3601,R,1922
198251,2,R,7357,R,1834,R,3601,R,1922
198251,3,R,4384,R,1343,R,2228,R,813
198251,11,R,2973,R,491,R,1373,R,1109
198260,1,R,26949,R,9321,R,11478,R,6150
198260,2,R,26949,R,9321,R,11478,R,6150
198260,3,R,19288,R,4985,R,9456,R,4847
198260,11,R,7661,R,4336,R,2022,R,1303
198303,1,R,784,R,122,R,487,R,175
198303,2,R,677,R,37,R,465,R,175
198303,3,R,660,R,20,R,465,R,175
198303,11,R,17,R,17,R,0,R,0
198303,12,R,107,R,85,R,22,R,0
198321,1,R,3723,R,1640,R,1535,R,548
198321,2,R,3723,R,1640,R,1535,R,548
198321,3,R,2236,R,982,R,932,R,322
198321,11,R,1487,R,658,R,603,R,226
198330,1,R,4827,R,1895,R,2002,R,930
198330,2,R,4827,R,1895,R,2002,R,930
198330,3,R,3658,R,1361,R,1690,R,607
198330,11,R,1169,R,534,R,312,R,323
198367,1,R,3912,R,430,R,3021,R,461
198367,2,R,3912,R,430,R,3021,R,461
198367,3,R,2540,R,269,R,1875,R,396
198367,11,R,1372,R,161,R,1146,R,65
198376,1,R,5112,R,2006,R,2198,R,908
198376,2,R,5112,R,2006,R,2198,R,908
198376,3,R,3130,R,1224,R,1445,R,461
198376,11,R,1982,R,782,R,753,R,447
198385,1,R,2080,A,,A,,R,2080
198385,2,R,2080,A,,A,,R,2080
198385,3,R,2077,A,,A,,R,2077
198385,11,R,3,A,,A,,R,3
198419,1,R,18360,R,1335,R,2184,R,14841
198419,2,R,6626,R,1,R,416,R,6209
198419,3,R,6483,R,1,R,415,R,6067
198419,11,R,143,R,0,R,1,R,142
198419,12,R,11734,R,1334,R,1768,R,8632
198455,1,R,7821,R,4693,R,2522,R,606
198455,2,R,7821,R,4693,R,2522,R,606
198455,3,R,5686,R,3369,R,1858,R,459
198455,11,R,2135,R,1324,R,664,R,147
198464,1,R,29704,R,9804,R,16036,R,3864
198464,2,R,23336,R,5731,R,15127,R,2478
198464,3,R,21342,R,4018,R,15013,R,2311
198464,11,R,1994,R,1713,R,114,R,167
198464,12,R,6368,R,4073,R,909,R,1386
198491,1,R,2120,R,1391,R,489,R,240
198491,2,R,2120,R,1391,R,489,R,240
198491,3,R,1520,R,1082,R,274,R,164
198491,11,R,600,R,309,R,215,R,76
198507,1,R,2504,R,730,R,1513,R,261
198507,2,R,2375,R,628,R,1495,R,252
198507,3,R,2069,R,422,R,1470,R,177
198507,11,R,306,R,206,R,25,R,75
198507,12,R,129,R,102,R,18,R,9
198516,1,R,7562,R,149,R,1948,R,5465
198516,2,R,6622,R,0,R,1860,R,4762
198516,3,R,6577,R,0,R,1860,R,4717
198516,11,R,45,R,0,R,0,R,45
198516,12,R,940,R,149,R,88,R,703
198534,1,R,15510,R,7843,R,6973,R,694
198534,2,R,15510,R,7843,R,6973,R,694
198534,3,R,12830,R,6867,R,5381,R,582
198534,11,R,2680,R,976,R,1592,R,112
198543,1,R,8337,R,3921,R,3859,R,557
198543,2,R,7066,R,2916,R,3669,R,481
198543,3,R,6595,R,2812,R,3445,R,338
198543,11,R,471,R,104,R,224,R,143
198543,12,R,1271,R,1005,R,190,R,76
198552,1,R,11847,R,5148,R,4412,R,2287
198552,2,R,11847,R,5148,R,4412,R,2287
198552,3,R,8547,R,3208,R,3680,R,1659
198552,11,R,3300,R,1940,R,732,R,628
198561,1,R,3485,R,1105,R,1658,R,722
198561,2,R,1979,R,528,R,1135,R,316
198561,3,R,1979,R,528,R,1135,R,316
198561,12,R,1506,R,577,R,523,R,406
198570,1,R,8026,R,4717,R,2836,R,473
198570,2,R,8026,R,4717,R,2836,R,473
198570,3,R,4572,R,2333,R,2001,R,238
198570,11,R,3454,R,2384,R,835,R,235
198598,1,R,1029,R,194,R,315,R,520
198598,2,R,903,R,82,R,302,R,519
198598,3,R,701,R,35,R,256,R,410
198598,11,R,202,R,47,R,46,R,109
198598,12,R,126,R,112,R,13,R,1
198613,1,R,1306,R,0,R,545,R,761
198613,2,R,1235,R,0,R,491,R,744
198613,3,R,1065,R,0,R,416,R,649
198613,11,R,170,R,0,R,75,R,95
198613,12,R,71,R,0,R,54,R,17
198622,1,R,15434,R,5887,R,6053,R,3494
198622,2,R,15434,R,5887,R,6053,R,3494
198622,3,R,12246,R,4658,R,4988,R,2600
198622,11,R,3188,R,1229,R,1065,R,894
198640,1,R,1464,R,850,R,492,R,122
198640,2,R,1464,R,850,R,492,R,122
198640,3,R,710,R,368,R,250,R,92
198640,11,R,754,R,482,R,242,R,30
198668,1,R,1716,R,839,R,648,R,229
198668,2,R,1716,R,839,R,648,R,229
198668,3,R,1055,R,522,R,438,R,95
198668,11,R,661,R,317,R,210,R,134
198677,1,R,38,R,38,A,,A,
198677,2,R,32,R,32,A,,A,
198677,3,R,31,R,31,A,,A,
198677,11,R,1,R,1,A,,A,
198677,12,R,6,R,6,A,,A,
198695,1,R,6294,R,384,R,365,R,5545
198695,2,R,5080,R,31,R,189,R,4860
198695,3,R,5038,R,2,R,180,R,4856
198695,11,R,42,R,29,R,9,R,4
198695,12,R,1214,R,353,R,176,R,685
198710,1,R,2583,R,1177,R,1005,R,401
198710,2,R,2583,R,1177,R,1005,R,401
198710,3,R,1638,R,690,R,700,R,248
198710,11,R,945,R,487,R,305,R,153
198729,1,R,1715,R,885,R,579,R,251
198729,2,R,1715,R,885,R,579,R,251
198729,3,R,935,R,418,R,365,R,152
198729,11,R,780,R,467,R,214,R,99
198756,1,R,1346,R,157,R,782,R,407
198756,2,R,1293,R,157,R,782,R,354
198756,3,R,1275,R,149,R,772,R,354
198756,11,R,18,R,8,R,10,R,0
198756,12,R,53,A,,A,,R,53
198774,1,R,6884,R,3095,R,2694,R,1095
198774,2,R,6884,R,3095,R,2694,R,1095
198774,3,R,4204,R,1483,R,1911,R,810
198774,11,R,2680,R,1612,R,783,R,285
198808,1,R,888,R,193,R,18,R,677
198808,2,R,862,R,167,R,18,R,677
198808,3,R,861,R,166,R,18,R,677
198808,11,R,1,R,1,R,0,R,0
198808,12,R,26,R,26,R,0,R,0
198817,1,R,3293,R,1714,R,1223,R,356
198817,2,R,3293,R,1714,R,1223,R,356
198817,3,R,1683,R,833,R,667,R,183
198817,11,R,1610,R,881,R,556,R,173
198835,1,R,2488,R,226,R,1651,R,611
198835,2,R,1578,R,52,R,1112,R,414
198835,3,R,1430,R,51,R,1092,R,287
198835,11,R,148,R,1,R,20,R,127
198835,12,R,910,R,174,R,539,R,197
198844,1,R,201,A,,A,,R,201
198844,2,R,201,A,,A,,R,201
198844,3,R,201,A,,A,,R,201
198862,1,R,896,R,0,R,595,R,301
198862,2,R,875,Z,0,R,595,R,280
198862,3,R,875,Z,0,R,595,R,280
198862,12,R,21,A,,A,,R,21
198871,1,R,513,A,,A,,R,513
198871,2,R,513,A,,A,,R,513
198871,3,R,513,A,,A,,R,513
198899,1,R,1114,R,100,R,610,R,404
198899,2,R,1059,R,74,R,601,R,384
198899,3,R,1051,R,72,R,598,R,381
198899,11,R,8,R,2,R,3,R,3
198899,12,R,55,R,26,R,9,R,20
198905,1,R,1037,R,533,R,417,R,87
198905,2,R,1037,R,533,R,417,R,87
198905,3,R,378,R,180,R,159,R,39
198905,11,R,659,R,353,R,258,R,48
198914,1,R,1131,R,364,R,547,R,220
198914,2,R,1131,R,364,R,547,R,220
198914,3,R,432,R,159,R,192,R,81
198914,11,R,699,R,205,R,355,R,139
198923,1,R,1578,R,822,R,550,R,206
198923,2,R,1578,R,822,R,550,R,206
198923,3,R,761,R,478,R,158,R,125
198923,11,R,817,R,344,R,392,R,81
198950,1,R,1705,R,37,R,0,R,1668
198950,2,R,1375,A,,A,,R,1375
198950,3,R,1315,A,,A,,R,1315
198950,11,R,60,A,,A,,R,60
198950,12,R,330,R,37,R,0,R,293
198969,1,R,1966,R,324,R,600,R,1042
198969,2,R,1617,R,274,R,600,R,743
198969,3,R,1590,R,274,R,598,R,718
198969,11,R,27,R,0,R,2,R,25
198969,12,R,349,R,50,R,0,R,299
198978,1,R,192,R,47,R,118,R,27
198978,2,R,192,R,47,R,118,R,27
198978,3,R,192,R,47,R,118,R,27
198987,1,R,4567,R,2427,R,1350,R,790
198987,2,R,4567,R,2427,R,1350,R,790
198987,3,R,2187,R,948,R,827,R,412
198987,11,R,2380,R,1479,R,523,R,378
199023,1,R,1251,R,278,R,575,R,398
199023,2,R,1251,R,278,R,575,R,398
199023,3,R,613,R,206,R,312,R,95
199023,11,R,638,R,72,R,263,R,303
199032,1,R,1287,R,458,R,460,R,369
199032,2,R,991,R,270,R,352,R,369
199032,3,R,982,R,270,R,350,R,362
199032,11,R,9,Z,0,R,2,R,7
199032,12,R,296,R,188,R,108,R,0
199069,1,R,2726,R,1714,R,651,R,361
199069,2,R,2478,R,1470,R,647,R,361
199069,3,R,2220,R,1262,R,640,R,318
199069,11,R,258,R,208,R,7,R,43
199069,12,R,248,R,244,R,4,R,0
199078,1,R,236,A,,A,,R,236
199078,2,R,236,A,,A,,R,236
199078,3,R,236,A,,A,,R,236
199087,1,R,3653,R,2144,R,1284,R,225
199087,2,R,3653,R,2144,R,1284,R,225
199087,3,R,2183,R,1162,R,911,R,110
199087,11,R,1470,R,982,R,373,R,115
199102,1,R,15413,R,1978,R,10468,R,2967
199102,2,R,13493,R,1356,R,9952,R,2185
199102,3,R,13036,R,1243,R,9896,R,1897
199102,11,R,457,R,113,R,56,R,288
199102,12,R,1920,R,622,R,516,R,782
199111,1,R,3339,R,114,R,997,R,2228
199111,2,R,3319,R,114,R,997,R,2208
199111,3,R,3077,R,53,R,975,R,2049
199111,11,R,242,R,61,R,22,R,159
199111,12,R,20,A,,A,,R,20
199120,1,R,34640,R,2057,R,13066,R,19517
199120,2,R,21906,R,230,R,10003,R,11673
199120,3,R,21278,R,163,R,9980,R,11135
199120,11,R,628,R,67,R,23,R,538
199120,12,R,12734,R,1827,R,3063,R,7844
199139,1,R,34158,R,3941,R,21361,R,8856
199139,2,R,26495,R,1500,R,18485,R,6510
199139,3,R,25683,R,1306,R,18320,R,6057
199139,11,R,812,R,194,R,165,R,453
199139,12,R,7663,R,2441,R,2876,R,2346
199148,1,R,19903,R,5198,R,11398,R,3307
199148,2,R,15744,R,3361,R,10294,R,2089
199148,3,R,15194,R,3251,R,10110,R,1833
199148,11,R,550,R,110,R,184,R,256
199148,12,R,4159,R,1837,R,1104,R,1218
199157,1,R,9008,R,2091,R,5169,R,1748
199157,2,R,6800,R,1224,R,4550,R,1026
199157,3,R,6074,R,1093,R,4408,R,573
199157,11,R,726,R,131,R,142,R,453
199157,12,R,2208,R,867,R,619,R,722
199184,1,R,1085,R,1,R,323,R,761
199184,2,R,912,R,1,R,317,R,594
199184,3,R,911,R,1,R,317,R,593
199184,11,R,1,R,0,R,0,R,1
199184,12,R,173,R,0,R,6,R,167
199193,1,R,41029,R,4196,R,21496,R,15337
199193,2,R,29839,R,1418,R,19103,R,9318
199193,3,R,27840,R,716,R,18701,R,8423
199193,11,R,1999,R,702,R,402,R,895
199193,12,R,11190,R,2778,R,2393,R,6019
199209,1,R,1772,R,706,R,458,R,608
199209,2,R,1523,R,457,R,458,R,608
199209,3,R,1395,R,357,R,448,R,590
199209,11,R,128,R,100,R,10,R,18
199209,12,R,249,R,249,R,0,R,0
199218,1,R,20709,R,6021,R,11791,R,2897
199218,2,R,16274,R,2703,R,11179,R,2392
199218,3,R,15773,R,2601,R,11085,R,2087
199218,11,R,501,R,102,R,94,R,305
199218,12,R,4435,R,3318,R,612,R,505
199263,1,R,554,R,353,R,132,R,69
199263,2,R,554,R,353,R,132,R,69
199263,3,R,269,R,182,R,54,R,33
199263,11,R,285,R,171,R,78,R,36
199272,1,R,1075,R,428,R,37,R,610
199272,2,R,1075,R,428,R,37,R,610
199272,3,R,757,R,184,R,30,R,543
199272,11,R,318,R,244,R,7,R,67
199281,1,R,9501,R,5247,R,3040,R,1214
199281,2,R,6567,R,2685,R,2713,R,1169
199281,3,R,6344,R,2535,R,2689,R,1120
199281,11,R,223,R,150,R,24,R,49
199281,12,R,2934,R,2562,R,327,R,45
199306,1,R,1042,R,243,R,604,R,195
199306,2,R,688,R,42,R,485,R,161
199306,3,R,688,R,42,R,485,R,161
199306,12,R,354,R,201,R,119,R,34
199324,1,R,1716,R,487,R,820,R,409
199324,2,R,1716,R,487,R,820,R,409
199324,3,R,1080,R,395,R,469,R,216
199324,11,R,636,R,92,R,351,R,193
199333,1,R,11182,R,5531,R,2937,R,2714
199333,2,R,11182,R,5531,R,2937,R,2714
199333,3,R,7336,R,3647,R,2348,R,1341
199333,11,R,3846,R,1884,R,589,R,1373
199412,1,R,2103,R,446,R,1227,R,430
199412,2,R,1470,R,33,R,1049,R,388
199412,3,R,1451,R,30,R,1045,R,376
199412,11,R,19,R,3,R,4,R,12
199412,12,R,633,R,413,R,178,R,42
199421,1,R,3411,R,1791,R,1295,R,325
199421,2,R,3411,R,1791,R,1295,R,325
199421,3,R,1872,R,808,R,928,R,136
199421,11,R,1539,R,983,R,367,R,189
199449,1,R,3141,R,1138,R,924,R,1079
199449,2,R,3141,R,1138,R,924,R,1079
199449,3,R,1733,R,844,R,638,R,251
199449,11,R,1408,R,294,R,286,R,828
199458,1,R,186,R,28,R,84,R,74
199458,2,R,186,R,28,R,84,R,74
199458,3,R,177,R,28,R,84,R,65
199458,11,R,9,R,0,R,0,R,9
199467,1,R,854,R,415,R,353,R,86
199467,2,R,854,R,415,R,353,R,86
199467,3,R,368,R,230,R,120,R,18
199467,11,R,486,R,185,R,233,R,68
199476,1,R,2715,R,1408,R,703,R,604
199476,2,R,2715,R,1408,R,703,R,604
199476,3,R,1903,R,991,R,474,R,438
199476,11,R,812,R,417,R,229,R,166
199485,1,R,2202,R,1239,R,835,R,128
199485,2,R,2202,R,1239,R,835,R,128
199485,3,R,1437,R,848,R,511,R,78
199485,11,R,765,R,391,R,324,R,50
199494,1,R,8806,R,3129,R,3635,R,2042
199494,2,R,8806,R,3129,R,3635,R,2042
199494,3,R,5271,R,1731,R,2398,R,1142
199494,11,R,3535,R,1398,R,1237,R,900
199582,1,R,975,R,107,R,839,R,29
199582,2,R,960,R,94,R,839,R,27
199582,3,R,793,R,91,R,680,R,22
199582,11,R,167,R,3,R,159,R,5
199582,12,R,15,R,13,R,0,R,2
199607,1,R,559,R,82,R,340,R,137
199607,2,R,461,R,12,R,333,R,116
199607,3,R,400,R,8,R,307,R,85
199607,11,R,61,R,4,R,26,R,31
199607,12,R,98,R,70,R,7,R,21
199625,1,R,2273,R,1460,R,667,R,146
199625,2,R,2273,R,1460,R,667,R,146
199625,3,R,1234,R,675,R,428,R,131
199625,11,R,1039,R,785,R,239,R,15
199634,1,R,4903,R,2070,R,1709,R,1124
199634,2,R,4903,R,2070,R,1709,R,1124
199634,3,R,2961,R,1076,R,1250,R,635
199634,11,R,1942,R,994,R,459,R,489
199643,1,R,1078,R,146,R,662,R,270
199643,2,R,941,R,131,R,561,R,249
199643,3,R,922,R,129,R,559,R,234
199643,11,R,19,R,2,R,2,R,15
199643,12,R,137,R,15,R,101,R,21
199689,1,R,253,A,,A,,R,253
199689,2,R,253,A,,A,,R,253
199689,3,R,253,A,,A,,R,253
199698,1,R,845,R,251,R,525,R,69
199698,2,R,817,R,226,R,525,R,66
199698,3,R,817,R,226,R,525,R,66
199698,12,R,28,R,25,R,0,R,3
199722,1,R,1813,R,486,R,806,R,521
199722,2,R,1813,R,486,R,806,R,521
199722,3,R,1108,R,362,R,532,R,214
199722,11,R,705,R,124,R,274,R,307
199731,1,R,2860,R,1029,R,1273,R,558
199731,2,R,2860,R,1029,R,1273,R,558
199731,3,R,2244,R,830,R,1111,R,303
199731,11,R,616,R,199,R,162,R,255
199740,1,R,3346,R,1866,R,1091,R,389
199740,2,R,3346,R,1866,R,1091,R,389
199740,3,R,2013,R,1038,R,701,R,274
199740,11,R,1333,R,828,R,390,R,115
199759,1,R,4118,R,1456,R,901,R,1761
199759,2,R,1324,R,244,R,240,R,840
199759,3,R,578,R,174,R,226,R,178
199759,11,R,746,R,70,R,14,R,662
199759,12,R,2794,R,1212,R,661,R,921
199768,1,R,3576,R,816,R,1571,R,1189
199768,2,R,3576,R,816,R,1571,R,1189
199768,3,R,1851,R,458,R,919,R,474
199768,11,R,1725,R,358,R,652,R,715
199786,1,R,5774,R,3261,R,1905,R,608
199786,2,R,5774,R,3261,R,1905,R,608
199786,3,R,3691,R,1943,R,1410,R,338
199786,11,R,2083,R,1318,R,495,R,270
199795,1,R,1342,R,626,R,567,R,149
199795,2,R,1342,R,626,R,567,R,149
199795,3,R,631,R,338,R,225,R,68
199795,11,R,711,R,288,R,342,R,81
199838,1,R,3868,R,2093,R,1269,R,506
199838,2,R,3868,R,2093,R,1269,R,506
199838,3,R,2182,R,1365,R,612,R,205
199838,11,R,1686,R,728,R,657,R,301
199847,1,R,9843,R,1439,R,2466,R,5938
199847,2,R,5610,R,54,R,1866,R,3690
199847,3,R,5550,R,25,R,1850,R,3675
199847,11,R,60,R,29,R,16,R,15
199847,12,R,4233,R,1385,R,600,R,2248
199856,1,R,32902,R,14815,R,12712,R,5375
199856,2,R,32902,R,14815,R,12712,R,5375
199856,3,R,25407,R,9585,R,11679,R,4143
199856,11,R,7495,R,5230,R,1033,R,1232
199865,1,R,861,R,0,R,118,R,743
199865,2,R,793,R,0,R,50,R,743
199865,3,R,753,R,0,R,50,R,703
199865,11,R,40,R,0,R,0,R,40
199865,12,R,68,R,0,R,68,R,0
199883,1,R,159,A,,A,,R,159
199883,2,R,159,A,,A,,R,159
199883,3,R,159,A,,A,,R,159
199892,1,R,4198,R,1911,R,1641,R,646
199892,2,R,4198,R,1911,R,1641,R,646
199892,3,R,2692,R,1026,R,1230,R,436
199892,11,R,1506,R,885,R,411,R,210
199908,1,R,2334,R,634,R,1134,R,566
199908,2,R,2334,R,634,R,1134,R,566
199908,3,R,1444,R,409,R,706,R,329
199908,11,R,890,R,225,R,428,R,237
199926,1,R,3096,R,1132,R,1368,R,596
199926,2,R,3096,R,1132,R,1368,R,596
199926,3,R,1683,R,520,R,938,R,225
199926,11,R,1413,R,612,R,430,R,371
199953,1,R,2559,R,1628,R,730,R,201
199953,2,R,2559,R,1628,R,730,R,201
199953,3,R,1205,R,736,R,332,R,137
199953,11,R,1354,R,892,R,398,R,64
199962,1,R,3594,R,287,R,1294,R,2013
199962,2,R,2656,R,110,R,1181,R,1365
199962,3,R,2631,R,110,R,1175,R,1346
199962,11,R,25,R,0,R,6,R,19
199962,12,R,938,R,177,R,113,R,648
199971,1,R,96,Z,0,R,76,R,20
199971,2,R,71,Z,0,R,51,R,20
199971,3,R,71,Z,0,R,51,R,20
199971,12,R,25,Z,0,R,25,R,0
199980,1,R,216,A,,A,,R,216
199980,2,R,216,A,,A,,R,216
199980,3,R,216,A,,A,,R,216
199999,1,R,5324,R,998,R,3918,R,408
199999,2,R,4711,R,607,R,3731,R,373
199999,3,R,4660,R,587,R,3725,R,348
199999,11,R,51,R,20,R,6,R,25
199999,12,R,613,R,391,R,187,R,35
200004,1,R,13206,R,3809,R,5459,R,3938
200004,2,R,11291,R,3062,R,4703,R,3526
200004,3,R,11072,R,2929,R,4685,R,3458
200004,11,R,219,R,133,R,18,R,68
200004,12,R,1915,R,747,R,756,R,412
200013,1,R,477,R,221,R,202,R,54
200013,2,R,477,R,221,R,202,R,54
200013,3,R,476,R,220,R,202,R,54
200013,11,R,1,R,1,R,0,R,0
200022,1,R,5401,R,2010,R,1025,R,2366
200022,2,R,5401,R,2010,R,1025,R,2366
200022,3,R,3149,R,1397,R,914,R,838
200022,11,R,2252,R,613,R,111,R,1528
200059,1,R,1759,R,538,R,549,R,672
200059,2,R,1683,R,472,R,541,R,670
200059,3,R,1233,R,343,R,536,R,354
200059,11,R,450,R,129,R,5,R,316
200059,12,R,76,R,66,R,8,R,2
200086,1,R,354,R,0,R,0,R,354
200086,2,R,354,R,0,R,0,R,354
200086,3,R,187,R,0,R,0,R,187
200086,11,R,167,R,0,R,0,R,167
200110,1,R,77,A,,A,,R,77
200110,2,R,77,A,,A,,R,77
200110,3,R,77,A,,A,,R,77
200156,1,R,1484,R,353,R,385,R,746
200156,2,R,1097,R,96,R,356,R,645
200156,3,R,1030,R,96,R,353,R,581
200156,11,R,67,Z,0,R,3,R,64
200156,12,R,387,R,257,R,29,R,101
200192,1,R,2625,R,1358,R,281,R,986
200192,2,R,2625,R,1358,R,281,R,986
200192,3,R,742,R,334,R,183,R,225
200192,11,R,1883,R,1024,R,98,R,761
200208,1,R,475,R,11,R,124,R,340
200208,2,R,475,R,11,R,124,R,340
200208,3,R,408,R,7,R,114,R,287
200208,11,R,67,R,4,R,10,R,53
200217,1,R,4626,R,1486,R,1730,R,1410
200217,2,R,3022,R,448,R,1324,R,1250
200217,3,R,2490,R,428,R,1294,R,768
200217,11,R,532,R,20,R,30,R,482
200217,12,R,1604,R,1038,R,406,R,160
200226,1,R,1403,R,870,R,161,R,372
200226,2,R,1320,R,787,R,161,R,372
200226,3,R,844,R,378,R,147,R,319
200226,11,R,476,R,409,R,14,R,53
200226,12,R,83,R,83,R,0,R,0
200253,1,R,3264,R,934,R,1212,R,1118
200253,2,R,2956,R,752,R,1140,R,1064
200253,3,R,2330,R,467,R,1065,R,798
200253,11,R,626,R,285,R,75,R,266
200253,12,R,308,R,182,R,72,R,54
200280,1,R,18449,R,8501,R,5210,R,4738
200280,2,R,13613,R,5838,R,4452,R,3323
200280,3,R,10421,R,2957,R,4444,R,3020
200280,11,R,3192,R,2881,R,8,R,303
200280,12,R,4836,R,2663,R,758,R,1415
200305,1,R,4056,R,707,R,614,R,2735
200305,2,R,4056,R,707,R,614,R,2735
200305,3,R,1960,R,243,R,556,R,1161
200305,11,R,2096,R,464,R,58,R,1574
200314,1,R,1513,R,989,R,247,R,277
200314,2,R,1513,R,989,R,247,R,277
200314,3,R,493,R,265,R,141,R,87
200314,11,R,1020,R,724,R,106,R,190
200332,1,R,13041,R,1371,R,6295,R,5375
200332,2,R,10508,R,888,R,5795,R,3825
200332,3,R,10098,R,740,R,5749,R,3609
200332,11,R,410,R,148,R,46,R,216
200332,12,R,2533,R,483,R,500,R,1550
200341,1,R,1268,R,393,R,490,R,385
200341,2,R,1268,R,393,R,490,R,385
200341,3,R,785,R,186,R,460,R,139
200341,11,R,483,R,207,R,30,R,246
200466,1,R,422,R,86,R,128,R,208
200466,2,R,359,R,44,R,107,R,208
200466,3,R,333,R,42,R,107,R,184
200466,11,R,26,R,2,R,0,R,24
200466,12,R,63,R,42,R,21,R,0
200484,1,R,363,R,52,R,176,R,135
200484,2,R,158,R,24,R,27,R,107
200484,3,R,149,R,17,R,26,R,106
200484,11,R,9,R,7,R,1,R,1
200484,12,R,205,R,28,R,149,R,28
200527,1,R,915,R,113,R,525,R,277
200527,2,R,891,R,113,R,525,R,253
200527,3,R,802,R,68,R,514,R,220
200527,11,R,89,R,45,R,11,R,33
200527,12,R,24,A,,A,,R,24
200554,1,R,727,R,206,R,267,R,254
200554,2,R,727,R,206,R,267,R,254
200554,3,R,691,R,189,R,266,R,236
200554,11,R,36,R,17,R,1,R,18
200572,1,R,2193,R,679,R,534,R,980
200572,2,R,2024,R,512,R,532,R,980
200572,3,R,1031,R,267,R,480,R,284
200572,11,R,993,R,245,R,52,R,696
200572,12,R,169,R,167,R,2,R,0
200590,1,R,323,R,37,R,240,R,46
200590,2,R,323,R,37,R,240,R,46
200590,3,R,323,R,37,R,240,R,46
200697,1,R,1491,R,666,R,179,R,646
200697,12,R,1491,R,666,R,179,R,646
200785,1,R,755,R,398,R,262,R,95
200785,2,R,755,R,398,R,262,R,95
200785,3,R,746,R,389,R,262,R,95
200785,11,R,9,R,9,R,0,R,0
200800,1,R,15195,R,2380,R,7059,R,5756
200800,2,R,12664,R,1696,R,6345,R,4623
200800,3,R,10312,R,1019,R,5945,R,3348
200800,11,R,2352,R,677,R,400,R,1275
200800,12,R,2531,R,684,R,714,R,1133
200846,1,R,1512,R,205,R,417,R,890
200846,2,R,1512,R,205,R,417,R,890
200846,3,R,538,R,85,R,328,R,125
200846,11,R,974,R,120,R,89,R,765
200873,1,R,74,R,10,R,21,R,43
200873,2,R,74,R,10,R,21,R,43
200873,3,R,50,R,0,R,21,R,29
200873,11,R,24,R,10,R,0,R,14
201034,1,R,1296,A,,A,,R,1296
201034,2,R,1296,A,,A,,R,1296
201034,3,R,1083,A,,A,,R,1083
201034,11,R,213,A,,A,,R,213
201061,1,R,262,A,,A,,R,262
201061,2,R,258,A,,A,,R,258
201061,3,R,257,A,,A,,R,257
201061,11,R,1,A,,A,,R,1
201061,12,R,4,A,,A,,R,4
201098,1,R,44,A,,A,,R,44
201098,2,R,44,A,,A,,R,44
201098,3,R,44,A,,A,,R,44
201104,1,R,5217,R,1433,R,1978,R,1806
201104,2,R,3839,R,640,R,1650,R,1549
201104,3,R,2625,R,217,R,1463,R,945
201104,11,R,1214,R,423,R,187,R,604
201104,12,R,1378,R,793,R,328,R,257
201131,1,R,304,A,,A,,R,304
201131,2,R,304,A,,A,,R,304
201131,3,R,304,A,,A,,R,304
201140,1,R,187,R,5,R,30,R,152
201140,2,R,51,R,0,R,13,R,38
201140,3,R,39,R,0,R,13,R,26
201140,11,R,12,R,0,R,0,R,12
201140,12,R,136,R,5,R,17,R,114
201159,1,R,397,A,,A,,R,397
201159,2,R,397,A,,A,,R,397
201159,3,R,397,A,,A,,R,397
201177,1,R,325,R,30,R,295,R,0
201177,2,R,325,R,30,R,295,R,0
201177,3,R,314,R,27,R,287,R,0
201177,11,R,11,R,3,R,8,R,0
201195,1,R,3646,R,204,R,1403,R,2039
201195,2,R,2926,R,36,R,1291,R,1599
201195,3,R,2876,R,24,R,1284,R,1568
201195,11,R,50,R,12,R,7,R,31
201195,12,R,720,R,168,R,112,R,440
201283,1,R,965,R,140,R,825,R,0
201283,2,R,965,R,140,R,825,R,0
201283,3,R,564,R,62,R,502,R,0
201283,11,R,401,R,78,R,323,R,0
201371,1,R,736,R,88,R,25,R,623
201371,2,R,635,R,13,R,22,R,600
201371,3,R,628,R,13,R,22,R,593
201371,11,R,7,R,0,R,0,R,7
201371,12,R,101,R,75,R,3,R,23
201432,1,R,2389,R,632,R,1017,R,740
201432,2,R,2389,R,632,R,1017,R,740
201432,3,R,1417,R,316,R,696,R,405
201432,11,R,972,R,316,R,321,R,335
201441,1,R,19958,R,3684,R,7809,R,8465
201441,2,R,15910,R,1749,R,6936,R,7225
201441,3,R,13164,R,811,R,6612,R,5741
201441,11,R,2746,R,938,R,324,R,1484
201441,12,R,4048,R,1935,R,873,R,1240
201469,1,R,866,R,0,R,303,R,563
201469,2,R,866,R,0,R,303,R,563
201469,3,R,863,R,0,R,300,R,563
201469,11,R,3,R,0,R,3,R,0
201478,1,R,215,A,,A,,R,215
201478,2,R,215,A,,A,,R,215
201478,3,R,215,A,,A,,R,215
201496,1,R,901,A,,A,,R,901
201496,2,R,901,A,,A,,R,901
201496,3,R,901,A,,A,,R,901
201539,1,R,107,A,,A,,R,107
201539,2,R,107,A,,A,,R,107
201539,3,R,107,A,,A,,R,107
201548,1,R,3447,R,309,R,1121,R,2017
201548,2,R,2531,R,200,R,873,R,1458
201548,3,R,2428,R,188,R,843,R,1397
201548,11,R,103,R,12,R,30,R,61
201548,12,R,916,R,109,R,248,R,559
201645,1,R,12680,R,705,R,2617,R,9358
201645,2,R,6354,R,70,R,872,R,5412
201645,3,R,6206,R,46,R,870,R,5290
201645,11,R,148,R,24,R,2,R,122
201645,12,R,6326,R,635,R,1745,R,3946
201654,1,R,5744,R,882,R,3138,R,1724
201654,2,R,5226,R,627,R,3041,R,1558
201654,3,R,3869,R,16,R,2369,R,1484
201654,11,R,1357,R,611,R,672,R,74
201654,12,R,518,R,255,R,97,R,166
201672,1,R,4349,R,704,R,1398,R,2247
201672,2,R,4349,R,704,R,1398,R,2247
201672,3,R,2233,R,449,R,1151,R,633
201672,11,R,2116,R,255,R,247,R,1614
201681,1,R,88,R,0,R,56,R,32
201681,2,R,88,R,0,R,56,R,32
201681,3,R,88,R,0,R,56,R,32
201690,1,R,4238,R,2586,R,1474,R,178
201690,2,R,4205,R,2553,R,1474,R,178
201690,3,R,4101,R,2479,R,1465,R,157
201690,11,R,104,R,74,R,9,R,21
201690,12,R,33,R,33,R,0,R,0
201803,1,R,73,A,,A,,R,73
201803,2,R,73,A,,A,,R,73
201803,3,R,73,A,,A,,R,73
201821,1,R,906,R,115,R,376,R,415
201821,2,R,906,R,115,R,376,R,415
201821,3,R,897,R,113,R,374,R,410
201821,11,R,9,R,2,R,2,R,5
201867,1,R,122,R,0,R,0,R,122
201867,2,R,122,R,0,R,0,R,122
201867,3,R,119,R,0,R,0,R,119
201867,11,R,3,R,0,R,0,R,3
201885,1,R,51726,R,13148,R,25811,R,12767
201885,2,R,36725,R,6998,R,22389,R,7338
201885,3,R,31868,R,4300,R,22167,R,5401
201885,11,R,4857,R,2698,R,222,R,1937
201885,12,R,15001,R,6150,R,3422,R,5429
201928,1,R,13188,R,3371,R,4348,R,5469
201928,2,R,13188,R,3371,R,4348,R,5469
201928,3,R,7509,R,2153,R,3554,R,1802
201928,11,R,5679,R,1218,R,794,R,3667
201946,1,R,15282,R,13081,R,1341,R,860
201946,2,R,15282,R,13081,R,1341,R,860
201946,3,R,3524,R,2525,R,806,R,193
201946,11,R,11758,R,10556,R,535,R,667
201955,1,R,11621,R,6304,R,3144,R,2173
201955,2,R,11621,R,6304,R,3144,R,2173
201955,3,R,4800,R,592,R,2780,R,1428
201955,11,R,6821,R,5712,R,364,R,745
201964,1,R,1681,R,1099,R,381,R,201
201964,2,R,1505,R,923,R,381,R,201
201964,3,R,957,R,620,R,175,R,162
201964,11,R,548,R,303,R,206,R,39
201964,12,R,176,R,176,R,0,R,0
201973,1,R,6711,R,2008,R,2343,R,2360
201973,2,R,6711,R,2008,R,2343,R,2360
201973,3,R,4417,R,1541,R,1888,R,988
201973,11,R,2294,R,467,R,455,R,1372
202046,1,R,577,A,,A,,R,577
202046,2,R,577,A,,A,,R,577
202046,3,R,569,A,,A,,R,569
202046,11,R,8,A,,A,,R,8
202073,1,R,359,R,0,R,171,R,188
202073,2,R,197,R,0,R,72,R,125
202073,3,R,197,R,0,R,72,R,125
202073,12,R,162,R,0,R,99,R,63
202134,1,R,16742,R,2234,R,8194,R,6314
202134,2,R,10981,R,1139,R,6155,R,3687
202134,3,R,10242,R,934,R,6043,R,3265
202134,11,R,739,R,205,R,112,R,422
202134,12,R,5761,R,1095,R,2039,R,2627
202152,1,R,205,A,,A,,R,205
202152,2,R,205,A,,A,,R,205
202152,3,R,205,A,,A,,R,205
202170,1,R,940,R,2,R,655,R,283
202170,2,R,915,R,2,R,630,R,283
202170,3,R,913,R,2,R,630,R,281
202170,11,R,2,Z,0,Z,0,R,2
202170,12,R,25,Z,0,R,25,R,0
202222,1,R,42485,R,12438,R,15224,R,14823
202222,2,R,42485,R,12438,R,15224,R,14823
202222,3,R,23837,R,5236,R,11436,R,7165
202222,11,R,18648,R,7202,R,3788,R,7658
202356,1,R,28865,R,10021,R,9242,R,9602
202356,2,R,28865,R,10021,R,9242,R,9602
202356,3,R,22150,R,6952,R,8072,R,7126
202356,11,R,6715,R,3069,R,1170,R,2476
202435,1,R,275,R,68,R,207,R,0
202435,2,R,275,R,68,R,207,R,0
202435,3,R,221,R,23,R,198,R,0
202435,11,R,54,R,45,R,9,R,0
202453,1,R,111,A,,A,,R,111
202453,2,R,111,A,,A,,R,111
202453,3,R,111,A,,A,,R,111
202480,1,R,12174,R,1246,R,1858,R,9070
202480,2,R,8454,R,48,R,1466,R,6940
202480,3,R,8265,R,28,R,1463,R,6774
202480,11,R,189,R,20,R,3,R,166
202480,12,R,3720,R,1198,R,392,R,2130
202514,1,R,572,R,55,R,311,R,206
202514,2,R,523,R,6,R,311,R,206
202514,3,R,469,R,6,R,307,R,156
202514,11,R,54,R,0,R,4,R,50
202514,12,R,49,R,49,R,0,R,0
202523,1,R,2518,A,,A,,R,2518
202523,2,R,2518,A,,A,,R,2518
202523,3,R,2504,A,,A,,R,2504
202523,11,R,14,A,,A,,R,14
202648,1,R,5766,R,1898,R,2153,R,1715
202648,2,R,5766,R,1898,R,2153,R,1715
202648,3,R,2471,R,1159,R,1041,R,271
202648,11,R,3295,R,739,R,1112,R,1444
202657,1,R,512,A,,A,,R,512
202657,2,R,512,A,,A,,R,512
202657,3,R,512,A,,A,,R,512
202763,1,R,6112,R,714,R,1928,R,3470
202763,2,R,4630,R,261,R,1458,R,2911
202763,3,R,2315,R,96,R,1356,R,863
202763,11,R,2315,R,165,R,102,R,2048
202763,12,R,1482,R,453,R,470,R,559
202806,1,R,13457,R,12288,R,457,R,712
202806,2,R,9316,R,8511,R,111,R,694
202806,3,R,7686,R,7372,R,105,R,209
202806,11,R,1630,R,1139,R,6,R,485
202806,12,R,4141,R,3777,R,346,R,18
202888,1,R,65,A,,A,,R,65
202888,2,R,65,A,,A,,R,65
202888,3,R,65,A,,A,,R,65
202903,1,R,523,R,288,R,191,R,44
202903,2,R,488,R,272,R,191,R,25
202903,3,R,328,R,140,R,175,R,13
202903,11,R,160,R,132,R,16,R,12
202903,12,R,35,R,16,Z,0,R,19
202912,1,R,758,R,45,R,711,R,2
202912,2,R,758,R,45,R,711,R,2
202912,3,R,733,R,45,R,686,R,2
202912,11,R,25,Z,0,R,25,R,0
202949,1,R,234,A,,A,,R,234
202949,2,R,234,A,,A,,R,234
202949,3,R,234,A,,A,,R,234
202985,1,R,57,A,,A,,R,57
202985,2,R,57,A,,A,,R,57
202985,3,R,57,A,,A,,R,57
203030,1,R,110,A,,A,,R,110
203030,2,R,110,A,,A,,R,110
203030,3,R,110,A,,A,,R,110
203067,1,R,263,R,38,R,51,R,174
203067,12,R,263,R,38,R,51,R,174
203085,1,R,1201,R,98,R,854,R,249
203085,2,R,962,R,40,R,698,R,224
203085,3,R,918,R,25,R,689,R,204
203085,11,R,44,R,15,R,9,R,20
203085,12,R,239,R,58,R,156,R,25
203128,1,R,1049,R,61,R,459,R,529
203128,2,R,1017,R,41,R,452,R,524
203128,3,R,755,R,36,R,444,R,275
203128,11,R,262,R,5,R,8,R,249
203128,12,R,32,R,20,R,7,R,5
203146,1,R,526,A,,A,,R,526
203146,2,R,526,A,,A,,R,526
203146,3,R,526,A,,A,,R,526
203155,1,R,2537,R,379,R,1387,R,771
203155,2,R,2537,R,379,R,1387,R,771
203155,3,R,2103,R,150,R,1340,R,613
203155,11,R,434,R,229,R,47,R,158
203234,1,R,172,R,0,R,132,R,40
203234,2,R,172,R,0,R,132,R,40
203234,3,R,172,R,0,R,132,R,40
203331,1,R,16308,R,13822,R,711,R,1775
203331,2,R,16308,R,13822,R,711,R,1775
203331,3,R,13791,R,13130,R,219,R,442
203331,11,R,2517,R,692,R,492,R,1333
203368,1,R,3041,R,160,R,718,R,2163
203368,2,R,2437,R,3,R,461,R,1973
203368,3,R,2306,R,3,R,459,R,1844
203368,11,R,131,Z,0,R,2,R,129
203368,12,R,604,R,157,R,257,R,190
203386,1,R,5533,R,3,R,1512,R,4018
203386,2,R,5533,R,3,R,1512,R,4018
203386,3,R,5533,R,3,R,1512,R,4018
203438,1,R,189,A,,A,,R,189
203438,2,R,189,A,,A,,R,189
203438,3,R,189,A,,A,,R,189
203447,1,R,2840,R,2094,R,413,R,333
203447,2,R,2840,R,2094,R,413,R,333
203447,3,R,2120,R,1611,R,357,R,152
203447,11,R,720,R,483,R,56,R,181
203456,1,R,2036,R,1697,R,163,R,176
203456,2,R,2036,R,1697,R,163,R,176
203456,3,R,1414,R,1205,R,123,R,86
203456,11,R,622,R,492,R,40,R,90
203465,1,R,5614,R,3015,R,1491,R,1108
203465,2,R,5597,R,2999,R,1491,R,1107
203465,3,R,4311,R,2318,R,1377,R,616
203465,11,R,1286,R,681,R,114,R,491
203465,12,R,17,R,16,R,0,R,1
203474,1,R,3324,R,2546,R,423,R,355
203474,2,R,3324,R,2546,R,423,R,355
203474,3,R,2703,R,2034,R,400,R,269
203474,11,R,621,R,512,R,23,R,86
203483,1,R,3073,R,1980,R,602,R,491
203483,2,R,3073,R,1980,R,602,R,491
203483,3,R,2465,R,1671,R,534,R,260
203483,11,R,608,R,309,R,68,R,231
203492,1,R,2396,R,1548,R,419,R,429
203492,2,R,2396,R,1548,R,419,R,429
203492,3,R,1887,R,1277,R,402,R,208
203492,11,R,509,R,271,R,17,R,221
203517,1,R,32919,R,6471,R,17414,R,9034
203517,2,R,26208,R,3592,R,15470,R,7146
203517,3,R,23852,R,2307,R,15118,R,6427
203517,11,R,2356,R,1285,R,352,R,719
203517,12,R,6711,R,2879,R,1944,R,1888
203526,1,R,3531,R,2463,R,622,R,446
203526,2,R,3531,R,2463,R,622,R,446
203526,3,R,2599,R,1811,R,551,R,237
203526,11,R,932,R,652,R,71,R,209
203535,1,R,2473,A,,A,,R,2473
203535,2,R,2473,A,,A,,R,2473
203535,3,R,1864,A,,A,,R,1864
203535,11,R,609,A,,A,,R,609
203544,1,R,1230,R,141,R,610,R,479
203544,2,R,926,R,131,R,450,R,345
203544,3,R,760,R,95,R,424,R,241
203544,11,R,166,R,36,R,26,R,104
203544,12,R,304,R,10,R,160,R,134
203580,1,R,1236,R,297,R,622,R,317
203580,2,R,926,R,131,R,570,R,225
203580,3,R,777,R,126,R,548,R,103
203580,11,R,149,R,5,R,22,R,122
203580,12,R,310,R,166,R,52,R,92
203599,1,R,6705,R,2496,R,2778,R,1431
203599,2,R,6705,R,2496,R,2778,R,1431
203599,3,R,3799,R,1464,R,1665,R,670
203599,11,R,2906,R,1032,R,1113,R,761
203614,1,R,631,A,,A,,R,631
203614,2,R,631,A,,A,,R,631
203614,3,R,631,A,,A,,R,631
203678,1,R,4730,R,781,R,1548,R,2401
203678,2,R,4730,R,781,R,1548,R,2401
203678,3,R,1855,R,399,R,1120,R,336
203678,11,R,2875,R,382,R,428,R,2065
203720,1,R,381,A,,A,,R,381
203720,2,R,381,A,,A,,R,381
203720,3,R,381,A,,A,,R,381
203739,1,R,75,A,,A,,R,75
203739,2,R,75,A,,A,,R,75
203739,3,R,75,A,,A,,R,75
203748,1,R,12456,R,3923,R,4536,R,3997
203748,2,R,12456,R,3923,R,4536,R,3997
203748,3,R,7067,R,2249,R,3081,R,1737
203748,11,R,5389,R,1674,R,1455,R,2260
203757,1,R,1353,R,139,R,609,R,605
203757,2,R,1066,R,85,R,504,R,477
203757,3,R,826,R,20,R,406,R,400
203757,11,R,240,R,65,R,98,R,77
203757,12,R,287,R,54,R,105,R,128
203775,1,R,1545,R,362,R,747,R,436
203775,2,R,1098,R,92,R,678,R,328
203775,3,R,817,R,64,R,649,R,104
203775,11,R,281,R,28,R,29,R,224
203775,12,R,447,R,270,R,69,R,108
203845,1,R,1334,R,16,R,450,R,868
203845,2,R,1170,R,16,R,449,R,705
203845,3,R,1093,R,16,R,425,R,652
203845,11,R,77,R,0,R,24,R,53
203845,12,R,164,R,0,R,1,R,163
203881,1,R,4113,R,883,R,1322,R,1908
203881,2,R,4113,R,883,R,1322,R,1908
203881,3,R,2044,R,401,R,776,R,867
203881,11,R,2069,R,482,R,546,R,1041
203942,1,R,52,A,,A,,R,52
203942,2,R,52,A,,A,,R,52
203942,3,R,52,A,,A,,R,52
203960,1,R,1517,R,627,R,691,R,199
203960,2,R,1334,R,520,R,615,R,199
203960,3,R,1311,R,505,R,607,R,199
203960,11,R,23,R,15,R,8,R,0
203960,12,R,183,R,107,R,76,R,0
203997,1,R,203,R,36,R,135,R,32
203997,12,R,203,R,36,R,135,R,32
204006,1,R,2812,R,176,R,2467,R,169
204006,2,R,2780,R,174,R,2437,R,169
204006,3,R,2353,R,77,R,2189,R,87
204006,11,R,427,R,97,R,248,R,82
204006,12,R,32,R,2,R,30,R,0
204015,1,R,1526,R,151,R,1264,R,111
204015,2,R,1524,R,149,R,1264,R,111
204015,3,R,1081,R,63,R,986,R,32
204015,11,R,443,R,86,R,278,R,79
204015,12,R,2,R,2,R,0,R,0
204024,1,R,19817,R,635,R,17029,R,2153
204024,2,R,17144,R,302,R,15184,R,1658
204024,3,R,16860,R,178,R,15083,R,1599
204024,11,R,284,R,124,R,101,R,59
204024,12,R,2673,R,333,R,1845,R,495
204121,1,R,78,A,,A,,R,78
204121,2,R,78,A,,A,,R,78
204121,3,R,78,A,,A,,R,78
204158,1,R,92,A,,A,,R,92
204158,2,R,92,A,,A,,R,92
204158,3,R,92,A,,A,,R,92
204176,1,R,858,R,336,R,510,R,12
204176,2,R,679,R,180,R,487,R,12
204176,3,R,676,R,180,R,485,R,11
204176,11,R,3,R,0,R,2,R,1
204176,12,R,179,R,156,R,23,R,0
204185,1,R,2529,R,185,R,1125,R,1219
204185,2,R,2146,R,41,R,991,R,1114
204185,3,R,1858,R,20,R,964,R,874
204185,11,R,288,R,21,R,27,R,240
204185,12,R,383,R,144,R,134,R,105
204194,1,R,2615,R,1284,R,109,R,1222
204194,2,R,1987,R,656,R,109,R,1222
204194,3,R,1696,R,638,R,72,R,986
204194,11,R,291,R,18,R,37,R,236
204194,12,R,628,R,628,R,0,R,0
204200,1,R,2330,R,111,R,771,R,1448
204200,2,R,1507,R,14,R,640,R,853
204200,3,R,1150,R,13,R,639,R,498
204200,11,R,357,R,1,R,1,R,355
204200,12,R,823,R,97,R,131,R,595
204255,1,R,2045,R,399,R,613,R,1033
204255,2,R,2045,R,399,R,613,R,1033
204255,3,R,894,R,234,R,366,R,294
204255,11,R,1151,R,165,R,247,R,739
204264,1,R,2771,R,1068,R,714,R,989
204264,2,R,1647,R,128,R,586,R,933
204264,3,R,1530,R,128,R,581,R,821
204264,11,R,117,R,0,R,5,R,112
204264,12,R,1124,R,940,R,128,R,56
204334,1,R,244,A,,A,,R,244
204334,2,R,244,A,,A,,R,244
204334,3,R,244,A,,A,,R,244
204422,1,R,3211,R,773,R,1367,R,1071
204422,2,R,3211,R,773,R,1367,R,1071
204422,3,R,1626,R,499,R,936,R,191
204422,11,R,1585,R,274,R,431,R,880
204431,1,R,82,A,,A,,R,82
204431,2,R,82,A,,A,,R,82
204431,3,R,82,A,,A,,R,82
204440,1,R,5712,R,736,R,1084,R,3892
204440,2,R,5712,R,736,R,1084,R,3892
204440,3,R,1166,R,220,R,800,R,146
204440,11,R,4546,R,516,R,284,R,3746
204459,1,R,41,A,,A,,R,41
204459,2,R,41,A,,A,,R,41
204459,3,R,41,A,,A,,R,41
204477,1,R,1017,R,14,R,267,R,736
204477,12,R,1017,R,14,R,267,R,736
204486,1,R,3175,R,504,R,2096,R,575
204486,2,R,3128,R,457,R,2096,R,575
204486,3,R,3124,R,456,R,2096,R,572
204486,11,R,4,R,1,R,0,R,3
204486,12,R,47,R,47,R,0,R,0
204501,1,R,4160,A,,A,,R,4160
204501,2,R,4150,A,,A,,R,4150
204501,3,R,3073,A,,A,,R,3073
204501,11,R,1077,A,,A,,R,1077
204501,12,R,10,A,,A,,R,10
204608,1,R,435,A,,A,,R,435
204608,2,R,435,A,,A,,R,435
204608,3,R,435,A,,A,,R,435
204617,1,R,1464,R,220,R,801,R,443
204617,2,R,1013,R,116,R,671,R,226
204617,3,R,856,R,50,R,630,R,176
204617,11,R,157,R,66,R,41,R,50
204617,12,R,451,R,104,R,130,R,217
204635,1,R,3084,R,4,R,596,R,2484
204635,2,R,2631,R,4,R,456,R,2171
204635,3,R,2415,R,0,R,456,R,1959
204635,11,R,216,R,4,R,0,R,212
204635,12,R,453,R,0,R,140,R,313
204662,1,R,504,R,13,R,408,R,83
204662,2,R,504,R,13,R,408,R,83
204662,3,R,466,R,4,R,385,R,77
204662,11,R,38,R,9,R,23,R,6
204671,1,R,925,R,73,R,680,R,172
204671,2,R,918,R,72,R,680,R,166
204671,3,R,804,R,30,R,640,R,134
204671,11,R,114,R,42,R,40,R,32
204671,12,R,7,R,1,R,0,R,6
204680,1,R,1102,R,97,R,769,R,236
204680,2,R,1095,R,96,R,767,R,232
204680,3,R,951,R,59,R,699,R,193
204680,11,R,144,R,37,R,68,R,39
204680,12,R,7,R,1,R,2,R,4
204699,1,R,1077,R,43,R,836,R,198
204699,2,R,1074,R,42,R,835,R,197
204699,3,R,1019,R,34,R,813,R,172
204699,11,R,55,R,8,R,22,R,25
204699,12,R,3,R,1,R,1,R,1
204705,1,R,2845,R,149,R,2231,R,465
204705,2,R,2843,R,149,R,2230,R,464
204705,3,R,2691,R,119,R,2178,R,394
204705,11,R,152,R,30,R,52,R,70
204705,12,R,2,R,0,R,1,R,1
204714,1,R,114,A,,A,,R,114
204714,2,R,114,A,,A,,R,114
204714,3,R,114,A,,A,,R,114
204723,1,R,391,A,,A,,R,391
204723,2,R,391,A,,A,,R,391
204723,3,R,391,A,,A,,R,391
204769,1,R,204,A,,A,,R,204
204769,2,R,204,A,,A,,R,204
204769,3,R,204,A,,A,,R,204
204778,1,R,70,A,,A,,R,70
204778,2,R,70,A,,A,,R,70
204778,3,R,70,A,,A,,R,70
204796,1,R,65036,R,4602,R,45819,R,14615
204796,2,R,48968,R,2220,R,40283,R,6465
204796,3,R,47245,R,1663,R,39686,R,5896
204796,11,R,1723,R,557,R,597,R,569
204796,12,R,16068,R,2382,R,5536,R,8150
204802,1,R,2298,R,521,R,1378,R,399
204802,2,R,2298,R,521,R,1378,R,399
204802,3,R,455,R,87,R,250,R,118
204802,11,R,1843,R,434,R,1128,R,281
204820,1,R,3591,R,902,R,1951,R,738
204820,2,R,3591,R,902,R,1951,R,738
204820,3,R,1182,R,367,R,551,R,264
204820,11,R,2409,R,535,R,1400,R,474
204839,1,R,3347,R,798,R,1891,R,658
204839,2,R,3347,R,798,R,1891,R,658
204839,3,R,719,R,157,R,389,R,173
204839,11,R,2628,R,641,R,1502,R,485
204848,1,R,3676,R,901,R,2128,R,647
204848,2,R,3676,R,901,R,2128,R,647
204848,3,R,1037,R,261,R,552,R,224
204848,11,R,2639,R,640,R,1576,R,423
204857,1,R,28654,R,9273,R,9577,R,9804
204857,2,R,21698,R,5760,R,9095,R,6843
204857,3,R,20713,R,5184,R,8884,R,6645
204857,11,R,985,R,576,R,211,R,198
204857,12,R,6956,R,3513,R,482,R,2961
204866,1,R,3430,R,790,R,2014,R,626
204866,2,R,3430,R,790,R,2014,R,626
204866,3,R,810,R,179,R,380,R,251
204866,11,R,2620,R,611,R,1634,R,375
204884,1,R,220,R,104,R,54,R,62
204884,2,R,220,R,104,R,54,R,62
204884,3,R,220,R,104,R,54,R,62
204893,1,R,45,A,,A,,R,45
204893,2,R,45,A,,A,,R,45
204893,3,R,45,A,,A,,R,45
204909,1,R,1482,R,8,R,155,R,1319
204909,2,R,1482,R,8,R,155,R,1319
204909,3,R,1477,R,7,R,155,R,1315
204909,11,R,5,R,1,R,0,R,4
204936,1,R,2705,R,41,R,974,R,1690
204936,2,R,2224,R,23,R,848,R,1353
204936,3,R,2143,R,14,R,837,R,1292
204936,11,R,81,R,9,R,11,R,61
204936,12,R,481,R,18,R,126,R,337
204945,1,R,11459,R,2529,R,3706,R,5224
204945,2,R,11459,R,2529,R,3706,R,5224
204945,3,R,5328,R,1398,R,3192,R,738
204945,11,R,6131,R,1131,R,514,R,4486
204963,1,R,78,A,,A,,R,78
204963,2,R,78,A,,A,,R,78
204963,3,R,78,A,,A,,R,78
204981,1,R,189,A,,A,,R,189
204981,2,R,189,A,,A,,R,189
204981,3,R,189,A,,A,,R,189
204990,1,R,174,R,104,R,70,R,0
204990,12,R,174,R,104,R,70,R,0
205027,1,R,80,R,4,R,0,R,76
205027,2,R,51,A,,A,,R,51
205027,3,R,51,A,,A,,R,51
205027,12,R,29,R,4,R,0,R,25
205054,1,R,779,R,0,R,779,R,0
205054,2,R,779,R,0,R,779,R,0
205054,3,R,779,R,0,R,779,R,0
205090,1,R,73,A,,A,,R,73
205090,2,R,73,A,,A,,R,73
205090,3,R,73,A,,A,,R,73
205124,1,R,72,A,,A,,R,72
205124,2,R,58,A,,A,,R,58
205124,3,R,58,A,,A,,R,58
205124,12,R,14,A,,A,,R,14
205142,1,R,227,A,,A,,R,227
205142,2,R,227,A,,A,,R,227
205142,3,R,227,A,,A,,R,227
205179,1,R,683,R,0,R,571,R,112
205179,2,R,683,R,0,R,571,R,112
205179,3,R,683,R,0,R,571,R,112
205203,1,R,2702,R,339,R,872,R,1491
205203,2,R,2469,R,299,R,843,R,1327
205203,3,R,1533,R,208,R,693,R,632
205203,11,R,936,R,91,R,150,R,695
205203,12,R,233,R,40,R,29,R,164
205391,1,R,219,R,75,R,0,R,144
205391,2,R,219,R,75,R,0,R,144
205391,3,R,219,R,75,R,0,R,144
205443,1,R,3846,R,797,R,1977,R,1072
205443,2,R,3525,R,581,R,1966,R,978
205443,3,R,2756,R,395,R,1795,R,566
205443,11,R,769,R,186,R,171,R,412
205443,12,R,321,R,216,R,11,R,94
205470,1,R,33002,R,12188,R,9091,R,11723
205470,2,R,33002,R,12188,R,9091,R,11723
205470,3,R,19454,R,5644,R,7018,R,6792
205470,11,R,13548,R,6544,R,2073,R,4931
205841,1,R,12399,R,3846,R,3743,R,4810
205841,2,R,12399,R,3846,R,3743,R,4810
205841,3,R,7513,R,2436,R,3000,R,2077
205841,11,R,4886,R,1410,R,743,R,2733
205887,1,R,1172,R,639,R,434,R,99
205887,2,R,1172,R,639,R,434,R,99
205887,3,R,1172,R,639,R,434,R,99
205957,1,R,4552,R,1369,R,2009,R,1174
205957,2,R,3486,R,622,R,1855,R,1009
205957,3,R,2976,R,353,R,1832,R,791
205957,11,R,510,R,269,R,23,R,218
205957,12,R,1066,R,747,R,154,R,165
205966,1,R,2903,R,775,R,1092,R,1036
205966,2,R,2903,R,775,R,1092,R,1036
205966,3,R,1069,R,407,R,449,R,213
205966,11,R,1834,R,368,R,643,R,823
206011,1,R,2858,R,485,R,1103,R,1270
206011,2,R,2858,R,485,R,1103,R,1270
206011,3,R,1368,R,297,R,808,R,263
206011,11,R,1490,R,188,R,295,R,1007
206039,1,R,75,A,,A,,R,75
206039,2,R,75,A,,A,,R,75
206039,3,R,75,A,,A,,R,75
206048,1,R,4866,R,2736,R,1224,R,906
206048,2,R,3507,R,1779,R,862,R,866
206048,3,R,2249,R,736,R,826,R,687
206048,11,R,1258,R,1043,R,36,R,179
206048,12,R,1359,R,957,R,362,R,40
206084,1,R,17497,R,3283,R,8932,R,5282
206084,2,R,13431,R,2650,R,7787,R,2994
206084,3,R,11495,R,1477,R,7476,R,2542
206084,11,R,1936,R,1173,R,311,R,452
206084,12,R,4066,R,633,R,1145,R,2288
206154,1,R,26,R,2,R,9,R,15
206154,2,R,20,R,1,R,6,R,13
206154,3,R,17,R,1,R,6,R,10
206154,11,R,3,R,0,R,0,R,3
206154,12,R,6,R,1,R,3,R,2
206172,1,R,88,A,,A,,R,88
206172,2,R,88,A,,A,,R,88
206172,3,R,88,A,,A,,R,88
206181,1,R,193,A,,A,,R,193
206181,2,R,193,A,,A,,R,193
206181,3,R,193,A,,A,,R,193
206288,1,R,595,R,88,R,165,R,342
206288,12,R,595,R,88,R,165,R,342
206321,1,R,137,A,,A,,R,137
206321,2,R,137,A,,A,,R,137
206321,3,R,137,A,,A,,R,137
206349,1,R,2719,R,1664,R,646,R,409
206349,2,R,794,R,117,R,498,R,179
206349,3,R,786,R,115,R,498,R,173
206349,11,R,8,R,2,R,0,R,6
206349,12,R,1925,R,1547,R,148,R,230
206437,1,R,2465,R,675,R,1075,R,715
206437,2,R,1561,R,163,R,811,R,587
206437,3,R,1423,R,161,R,768,R,494
206437,11,R,138,R,2,R,43,R,93
206437,12,R,904,R,512,R,264,R,128
206446,1,R,2612,R,391,R,1260,R,961
206446,2,R,2612,R,391,R,1260,R,961
206446,3,R,1442,R,265,R,816,R,361
206446,11,R,1170,R,126,R,444,R,600
206491,1,R,697,R,90,R,50,R,557
206491,2,R,681,R,74,R,50,R,557
206491,3,R,651,R,74,R,50,R,527
206491,11,R,30,Z,0,Z,0,R,30
206491,12,R,16,R,16,Z,0,R,0
206507,1,R,1024,R,74,R,283,R,667
206507,2,R,972,R,55,R,272,R,645
206507,3,R,971,R,55,R,272,R,644
206507,11,R,1,R,0,R,0,R,1
206507,12,R,52,R,19,R,11,R,22
206516,1,R,170,R,148,R,6,R,16
206516,12,R,170,R,148,R,6,R,16
206525,1,R,1372,R,23,R,221,R,1128
206525,2,R,1317,R,0,R,196,R,1121
206525,3,R,1301,R,0,R,196,R,1105
206525,11,R,16,Z,0,Z,0,R,16
206525,12,R,55,R,23,R,25,R,7
206589,1,R,1912,R,0,R,91,R,1821
206589,2,R,1912,R,0,R,91,R,1821
206589,3,R,1908,R,0,R,91,R,1817
206589,11,R,4,Z,0,Z,0,R,4
206604,1,R,11442,R,1080,R,6704,R,3658
206604,2,R,8116,R,748,R,5375,R,1993
206604,3,R,7067,R,485,R,5259,R,1323
206604,11,R,1049,R,263,R,116,R,670
206604,12,R,3326,R,332,R,1329,R,1665
206613,1,R,1661,R,618,R,765,R,278
206613,2,R,1658,R,618,R,765,R,275
206613,3,R,1171,R,428,R,626,R,117
206613,11,R,487,R,190,R,139,R,158
206613,12,R,3,R,0,R,0,R,3
206622,1,R,6731,R,1135,R,3173,R,2423
206622,2,R,5096,R,518,R,2702,R,1876
206622,3,R,5023,R,492,R,2692,R,1839
206622,11,R,73,R,26,R,10,R,37
206622,12,R,1635,R,617,R,471,R,547
206695,1,R,13195,R,3209,R,7030,R,2956
206695,2,R,9692,R,956,R,6206,R,2530
206695,3,R,8203,R,732,R,5833,R,1638
206695,11,R,1489,R,224,R,373,R,892
206695,12,R,3503,R,2253,R,824,R,426
206835,1,R,1075,R,239,R,415,R,421
206835,2,R,929,R,127,R,390,R,412
206835,3,R,721,R,102,R,380,R,239
206835,11,R,208,R,25,R,10,R,173
206835,12,R,146,R,112,R,25,R,9
206862,1,R,2601,R,838,R,1104,R,659
206862,2,R,1723,R,430,R,796,R,497
206862,3,R,1714,R,430,R,788,R,496
206862,11,R,9,R,0,R,8,R,1
206862,12,R,878,R,408,R,308,R,162
206905,1,R,356,R,7,R,0,R,349
206905,2,R,356,R,7,R,0,R,349
206905,3,R,117,R,7,R,0,R,110
206905,11,R,239,R,0,R,0,R,239
206914,1,R,4293,R,1374,R,2257,R,662
206914,2,R,3860,R,1115,R,2103,R,642
206914,3,R,3017,R,773,R,1893,R,351
206914,11,R,843,R,342,R,210,R,291
206914,12,R,433,R,259,R,154,R,20
206923,1,R,2160,R,932,R,1087,R,141
206923,2,R,2160,R,932,R,1087,R,141
206923,3,R,1472,R,630,R,765,R,77
206923,11,R,688,R,302,R,322,R,64
206932,1,R,829,R,0,R,249,R,580
206932,2,R,829,R,0,R,249,R,580
206932,3,R,829,R,0,R,249,R,580
206941,1,R,14247,R,2204,R,8153,R,3890
206941,2,R,12183,R,1847,R,7379,R,2957
206941,3,R,11797,R,1747,R,7271,R,2779
206941,11,R,386,R,100,R,108,R,178
206941,12,R,2064,R,357,R,774,R,933
206996,1,R,2619,R,1110,R,1146,R,363
206996,2,R,2619,R,1110,R,1146,R,363
206996,3,R,2095,R,731,R,1081,R,283
206996,11,R,524,R,379,R,65,R,80
207041,1,R,3901,R,1351,R,1997,R,553
207041,2,R,2856,R,691,R,1695,R,470
207041,3,R,2520,R,574,R,1514,R,432
207041,11,R,336,R,117,R,181,R,38
207041,12,R,1045,R,660,R,302,R,83
207050,1,R,1590,R,646,R,790,R,154
207050,2,R,1590,R,646,R,790,R,154
207050,3,R,1164,R,391,R,699,R,74
207050,11,R,426,R,255,R,91,R,80
207069,1,R,2387,R,1181,R,1030,R,176
207069,2,R,2387,R,1181,R,1030,R,176
207069,3,R,1123,R,338,R,691,R,94
207069,11,R,1264,R,843,R,339,R,82
207087,1,R,73,A,,A,,R,73
207087,2,R,73,A,,A,,R,73
207087,3,R,73,A,,A,,R,73
207102,1,R,135,A,,A,,R,135
207102,2,R,135,A,,A,,R,135
207102,3,R,135,A,,A,,R,135
207157,1,R,339,R,125,R,184,R,30
207157,2,R,321,R,107,R,184,R,30
207157,3,R,285,R,87,R,174,R,24
207157,11,R,36,R,20,R,10,R,6
207157,12,R,18,R,18,R,0,R,0
207209,1,R,2076,R,71,R,1360,R,645
207209,2,R,1873,R,43,R,1329,R,501
207209,3,R,1872,R,42,R,1329,R,501
207209,11,R,1,R,1,R,0,R,0
207209,12,R,203,R,28,R,31,R,144
207236,1,R,3385,R,2037,R,1160,R,188
207236,2,R,3385,R,2037,R,1160,R,188
207236,3,R,1956,R,984,R,826,R,146
207236,11,R,1429,R,1053,R,334,R,42
207254,1,R,1155,R,212,R,831,R,112
207254,2,R,1155,R,212,R,831,R,112
207254,3,R,1155,R,212,R,831,R,112
207263,1,R,8002,R,3419,R,3695,R,888
207263,2,R,6025,R,2253,R,3177,R,595
207263,3,R,5528,R,2018,R,3081,R,429
207263,11,R,497,R,235,R,96,R,166
207263,12,R,1977,R,1166,R,518,R,293
207281,1,R,4619,R,1608,R,1553,R,1458
207281,2,R,4619,R,1608,R,1553,R,1458
207281,3,R,2292,R,719,R,1320,R,253
207281,11,R,2327,R,889,R,233,R,1205
207290,1,R,2129,R,891,R,1018,R,220
207290,2,R,2129,R,891,R,1018,R,220
207290,3,R,1859,R,760,R,937,R,162
207290,11,R,270,R,131,R,81,R,58
207306,1,R,2388,R,596,R,1285,R,507
207306,2,R,2104,R,487,R,1134,R,483
207306,3,R,1772,R,312,R,1038,R,422
207306,11,R,332,R,175,R,96,R,61
207306,12,R,284,R,109,R,151,R,24
207315,1,R,2179,R,1296,R,173,R,710
207315,12,R,2179,R,1296,R,173,R,710
207324,1,R,3483,R,1269,R,1246,R,968
207324,2,R,2362,R,751,R,821,R,790
207324,3,R,2117,R,598,R,797,R,722
207324,11,R,245,R,153,R,24,R,68
207324,12,R,1121,R,518,R,425,R,178
207342,1,R,3833,R,279,R,1091,R,2463
207342,2,R,1301,R,71,R,467,R,763
207342,3,R,1301,R,71,R,467,R,763
207342,12,R,2532,R,208,R,624,R,1700
207351,1,R,1285,R,511,R,686,R,88
207351,2,R,1285,R,511,R,686,R,88
207351,3,R,1199,R,470,R,655,R,74
207351,11,R,86,R,41,R,31,R,14
207388,1,R,28585,R,4425,R,16623,R,7537
207388,2,R,23019,R,2997,R,15172,R,4850
207388,3,R,22275,R,2515,R,15038,R,4722
207388,11,R,744,R,482,R,134,R,128
207388,12,R,5566,R,1428,R,1451,R,2687
207397,1,R,6344,R,3171,R,2342,R,831
207397,2,R,6344,R,3171,R,2342,R,831
207397,3,R,5162,R,2481,R,2149,R,532
207397,11,R,1182,R,690,R,193,R,299
207403,1,R,1670,R,174,R,392,R,1104
207403,2,R,1515,R,72,R,368,R,1075
207403,3,R,1333,R,18,R,363,R,952
207403,11,R,182,R,54,R,5,R,123
207403,12,R,155,R,102,R,24,R,29
207449,1,R,16249,R,7720,R,4770,R,3759
207449,2,R,16249,R,7720,R,4770,R,3759
207449,3,R,14121,R,6185,R,4467,R,3469
207449,11,R,2128,R,1535,R,303,R,290
207458,1,R,3207,R,441,R,993,R,1773
207458,2,R,1592,R,114,R,738,R,740
207458,3,R,1561,R,113,R,736,R,712
207458,11,R,31,R,1,R,2,R,28
207458,12,R,1615,R,327,R,255,R,1033
207500,1,R,32954,R,6187,R,17179,R,9588
207500,2,R,24081,R,1807,R,15714,R,6560
207500,3,R,23260,R,1461,R,15589,R,6210
207500,11,R,821,R,346,R,125,R,350
207500,12,R,8873,R,4380,R,1465,R,3028
207564,1,R,3178,R,934,R,1889,R,355
207564,2,R,3178,R,934,R,1889,R,355
207564,3,R,2732,R,698,R,1745,R,289
207564,11,R,446,R,236,R,144,R,66
207582,1,R,6376,R,3087,R,876,R,2413
207582,2,R,5386,R,2719,R,440,R,2227
207582,3,R,3659,R,1015,R,440,R,2204
207582,11,R,1727,R,1704,R,0,R,23
207582,12,R,990,R,368,R,436,R,186
207661,1,R,3876,R,1175,R,2089,R,612
207661,2,R,3734,R,1094,R,2034,R,606
207661,3,R,2954,R,867,R,1850,R,237
207661,11,R,780,R,227,R,184,R,369
207661,12,R,142,R,81,R,55,R,6
207670,1,R,9524,R,3136,R,3392,R,2996
207670,2,R,9524,R,3136,R,3392,R,2996
207670,3,R,6001,R,1755,R,3100,R,1146
207670,11,R,3523,R,1381,R,292,R,1850
207704,1,R,243,A,,A,,R,243
207704,2,R,243,A,,A,,R,243
207704,3,R,243,A,,A,,R,243
207722,1,R,1013,R,2,R,628,R,383
207722,2,R,1013,R,2,R,628,R,383
207722,3,R,987,R,2,R,628,R,357
207722,11,R,26,R,0,R,0,R,26
207740,1,R,1926,R,1010,R,645,R,271
207740,2,R,1926,R,1010,R,645,R,271
207740,3,R,1413,R,643,R,576,R,194
207740,11,R,513,R,367,R,69,R,77
207786,1,R,24,A,,A,,R,24
207786,2,R,24,A,,A,,R,24
207786,3,R,24,A,,A,,R,24
207847,1,R,7653,R,5045,R,2181,R,427
207847,2,R,3754,R,1552,R,1831,R,371
207847,3,R,3532,R,1455,R,1762,R,315
207847,11,R,222,R,97,R,69,R,56
207847,12,R,3899,R,3493,R,350,R,56
207856,1,R,384,R,15,R,227,R,142
207856,2,R,365,R,15,R,219,R,131
207856,3,R,364,R,14,R,219,R,131
207856,11,R,1,R,1,R,0,R,0
207856,12,R,19,R,0,R,8,R,11
207865,1,R,5869,R,2198,R,2822,R,849
207865,2,R,4833,R,1567,R,2603,R,663
207865,3,R,4153,R,1317,R,2379,R,457
207865,11,R,680,R,250,R,224,R,206
207865,12,R,1036,R,631,R,219,R,186
207935,1,R,20053,R,7151,R,7622,R,5280
207935,2,R,20053,R,7151,R,7622,R,5280
207935,3,R,14960,R,4417,R,6468,R,4075
207935,11,R,5093,R,2734,R,1154,R,1205
207962,1,R,1579,R,0,R,54,R,1525
207962,2,R,1579,R,0,R,54,R,1525
207962,3,R,1579,R,0,R,54,R,1525
207971,1,R,3957,R,282,R,669,R,3006
207971,2,R,2756,R,159,R,354,R,2243
207971,3,R,2661,R,155,R,352,R,2154
207971,11,R,95,R,4,R,2,R,89
207971,12,R,1201,R,123,R,315,R,763
208035,1,R,1468,R,688,R,625,R,155
208035,2,R,1468,R,688,R,625,R,155
208035,3,R,990,R,346,R,551,R,93
208035,11,R,478,R,342,R,74,R,62
208044,1,R,56,A,,A,,R,56
208044,2,R,56,A,,A,,R,56
208044,3,R,56,A,,A,,R,56
208053,1,R,350,A,,A,,R,350
208053,2,R,350,A,,A,,R,350
208053,3,R,155,A,,A,,R,155
208053,11,R,195,A,,A,,R,195
208275,1,R,3221,R,953,R,415,R,1853
208275,2,R,3221,R,953,R,415,R,1853
208275,3,R,1292,R,708,R,394,R,190
208275,11,R,1929,R,245,R,21,R,1663
208318,1,R,7321,R,1014,R,2503,R,3804
208318,2,R,7321,R,1014,R,2503,R,3804
208318,3,R,5585,R,811,R,2298,R,2476
208318,11,R,1736,R,203,R,205,R,1328
208390,1,R,12632,R,2075,R,4522,R,6035
208390,2,R,12632,R,2075,R,4522,R,6035
208390,3,R,9239,R,1640,R,4049,R,3550
208390,11,R,3393,R,435,R,473,R,2485
208406,1,R,11524,R,2221,R,3848,R,5455
208406,2,R,11524,R,2221,R,3848,R,5455
208406,3,R,6465,R,1819,R,3428,R,1218
208406,11,R,5059,R,402,R,420,R,4237
208415,1,R,1506,R,165,R,303,R,1038
208415,2,R,1506,R,165,R,303,R,1038
208415,3,R,674,R,137,R,266,R,271
208415,11,R,832,R,28,R,37,R,767
208433,1,R,107,A,,A,,R,107
208433,2,R,107,A,,A,,R,107
208433,3,R,107,A,,A,,R,107
208479,1,R,652,Z,0,R,652,R,0
208479,2,R,652,Z,0,R,652,R,0
208479,3,R,652,Z,0,R,652,R,0
208512,1,R,791,R,38,R,753,R,0
208512,2,R,791,R,38,R,753,R,0
208512,3,R,791,R,38,R,753,R,0
208637,1,R,298,A,,A,,R,298
208637,2,R,298,A,,A,,R,298
208637,3,R,298,A,,A,,R,298
208646,1,R,5151,R,2326,R,1005,R,1820
208646,2,R,4422,R,1736,R,966,R,1720
208646,3,R,2650,R,1516,R,891,R,243
208646,11,R,1772,R,220,R,75,R,1477
208646,12,R,729,R,590,R,39,R,100
208725,1,R,60,R,0,R,20,R,40
208725,2,R,60,R,0,R,20,R,40
208725,3,R,60,R,0,R,20,R,40
208822,1,R,5008,R,1100,R,1695,R,2213
208822,2,R,3166,R,418,R,1138,R,1610
208822,3,R,2667,R,370,R,1137,R,1160
208822,11,R,499,R,48,R,1,R,450
208822,12,R,1842,R,682,R,557,R,603
208859,1,R,78,A,,A,,R,78
208859,2,R,78,A,,A,,R,78
208859,3,R,78,A,,A,,R,78
209038,1,R,12002,R,2871,R,3851,R,5280
209038,2,R,12002,R,2871,R,3851,R,5280
209038,3,R,7842,R,2353,R,3648,R,1841
209038,11,R,4160,R,518,R,203,R,3439
209056,1,R,3796,R,132,R,551,R,3113
209056,2,R,2247,R,0,R,41,R,2206
209056,3,R,2218,R,0,R,41,R,2177
209056,11,R,29,R,0,R,0,R,29
209056,12,R,1549,R,132,R,510,R,907
209065,1,R,1901,R,170,R,787,R,944
209065,2,R,1821,R,157,R,787,R,877
209065,3,R,1768,R,135,R,785,R,848
209065,11,R,53,R,22,R,2,R,29
209065,12,R,80,R,13,R,0,R,67
209074,1,R,8631,R,1360,R,3118,R,4153
209074,2,R,8631,R,1360,R,3118,R,4153
209074,3,R,6091,R,1279,R,2970,R,1842
209074,11,R,2540,R,81,R,148,R,2311
209083,1,R,96,A,,A,,R,96
209083,2,R,96,A,,A,,R,96
209083,3,R,96,A,,A,,R,96
209153,1,R,49,A,,A,,R,49
209153,2,R,49,A,,A,,R,49
209153,3,R,49,A,,A,,R,49
209205,1,R,73,A,,A,,R,73
209205,2,R,73,A,,A,,R,73
209205,3,R,73,A,,A,,R,73
209241,1,R,123,A,,A,,R,123
209241,2,R,35,A,,A,,R,35
209241,3,R,29,A,,A,,R,29
209241,11,R,6,A,,A,,R,6
209241,12,R,88,A,,A,,R,88
209250,1,R,11656,R,1349,R,3413,R,6894
209250,2,R,11656,R,1349,R,3413,R,6894
209250,3,R,5312,R,1314,R,3126,R,872
209250,11,R,6344,R,35,R,287,R,6022
209296,1,R,401,R,87,R,109,R,205
209296,2,R,30,R,6,R,12,R,12
209296,3,R,30,R,6,R,12,R,12
209296,12,R,371,R,81,R,97,R,193
209409,1,R,898,R,106,R,554,R,238
209409,2,R,557,R,62,R,363,R,132
209409,3,R,539,R,57,R,361,R,121
209409,11,R,18,R,5,R,2,R,11
209409,12,R,341,R,44,R,191,R,106
209490,1,R,3226,R,491,R,1163,R,1572
209490,2,R,945,R,214,R,441,R,290
209490,3,R,945,R,214,R,441,R,290
209490,12,R,2281,R,277,R,722,R,1282
209506,1,R,8796,R,983,R,1764,R,6049
209506,2,R,8669,R,916,R,1715,R,6038
209506,3,R,3306,R,660,R,1707,R,939
209506,11,R,5363,R,256,R,8,R,5099
209506,12,R,127,R,67,R,49,R,11
209542,1,R,43223,R,17044,R,17291,R,8888
209542,2,R,36256,R,14323,R,15669,R,6264
209542,3,R,34815,R,13267,R,15502,R,6046
209542,11,R,1441,R,1056,R,167,R,218
209542,12,R,6967,R,2721,R,1622,R,2624
209551,1,R,25432,R,1032,R,14082,R,10318
209551,2,R,21279,R,538,R,13243,R,7498
209551,3,R,21007,R,521,R,13215,R,7271
209551,11,R,272,R,17,R,28,R,227
209551,12,R,4153,R,494,R,839,R,2820
209603,1,R,546,A,,A,,R,546
209603,2,R,429,A,,A,,R,429
209603,3,R,429,A,,A,,R,429
209603,12,R,117,A,,A,,R,117
209612,1,R,3930,R,345,R,1677,R,1908
209612,2,R,1707,R,62,R,481,R,1164
209612,3,R,1592,R,22,R,480,R,1090
209612,11,R,115,R,40,R,1,R,74
209612,12,R,2223,R,283,R,1196,R,744
209667,1,R,103,A,,A,,R,103
209667,2,R,103,A,,A,,R,103
209667,3,R,103,A,,A,,R,103
209676,1,R,190,A,,A,,R,190
209676,2,R,190,A,,A,,R,190
209676,3,R,190,A,,A,,R,190
209694,1,R,67,A,,A,,R,67
209694,2,R,67,A,,A,,R,67
209694,3,R,67,A,,A,,R,67
209700,1,R,300,A,,A,,R,300
209700,2,R,300,A,,A,,R,300
209700,3,R,300,A,,A,,R,300
209719,1,R,113,A,,A,,R,113
209719,2,R,113,A,,A,,R,113
209719,3,R,113,A,,A,,R,113
209746,1,R,35213,R,13584,R,12297,R,9332
209746,2,R,35213,R,13584,R,12297,R,9332
209746,3,R,27796,R,12585,R,11797,R,3414
209746,11,R,7417,R,999,R,500,R,5918
209807,1,R,24869,R,4368,R,12793,R,7708
209807,2,R,19139,R,3390,R,10723,R,5026
209807,3,R,15974,R,3138,R,10570,R,2266
209807,11,R,3165,R,252,R,153,R,2760
209807,12,R,5730,R,978,R,2070,R,2682
209825,1,R,3722,R,30,R,788,R,2904
209825,2,R,3284,R,12,R,684,R,2588
209825,3,R,3234,R,7,R,679,R,2548
209825,11,R,50,R,5,R,5,R,40
209825,12,R,438,R,18,R,104,R,316
209922,1,R,1555,R,0,R,167,R,1388
209922,2,R,1533,R,0,R,167,R,1366
209922,3,R,1507,R,0,R,167,R,1340
209922,11,R,26,R,0,R,0,R,26
209922,12,R,22,R,0,R,0,R,22
209940,1,R,6537,R,1457,R,2497,R,2583
209940,2,R,6537,R,1457,R,2497,R,2583
209940,3,R,4828,R,1217,R,2287,R,1324
209940,11,R,1709,R,240,R,210,R,1259
210146,1,R,7070,R,1115,R,2635,R,3320
210146,2,R,5544,R,567,R,2162,R,2815
210146,3,R,3096,R,489,R,2122,R,485
210146,11,R,2448,R,78,R,40,R,2330
210146,12,R,1526,R,548,R,473,R,505
210155,1,R,2153,R,483,R,1075,R,595
210155,2,R,2153,R,483,R,1075,R,595
210155,3,R,1505,R,369,R,973,R,163
210155,11,R,648,R,114,R,102,R,432
210234,1,R,3069,R,561,R,1038,R,1470
210234,2,R,3069,R,561,R,1038,R,1470
210234,3,R,1503,R,337,R,818,R,348
210234,11,R,1566,R,224,R,220,R,1122
210270,1,R,3684,R,1329,R,1262,R,1093
210270,2,R,3684,R,1329,R,1262,R,1093
210270,3,R,2887,R,1277,R,1140,R,470
210270,11,R,797,R,52,R,122,R,623
210304,1,R,404,R,3,R,232,R,169
210304,2,R,404,R,3,R,232,R,169
210304,3,R,400,R,3,R,232,R,165
210304,11,R,4,Z,0,Z,0,R,4
210331,1,R,1095,R,125,R,422,R,548
210331,2,R,899,R,90,R,303,R,506
210331,3,R,746,R,54,R,300,R,392
210331,11,R,153,R,36,R,3,R,114
210331,12,R,196,R,35,R,119,R,42
210368,1,R,940,R,345,R,69,R,526
210368,12,R,940,R,345,R,69,R,526
210401,1,R,2245,A,,A,,R,2245
210401,2,R,1635,A,,A,,R,1635
210401,3,R,1545,A,,A,,R,1545
210401,11,R,90,A,,A,,R,90
210401,12,R,610,A,,A,,R,610
210429,1,R,7237,R,988,R,3097,R,3152
210429,2,R,6141,R,523,R,2801,R,2817
210429,3,R,3628,R,478,R,2789,R,361
210429,11,R,2513,R,45,R,12,R,2456
210429,12,R,1096,R,465,R,296,R,335
210438,1,R,1306,R,0,R,1306,R,0
210438,2,R,1,R,0,R,1,R,0
210438,3,R,1,R,0,R,1,R,0
210438,12,R,1305,R,0,R,1305,R,0
210492,1,R,295,R,6,R,2,R,287
210492,2,R,278,A,,A,,R,278
210492,3,R,277,A,,A,,R,277
210492,11,R,1,A,,A,,R,1
210492,12,R,17,R,6,R,2,R,9
210508,1,R,22,A,,A,,R,22
210508,12,R,22,A,,A,,R,22
210571,1,R,1899,R,422,R,86,R,1391
210571,2,R,1466,R,96,R,65,R,1305
210571,3,R,1412,R,90,R,65,R,1257
210571,11,R,54,R,6,R,0,R,48
210571,12,R,433,R,326,R,21,R,86
210599,1,R,1516,R,0,R,566,R,950
210599,2,R,1516,R,0,R,566,R,950
210599,3,R,1516,R,0,R,566,R,950
210605,1,R,17631,R,4510,R,5030,R,8091
210605,2,R,17631,R,4510,R,5030,R,8091
210605,3,R,13625,R,2450,R,4680,R,6495
210605,11,R,4006,R,2060,R,350,R,1596
210669,1,R,1247,R,0,R,11,R,1236
210669,2,R,1247,R,0,R,11,R,1236
210669,3,R,1226,R,0,R,11,R,1215
210669,11,R,21,R,0,R,0,R,21
210711,1,R,203,A,,A,,R,203
210711,2,R,203,A,,A,,R,203
210711,3,R,203,A,,A,,R,203
210739,1,R,3998,R,912,R,1235,R,1851
210739,2,R,2920,R,493,R,945,R,1482
210739,3,R,2365,R,390,R,943,R,1032
210739,11,R,555,R,103,R,2,R,450
210739,12,R,1078,R,419,R,290,R,369
210748,1,R,166,A,,A,,R,166
210748,2,R,166,A,,A,,R,166
210748,3,R,166,A,,A,,R,166
210775,1,R,3197,R,425,R,1191,R,1581
210775,2,R,2688,R,270,R,1037,R,1381
210775,3,R,2360,R,207,R,999,R,1154
210775,11,R,328,R,63,R,38,R,227
210775,12,R,509,R,155,R,154,R,200
210784,1,R,380,A,,A,,R,380
210784,2,R,380,A,,A,,R,380
210784,3,R,380,A,,A,,R,380
210809,1,R,14716,R,14710,R,6,R,0
210809,2,R,13733,R,13733,R,0,R,0
210809,3,R,13733,R,13733,R,0,R,0
210809,12,R,983,R,977,R,6,R,0
211006,1,R,551,A,,A,,R,551
211006,2,R,551,A,,A,,R,551
211006,3,R,551,A,,A,,R,551
211079,1,R,2215,R,375,R,987,R,853
211079,2,R,2215,R,375,R,987,R,853
211079,3,R,1496,R,248,R,906,R,342
211079,11,R,719,R,127,R,81,R,511
211088,1,R,3908,R,796,R,1211,R,1901
211088,2,R,2063,R,134,R,828,R,1101
211088,3,R,1867,R,71,R,811,R,985
211088,11,R,196,R,63,R,17,R,116
211088,12,R,1845,R,662,R,383,R,800
211130,1,R,53,R,0,R,0,R,53
211130,12,R,53,R,0,R,0,R,53
211273,1,R,1784,R,0,R,131,R,1653
211273,2,R,1463,A,,A,,R,1463
211273,3,R,1449,A,,A,,R,1449
211273,11,R,14,A,,A,,R,14
211273,12,R,321,R,0,R,131,R,190
211291,1,R,4014,A,,A,,R,4014
211291,2,R,3966,A,,A,,R,3966
211291,3,R,3871,A,,A,,R,3871
211291,11,R,95,A,,A,,R,95
211291,12,R,48,A,,A,,R,48
211307,1,R,10556,R,4808,R,3291,R,2457
211307,2,R,10556,R,4808,R,3291,R,2457
211307,3,R,6911,R,2385,R,3126,R,1400
211307,11,R,3645,R,2423,R,165,R,1057
211316,1,R,142,A,,A,,R,142
211316,2,R,142,A,,A,,R,142
211316,3,R,142,A,,A,,R,142
211334,1,R,51,A,,A,,R,51
211334,2,R,51,A,,A,,R,51
211334,3,R,51,A,,A,,R,51
211343,1,R,3373,R,963,R,829,R,1581
211343,2,R,3373,R,963,R,829,R,1581
211343,3,R,2257,R,700,R,776,R,781
211343,11,R,1116,R,263,R,53,R,800
211431,1,R,3147,R,717,R,1662,R,768
211431,2,R,1984,R,298,R,1024,R,662
211431,3,R,1473,R,278,R,1023,R,172
211431,11,R,511,R,20,R,1,R,490
211431,12,R,1163,R,419,R,638,R,106
211440,1,R,16795,R,585,R,4982,R,11228
211440,2,R,7852,R,151,R,1814,R,5887
211440,3,R,7300,R,5,R,1808,R,5487
211440,11,R,552,R,146,R,6,R,400
211440,12,R,8943,R,434,R,3168,R,5341
211468,1,R,1525,R,293,R,1022,R,210
211468,2,R,1071,R,142,R,765,R,164
211468,3,R,953,R,63,R,739,R,151
211468,11,R,118,R,79,R,26,R,13
211468,12,R,454,R,151,R,257,R,46
211477,1,R,1239,R,711,R,330,R,198
211477,2,R,1213,R,685,R,330,R,198
211477,3,R,1080,R,593,R,323,R,164
211477,11,R,133,R,92,R,7,R,34
211477,12,R,26,R,26,R,0,R,0
211556,1,R,2618,R,337,R,1350,R,931
211556,2,R,1731,R,169,R,1052,R,510
211556,3,R,1281,R,77,R,910,R,294
211556,11,R,450,R,92,R,142,R,216
211556,12,R,887,R,168,R,298,R,421
211583,1,R,1609,R,212,R,677,R,720
211583,2,R,1111,R,156,R,534,R,421
211583,3,R,1054,R,133,R,516,R,405
211583,11,R,57,R,23,R,18,R,16
211583,12,R,498,R,56,R,143,R,299
211608,1,R,769,R,38,R,659,R,72
211608,2,R,769,R,38,R,659,R,72
211608,3,R,765,R,38,R,656,R,71
211608,11,R,4,R,0,R,3,R,1
211635,1,R,142,A,,A,,R,142
211635,2,R,142,A,,A,,R,142
211635,3,R,142,A,,A,,R,142
211802,1,R,150,A,,A,,R,150
211802,2,R,150,A,,A,,R,150
211802,3,R,150,A,,A,,R,150
211893,1,R,160,R,0,R,80,R,80
211893,2,R,106,R,0,R,50,R,56
211893,3,R,90,R,0,R,42,R,48
211893,11,R,16,R,0,R,8,R,8
211893,12,R,54,R,0,R,30,R,24
211927,1,R,12031,R,4052,R,4402,R,3577
211927,2,R,12031,R,4052,R,4402,R,3577
211927,3,R,10835,R,3635,R,4214,R,2986
211927,11,R,1196,R,417,R,188,R,591
211981,1,R,2740,R,360,R,1302,R,1078
211981,2,R,2057,R,95,R,1170,R,792
211981,3,R,1748,R,60,R,1170,R,518
211981,11,R,309,R,35,R,0,R,274
211981,12,R,683,R,265,R,132,R,286
212009,1,R,2246,R,13,R,0,R,2233
212009,2,R,2233,A,,A,,R,2233
212009,3,R,2175,A,,A,,R,2175
212009,11,R,58,A,,A,,R,58
212009,12,R,13,R,13,R,0,R,0
212045,1,R,340,R,0,R,149,R,191
212045,2,R,340,R,0,R,149,R,191
212045,3,R,340,R,0,R,149,R,191
212054,1,R,24590,R,5217,R,11530,R,7843
212054,2,R,14938,R,939,R,9336,R,4663
212054,3,R,14561,R,901,R,9277,R,4383
212054,11,R,377,R,38,R,59,R,280
212054,12,R,9652,R,4278,R,2194,R,3180
212106,1,R,9212,R,1598,R,3856,R,3758
212106,2,R,5836,R,621,R,2784,R,2431
212106,3,R,5408,R,611,R,2782,R,2015
212106,11,R,428,R,10,R,2,R,416
212106,12,R,3376,R,977,R,1072,R,1327
212115,1,R,6155,R,481,R,3541,R,2133
212115,2,R,5161,R,156,R,3211,R,1794
212115,3,R,4972,R,97,R,3202,R,1673
212115,11,R,189,R,59,R,9,R,121
212115,12,R,994,R,325,R,330,R,339
212133,1,R,10139,R,7414,R,1846,R,879
212133,2,R,2524,R,464,R,1320,R,740
212133,3,R,2321,R,349,R,1275,R,697
212133,11,R,203,R,115,R,45,R,43
212133,12,R,7615,R,6950,R,526,R,139
212197,1,R,2553,R,515,R,758,R,1280
212197,2,R,2020,R,197,R,645,R,1178
212197,3,R,1925,R,178,R,645,R,1102
212197,11,R,95,R,19,Z,0,R,76
212197,12,R,533,R,318,R,113,R,102
212230,1,R,55,A,,A,,R,55
212230,2,R,55,A,,A,,R,55
212230,3,R,55,A,,A,,R,55
212267,1,R,151,A,,A,,R,151
212267,2,R,151,A,,A,,R,151
212267,3,R,151,A,,A,,R,151
212276,1,R,138,A,,A,,R,138
212276,2,R,138,A,,A,,R,138
212276,3,R,138,A,,A,,R,138
212294,1,R,110,A,,A,,R,110
212294,2,R,110,A,,A,,R,110
212294,3,R,110,A,,A,,R,110
212300,1,R,97,A,,A,,R,97
212300,2,R,97,A,,A,,R,97
212300,3,R,97,A,,A,,R,97
212328,1,R,201,A,,A,,R,201
212328,2,R,201,A,,A,,R,201
212328,3,R,201,A,,A,,R,201
212337,1,R,167,A,,A,,R,167
212337,2,R,167,A,,A,,R,167
212337,3,R,167,A,,A,,R,167
212355,1,R,228,A,,A,,R,228
212355,2,R,228,A,,A,,R,228
212355,3,R,228,A,,A,,R,228
212382,1,R,257,A,,A,,R,257
212382,2,R,257,A,,A,,R,257
212382,3,R,257,A,,A,,R,257
212391,1,R,127,A,,A,,R,127
212391,2,R,127,A,,A,,R,127
212391,3,R,127,A,,A,,R,127
212434,1,R,305,A,,A,,R,305
212434,2,R,305,A,,A,,R,305
212434,3,R,305,A,,A,,R,305
212577,1,R,2006,A,,A,,R,2006
212577,2,R,2006,A,,A,,R,2006
212577,3,R,1996,A,,A,,R,1996
212577,11,R,10,A,,A,,R,10
212601,1,R,5184,R,345,R,1641,R,3198
212601,2,R,3176,R,48,R,1125,R,2003
212601,3,R,2638,R,24,R,1106,R,1508
212601,11,R,538,R,24,R,19,R,495
212601,12,R,2008,R,297,R,516,R,1195
212656,1,R,1441,R,144,R,271,R,1026
212656,2,R,1283,R,110,R,180,R,993
212656,3,R,1031,R,59,R,173,R,799
212656,11,R,252,R,51,R,7,R,194
212656,12,R,158,R,34,R,91,R,33
212674,1,R,3373,R,1032,R,0,R,2341
212674,2,R,2341,R,0,R,0,R,2341
212674,3,R,2341,R,0,R,0,R,2341
212674,12,R,1032,R,1032,Z,0,R,0
212753,1,R,190,A,,A,,R,190
212753,2,R,190,A,,A,,R,190
212753,3,R,190,A,,A,,R,190
212771,1,R,687,R,426,R,261,R,0
212771,2,R,274,R,13,R,261,R,0
212771,3,R,175,R,1,R,174,R,0
212771,11,R,99,R,12,R,87,R,0
212771,12,R,413,R,413,R,0,R,0
212805,1,R,2528,R,246,R,1060,R,1222
212805,2,R,2488,R,211,R,1055,R,1222
212805,3,R,2272,R,32,R,1031,R,1209
212805,11,R,216,R,179,R,24,R,13
212805,12,R,40,R,35,R,5,R,0
212832,1,R,2568,R,894,R,863,R,811
212832,2,R,1687,R,124,R,774,R,789
212832,3,R,1211,R,55,R,772,R,384
212832,11,R,476,R,69,R,2,R,405
212832,12,R,881,R,770,R,89,R,22
212869,1,R,1140,R,351,R,344,R,445
212869,2,R,1140,R,351,R,344,R,445
212869,3,R,1065,R,350,R,344,R,371
212869,11,R,75,R,1,R,0,R,74
212878,1,R,19482,R,9990,R,5862,R,3630
212878,2,R,19482,R,9990,R,5862,R,3630
212878,3,R,12982,R,5826,R,5293,R,1863
212878,11,R,6500,R,4164,R,569,R,1767
212911,1,R,1474,A,,A,,R,1474
212911,2,R,1474,A,,A,,R,1474
212911,3,R,1470,A,,A,,R,1470
212911,11,R,4,A,,A,,R,4
212975,1,R,282,A,,A,,R,282
212975,2,R,282,A,,A,,R,282
212975,3,R,282,A,,A,,R,282
212984,1,R,3673,R,741,R,2448,R,484
212984,2,R,2706,R,130,R,2158,R,418
212984,3,R,2490,R,40,R,2145,R,305
212984,11,R,216,R,90,R,13,R,113
212984,12,R,967,R,611,R,290,R,66
213011,1,R,3502,R,987,R,1548,R,967
213011,2,R,2190,R,304,R,999,R,887
213011,3,R,1386,R,237,R,967,R,182
213011,11,R,804,R,67,R,32,R,705
213011,12,R,1312,R,683,R,549,R,80
213020,1,R,10512,R,1246,R,5963,R,3303
213020,2,R,8386,R,742,R,5397,R,2247
213020,3,R,7323,R,308,R,5282,R,1733
213020,11,R,1063,R,434,R,115,R,514
213020,12,R,2126,R,504,R,566,R,1056
213163,1,R,345,R,0,R,71,R,274
213163,2,R,345,R,0,R,71,R,274
213163,3,R,345,R,0,R,71,R,274
213181,1,R,407,R,2,R,270,R,135
213181,2,R,407,R,2,R,270,R,135
213181,3,R,407,R,2,R,270,R,135
213233,1,R,715,R,0,R,622,R,93
213233,2,R,715,R,0,R,622,R,93
213233,3,R,621,R,0,R,550,R,71
213233,11,R,94,R,0,R,72,R,22
213251,1,R,1402,R,45,R,487,R,870
213251,2,R,1299,R,12,R,420,R,867
213251,3,R,1218,R,7,R,415,R,796
213251,11,R,81,R,5,R,5,R,71
213251,12,R,103,R,33,R,67,R,3
213303,1,R,2014,R,180,R,900,R,934
213303,2,R,1901,R,118,R,878,R,905
213303,3,R,1050,R,96,R,799,R,155
213303,11,R,851,R,22,R,79,R,750
213303,12,R,113,R,62,R,22,R,29
213321,1,R,2232,R,350,R,468,R,1414
213321,2,R,1712,R,33,R,406,R,1273
213321,3,R,1577,R,10,R,389,R,1178
213321,11,R,135,R,23,R,17,R,95
213321,12,R,520,R,317,R,62,R,141
213330,1,R,42,A,,A,,R,42
213330,2,R,42,A,,A,,R,42
213330,3,R,42,A,,A,,R,42
213349,1,R,8245,R,895,R,4212,R,3138
213349,2,R,6854,R,280,R,3695,R,2879
213349,3,R,6666,R,126,R,3691,R,2849
213349,11,R,188,R,154,R,4,R,30
213349,12,R,1391,R,615,R,517,R,259
213358,1,R,3102,R,38,R,782,R,2282
213358,2,R,2667,R,25,R,487,R,2155
213358,3,R,1107,R,20,R,483,R,604
213358,11,R,1560,R,5,R,4,R,1551
213358,12,R,435,R,13,R,295,R,127
213367,1,R,4680,R,1987,R,1478,R,1215
213367,2,R,2675,R,539,R,1170,R,966
213367,3,R,2228,R,230,R,1119,R,879
213367,11,R,447,R,309,R,51,R,87
213367,12,R,2005,R,1448,R,308,R,249
213376,1,R,4792,R,916,R,1214,R,2662
213376,2,R,4792,R,916,R,1214,R,2662
213376,3,R,2110,R,625,R,1097,R,388
213376,11,R,2682,R,291,R,117,R,2274
213385,1,R,2796,R,7,R,246,R,2543
213385,2,R,2796,R,7,R,246,R,2543
213385,3,R,2767,R,4,R,245,R,2518
213385,11,R,29,R,3,R,1,R,25
213400,1,R,3132,R,1375,R,440,R,1317
213400,2,R,2335,R,1032,R,337,R,966
213400,3,R,2062,R,900,R,335,R,827
213400,11,R,273,R,132,R,2,R,139
213400,12,R,797,R,343,R,103,R,351
213446,1,R,64,R,0,R,35,R,29
213446,12,R,64,R,0,R,35,R,29
213455,1,R,509,A,,A,,R,509
213455,2,R,509,A,,A,,R,509
213455,3,R,509,A,,A,,R,509
213473,1,R,220,A,,A,,R,220
213473,2,R,220,A,,A,,R,220
213473,3,R,220,A,,A,,R,220
213491,1,R,61,A,,A,,R,61
213491,2,R,61,A,,A,,R,61
213491,3,R,61,A,,A,,R,61
213507,1,R,2344,R,256,R,1062,R,1026
213507,2,R,1788,R,20,R,823,R,945
213507,3,R,1708,R,5,R,815,R,888
213507,11,R,80,R,15,R,8,R,57
213507,12,R,556,R,236,R,239,R,81
213525,1,R,9052,R,3693,R,2782,R,2577
213525,2,R,9052,R,3693,R,2782,R,2577
213525,3,R,5782,R,2356,R,2389,R,1037
213525,11,R,3270,R,1337,R,393,R,1540
213534,1,R,819,R,0,R,28,R,791
213534,2,R,819,R,0,R,28,R,791
213534,3,R,783,R,0,R,28,R,755
213534,11,R,36,R,0,R,0,R,36
213543,1,R,8067,R,465,R,1726,R,5876
213543,2,R,6031,R,35,R,1261,R,4735
213543,3,R,5880,R,22,R,1257,R,4601
213543,11,R,151,R,13,R,4,R,134
213543,12,R,2036,R,430,R,465,R,1141
213570,1,R,893,A,,A,,R,893
213570,2,R,893,A,,A,,R,893
213570,3,R,893,A,,A,,R,893
213589,1,R,550,A,,A,,R,550
213589,2,R,550,A,,A,,R,550
213589,3,R,550,A,,A,,R,550
213598,1,R,1953,R,34,R,505,R,1414
213598,2,R,1785,R,34,R,505,R,1246
213598,3,R,1779,R,34,R,504,R,1241
213598,11,R,6,R,0,R,1,R,5
213598,12,R,168,A,,A,,R,168
213622,1,R,102,R,0,R,31,R,71
213622,2,R,102,R,0,R,31,R,71
213622,3,R,102,R,0,R,31,R,71
213631,1,R,302,R,71,R,230,R,1
213631,12,R,302,R,71,R,230,R,1
213659,1,R,6271,R,1363,R,1978,R,2930
213659,2,R,6271,R,1363,R,1978,R,2930
213659,3,R,4124,R,701,R,1790,R,1633
213659,11,R,2147,R,662,R,188,R,1297
213668,1,R,1095,R,1,R,78,R,1016
213668,2,R,1095,R,1,R,78,R,1016
213668,3,R,1074,Z,0,R,78,R,996
213668,11,R,21,R,1,Z,0,R,20
213774,1,R,685,R,37,R,479,R,169
213774,2,R,685,R,37,R,479,R,169
213774,3,R,514,R,36,R,477,R,1
213774,11,R,171,R,1,R,2,R,168
213826,1,R,3286,R,712,R,1748,R,826
213826,2,R,2023,R,85,R,1382,R,556
213826,3,R,1920,R,27,R,1370,R,523
213826,11,R,103,R,58,R,12,R,33
213826,12,R,1263,R,627,R,366,R,270
213914,1,R,324,A,,A,,R,324
213914,2,R,324,A,,A,,R,324
213914,3,R,324,A,,A,,R,324
213932,1,R,181,A,,A,,R,181
213932,2,R,181,A,,A,,R,181
213932,3,R,181,A,,A,,R,181
213987,1,R,2965,R,165,R,49,R,2751
213987,2,R,2534,R,3,R,21,R,2510
213987,3,R,2400,R,1,R,0,R,2399
213987,11,R,134,R,2,R,21,R,111
213987,12,R,431,R,162,R,28,R,241
213996,1,R,3689,R,597,R,1505,R,1587
213996,2,R,2725,R,270,R,1140,R,1315
213996,3,R,2371,R,12,R,1104,R,1255
213996,11,R,354,R,258,R,36,R,60
213996,12,R,964,R,327,R,365,R,272
214023,1,R,18,R,0,R,18,R,0
214023,2,R,18,R,0,R,18,R,0
214023,3,R,14,R,0,R,14,R,0
214023,11,R,4,R,0,R,4,R,0
214041,1,R,7961,R,1415,R,4304,R,2242
214041,2,R,6406,R,759,R,3770,R,1877
214041,3,R,6130,R,657,R,3746,R,1727
214041,11,R,276,R,102,R,24,R,150
214041,12,R,1555,R,656,R,534,R,365
214069,1,R,2376,R,314,R,1262,R,800
214069,2,R,1794,R,120,R,1074,R,600
214069,3,R,1716,R,109,R,1074,R,533
214069,11,R,78,R,11,R,0,R,67
214069,12,R,582,R,194,R,188,R,200
214111,1,R,15504,R,6777,R,4194,R,4533
214111,2,R,15504,R,6777,R,4194,R,4533
214111,3,R,9555,R,3625,R,3829,R,2101
214111,11,R,5949,R,3152,R,365,R,2432
214148,1,R,418,R,1,R,239,R,178
214148,2,R,403,R,1,R,231,R,171
214148,3,R,403,R,1,R,231,R,171
214148,12,R,15,R,0,R,8,R,7
214157,1,R,3091,R,422,R,1444,R,1225
214157,2,R,2196,R,141,R,990,R,1065
214157,3,R,2080,R,120,R,977,R,983
214157,11,R,116,R,21,R,13,R,82
214157,12,R,895,R,281,R,454,R,160
214166,1,R,3231,R,86,R,1047,R,2098
214166,2,R,3206,R,86,R,1022,R,2098
214166,3,R,1217,R,86,R,1011,R,120
214166,11,R,1989,Z,0,R,11,R,1978
214166,12,R,25,Z,0,R,25,R,0
214175,1,R,1938,R,54,R,355,R,1529
214175,2,R,1899,R,54,R,355,R,1490
214175,3,R,1840,R,20,R,354,R,1466
214175,11,R,59,R,34,R,1,R,24
214175,12,R,39,A,,A,,R,39
214272,1,R,2555,R,369,R,1278,R,908
214272,2,R,1862,R,215,R,1145,R,502
214272,3,R,1702,R,179,R,1143,R,380
214272,11,R,160,R,36,R,2,R,122
214272,12,R,693,R,154,R,133,R,406
214290,1,R,964,R,0,R,544,R,420
214290,2,R,964,R,0,R,544,R,420
214290,3,R,964,R,0,R,544,R,420
214379,1,R,12063,R,4107,R,5139,R,2817
214379,2,R,12063,R,4107,R,5139,R,2817
214379,3,R,9707,R,2926,R,4786,R,1995
214379,11,R,2356,R,1181,R,353,R,822
214476,1,R,62,R,0,R,55,R,7
214476,2,R,62,R,0,R,55,R,7
214476,3,R,62,R,0,R,55,R,7
214528,1,R,504,A,,A,,R,504
214528,2,R,504,A,,A,,R,504
214528,3,R,504,A,,A,,R,504
214564,1,R,1265,R,12,R,169,R,1084
214564,12,R,1265,R,12,R,169,R,1084
214582,1,R,1405,R,241,R,616,R,548
214582,2,R,1405,R,241,R,616,R,548
214582,3,R,1404,R,240,R,616,R,548
214582,11,R,1,R,1,Z,0,R,0
214591,1,R,3553,R,96,R,1551,R,1906
214591,2,R,3429,R,82,R,1474,R,1873
214591,3,R,3318,R,61,R,1470,R,1787
214591,11,R,111,R,21,R,4,R,86
214591,12,R,124,R,14,R,77,R,33
214607,1,R,297,R,29,R,113,R,155
214607,12,R,297,R,29,R,113,R,155
214625,1,R,522,R,8,R,236,R,278
214625,2,R,522,R,8,R,236,R,278
214625,3,R,457,R,7,R,235,R,215
214625,11,R,65,R,1,R,1,R,63
214634,1,R,399,R,11,R,201,R,187
214634,2,R,399,R,11,R,201,R,187
214634,3,R,299,R,3,R,193,R,103
214634,11,R,100,R,8,R,8,R,84
214643,1,R,377,R,11,R,258,R,108
214643,2,R,368,R,9,R,255,R,104
214643,3,R,351,R,4,R,253,R,94
214643,11,R,17,R,5,R,2,R,10
214643,12,R,9,R,2,R,3,R,4
214652,1,R,912,R,17,R,534,R,361
214652,2,R,911,R,17,R,534,R,360
214652,3,R,872,R,13,R,530,R,329
214652,11,R,39,R,4,R,4,R,31
214652,12,R,1,R,0,R,0,R,1
214670,1,R,1068,R,45,R,785,R,238
214670,2,R,1068,R,45,R,785,R,238
214670,3,R,992,R,28,R,784,R,180
214670,11,R,76,R,17,R,1,R,58
214689,1,R,2573,R,33,R,961,R,1579
214689,2,R,2573,R,33,R,961,R,1579
214689,3,R,2541,R,27,R,958,R,1556
214689,11,R,32,R,6,R,3,R,23
214698,1,R,548,R,11,R,377,R,160
214698,2,R,548,R,11,R,377,R,160
214698,3,R,529,R,10,R,377,R,142
214698,11,R,19,R,1,R,0,R,18
214704,1,R,2152,R,97,R,1357,R,698
214704,2,R,2134,R,86,R,1354,R,694
214704,3,R,2028,R,41,R,1349,R,638
214704,11,R,106,R,45,R,5,R,56
214704,12,R,18,R,11,R,3,R,4
214713,1,R,5123,R,149,R,2474,R,2500
214713,2,R,4531,R,96,R,2302,R,2133
214713,3,R,4487,R,82,R,2295,R,2110
214713,11,R,44,R,14,R,7,R,23
214713,12,R,592,R,53,R,172,R,367
214731,1,R,1321,R,31,R,782,R,508
214731,2,R,1321,R,31,R,782,R,508
214731,3,R,1297,R,21,R,778,R,498
214731,11,R,24,R,10,R,4,R,10
214740,1,R,377,R,12,R,288,R,77
214740,2,R,377,R,12,R,288,R,77
214740,3,R,330,R,3,R,280,R,47
214740,11,R,47,R,9,R,8,R,30
214759,1,R,450,R,7,R,286,R,157
214759,2,R,450,R,7,R,286,R,157
214759,3,R,441,R,6,R,286,R,149
214759,11,R,9,R,1,R,0,R,8
214768,1,R,577,R,11,R,314,R,252
214768,2,R,577,R,11,R,314,R,252
214768,3,R,553,R,6,R,313,R,234
214768,11,R,24,R,5,R,1,R,18
214777,1,R,53053,R,1073,R,31485,R,20495
214777,2,R,44139,R,966,R,29983,R,13190
214777,3,R,43421,R,716,R,29936,R,12769
214777,11,R,718,R,250,R,47,R,421
214777,12,R,8914,R,107,R,1502,R,7305
214786,1,R,388,R,8,R,260,R,120
214786,2,R,388,R,8,R,260,R,120
214786,3,R,383,R,6,R,259,R,118
214786,11,R,5,R,2,R,1,R,2
214795,1,R,655,R,20,R,424,R,211
214795,2,R,654,R,19,R,424,R,211
214795,3,R,594,R,12,R,406,R,176
214795,11,R,60,R,7,R,18,R,35
214795,12,R,1,R,1,R,0,R,0
214801,1,R,3469,R,92,R,2339,R,1038
214801,2,R,3469,R,92,R,2339,R,1038
214801,3,R,3362,R,63,R,2329,R,970
214801,11,R,107,R,29,R,10,R,68
214810,1,R,747,R,25,R,516,R,206
214810,2,R,747,R,25,R,516,R,206
214810,3,R,675,R,18,R,513,R,144
214810,11,R,72,R,7,R,3,R,62
214829,1,R,797,R,17,R,489,R,291
214829,2,R,791,R,15,R,486,R,290
214829,3,R,732,R,12,R,480,R,240
214829,11,R,59,R,3,R,6,R,50
214829,12,R,6,R,2,R,3,R,1
214883,1,R,1346,R,1346,Z,0,R,0
214883,2,R,1229,R,1229,Z,0,R,0
214883,3,R,1226,R,1226,Z,0,R,0
214883,11,R,3,R,3,Z,0,R,0
214883,12,R,117,R,117,Z,0,R,0
214892,1,R,438,A,,A,,R,438
214892,2,R,438,A,,A,,R,438
214892,3,R,438,A,,A,,R,438
214944,1,R,1106,A,,A,,R,1106
214944,2,R,1106,A,,A,,R,1106
214944,3,R,1106,A,,A,,R,1106
214971,1,R,148,R,0,R,21,R,127
214971,2,R,101,R,0,R,7,R,94
214971,3,R,101,R,0,R,7,R,94
214971,12,R,47,R,0,R,14,R,33
215008,1,R,89,A,,A,,R,89
215008,2,R,89,A,,A,,R,89
215008,3,R,89,A,,A,,R,89
215044,1,R,272,A,,A,,R,272
215044,2,R,272,A,,A,,R,272
215044,3,R,272,A,,A,,R,272
215053,1,R,341,R,10,R,142,R,189
215053,2,R,341,R,10,R,142,R,189
215053,3,R,329,R,7,R,141,R,181
215053,11,R,12,R,3,R,1,R,8
215062,1,R,32816,R,4488,R,1689,R,26639
215062,2,R,13139,R,1225,R,353,R,11561
215062,3,R,11124,R,778,R,286,R,10060
215062,11,R,2015,R,447,R,67,R,1501
215062,12,R,19677,R,3263,R,1336,R,15078
215114,1,R,1861,R,239,R,248,R,1374
215114,2,R,1599,R,95,R,205,R,1299
215114,3,R,816,R,32,R,202,R,582
215114,11,R,783,R,63,R,3,R,717
215114,12,R,262,R,144,R,43,R,75
215123,1,R,3191,R,96,R,132,R,2963
215123,12,R,3191,R,96,R,132,R,2963
215239,1,R,17536,R,8402,R,6892,R,2242
215239,2,R,17536,R,8402,R,6892,R,2242
215239,3,R,14907,R,6494,R,6531,R,1882
215239,11,R,2629,R,1908,R,361,R,360
215266,1,R,2249,R,16,R,247,R,1986
215266,2,R,2249,R,16,R,247,R,1986
215266,3,R,1021,R,13,R,241,R,767
215266,11,R,1228,R,3,R,6,R,1219
215275,1,R,1426,R,37,R,497,R,892
215275,2,R,1426,R,37,R,497,R,892
215275,3,R,1392,R,12,R,495,R,885
215275,11,R,34,R,25,R,2,R,7
215284,1,R,2006,R,4,R,12,R,1990
215284,2,R,2006,R,4,R,12,R,1990
215284,3,R,1991,R,1,R,12,R,1978
215284,11,R,15,R,3,Z,0,R,12
215293,1,R,36696,R,1594,R,6025,R,29077
215293,2,R,26103,R,226,R,4279,R,21598
215293,3,R,20751,R,172,R,4263,R,16316
215293,11,R,5352,R,54,R,16,R,5282
215293,12,R,10593,R,1368,R,1746,R,7479
215309,1,R,41,A,,A,,R,41
215309,2,R,41,A,,A,,R,41
215309,3,R,29,A,,A,,R,29
215309,11,R,12,A,,A,,R,12
215381,1,R,948,A,,A,,R,948
215381,2,R,948,A,,A,,R,948
215381,3,R,948,A,,A,,R,948
215390,1,R,498,R,305,R,0,R,193
215390,2,R,498,R,305,R,0,R,193
215390,3,R,456,R,263,R,0,R,193
215390,11,R,42,R,42,R,0,R,0
215424,1,R,231,R,36,R,65,R,130
215424,12,R,231,R,36,R,65,R,130
215442,1,R,4160,R,1736,R,1517,R,907
215442,2,R,2674,R,420,R,1428,R,826
215442,3,R,2518,R,387,R,1427,R,704
215442,11,R,156,R,33,R,1,R,122
215442,12,R,1486,R,1316,R,89,R,81
215479,1,R,60,A,,A,,R,60
215479,2,R,60,A,,A,,R,60
215479,3,R,60,A,,A,,R,60
215530,1,R,119,A,,A,,R,119
215530,2,R,119,A,,A,,R,119
215530,3,R,119,A,,A,,R,119
215585,1,R,6844,R,2208,R,2018,R,2618
215585,2,R,6844,R,2208,R,2018,R,2618
215585,3,R,4723,R,1660,R,1979,R,1084
215585,11,R,2121,R,548,R,39,R,1534
215594,1,R,329,A,,A,,R,329
215594,2,R,329,A,,A,,R,329
215594,3,R,329,A,,A,,R,329
215619,1,R,56,A,,A,,R,56
215619,12,R,56,A,,A,,R,56
215637,1,R,223,A,,A,,R,223
215637,2,R,223,A,,A,,R,223
215637,3,R,223,A,,A,,R,223
215655,1,R,5581,R,847,R,2614,R,2120
215655,2,R,4321,R,322,R,2110,R,1889
215655,3,R,3166,R,280,R,2091,R,795
215655,11,R,1155,R,42,R,19,R,1094
215655,12,R,1260,R,525,R,504,R,231
215682,1,R,583,A,,A,,R,583
215682,2,R,583,A,,A,,R,583
215682,3,R,583,A,,A,,R,583
215691,1,R,951,R,409,R,68,R,474
215691,2,R,556,R,202,R,68,R,286
215691,3,R,536,R,182,R,68,R,286
215691,11,R,20,R,20,R,0,R,0
215691,12,R,395,R,207,R,0,R,188
215743,1,R,3132,R,484,R,1097,R,1551
215743,2,R,2647,R,222,R,1006,R,1419
215743,3,R,1648,R,199,R,991,R,458
215743,11,R,999,R,23,R,15,R,961
215743,12,R,485,R,262,R,91,R,132
215770,1,R,7841,R,1718,R,2437,R,3686
215770,2,R,5047,R,101,R,2024,R,2922
215770,3,R,4861,R,80,R,2020,R,2761
215770,11,R,186,R,21,R,4,R,161
215770,12,R,2794,R,1617,R,413,R,764
215798,1,R,1567,R,44,R,471,R,1052
215798,2,R,1342,R,34,R,416,R,892
215798,3,R,1293,R,8,R,408,R,877
215798,11,R,49,R,26,R,8,R,15
215798,12,R,225,R,10,R,55,R,160
215813,1,R,94,R,39,R,0,R,55
215813,12,R,94,R,39,R,0,R,55
215886,1,R,104,R,0,R,1,R,103
215886,2,R,104,R,0,R,1,R,103
215886,3,R,103,R,0,R,1,R,102
215886,11,R,1,R,0,R,0,R,1
215929,1,R,5253,R,706,R,140,R,4407
215929,2,R,3810,R,77,R,84,R,3649
215929,3,R,3619,R,16,R,78,R,3525
215929,11,R,191,R,61,R,6,R,124
215929,12,R,1443,R,629,R,56,R,758
215947,1,R,5037,R,377,R,1083,R,3577
215947,2,R,4477,R,220,R,906,R,3351
215947,3,R,1633,R,211,R,901,R,521
215947,11,R,2844,R,9,R,5,R,2830
215947,12,R,560,R,157,R,177,R,226
215974,1,R,779,R,0,R,120,R,659
215974,2,R,779,R,0,R,120,R,659
215974,3,R,779,R,0,R,120,R,659
215992,1,R,243,R,0,R,134,R,109
215992,2,R,243,R,0,R,134,R,109
215992,3,R,243,R,0,R,134,R,109
216010,1,R,5858,R,724,R,1801,R,3333
216010,2,R,4809,R,188,R,1611,R,3010
216010,3,R,4442,R,60,R,1583,R,2799
216010,11,R,367,R,128,R,28,R,211
216010,12,R,1049,R,536,R,190,R,323
216038,1,R,9586,R,1897,R,4830,R,2859
216038,2,R,7432,R,418,R,4519,R,2495
216038,3,R,7234,R,318,R,4484,R,2432
216038,11,R,198,R,100,R,35,R,63
216038,12,R,2154,R,1479,R,311,R,364
216047,1,R,230,R,11,R,7,R,212
216047,2,R,43,A,,A,,R,43
216047,3,R,43,A,,A,,R,43
216047,12,R,187,R,11,R,7,R,169
216074,1,R,501,A,,A,,R,501
216074,2,R,501,A,,A,,R,501
216074,3,R,501,A,,A,,R,501
216083,1,R,318,R,0,R,17,R,301
216083,2,R,318,R,0,R,17,R,301
216083,3,R,316,R,0,R,17,R,299
216083,11,R,2,R,0,R,0,R,2
216162,1,R,454,A,,A,,R,454
216162,2,R,454,A,,A,,R,454
216162,3,R,454,A,,A,,R,454
216223,1,R,94,A,,A,,R,94
216223,2,R,94,A,,A,,R,94
216223,3,R,94,A,,A,,R,94
216278,1,R,2333,R,0,R,12,R,2321
216278,2,R,2326,R,0,R,12,R,2314
216278,3,R,2144,R,0,R,12,R,2132
216278,11,R,182,R,0,R,0,R,182
216278,12,R,7,A,,A,,R,7
216287,1,R,1740,A,,A,,R,1740
216287,2,R,1740,A,,A,,R,1740
216287,3,R,1720,A,,A,,R,1720
216287,11,R,20,A,,A,,R,20
216296,1,R,1506,R,12,R,643,R,851
216296,2,R,1506,R,12,R,643,R,851
216296,3,R,1465,R,12,R,627,R,826
216296,11,R,41,R,0,R,16,R,25
216311,1,R,123,A,,A,,R,123
216311,2,R,123,A,,A,,R,123
216311,3,R,123,A,,A,,R,123
216339,1,R,32591,R,2885,R,18866,R,10840
216339,2,R,23294,R,1306,R,16565,R,5423
216339,3,R,22437,R,1029,R,16457,R,4951
216339,11,R,857,R,277,R,108,R,472
216339,12,R,9297,R,1579,R,2301,R,5417
216348,1,R,23,R,14,R,6,R,3
216348,12,R,23,R,14,R,6,R,3
216357,1,R,1081,R,9,R,644,R,428
216357,2,R,880,R,9,R,530,R,341
216357,3,R,819,Z,0,R,523,R,296
216357,11,R,61,R,9,R,7,R,45
216357,12,R,201,R,0,R,114,R,87
216366,1,R,9512,R,1664,R,3457,R,4391
216366,2,R,4117,R,519,R,1628,R,1970
216366,3,R,4078,R,502,R,1624,R,1952
216366,11,R,39,R,17,R,4,R,18
216366,12,R,5395,R,1145,R,1829,R,2421
216436,1,R,120,A,,A,,R,120
216436,2,R,120,A,,A,,R,120
216436,3,R,120,A,,A,,R,120
216445,1,R,117,A,,A,,R,117
216445,2,R,117,A,,A,,R,117
216445,3,R,117,A,,A,,R,117
216454,1,R,101,A,,A,,R,101
216454,2,R,101,A,,A,,R,101
216454,3,R,101,A,,A,,R,101
216463,1,R,300,R,265,R,18,R,17
216463,12,R,300,R,265,R,18,R,17
216524,1,R,1519,A,,A,,R,1519
216524,2,R,1519,A,,A,,R,1519
216524,3,R,1499,A,,A,,R,1499
216524,11,R,20,A,,A,,R,20
216542,1,R,678,R,235,R,337,R,106
216542,2,R,567,R,132,R,329,R,106
216542,3,R,515,R,85,R,327,R,103
216542,11,R,52,R,47,R,2,R,3
216542,12,R,111,R,103,R,8,R,0
216551,1,R,112,R,9,R,51,R,52
216551,2,R,112,R,9,R,51,R,52
216551,3,R,98,R,0,R,49,R,49
216551,11,R,14,R,9,R,2,R,3
216579,1,R,109,A,,A,,R,109
216579,2,R,109,A,,A,,R,109
216579,3,R,109,A,,A,,R,109
216597,1,R,11176,R,1338,R,3718,R,6120
216597,2,R,7487,R,163,R,2705,R,4619
216597,3,R,7320,R,104,R,2688,R,4528
216597,11,R,167,R,59,R,17,R,91
216597,12,R,3689,R,1175,R,1013,R,1501
216630,1,R,62,A,,A,,R,62
216630,2,R,62,A,,A,,R,62
216630,3,R,62,A,,A,,R,62
216667,1,R,1198,A,,A,,R,1198
216667,2,R,1196,A,,A,,R,1196
216667,3,R,1177,A,,A,,R,1177
216667,11,R,19,A,,A,,R,19
216667,12,R,2,A,,A,,R,2
216694,1,R,1478,R,249,R,440,R,789
216694,2,R,1162,R,70,R,343,R,749
216694,3,R,1097,R,35,R,343,R,719
216694,11,R,65,R,35,R,0,R,30
216694,12,R,316,R,179,R,97,R,40
216746,1,R,81,A,,A,,R,81
216746,2,R,81,A,,A,,R,81
216746,3,R,81,A,,A,,R,81
216764,1,R,18762,R,2096,R,10575,R,6091
216764,2,R,15402,R,688,R,9621,R,5093
216764,3,R,14842,R,568,R,9585,R,4689
216764,11,R,560,R,120,R,36,R,404
216764,12,R,3360,R,1408,R,954,R,998
216773,1,R,165,A,,A,,R,165
216773,2,R,165,A,,A,,R,165
216773,3,R,165,A,,A,,R,165
216807,1,R,1301,R,148,R,201,R,952
216807,2,R,1233,R,123,R,168,R,942
216807,3,R,1074,R,1,R,167,R,906
216807,11,R,159,R,122,R,1,R,36
216807,12,R,68,R,25,R,33,R,10
216816,1,R,1222,R,932,R,83,R,207
216816,12,R,1222,R,932,R,83,R,207
216825,1,R,5783,R,2000,R,1184,R,2599
216825,2,R,5783,R,2000,R,1184,R,2599
216825,3,R,3230,R,1245,R,1123,R,862
216825,11,R,2553,R,755,R,61,R,1737
216852,1,R,6270,R,1200,R,1585,R,3485
216852,2,R,3046,R,220,R,948,R,1878
216852,3,R,2908,R,180,R,927,R,1801
216852,11,R,138,R,40,R,21,R,77
216852,12,R,3224,R,980,R,637,R,1607
216931,1,R,7059,R,4656,R,1700,R,703
216931,2,R,2225,R,123,R,1505,R,597
216931,3,R,2078,R,82,R,1483,R,513
216931,11,R,147,R,41,R,22,R,84
216931,12,R,4834,R,4533,R,195,R,106
216940,1,R,316,A,,A,,R,316
216940,2,R,316,A,,A,,R,316
216940,3,R,316,A,,A,,R,316
217013,1,R,2406,R,1485,R,544,R,377
217013,2,R,1466,R,670,R,494,R,302
217013,3,R,850,R,261,R,401,R,188
217013,11,R,616,R,409,R,93,R,114
217013,12,R,940,R,815,R,50,R,75
217040,1,R,42,A,,A,,R,42
217040,2,R,40,A,,A,,R,40
217040,3,R,40,A,,A,,R,40
217040,12,R,2,A,,A,,R,2
217059,1,R,4216,R,587,R,1576,R,2053
217059,2,R,3652,R,176,R,1465,R,2011
217059,3,R,3470,R,165,R,1456,R,1849
217059,11,R,182,R,11,R,9,R,162
217059,12,R,564,R,411,R,111,R,42
217077,1,R,868,R,89,R,779,R,0
217077,2,R,868,R,89,R,779,R,0
217077,3,R,868,R,89,R,779,R,0
217156,1,R,12261,R,832,R,1504,R,9925
217156,2,R,8334,R,442,R,1340,R,6552
217156,3,R,7518,R,36,R,1332,R,6150
217156,11,R,816,R,406,R,8,R,402
217156,12,R,3927,R,390,R,164,R,3373
217165,1,R,3964,R,187,R,1,R,3776
217165,2,R,3406,A,,A,,R,3406
217165,3,R,3354,A,,A,,R,3354
217165,11,R,52,A,,A,,R,52
217165,12,R,558,R,187,R,1,R,370
217235,1,R,4724,R,154,R,2316,R,2254
217235,2,R,4245,R,120,R,2158,R,1967
217235,3,R,4176,R,87,R,2153,R,1936
217235,11,R,69,R,33,R,5,R,31
217235,12,R,479,R,34,R,158,R,287
217305,1,R,2504,R,118,R,1496,R,890
217305,2,R,2338,R,60,R,1405,R,873
217305,3,R,2221,R,60,R,1401,R,760
217305,11,R,117,R,0,R,4,R,113
217305,12,R,166,R,58,R,91,R,17
217323,1,R,1424,A,,A,,R,1424
217323,2,R,1424,A,,A,,R,1424
217323,3,R,1424,A,,A,,R,1424
217402,1,R,5035,R,96,R,1070,R,3869
217402,2,R,4464,R,73,R,823,R,3568
217402,3,R,4408,R,51,R,811,R,3546
217402,11,R,56,R,22,R,12,R,22
217402,12,R,571,R,23,R,247,R,301
217420,1,R,10308,R,1843,R,2387,R,6078
217420,2,R,9015,R,1537,R,2066,R,5412
217420,3,R,5138,R,1189,R,2056,R,1893
217420,11,R,3877,R,348,R,10,R,3519
217420,12,R,1293,R,306,R,321,R,666
217475,1,R,16546,R,3769,R,6826,R,5951
217475,2,R,16546,R,3769,R,6826,R,5951
217475,3,R,14641,R,3178,R,6518,R,4945
217475,11,R,1905,R,591,R,308,R,1006
217484,1,R,20938,R,1582,R,10602,R,8754
217484,2,R,17656,R,737,R,10017,R,6902
217484,3,R,14640,R,426,R,9953,R,4261
217484,11,R,3016,R,311,R,64,R,2641
217484,12,R,3282,R,845,R,585,R,1852
217493,1,R,2593,R,0,R,0,R,2593
217493,2,R,2127,R,0,R,0,R,2127
217493,3,R,2116,R,0,R,0,R,2116
217493,11,R,11,R,0,R,0,R,11
217493,12,R,466,R,0,R,0,R,466
217518,1,R,5071,R,464,R,2032,R,2575
217518,2,R,4723,R,464,R,2019,R,2240
217518,3,R,4371,R,261,R,1978,R,2132
217518,11,R,352,R,203,R,41,R,108
217518,12,R,348,R,0,R,13,R,335
217536,1,R,3025,R,666,R,790,R,1569
217536,2,R,2187,R,78,R,582,R,1527
217536,3,R,2166,R,76,R,581,R,1509
217536,11,R,21,R,2,R,1,R,18
217536,12,R,838,R,588,R,208,R,42
217581,1,R,221,A,,A,,R,221
217581,2,R,221,A,,A,,R,221
217581,3,R,221,A,,A,,R,221
217606,1,R,149,R,50,R,23,R,76
217606,2,R,111,R,50,R,23,R,38
217606,3,R,110,R,49,R,23,R,38
217606,11,R,1,R,1,R,0,R,0
217606,12,R,38,A,,A,,R,38
217615,1,R,3009,R,1071,R,1368,R,570
217615,2,R,3009,R,1071,R,1368,R,570
217615,3,R,2553,R,893,R,1256,R,404
217615,11,R,456,R,178,R,112,R,166
217624,1,R,789,R,0,R,762,R,27
217624,2,R,738,R,0,R,737,R,1
217624,3,R,737,R,0,R,737,R,0
217624,11,R,1,R,0,R,0,R,1
217624,12,R,51,R,0,R,25,R,26
217633,1,R,4964,R,952,R,2746,R,1266
217633,2,R,3706,R,307,R,2375,R,1024
217633,3,R,3197,R,212,R,2352,R,633
217633,11,R,509,R,95,R,23,R,391
217633,12,R,1258,R,645,R,371,R,242
217688,1,R,4231,R,839,R,2152,R,1240
217688,2,R,3309,R,470,R,1872,R,967
217688,3,R,3027,R,394,R,1867,R,766
217688,11,R,282,R,76,R,5,R,201
217688,12,R,922,R,369,R,280,R,273
217712,1,R,3339,R,1380,R,1405,R,554
217712,2,R,3339,R,1380,R,1405,R,554
217712,3,R,2288,R,954,R,960,R,374
217712,11,R,1051,R,426,R,445,R,180
217721,1,R,1990,R,125,R,1266,R,599
217721,2,R,1896,R,125,R,1241,R,530
217721,3,R,1778,R,7,R,1241,R,530
217721,11,R,118,R,118,R,0,R,0
217721,12,R,94,R,0,R,25,R,69
217749,1,R,3494,R,689,R,1264,R,1541
217749,2,R,2915,R,397,R,1141,R,1377
217749,3,R,2385,R,122,R,1104,R,1159
217749,11,R,530,R,275,R,37,R,218
217749,12,R,579,R,292,R,123,R,164
217776,1,R,1330,R,543,R,452,R,335
217776,2,R,995,R,300,R,452,R,243
217776,3,R,856,R,253,R,427,R,176
217776,11,R,139,R,47,R,25,R,67
217776,12,R,335,R,243,Z,0,R,92
217794,1,R,122,A,,A,,R,122
217794,2,R,122,A,,A,,R,122
217794,3,R,122,A,,A,,R,122
217819,1,R,13568,R,1947,R,8006,R,3615
217819,2,R,11466,R,296,R,7856,R,3314
217819,3,R,11007,R,226,R,7830,R,2951
217819,11,R,459,R,70,R,26,R,363
217819,12,R,2102,R,1651,R,150,R,301
217837,1,R,2142,R,1228,R,466,R,448
217837,2,R,2142,R,1228,R,466,R,448
217837,3,R,1296,R,624,R,417,R,255
217837,11,R,846,R,604,R,49,R,193
217864,1,R,4325,R,1070,R,1268,R,1987
217864,2,R,2826,R,220,R,813,R,1793
217864,3,R,2752,R,209,R,813,R,1730
217864,11,R,74,R,11,R,0,R,63
217864,12,R,1499,R,850,R,455,R,194
217873,1,R,2116,R,334,Z,0,R,1782
217873,2,R,2008,R,247,Z,0,R,1761
217873,3,R,1954,R,247,Z,0,R,1707
217873,11,R,54,R,0,Z,0,R,54
217873,12,R,108,R,87,Z,0,R,21
217882,1,R,31612,R,3114,R,16487,R,12011
217882,2,R,24568,R,757,R,14875,R,8936
217882,3,R,24061,R,528,R,14861,R,8672
217882,11,R,507,R,229,R,14,R,264
217882,12,R,7044,R,2357,R,1612,R,3075
217891,1,R,192,R,103,Z,0,R,89
217891,2,R,192,R,103,Z,0,R,89
217891,3,R,192,R,103,Z,0,R,89
217907,1,R,1273,R,606,R,396,R,271
217907,2,R,1203,R,539,R,396,R,268
217907,3,R,820,R,156,R,396,R,268
217907,11,R,383,R,383,R,0,R,0
217907,12,R,70,R,67,R,0,R,3
217925,1,R,3657,R,2647,R,605,R,405
217925,2,R,1303,R,438,R,554,R,311
217925,3,R,939,R,128,R,537,R,274
217925,11,R,364,R,310,R,17,R,37
217925,12,R,2354,R,2209,R,51,R,94
217934,1,R,2070,R,1249,R,80,R,741
217934,2,R,1522,R,733,R,48,R,741
217934,3,R,1455,R,702,R,47,R,706
217934,11,R,67,R,31,R,1,R,35
217934,12,R,548,R,516,R,32,R,0
217961,1,R,1967,R,95,R,1160,R,712
217961,2,R,885,R,13,R,455,R,417
217961,3,R,885,R,13,R,455,R,417
217961,12,R,1082,R,82,R,705,R,295
217989,1,R,973,R,342,R,470,R,161
217989,2,R,973,R,342,R,470,R,161
217989,3,R,727,R,198,R,434,R,95
217989,11,R,246,R,144,R,36,R,66
217998,1,R,1162,R,28,R,687,R,447
217998,2,R,962,R,0,R,631,R,331
217998,3,R,919,R,0,R,631,R,288
217998,11,R,43,R,0,R,0,R,43
217998,12,R,200,R,28,R,56,R,116
218025,1,R,4669,R,1690,R,1865,R,1114
218025,2,R,4669,R,1690,R,1865,R,1114
218025,3,R,3776,R,1279,R,1590,R,907
218025,11,R,893,R,411,R,275,R,207
218061,1,R,4565,R,705,R,2231,R,1629
218061,2,R,4028,R,329,R,2118,R,1581
218061,3,R,2781,R,116,R,1657,R,1008
218061,11,R,1247,R,213,R,461,R,573
218061,12,R,537,R,376,R,113,R,48
218070,1,R,2558,R,57,R,87,R,2414
218070,2,R,2334,R,0,R,12,R,2322
218070,3,R,2329,R,0,R,12,R,2317
218070,11,R,5,R,0,R,0,R,5
218070,12,R,224,R,57,R,75,R,92
218113,1,R,14377,R,4829,R,5970,R,3578
218113,2,R,14377,R,4829,R,5970,R,3578
218113,3,R,10579,R,3733,R,5091,R,1755
218113,11,R,3798,R,1096,R,879,R,1823
218140,1,R,9846,R,3165,R,4744,R,1937
218140,2,R,9846,R,3165,R,4744,R,1937
218140,3,R,7699,R,2196,R,4018,R,1485
218140,11,R,2147,R,969,R,726,R,452
218159,1,R,211,A,,A,,R,211
218159,2,R,211,A,,A,,R,211
218159,3,R,211,A,,A,,R,211
218195,1,R,212,A,,A,,R,212
218195,2,R,212,A,,A,,R,212
218195,3,R,212,A,,A,,R,212
218229,1,R,4925,R,1211,R,1798,R,1916
218229,2,R,3971,R,476,R,1728,R,1767
218229,3,R,3592,R,359,R,1688,R,1545
218229,11,R,379,R,117,R,40,R,222
218229,12,R,954,R,735,R,70,R,149
218238,1,R,2150,R,997,R,1061,R,92
218238,2,R,1814,R,661,R,1061,R,92
218238,3,R,1756,R,658,R,1012,R,86
218238,11,R,58,R,3,R,49,R,6
218238,12,R,336,R,336,R,0,R,0
218335,1,R,3644,R,689,R,305,R,2650
218335,2,R,350,R,45,R,305,R,0
218335,3,R,350,R,45,R,305,R,0
218335,12,R,3294,R,644,R,0,R,2650
218353,1,R,12472,R,4267,R,5760,R,2445
218353,2,R,12472,R,4267,R,5760,R,2445
218353,3,R,10031,R,3030,R,5186,R,1815
218353,11,R,2441,R,1237,R,574,R,630
218399,1,R,516,R,11,R,376,R,129
218399,2,R,516,R,11,R,376,R,129
218399,3,R,516,R,11,R,376,R,129
218414,1,R,1651,R,164,R,756,R,731
218414,2,R,1580,R,102,R,756,R,722
218414,3,R,1570,R,94,R,754,R,722
218414,11,R,10,R,8,R,2,R,0
218414,12,R,71,R,62,R,0,R,9
218441,1,R,2557,R,646,R,827,R,1084
218441,2,R,2176,R,405,R,776,R,995
218441,3,R,1896,R,354,R,748,R,794
218441,11,R,280,R,51,R,28,R,201
218441,12,R,381,R,241,R,51,R,89
218487,1,R,3097,R,1549,R,1345,R,203
218487,2,R,3097,R,1549,R,1345,R,203
218487,3,R,2131,R,974,R,1052,R,105
218487,11,R,966,R,575,R,293,R,98
218520,1,R,6714,R,2968,R,2627,R,1119
218520,2,R,6714,R,2968,R,2627,R,1119
218520,3,R,5198,R,2394,R,2117,R,687
218520,11,R,1516,R,574,R,510,R,432
218539,1,R,1263,R,0,R,225,R,1038
218539,2,R,1000,R,0,R,225,R,775
218539,3,R,912,R,0,R,204,R,708
218539,11,R,88,R,0,R,21,R,67
218539,12,R,263,A,,A,,R,263
218645,1,R,4746,R,1936,R,1926,R,884
218645,2,R,3573,R,801,R,1920,R,852
218645,3,R,3144,R,740,R,1871,R,533
218645,11,R,429,R,61,R,49,R,319
218645,12,R,1173,R,1135,R,6,R,32
218654,1,R,2556,R,555,R,1629,R,372
218654,2,R,2482,R,507,R,1620,R,355
218654,3,R,2189,R,407,R,1562,R,220
218654,11,R,293,R,100,R,58,R,135
218654,12,R,74,R,48,R,9,R,17
218663,1,R,39611,R,4201,R,26923,R,8487
218663,2,R,30016,R,1114,R,24588,R,4314
218663,3,R,29390,R,920,R,24413,R,4057
218663,11,R,626,R,194,R,175,R,257
218663,12,R,9595,R,3087,R,2335,R,4173
218672,1,R,3314,R,809,R,1234,R,1271
218672,2,R,3314,R,809,R,1234,R,1271
218672,3,R,767,R,142,R,575,R,50
218672,11,R,2547,R,667,R,659,R,1221
218681,1,R,1076,R,328,R,341,R,407
218681,2,R,1076,R,328,R,341,R,407
218681,3,R,347,R,89,R,227,R,31
218681,11,R,729,R,239,R,114,R,376
218690,1,R,2116,R,722,R,883,R,511
218690,2,R,2116,R,722,R,883,R,511
218690,3,R,760,R,233,R,453,R,74
218690,11,R,1356,R,489,R,430,R,437
218706,1,R,1903,R,487,R,868,R,548
218706,2,R,1903,R,487,R,868,R,548
218706,3,R,301,R,87,R,207,R,7
218706,11,R,1602,R,400,R,661,R,541
218724,1,R,11733,R,865,R,6498,R,4370
218724,2,R,10986,R,430,R,6346,R,4210
218724,3,R,10406,R,358,R,6328,R,3720
218724,11,R,580,R,72,R,18,R,490
218724,12,R,747,R,435,R,152,R,160
218733,1,R,3396,R,156,R,2372,R,868
218733,2,R,3059,R,52,R,2248,R,759
218733,3,R,2986,R,41,R,2246,R,699
218733,11,R,73,R,11,R,2,R,60
218733,12,R,337,R,104,R,124,R,109
218742,1,R,5855,R,1557,R,3546,R,752
218742,2,R,5165,R,945,R,3524,R,696
218742,3,R,4528,R,851,R,3431,R,246
218742,11,R,637,R,94,R,93,R,450
218742,12,R,690,R,612,R,22,R,56
218751,1,R,446,R,0,R,233,R,213
218751,12,R,446,R,0,R,233,R,213
218821,1,R,1117,R,217,R,602,R,298
218821,2,R,1117,R,217,R,602,R,298
218821,3,R,1116,R,217,R,602,R,297
218821,11,R,1,R,0,R,0,R,1
218830,1,R,8393,R,2189,R,3163,R,3041
218830,2,R,8393,R,2189,R,3163,R,3041
218830,3,R,6446,R,1846,R,2953,R,1647
218830,11,R,1947,R,343,R,210,R,1394
218858,1,R,4122,R,1721,R,1483,R,918
218858,2,R,4122,R,1721,R,1483,R,918
218858,3,R,3184,R,1370,R,1179,R,635
218858,11,R,938,R,351,R,304,R,283
218885,1,R,7416,R,1333,R,4074,R,2009
218885,2,R,7416,R,1333,R,4074,R,2009
218885,3,R,5753,R,680,R,3727,R,1346
218885,11,R,1663,R,653,R,347,R,663
218894,1,R,20307,R,6605,R,10772,R,2930
218894,2,R,20307,R,6605,R,10772,R,2930
218894,3,R,14881,R,4462,R,9136,R,1283
218894,11,R,5426,R,2143,R,1636,R,1647
218919,1,R,575,R,196,R,0,R,379
218919,2,R,482,R,103,R,0,R,379
218919,3,R,482,R,103,R,0,R,379
218919,12,R,93,R,93,R,0,R,0
218955,1,R,923,R,233,R,350,R,340
218955,2,R,923,R,233,R,350,R,340
218955,3,R,592,R,165,R,254,R,173
218955,11,R,331,R,68,R,96,R,167
218964,1,R,5393,R,831,R,3246,R,1316
218964,2,R,4286,R,162,R,2970,R,1154
218964,3,R,3662,R,130,R,2962,R,570
218964,11,R,624,R,32,R,8,R,584
218964,12,R,1107,R,669,R,276,R,162
218973,1,R,1909,A,,A,,R,1909
218973,2,R,1909,A,,A,,R,1909
218973,3,R,1908,A,,A,,R,1908
218973,11,R,1,A,,A,,R,1
218991,1,R,6553,R,2128,R,2864,R,1561
218991,2,R,6553,R,2128,R,2864,R,1561
218991,3,R,4894,R,1621,R,2527,R,746
218991,11,R,1659,R,507,R,337,R,815
219000,1,R,2547,R,142,R,770,R,1635
219000,2,R,2204,R,0,R,663,R,1541
219000,3,R,1872,R,0,R,635,R,1237
219000,11,R,332,R,0,R,28,R,304
219000,12,R,343,R,142,R,107,R,94
219037,1,R,104,A,,A,,R,104
219037,2,R,104,A,,A,,R,104
219037,3,R,104,A,,A,,R,104
219046,1,R,5715,R,2970,R,1552,R,1193
219046,2,R,4928,R,2685,R,1485,R,758
219046,3,R,2128,R,266,R,1342,R,520
219046,11,R,2800,R,2419,R,143,R,238
219046,12,R,787,R,285,R,67,R,435
219082,1,R,5644,R,3931,R,709,R,1004
219082,2,R,4186,R,2740,R,646,R,800
219082,3,R,2189,R,846,R,613,R,730
219082,11,R,1997,R,1894,R,33,R,70
219082,12,R,1458,R,1191,R,63,R,204
219091,1,R,982,R,82,R,532,R,368
219091,2,R,820,R,19,R,451,R,350
219091,3,R,685,R,19,R,412,R,254
219091,11,R,135,R,0,R,39,R,96
219091,12,R,162,R,63,R,81,R,18
219125,1,R,80,A,,A,,R,80
219125,2,R,80,A,,A,,R,80
219125,3,R,80,A,,A,,R,80
219143,1,R,2769,R,605,R,1325,R,839
219143,2,R,2769,R,605,R,1325,R,839
219143,3,R,2038,R,122,R,1200,R,716
219143,11,R,731,R,483,R,125,R,123
219189,1,R,1374,R,358,R,250,R,766
219189,2,R,1374,R,358,R,250,R,766
219189,3,R,1030,R,84,R,235,R,711
219189,11,R,344,R,274,R,15,R,55
219198,1,R,1741,R,120,R,626,R,995
219198,2,R,1421,R,35,R,395,R,991
219198,3,R,749,R,12,R,393,R,344
219198,11,R,672,R,23,R,2,R,647
219198,12,R,320,R,85,R,231,R,4
219204,1,R,1660,R,1660,A,,A,
219204,2,R,1413,R,1413,A,,A,
219204,3,R,1397,R,1397,A,,A,
219204,11,R,16,R,16,A,,A,
219204,12,R,247,R,247,A,,A,
219240,1,R,1638,R,1529,R,109,R,0
219240,2,R,82,R,82,Z,0,R,0
219240,3,R,82,R,82,Z,0,R,0
219240,12,R,1556,R,1447,R,109,R,0
219259,1,R,5717,R,2690,R,1785,R,1242
219259,2,R,4602,R,2243,R,1463,R,896
219259,3,R,1354,R,169,R,1000,R,185
219259,11,R,3248,R,2074,R,463,R,711
219259,12,R,1115,R,447,R,322,R,346
219277,1,R,1630,R,501,R,890,R,239
219277,2,R,1576,R,449,R,888,R,239
219277,3,R,1498,R,399,R,882,R,217
219277,11,R,78,R,50,R,6,R,22
219277,12,R,54,R,52,R,2,R,0
219347,1,R,2901,R,226,R,738,R,1937
219347,2,R,2483,R,131,R,674,R,1678
219347,3,R,2109,R,25,R,667,R,1417
219347,11,R,374,R,106,R,7,R,261
219347,12,R,418,R,95,R,64,R,259
219356,1,R,13773,R,3450,R,6410,R,3913
219356,2,R,12095,R,3021,R,5916,R,3158
219356,3,R,9547,R,773,R,5825,R,2949
219356,11,R,2548,R,2248,R,91,R,209
219356,12,R,1678,R,429,R,494,R,755
219374,1,R,1226,R,601,R,520,R,105
219374,2,R,1019,R,513,R,420,R,86
219374,3,R,1002,R,504,R,412,R,86
219374,11,R,17,R,9,R,8,R,0
219374,12,R,207,R,88,R,100,R,19
219383,1,R,1735,R,166,R,1046,R,523
219383,2,R,1394,R,55,R,877,R,462
219383,3,R,1349,R,45,R,858,R,446
219383,11,R,45,R,10,R,19,R,16
219383,12,R,341,R,111,R,169,R,61
219392,1,R,27,A,,A,,R,27
219392,2,R,27,A,,A,,R,27
219392,3,R,27,A,,A,,R,27
219408,1,R,332,R,0,R,125,R,207
219408,2,R,332,R,0,R,125,R,207
219408,3,R,278,R,0,R,118,R,160
219408,11,R,54,R,0,R,7,R,47
219426,1,R,3211,R,751,R,863,R,1597
219426,2,R,3211,R,751,R,863,R,1597
219426,3,R,2599,R,476,R,806,R,1317
219426,11,R,612,R,275,R,57,R,280
219453,1,R,216,A,,A,,R,216
219453,2,R,216,A,,A,,R,216
219453,3,R,216,A,,A,,R,216
219471,1,R,12921,R,5721,R,4639,R,2561
219471,2,R,9110,R,3732,R,3803,R,1575
219471,3,R,5615,R,528,R,3720,R,1367
219471,11,R,3495,R,3204,R,83,R,208
219471,12,R,3811,R,1989,R,836,R,986
219480,1,R,1461,R,411,R,547,R,503
219480,2,R,1461,R,411,R,547,R,503
219480,3,R,957,R,197,R,479,R,281
219480,11,R,504,R,214,R,68,R,222
219505,1,R,50,R,0,R,50,R,0
219505,2,R,50,R,0,R,50,R,0
219505,3,R,50,R,0,R,50,R,0
219587,1,R,95,A,,A,,R,95
219587,2,R,95,A,,A,,R,95
219587,3,R,95,A,,A,,R,95
219596,1,R,518,R,0,R,0,R,518
219596,2,R,518,R,0,R,0,R,518
219596,3,R,274,R,0,R,0,R,274
219596,11,R,244,R,0,R,0,R,244
219602,1,R,11853,R,3376,R,5273,R,3204
219602,2,R,10073,R,2191,R,4845,R,3037
219602,3,R,8470,R,1911,R,4563,R,1996
219602,11,R,1603,R,280,R,282,R,1041
219602,12,R,1780,R,1185,R,428,R,167
219639,1,R,1059,R,275,R,444,R,340
219639,2,R,1021,R,273,R,415,R,333
219639,3,R,848,R,152,R,415,R,281
219639,11,R,173,R,121,R,0,R,52
219639,12,R,38,R,2,R,29,R,7
219709,1,R,9421,R,156,R,5019,R,4246
219709,2,R,7665,R,90,R,4672,R,2903
219709,3,R,7583,R,87,R,4665,R,2831
219709,11,R,82,R,3,R,7,R,72
219709,12,R,1756,R,66,R,347,R,1343
219718,1,R,4547,R,1634,R,536,R,2377
219718,2,R,4177,R,1366,R,530,R,2281
219718,3,R,2923,R,709,R,417,R,1797
219718,11,R,1254,R,657,R,113,R,484
219718,12,R,370,R,268,R,6,R,96
219790,1,R,2545,R,1127,R,433,R,985
219790,2,R,2310,R,892,R,433,R,985
219790,3,R,1322,R,192,R,297,R,833
219790,11,R,988,R,700,R,136,R,152
219790,12,R,235,R,235,R,0,R,0
219806,1,R,3294,R,1277,R,867,R,1150
219806,2,R,1814,R,138,R,680,R,996
219806,3,R,1468,R,70,R,659,R,739
219806,11,R,346,R,68,R,21,R,257
219806,12,R,1480,R,1139,R,187,R,154
219824,1,R,9104,R,2683,R,3709,R,2712
219824,2,R,9104,R,2683,R,3709,R,2712
219824,3,R,6257,R,1669,R,3024,R,1564
219824,11,R,2847,R,1014,R,685,R,1148
219833,1,R,2366,R,106,R,1470,R,790
219833,2,R,1336,R,45,R,806,R,485
219833,3,R,1041,R,37,R,776,R,228
219833,11,R,295,R,8,R,30,R,257
219833,12,R,1030,R,61,R,664,R,305
219842,1,R,603,R,451,R,142,R,10
219842,2,R,148,R,118,R,30,R,0
219842,11,R,148,R,118,R,30,R,0
219842,12,R,455,R,333,R,112,R,10
219851,1,R,136,A,,A,,R,136
219851,2,R,136,A,,A,,R,136
219851,3,R,136,A,,A,,R,136
219879,1,R,3984,R,733,R,1653,R,1598
219879,2,R,3984,R,733,R,1653,R,1598
219879,3,R,2382,R,500,R,1383,R,499
219879,11,R,1602,R,233,R,270,R,1099
219888,1,R,7056,R,2053,R,2930,R,2073
219888,2,R,7056,R,2053,R,2930,R,2073
219888,3,R,4714,R,924,R,2606,R,1184
219888,11,R,2342,R,1129,R,324,R,889
219903,1,R,1677,Z,0,R,1677,R,0
219903,2,R,1677,Z,0,R,1677,R,0
219903,3,R,1677,Z,0,R,1677,R,0
219949,1,R,3649,R,345,R,1039,R,2265
219949,2,R,2953,R,129,R,853,R,1971
219949,3,R,2239,R,48,R,796,R,1395
219949,11,R,714,R,81,R,57,R,576
219949,12,R,696,R,216,R,186,R,294
219976,1,R,5646,R,823,R,3210,R,1613
219976,2,R,3487,R,214,R,2259,R,1014
219976,3,R,3176,R,181,R,2229,R,766
219976,11,R,311,R,33,R,30,R,248
219976,12,R,2159,R,609,R,951,R,599
219994,1,R,1594,A,,A,,R,1594
219994,2,R,1594,A,,A,,R,1594
219994,3,R,957,A,,A,,R,957
219994,11,R,637,A,,A,,R,637
220057,1,R,4204,R,1499,R,1304,R,1401
220057,2,R,4204,R,1499,R,1304,R,1401
220057,3,R,2512,R,912,R,959,R,641
220057,11,R,1692,R,587,R,345,R,760
220075,1,R,15276,R,3859,R,6872,R,4545
220075,2,R,11872,R,2279,R,6381,R,3212
220075,3,R,10694,R,1606,R,6266,R,2822
220075,11,R,1178,R,673,R,115,R,390
220075,12,R,3404,R,1580,R,491,R,1333
220118,1,R,534,R,0,R,305,R,229
220118,2,R,534,R,0,R,305,R,229
220118,3,R,534,R,0,R,305,R,229
220127,1,R,1935,R,58,Z,0,R,1877
220127,2,R,1935,R,58,Z,0,R,1877
220127,3,R,826,R,52,Z,0,R,774
220127,11,R,1109,R,6,Z,0,R,1103
220163,1,R,118,A,,A,,R,118
220163,2,R,118,A,,A,,R,118
220163,3,R,118,A,,A,,R,118
220181,1,R,1039,R,0,R,10,R,1029
220181,2,R,983,R,0,R,10,R,973
220181,3,R,983,R,0,R,10,R,973
220181,12,R,56,A,,A,,R,56
220206,1,R,443,R,92,R,113,R,238
220206,2,R,403,R,69,R,99,R,235
220206,3,R,273,R,63,R,99,R,111
220206,11,R,130,R,6,R,0,R,124
220206,12,R,40,R,23,R,14,R,3
220215,1,R,2560,R,1182,R,434,R,944
220215,2,R,1990,R,709,R,339,R,942
220215,3,R,1295,R,44,R,317,R,934
220215,11,R,695,R,665,R,22,R,8
220215,12,R,570,R,473,R,95,R,2
220251,1,R,927,A,,A,,R,927
220251,2,R,927,A,,A,,R,927
220251,3,R,358,A,,A,,R,358
220251,11,R,569,A,,A,,R,569
220279,1,R,1004,A,,A,,R,1004
220279,2,R,1004,A,,A,,R,1004
220279,3,R,330,A,,A,,R,330
220279,11,R,674,A,,A,,R,674
220321,1,R,2045,A,,A,,R,2045
220321,2,R,2045,A,,A,,R,2045
220321,3,R,538,A,,A,,R,538
220321,11,R,1507,A,,A,,R,1507
220394,1,R,609,A,,A,,R,609
220394,2,R,609,A,,A,,R,609
220394,3,R,320,A,,A,,R,320
220394,11,R,289,A,,A,,R,289
220400,1,R,4342,R,1978,R,1528,R,836
220400,2,R,4342,R,1978,R,1528,R,836
220400,3,R,2927,R,1222,R,1183,R,522
220400,11,R,1415,R,756,R,345,R,314
220464,1,R,199,R,166,R,0,R,33
220464,2,R,199,R,166,R,0,R,33
220464,3,R,199,R,166,R,0,R,33
220473,1,R,1143,R,326,R,302,R,515
220473,2,R,831,R,136,R,297,R,398
220473,3,R,787,R,136,R,297,R,354
220473,11,R,44,R,0,Z,0,R,44
220473,12,R,312,R,190,R,5,R,117
220491,1,R,362,A,,A,,R,362
220491,2,R,362,A,,A,,R,362
220491,3,R,362,A,,A,,R,362
220516,1,R,1632,R,741,R,623,R,268
220516,2,R,1317,R,592,R,506,R,219
220516,3,R,1191,R,557,R,483,R,151
220516,11,R,126,R,35,R,23,R,68
220516,12,R,315,R,149,R,117,R,49
220552,1,R,17912,R,11155,R,4938,R,1819
220552,2,R,14549,R,9476,R,4230,R,843
220552,3,R,14258,R,9196,R,4225,R,837
220552,11,R,291,R,280,R,5,R,6
220552,12,R,3363,R,1679,R,708,R,976
220598,1,R,997,R,43,R,683,R,271
220598,2,R,997,R,43,R,683,R,271
220598,3,R,989,R,42,R,676,R,271
220598,11,R,8,R,1,R,7,R,0
220604,1,R,746,R,0,R,58,R,688
220604,2,R,746,R,0,R,58,R,688
220604,3,R,639,R,0,R,58,R,581
220604,11,R,107,R,0,R,0,R,107
220613,1,R,4264,R,681,R,666,R,2917
220613,2,R,3762,R,612,R,607,R,2543
220613,3,R,2996,R,600,R,588,R,1808
220613,11,R,766,R,12,R,19,R,735
220613,12,R,502,R,69,R,59,R,374
220631,1,R,6256,R,646,R,1851,R,3759
220631,2,R,1648,R,85,R,1333,R,230
220631,3,R,1528,R,81,R,1243,R,204
220631,11,R,120,R,4,R,90,R,26
220631,12,R,4608,R,561,R,518,R,3529
220640,1,R,1454,A,,A,,R,1454
220640,2,R,1454,A,,A,,R,1454
220640,3,R,552,A,,A,,R,552
220640,11,R,902,A,,A,,R,902
220701,1,R,1090,R,66,R,735,R,289
220701,2,R,1039,R,56,R,711,R,272
220701,3,R,899,R,48,R,703,R,148
220701,11,R,140,R,8,R,8,R,124
220701,12,R,51,R,10,R,24,R,17
220710,1,R,1229,R,2,R,504,R,723
220710,2,R,1222,R,2,R,498,R,722
220710,3,R,1065,R,1,R,497,R,567
220710,11,R,157,R,1,R,1,R,155
220710,12,R,7,R,0,R,6,R,1
220756,1,R,226,A,,A,,R,226
220756,2,R,226,A,,A,,R,226
220756,3,R,155,A,,A,,R,155
220756,11,R,71,A,,A,,R,71
220765,1,R,544,A,,A,,R,544
220765,2,R,544,A,,A,,R,544
220765,3,R,544,A,,A,,R,544
220792,1,R,1113,A,,A,,R,1113
220792,12,R,1113,A,,A,,R,1113
220853,1,R,2380,A,,A,,R,2380
220853,2,R,2380,A,,A,,R,2380
220853,3,R,1730,A,,A,,R,1730
220853,11,R,650,A,,A,,R,650
220862,1,R,25221,R,6427,R,11454,R,7340
220862,2,R,19263,R,4333,R,9545,R,5385
220862,3,R,15400,R,3757,R,8733,R,2910
220862,11,R,3863,R,576,R,812,R,2475
220862,12,R,5958,R,2094,R,1909,R,1955
220871,1,R,214,R,0,R,67,R,147
220871,12,R,214,R,0,R,67,R,147
220978,1,R,23561,R,1585,R,12622,R,9354
220978,2,R,20377,R,1143,R,11000,R,8234
220978,3,R,18002,R,939,R,10657,R,6406
220978,11,R,2375,R,204,R,343,R,1828
220978,12,R,3184,R,442,R,1622,R,1120
220996,1,R,546,R,275,R,271,R,0
220996,12,R,546,R,275,R,271,R,0
221050,1,R,1185,A,,A,,R,1185
221050,2,R,1185,A,,A,,R,1185
221050,3,R,961,A,,A,,R,961
221050,11,R,224,A,,A,,R,224
221096,1,R,7636,R,3072,R,2708,R,1856
221096,2,R,7636,R,3072,R,2708,R,1856
221096,3,R,5019,R,1874,R,2265,R,880
221096,11,R,2617,R,1198,R,443,R,976
221102,1,R,1047,A,,A,,R,1047
221102,2,R,1047,A,,A,,R,1047
221102,3,R,967,A,,A,,R,967
221102,11,R,80,A,,A,,R,80
221148,1,R,1781,A,,A,,R,1781
221148,2,R,1781,A,,A,,R,1781
221148,3,R,1781,A,,A,,R,1781
221184,1,R,9469,R,2668,R,3635,R,3166
221184,2,R,9469,R,2668,R,3635,R,3166
221184,3,R,6594,R,1439,R,3100,R,2055
221184,11,R,2875,R,1229,R,535,R,1111
221236,1,R,2826,A,,A,,R,2826
221236,2,R,2826,A,,A,,R,2826
221236,3,R,1002,A,,A,,R,1002
221236,11,R,1824,A,,A,,R,1824
221281,1,R,399,A,,A,,R,399
221281,2,R,399,A,,A,,R,399
221281,3,R,293,A,,A,,R,293
221281,11,R,106,A,,A,,R,106
221333,1,R,1074,A,,A,,R,1074
221333,2,R,1074,A,,A,,R,1074
221333,3,R,374,A,,A,,R,374
221333,11,R,700,A,,A,,R,700
221351,1,R,2072,A,,A,,R,2072
221351,2,R,2044,A,,A,,R,2044
221351,3,R,2037,A,,A,,R,2037
221351,11,R,7,A,,A,,R,7
221351,12,R,28,A,,A,,R,28
221397,1,R,6351,R,1568,R,2633,R,2150
221397,2,R,6351,R,1568,R,2633,R,2150
221397,3,R,3960,R,1060,R,2120,R,780
221397,11,R,2391,R,508,R,513,R,1370
221430,1,R,2063,R,78,Z,0,R,1985
221430,2,R,2063,R,78,Z,0,R,1985
221430,3,R,497,R,77,Z,0,R,420
221430,11,R,1566,R,1,Z,0,R,1565
221485,1,R,9607,R,3466,R,3638,R,2503
221485,2,R,9607,R,3466,R,3638,R,2503
221485,3,R,6918,R,2287,R,3418,R,1213
221485,11,R,2689,R,1179,R,220,R,1290
221494,1,R,745,A,,A,,R,745
221494,2,R,745,A,,A,,R,745
221494,3,R,575,A,,A,,R,575
221494,11,R,170,A,,A,,R,170
221519,1,R,1905,A,,A,,R,1905
221519,2,R,1755,A,,A,,R,1755
221519,3,R,1725,A,,A,,R,1725
221519,11,R,30,A,,A,,R,30
221519,12,R,150,A,,A,,R,150
221582,1,R,659,A,,A,,R,659
221582,2,R,659,A,,A,,R,659
221582,3,R,287,A,,A,,R,287
221582,11,R,372,A,,A,,R,372
221591,1,R,1024,A,,A,,R,1024
221591,2,R,1024,A,,A,,R,1024
221591,3,R,544,A,,A,,R,544
221591,11,R,480,A,,A,,R,480
221607,1,R,976,A,,A,,R,976
221607,2,R,976,A,,A,,R,976
221607,3,R,491,A,,A,,R,491
221607,11,R,485,A,,A,,R,485
221616,1,R,3527,A,,A,,R,3527
221616,2,R,3527,A,,A,,R,3527
221616,3,R,827,A,,A,,R,827
221616,11,R,2700,A,,A,,R,2700
221625,1,R,2129,A,,A,,R,2129
221625,2,R,2129,A,,A,,R,2129
221625,3,R,1278,A,,A,,R,1278
221625,11,R,851,A,,A,,R,851
221643,1,R,11846,R,3688,R,4609,R,3549
221643,2,R,11846,R,3688,R,4609,R,3549
221643,3,R,7678,R,1538,R,3917,R,2223
221643,11,R,4168,R,2150,R,692,R,1326
221661,1,R,4540,R,339,R,1792,R,2409
221661,2,R,4086,R,135,R,1582,R,2369
221661,3,R,3889,R,92,R,1563,R,2234
221661,11,R,197,R,43,R,19,R,135
221661,12,R,454,R,204,R,210,R,40
221670,1,R,548,A,,A,,R,548
221670,12,R,548,A,,A,,R,548
221731,1,R,1242,R,174,R,998,R,70
221731,2,R,956,R,111,R,775,R,70
221731,3,R,901,R,102,R,767,R,32
221731,11,R,55,R,9,R,8,R,38
221731,12,R,286,R,63,R,223,R,0
221740,1,R,12635,R,1280,R,7845,R,3510
221740,2,R,10827,R,706,R,7267,R,2854
221740,3,R,10527,R,657,R,7218,R,2652
221740,11,R,300,R,49,R,49,R,202
221740,12,R,1808,R,574,R,578,R,656
221759,1,R,39187,R,3110,R,23067,R,13010
221759,2,R,30577,R,497,R,21750,R,8330
221759,3,R,30327,R,468,R,21726,R,8133
221759,11,R,250,R,29,R,24,R,197
221759,12,R,8610,R,2613,R,1317,R,4680
221768,1,R,8225,R,2627,R,2226,R,3372
221768,2,R,7271,R,1759,R,2157,R,3355
221768,3,R,5024,R,570,R,1898,R,2556
221768,11,R,2247,R,1189,R,259,R,799
221768,12,R,954,R,868,R,69,R,17
221829,1,R,490,A,,A,,R,490
221829,2,R,490,A,,A,,R,490
221829,3,R,490,A,,A,,R,490
221838,1,R,9000,R,818,R,4029,R,4153
221838,2,R,7250,R,361,R,3684,R,3205
221838,3,R,6964,R,300,R,3661,R,3003
221838,11,R,286,R,61,R,23,R,202
221838,12,R,1750,R,457,R,345,R,948
221847,1,R,11009,R,1198,R,3416,R,6395
221847,2,R,9501,R,352,R,3222,R,5927
221847,3,R,8937,R,274,R,3212,R,5451
221847,11,R,564,R,78,R,10,R,476
221847,12,R,1508,R,846,R,194,R,468
221892,1,R,4065,R,1393,R,1048,R,1624
221892,2,R,2087,R,447,R,946,R,694
221892,3,R,1932,R,427,R,907,R,598
221892,11,R,155,R,20,R,39,R,96
221892,12,R,1978,R,946,R,102,R,930
221908,1,R,7069,R,1255,R,3366,R,2448
221908,2,R,7069,R,1255,R,3366,R,2448
221908,3,R,5307,R,932,R,3008,R,1367
221908,11,R,1762,R,323,R,358,R,1081
221953,1,R,1298,R,132,R,255,R,911
221953,2,R,1094,R,12,R,171,R,911
221953,3,R,935,R,12,R,171,R,752
221953,11,R,159,Z,0,R,0,R,159
221953,12,R,204,R,120,R,84,R,0
221971,1,R,3112,R,894,R,1044,R,1174
221971,2,R,2139,R,328,R,758,R,1053
221971,3,R,1778,R,201,R,703,R,874
221971,11,R,361,R,127,R,55,R,179
221971,12,R,973,R,566,R,286,R,121
221999,1,R,14360,R,783,R,1768,R,11809
221999,2,R,7285,R,17,R,658,R,6610
221999,3,R,7261,R,17,R,656,R,6588
221999,11,R,24,R,0,R,2,R,22
221999,12,R,7075,R,766,R,1110,R,5199
222053,1,R,8575,R,3178,R,3148,R,2249
222053,2,R,8575,R,3178,R,3148,R,2249
222053,3,R,6486,R,2013,R,2932,R,1541
222053,11,R,2089,R,1165,R,216,R,708
222062,1,R,7022,R,1488,R,3418,R,2116
222062,2,R,7022,R,1488,R,3418,R,2116
222062,3,R,4451,R,998,R,2702,R,751
222062,11,R,2571,R,490,R,716,R,1365
222105,1,R,681,A,,A,,R,681
222105,2,R,681,A,,A,,R,681
222105,3,R,527,A,,A,,R,527
222105,11,R,154,A,,A,,R,154
222178,1,R,5872,R,2105,R,2318,R,1449
222178,2,R,3465,R,130,R,2002,R,1333
222178,3,R,3230,R,29,R,1998,R,1203
222178,11,R,235,R,101,R,4,R,130
222178,12,R,2407,R,1975,R,316,R,116
222567,1,R,7563,R,1312,R,2537,R,3714
222567,2,R,7563,R,1312,R,2537,R,3714
222567,3,R,4789,R,1227,R,1998,R,1564
222567,11,R,2774,R,85,R,539,R,2150
222576,1,R,11886,R,2802,R,5127,R,3957
222576,2,R,11886,R,2802,R,5127,R,3957
222576,3,R,9577,R,1671,R,4579,R,3327
222576,11,R,2309,R,1131,R,548,R,630
222628,1,R,1461,R,999,R,403,R,59
222628,2,R,217,R,201,R,15,R,1
222628,3,R,193,R,177,R,15,R,1
222628,11,R,24,R,24,R,0,R,0
222628,12,R,1244,R,798,R,388,R,58
222822,1,R,5319,R,2502,R,1955,R,862
222822,2,R,5319,R,2502,R,1955,R,862
222822,3,R,3227,R,1691,R,1270,R,266
222822,11,R,2092,R,811,R,685,R,596
222831,1,R,12798,R,2931,R,4440,R,5427
222831,2,R,10472,R,1037,R,4148,R,5287
222831,3,R,6004,R,1003,R,4114,R,887
222831,11,R,4468,R,34,R,34,R,4400
222831,12,R,2326,R,1894,R,292,R,140
222877,1,R,301,R,42,R,200,R,59
222877,2,R,282,R,30,R,200,R,52
222877,3,R,282,R,30,R,200,R,52
222877,12,R,19,R,12,R,0,R,7
222886,1,R,639,R,367,R,233,R,39
222886,2,R,639,R,367,R,233,R,39
222886,3,R,639,R,367,R,233,R,39
222983,1,R,1188,R,1,R,77,R,1110
222983,2,R,1145,R,1,R,77,R,1067
222983,3,R,1141,R,1,R,77,R,1063
222983,11,R,4,R,0,R,0,R,4
222983,12,R,43,A,,A,,R,43
222992,1,R,58468,R,24224,R,19515,R,14729
222992,2,R,58468,R,24224,R,19515,R,14729
222992,3,R,42096,R,18431,R,15580,R,8085
222992,11,R,16372,R,5793,R,3935,R,6644
223001,1,R,172,A,,A,,R,172
223001,12,R,172,A,,A,,R,172
223056,1,R,74,A,,A,,R,74
223056,2,R,74,A,,A,,R,74
223056,3,R,74,A,,A,,R,74
223083,1,R,841,R,17,R,824,R,0
223083,2,R,841,R,17,R,824,R,0
223083,3,R,841,R,17,R,824,R,0
223117,1,R,122,R,111,R,10,R,1
223117,2,R,67,R,61,R,5,R,1
223117,3,R,58,R,53,R,4,R,1
223117,11,R,9,R,8,R,1,R,0
223117,12,R,55,R,50,R,5,R,0
223223,1,R,1765,R,0,R,618,R,1147
223223,12,R,1765,R,0,R,618,R,1147
223232,1,R,23100,R,4650,R,5604,R,12846
223232,2,R,16036,R,782,R,5333,R,9921
223232,3,R,15710,R,516,R,5331,R,9863
223232,11,R,326,R,266,R,2,R,58
223232,12,R,7064,R,3868,R,271,R,2925
223320,1,R,5236,R,2693,R,1807,R,736
223320,2,R,5236,R,2693,R,1807,R,736
223320,3,R,2558,R,1266,R,1120,R,172
223320,11,R,2678,R,1427,R,687,R,564
223427,1,R,25269,R,8275,R,10722,R,6272
223427,2,R,25269,R,8275,R,10722,R,6272
223427,3,R,22511,R,7361,R,9214,R,5936
223427,11,R,2758,R,914,R,1508,R,336
223463,1,R,372,Z,0,R,372,R,0
223463,2,R,372,Z,0,R,372,R,0
223463,3,R,372,Z,0,R,372,R,0
223472,1,R,347,A,,A,,R,347
223472,2,R,347,A,,A,,R,347
223472,3,R,347,A,,A,,R,347
223506,1,R,5707,R,2183,R,1449,R,2075
223506,2,R,5707,R,2183,R,1449,R,2075
223506,3,R,4029,R,1530,R,1152,R,1347
223506,11,R,1678,R,653,R,297,R,728
223816,1,R,13762,R,8067,R,3074,R,2621
223816,2,R,13762,R,8067,R,3074,R,2621
223816,3,R,10711,R,6532,R,2293,R,1886
223816,11,R,3051,R,1535,R,781,R,735
223852,1,R,103,A,,A,,R,103
223852,2,R,103,A,,A,,R,103
223852,3,R,103,A,,A,,R,103
223898,1,R,3969,R,1580,R,1723,R,666
223898,2,R,3969,R,1580,R,1723,R,666
223898,3,R,2386,R,887,R,1209,R,290
223898,11,R,1583,R,693,R,514,R,376
223922,1,R,2504,R,1360,R,456,R,688
223922,2,R,2504,R,1360,R,456,R,688
223922,3,R,1333,R,614,R,454,R,265
223922,11,R,1171,R,746,R,2,R,423
224004,1,R,1995,R,568,R,469,R,958
224004,2,R,1696,R,369,R,425,R,902
224004,3,R,1690,R,368,R,421,R,901
224004,11,R,6,R,1,R,4,R,1
224004,12,R,299,R,199,R,44,R,56
224013,1,R,71,A,,A,,R,71
224013,2,R,71,A,,A,,R,71
224013,3,R,71,A,,A,,R,71
224110,1,R,11587,R,4692,R,4882,R,2013
224110,2,R,11587,R,4692,R,4882,R,2013
224110,3,R,8901,R,3768,R,4036,R,1097
224110,11,R,2686,R,924,R,846,R,916
224147,1,R,13368,R,1941,R,7201,R,4226
224147,2,R,8844,R,434,R,4994,R,3416
224147,3,R,8824,R,434,R,4990,R,3400
224147,11,R,20,R,0,R,4,R,16
224147,12,R,4524,R,1507,R,2207,R,810
224156,1,R,475,A,,A,,R,475
224156,2,R,475,A,,A,,R,475
224156,3,R,475,A,,A,,R,475
224226,1,R,4831,R,1062,R,2485,R,1284
224226,2,R,3213,R,713,R,1930,R,570
224226,3,R,2738,R,381,R,1904,R,453
224226,11,R,475,R,332,R,26,R,117
224226,12,R,1618,R,349,R,555,R,714
224244,1,R,308,R,76,R,98,R,134
224244,2,R,297,R,65,R,98,R,134
224244,3,R,288,R,60,R,94,R,134
224244,11,R,9,R,5,R,4,R,0
224244,12,R,11,R,11,R,0,R,0
224271,1,R,761,R,607,R,0,R,154
224271,2,R,761,R,607,R,0,R,154
224271,3,R,761,R,607,R,0,R,154
224305,1,R,3035,R,1104,R,1473,R,458
224305,12,R,3035,R,1104,R,1473,R,458
224323,1,R,2506,R,524,R,765,R,1217
224323,2,R,1541,R,12,R,518,R,1011
224323,3,R,1451,R,6,R,435,R,1010
224323,11,R,90,R,6,R,83,R,1
224323,12,R,965,R,512,R,247,R,206
224350,1,R,13517,R,1847,R,6407,R,5263
224350,2,R,13517,R,1847,R,6407,R,5263
224350,3,R,9108,R,1639,R,5022,R,2447
224350,11,R,4409,R,208,R,1385,R,2816
224527,1,R,1970,R,285,R,570,R,1115
224527,2,R,1754,R,124,R,521,R,1109
224527,3,R,1442,R,122,R,521,R,799
224527,11,R,312,R,2,R,0,R,310
224527,12,R,216,R,161,R,49,R,6
224545,1,R,2613,R,772,R,1541,R,300
224545,2,R,2119,R,525,R,1372,R,222
224545,3,R,2090,R,512,R,1366,R,212
224545,11,R,29,R,13,R,6,R,10
224545,12,R,494,R,247,R,169,R,78
224554,1,R,14935,R,6351,R,5349,R,3235
224554,2,R,10160,R,3737,R,3748,R,2675
224554,3,R,8677,R,3681,R,3642,R,1354
224554,11,R,1483,R,56,R,106,R,1321
224554,12,R,4775,R,2614,R,1601,R,560
224615,1,R,104064,R,49377,R,34089,R,20598
224615,2,R,104064,R,49377,R,34089,R,20598
224615,3,R,63652,R,30184,R,22422,R,11046
224615,11,R,40412,R,19193,R,11667,R,9552
224642,1,R,43162,R,6939,R,18567,R,17656
224642,2,R,43162,R,6939,R,18567,R,17656
224642,3,R,31909,R,5913,R,13995,R,12001
224642,11,R,11253,R,1026,R,4572,R,5655
224660,1,R,834,R,243,R,0,R,591
224660,2,R,818,R,227,R,0,R,591
224660,3,R,818,R,227,R,0,R,591
224660,12,R,16,R,16,R,0,R,0
224679,1,R,2081,A,,A,,R,2081
224679,2,R,2081,A,,A,,R,2081
224679,3,R,2081,A,,A,,R,2081
224712,1,R,116,A,,A,,R,116
224712,12,R,116,A,,A,,R,116
224758,1,R,42,A,,A,,R,42
224758,2,R,42,A,,A,,R,42
224758,3,R,42,A,,A,,R,42
224891,1,R,2139,R,550,R,565,R,1024
224891,2,R,2139,R,550,R,565,R,1024
224891,3,R,1013,R,77,R,283,R,653
224891,11,R,1126,R,473,R,282,R,371
224961,1,R,2732,R,712,R,1468,R,552
224961,2,R,2732,R,712,R,1468,R,552
224961,3,R,2056,R,648,R,1140,R,268
224961,11,R,676,R,64,R,328,R,284
225043,1,R,21,A,,A,,R,21
225043,2,R,21,A,,A,,R,21
225043,3,R,21,A,,A,,R,21
225070,1,R,6120,R,80,R,3900,R,2140
225070,2,R,6120,R,80,R,3900,R,2140
225070,3,R,4933,R,57,R,3000,R,1876
225070,11,R,1187,R,23,R,900,R,264
225201,1,R,1123,R,186,R,388,R,549
225201,2,R,1003,R,66,R,388,R,549
225201,3,R,996,R,65,R,387,R,544
225201,11,R,7,R,1,R,1,R,5
225201,12,R,120,R,120,R,0,R,0
225247,1,R,1754,R,181,R,1205,R,368
225247,2,R,1350,R,51,R,1113,R,186
225247,3,R,1341,R,48,R,1113,R,180
225247,11,R,9,R,3,Z,0,R,6
225247,12,R,404,R,130,R,92,R,182
225308,1,R,7722,R,2675,R,2694,R,2353
225308,2,R,7722,R,2675,R,2694,R,2353
225308,3,R,4046,R,1615,R,1723,R,708
225308,11,R,3676,R,1060,R,971,R,1645
225371,1,R,5358,R,2072,R,1369,R,1917
225371,2,R,5358,R,2072,R,1369,R,1917
225371,3,R,3426,R,1619,R,1128,R,679
225371,11,R,1932,R,453,R,241,R,1238
225399,1,R,5421,R,1770,R,2016,R,1635
225399,2,R,3537,R,730,R,1438,R,1369
225399,3,R,3297,R,726,R,1436,R,1135
225399,11,R,240,R,4,R,2,R,234
225399,12,R,1884,R,1040,R,578,R,266
225414,1,R,9882,R,1966,R,3217,R,4699
225414,2,R,7335,R,1297,R,2834,R,3204
225414,3,R,7264,R,1271,R,2832,R,3161
225414,11,R,71,R,26,R,2,R,43
225414,12,R,2547,R,669,R,383,R,1495
225423,1,R,71898,R,25365,R,26209,R,20324
225423,2,R,71898,R,25365,R,26209,R,20324
225423,3,R,58023,R,23957,R,23051,R,11015
225423,11,R,13875,R,1408,R,3158,R,9309
225432,1,R,17196,R,5969,R,8790,R,2437
225432,2,R,15587,R,5047,R,8212,R,2328
225432,3,R,15362,R,4951,R,8192,R,2219
225432,11,R,225,R,96,R,20,R,109
225432,12,R,1609,R,922,R,578,R,109
225502,1,R,4784,R,205,R,4476,R,103
225502,2,R,3322,R,196,R,3023,R,103
225502,3,R,3199,R,192,R,2911,R,96
225502,11,R,123,R,4,R,112,R,7
225502,12,R,1462,R,9,R,1453,R,0
225511,1,R,51967,R,5448,R,35373,R,11146
225511,2,R,42074,R,4076,R,31709,R,6289
225511,3,R,40881,R,3797,R,31363,R,5721
225511,11,R,1193,R,279,R,346,R,568
225511,12,R,9893,R,1372,R,3664,R,4857
225520,1,R,4997,R,1510,R,928,R,2559
225520,2,R,4997,R,1510,R,928,R,2559
225520,3,R,2072,R,713,R,759,R,600
225520,11,R,2925,R,797,R,169,R,1959
225548,1,R,961,R,132,R,545,R,284
225548,2,R,888,R,91,R,539,R,258
225548,3,R,795,R,44,R,533,R,218
225548,11,R,93,R,47,R,6,R,40
225548,12,R,73,R,41,R,6,R,26
225575,1,R,1363,R,18,R,286,R,1059
225575,2,R,1303,R,18,R,285,R,1000
225575,3,R,1290,R,18,R,285,R,987
225575,11,R,13,R,0,Z,0,R,13
225575,12,R,60,Z,0,R,1,R,59
225627,1,R,8798,R,2319,R,3550,R,2929
225627,2,R,5732,R,1310,R,2831,R,1591
225627,3,R,5150,R,918,R,2796,R,1436
225627,11,R,582,R,392,R,35,R,155
225627,12,R,3066,R,1009,R,719,R,1338
225876,1,R,1175,R,78,R,414,R,683
225876,2,R,1175,R,78,R,414,R,683
225876,3,R,423,R,29,R,163,R,231
225876,11,R,752,R,49,R,251,R,452
225885,1,R,924,R,168,R,748,R,8
225885,2,R,827,R,71,R,748,R,8
225885,3,R,827,R,71,R,748,R,8
225885,12,R,97,R,97,R,0,R,0
225991,1,R,108,A,,A,,R,108
225991,2,R,108,A,,A,,R,108
225991,3,R,108,A,,A,,R,108
226019,1,R,7998,R,2221,R,2835,R,2942
226019,2,R,7998,R,2221,R,2835,R,2942
226019,3,R,4256,R,1228,R,2298,R,730
226019,11,R,3742,R,993,R,537,R,2212
226091,1,R,24003,R,15438,R,5108,R,3457
226091,2,R,9728,R,3842,R,3899,R,1987
226091,3,R,9584,R,3724,R,3892,R,1968
226091,11,R,144,R,118,R,7,R,19
226091,12,R,14275,R,11596,R,1209,R,1470
226107,1,R,3975,R,920,R,1751,R,1304
226107,2,R,3975,R,920,R,1751,R,1304
226107,3,R,2069,R,612,R,1195,R,262
226107,11,R,1906,R,308,R,556,R,1042
226116,1,R,4664,R,898,R,1044,R,2722
226116,2,R,4664,R,898,R,1044,R,2722
226116,3,R,2079,R,581,R,705,R,793
226116,11,R,2585,R,317,R,339,R,1929
226134,1,R,13252,R,3325,R,4857,R,5070
226134,2,R,13252,R,3325,R,4857,R,5070
226134,3,R,6399,R,2398,R,3069,R,932
226134,11,R,6853,R,927,R,1788,R,4138
226152,1,R,10140,R,2515,R,5313,R,2312
226152,2,R,7857,R,568,R,5153,R,2136
226152,3,R,7185,R,547,R,5030,R,1608
226152,11,R,672,R,21,R,123,R,528
226152,12,R,2283,R,1947,R,160,R,176
226204,1,R,10831,R,1471,R,3896,R,5464
226204,2,R,10831,R,1471,R,3896,R,5464
226204,3,R,7124,R,1173,R,2644,R,3307
226204,11,R,3707,R,298,R,1252,R,2157
226231,1,R,4180,R,1756,R,1188,R,1236
226231,2,R,3976,R,1564,R,1176,R,1236
226231,3,R,1683,R,369,R,808,R,506
226231,11,R,2293,R,1195,R,368,R,730
226231,12,R,204,R,192,R,12,R,0
226277,1,R,2138,A,,A,,R,2138
226277,2,R,2138,A,,A,,R,2138
226277,3,R,2138,A,,A,,R,2138
226383,1,R,1772,R,215,R,1004,R,553
226383,2,R,1436,R,139,R,815,R,482
226383,3,R,1320,R,134,R,780,R,406
226383,11,R,116,R,5,R,35,R,76
226383,12,R,336,R,76,R,189,R,71
226408,1,R,6409,R,1213,R,2656,R,2540
226408,2,R,6409,R,1213,R,2656,R,2540
226408,3,R,4679,R,991,R,2092,R,1596
226408,11,R,1730,R,222,R,564,R,944
226471,1,R,3804,R,204,R,1874,R,1726
226471,2,R,3181,R,146,R,1736,R,1299
226471,3,R,3118,R,142,R,1735,R,1241
226471,11,R,63,R,4,R,1,R,58
226471,12,R,623,R,58,R,138,R,427
226578,1,R,11551,R,5263,R,3506,R,2782
226578,2,R,11551,R,5263,R,3506,R,2782
226578,3,R,7742,R,2576,R,2799,R,2367
226578,11,R,3809,R,2687,R,707,R,415
226587,1,R,3183,R,2099,R,545,R,539
226587,2,R,3174,R,2095,R,545,R,534
226587,3,R,1210,R,146,R,541,R,523
226587,11,R,1964,R,1949,R,4,R,11
226587,12,R,9,R,4,R,0,R,5
226675,1,R,492,A,,A,,R,492
226675,2,R,492,A,,A,,R,492
226675,3,R,492,A,,A,,R,492
226806,1,R,7641,R,1258,R,4425,R,1958
226806,2,R,7641,R,1258,R,4425,R,1958
226806,3,R,4214,R,356,R,3368,R,490
226806,11,R,3427,R,902,R,1057,R,1468
226833,1,R,6495,R,2068,R,3162,R,1265
226833,2,R,5200,R,1266,R,2796,R,1138
226833,3,R,4660,R,1094,R,2782,R,784
226833,11,R,540,R,172,R,14,R,354
226833,12,R,1295,R,802,R,366,R,127
226860,1,R,86,A,,A,,R,86
226860,2,R,86,A,,A,,R,86
226860,3,R,86,A,,A,,R,86
226879,1,R,272,R,0,R,204,R,68
226879,2,R,272,R,0,R,204,R,68
226879,3,R,272,R,0,R,204,R,68
226903,1,R,1557,R,1095,R,210,R,252
226903,2,R,1557,R,1095,R,210,R,252
226903,3,R,1557,R,1095,R,210,R,252
227058,1,R,164,A,,A,,R,164
227058,2,R,164,A,,A,,R,164
227058,3,R,164,A,,A,,R,164
227146,1,R,8126,R,2629,R,2280,R,3217
227146,2,R,8126,R,2629,R,2280,R,3217
227146,3,R,5311,R,1984,R,1801,R,1526
227146,11,R,2815,R,645,R,479,R,1691
227182,1,R,107793,R,46699,R,35809,R,25285
227182,2,R,107793,R,46699,R,35809,R,25285
227182,3,R,72171,R,35068,R,26871,R,10232
227182,11,R,35622,R,11631,R,8938,R,15053
227216,1,R,52668,R,7823,R,28745,R,16100
227216,2,R,37182,R,4151,R,23192,R,9839
227216,3,R,36970,R,4060,R,23184,R,9726
227216,11,R,212,R,91,R,8,R,113
227216,12,R,15486,R,3672,R,5553,R,6261
227225,1,R,5132,R,1692,R,1471,R,1969
227225,2,R,5132,R,1692,R,1471,R,1969
227225,3,R,2789,R,1049,R,1088,R,652
227225,11,R,2343,R,643,R,383,R,1317
227289,1,R,221,R,52,R,15,R,154
227289,12,R,221,R,52,R,15,R,154
227298,1,R,329,R,0,R,0,R,329
227298,2,R,329,R,0,R,0,R,329
227298,3,R,329,R,0,R,0,R,329
227304,1,R,12729,R,6513,R,2997,R,3219
227304,2,R,12729,R,6513,R,2997,R,3219
227304,3,R,6055,R,3131,R,2064,R,860
227304,11,R,6674,R,3382,R,933,R,2359
227313,1,R,607,A,,A,,R,607
227313,2,R,607,A,,A,,R,607
227313,3,R,607,A,,A,,R,607
227322,1,R,817,A,,A,,R,817
227322,2,R,817,A,,A,,R,817
227322,3,R,817,A,,A,,R,817
227331,1,R,2425,R,855,R,1246,R,324
227331,2,R,1238,R,151,R,973,R,114
227331,3,R,1207,R,151,R,967,R,89
227331,11,R,31,R,0,R,6,R,25
227331,12,R,1187,R,704,R,273,R,210
227368,1,R,40284,R,10460,R,17519,R,12305
227368,2,R,32723,R,6132,R,16282,R,10309
227368,3,R,31159,R,5546,R,15860,R,9753
227368,11,R,1564,R,586,R,422,R,556
227368,12,R,7561,R,4328,R,1237,R,1996
227377,1,R,11055,R,2590,R,1719,R,6746
227377,2,R,11055,R,2590,R,1719,R,6746
227377,3,R,4338,R,1768,R,968,R,1602
227377,11,R,6717,R,822,R,751,R,5144
227386,1,R,3123,R,1246,R,1372,R,505
227386,2,R,3123,R,1246,R,1372,R,505
227386,3,R,1928,R,739,R,931,R,258
227386,11,R,1195,R,507,R,441,R,247
227401,1,R,6457,R,2544,R,2150,R,1763
227401,2,R,6457,R,2544,R,2150,R,1763
227401,3,R,4433,R,2073,R,1664,R,696
227401,11,R,2024,R,471,R,486,R,1067
227429,1,R,776,R,457,R,247,R,72
227429,2,R,770,R,457,R,247,R,66
227429,3,R,758,R,457,R,247,R,54
227429,11,R,12,Z,0,Z,0,R,12
227429,12,R,6,R,0,R,0,R,6
227526,1,R,11004,R,841,R,7071,R,3092
227526,2,R,9725,R,350,R,6597,R,2778
227526,3,R,9725,R,350,R,6597,R,2778
227526,12,R,1279,R,491,R,474,R,314
227687,1,R,3063,R,1091,R,1218,R,754
227687,2,R,3063,R,1091,R,1218,R,754
227687,3,R,1299,R,427,R,657,R,215
227687,11,R,1764,R,664,R,561,R,539
227748,1,R,478,A,,A,,R,478
227748,2,R,478,A,,A,,R,478
227748,3,R,478,A,,A,,R,478
227757,1,R,9166,R,395,R,1398,R,7373
227757,2,R,4836,R,40,R,718,R,4078
227757,3,R,4774,R,16,R,717,R,4041
227757,11,R,62,R,24,R,1,R,37
227757,12,R,4330,R,355,R,680,R,3295
227845,1,R,3571,R,396,R,1550,R,1625
227845,2,R,2852,R,29,R,1531,R,1292
227845,3,R,2846,R,29,R,1530,R,1287
227845,11,R,6,R,0,R,1,R,5
227845,12,R,719,R,367,R,19,R,333
227854,1,R,23516,R,9688,R,9489,R,4339
227854,2,R,23516,R,9688,R,9489,R,4339
227854,3,R,18804,R,8622,R,8110,R,2072
227854,11,R,4712,R,1066,R,1379,R,2267
227863,1,R,4469,R,1208,R,2185,R,1076
227863,2,R,3363,R,765,R,1806,R,792
227863,3,R,3182,R,730,R,1794,R,658
227863,11,R,181,R,35,R,12,R,134
227863,12,R,1106,R,443,R,379,R,284
227881,1,R,23694,R,6103,R,10024,R,7567
227881,2,R,19844,R,4071,R,9625,R,6148
227881,3,R,19759,R,4043,R,9618,R,6098
227881,11,R,85,R,28,R,7,R,50
227881,12,R,3850,R,2032,R,399,R,1419
227924,1,R,29125,R,11737,R,11775,R,5613
227924,2,R,29125,R,11737,R,11775,R,5613
227924,3,R,25047,R,10760,R,11004,R,3283
227924,11,R,4078,R,977,R,771,R,2330
227979,1,R,43405,R,16547,R,17077,R,9781
227979,2,R,43405,R,16547,R,17077,R,9781
227979,3,R,29175,R,10698,R,13497,R,4980
227979,11,R,14230,R,5849,R,3580,R,4801
228042,1,R,1441,R,345,R,664,R,432
228042,2,R,1169,R,73,R,664,R,432
228042,3,R,1132,R,69,R,663,R,400
228042,11,R,37,R,4,R,1,R,32
228042,12,R,272,R,272,R,0,R,0
228088,1,R,50,A,,A,,R,50
228088,2,R,50,A,,A,,R,50
228088,3,R,50,A,,A,,R,50
228149,1,R,3740,R,193,R,1144,R,2403
228149,2,R,2364,R,17,R,605,R,1742
228149,3,R,1998,R,16,R,605,R,1377
228149,11,R,366,R,1,Z,0,R,365
228149,12,R,1376,R,176,R,539,R,661
228158,1,R,12861,R,4267,R,4029,R,4565
228158,2,R,12861,R,4267,R,4029,R,4565
228158,3,R,8578,R,2631,R,3417,R,2530
228158,11,R,4283,R,1636,R,612,R,2035
228185,1,P,29,A,,A,,P,29
228185,2,P,29,A,,A,,P,29
228185,3,P,29,A,,A,,P,29
228194,1,R,1093,R,33,R,420,R,640
228194,12,R,1093,R,33,R,420,R,640
228200,1,R,759,R,0,R,9,R,750
228200,2,R,759,R,0,R,9,R,750
228200,3,R,759,R,0,R,9,R,750
228219,1,R,874,R,0,R,66,R,808
228219,2,R,874,R,0,R,66,R,808
228219,3,R,874,R,0,R,66,R,808
228246,1,R,12900,R,1061,R,1882,R,9957
228246,2,R,7491,R,11,R,982,R,6498
228246,3,R,7451,R,10,R,980,R,6461
228246,11,R,40,R,1,R,2,R,37
228246,12,R,5409,R,1050,R,900,R,3459
228282,1,R,88,A,,A,,R,88
228282,2,R,88,A,,A,,R,88
228282,3,R,88,A,,A,,R,88
228316,1,R,7652,R,1072,R,2325,R,4255
228316,2,R,7652,R,1072,R,2325,R,4255
228316,3,R,3911,R,735,R,1479,R,1697
228316,11,R,3741,R,337,R,846,R,2558
228325,1,R,2122,R,860,R,618,R,644
228325,2,R,1720,R,466,R,610,R,644
228325,3,R,1634,R,409,R,602,R,623
228325,11,R,86,R,57,R,8,R,21
228325,12,R,402,R,394,R,8,R,0
228343,1,R,1492,A,,A,,R,1492
228343,2,R,1492,A,,A,,R,1492
228343,3,R,1488,A,,A,,R,1488
228343,11,R,4,A,,A,,R,4
228431,1,R,12240,R,2263,R,5712,R,4265
228431,2,R,10511,R,1481,R,5439,R,3591
228431,3,R,9619,R,1178,R,5207,R,3234
228431,11,R,892,R,303,R,232,R,357
228431,12,R,1729,R,782,R,273,R,674
228459,1,R,42138,R,3658,R,28666,R,9814
228459,2,R,37218,R,2478,R,26580,R,8160
228459,3,R,37218,R,2478,R,26580,R,8160
228459,12,R,4920,R,1180,R,2086,R,1654
228468,1,R,918,R,249,R,140,R,529
228468,2,R,906,R,244,R,139,R,523
228468,3,R,694,R,84,R,121,R,489
228468,11,R,212,R,160,R,18,R,34
228468,12,R,12,R,5,R,1,R,6
228486,1,R,145,R,6,R,120,R,19
228486,2,R,145,R,6,R,120,R,19
228486,3,R,142,R,6,R,118,R,18
228486,11,R,3,R,0,R,2,R,1
228501,1,R,2746,R,1362,R,951,R,433
228501,2,R,2069,R,760,R,917,R,392
228501,3,R,1679,R,616,R,828,R,235
228501,11,R,390,R,144,R,89,R,157
228501,12,R,677,R,602,R,34,R,41
228529,1,R,17719,R,4522,R,9417,R,3780
228529,2,R,15101,R,2979,R,8727,R,3395
228529,3,R,13803,R,2979,R,8727,R,2097
228529,11,R,1298,Z,0,Z,0,R,1298
228529,12,R,2618,R,1543,R,690,R,385
228547,1,R,64887,R,15868,R,17821,R,31198
228547,2,R,64887,R,15868,R,17821,R,31198
228547,3,R,49438,R,13177,R,14790,R,21471
228547,11,R,15449,R,2691,R,3031,R,9727
228608,1,R,6398,R,2233,R,2620,R,1545
228608,2,R,6398,R,2233,R,2620,R,1545
228608,3,R,4401,R,1738,R,1885,R,778
228608,11,R,1997,R,495,R,735,R,767
228635,1,R,2798,R,0,R,138,R,2660
228635,12,R,2798,R,0,R,138,R,2660
228644,1,R,4344,R,199,R,0,R,4145
228644,2,R,1299,R,124,R,0,R,1175
228644,3,R,1299,R,124,R,0,R,1175
228644,12,R,3045,R,75,R,0,R,2970
228653,1,R,4030,R,751,R,0,R,3279
228653,2,R,864,R,56,R,0,R,808
228653,3,R,864,R,56,R,0,R,808
228653,12,R,3166,R,695,R,0,R,2471
228699,1,R,4731,R,1041,R,1487,R,2203
228699,2,R,4731,R,1041,R,1487,R,2203
228699,3,R,2189,R,478,R,776,R,935
228699,11,R,2542,R,563,R,711,R,1268
228705,1,R,7468,R,865,R,4068,R,2535
228705,2,R,5773,R,309,R,3324,R,2140
228705,3,R,5040,R,224,R,2986,R,1830
228705,11,R,733,R,85,R,338,R,310
228705,12,R,1695,R,556,R,744,R,395
228723,1,R,81239,R,5012,R,27383,R,48844
228723,2,R,62485,R,856,R,25730,R,35899
228723,3,R,61550,R,800,R,25697,R,35053
228723,11,R,935,R,56,R,33,R,846
228723,12,R,18754,R,4156,R,1653,R,12945
228769,1,R,53946,R,19176,R,17702,R,17068
228769,2,R,37751,R,10970,R,15663,R,11118
228769,3,R,37147,R,10897,R,15585,R,10665
228769,11,R,604,R,73,R,78,R,453
228769,12,R,16195,R,8206,R,2039,R,5950
228778,1,R,56150,R,995,R,20239,R,34916
228778,2,R,44663,R,855,R,19472,R,24336
228778,3,R,44105,R,786,R,19388,R,23931
228778,11,R,558,R,69,R,84,R,405
228778,12,R,11487,R,140,R,767,R,10580
228787,1,R,33405,R,1068,R,16384,R,15953
228787,2,R,22824,R,151,R,12065,R,10608
228787,3,R,22632,R,147,R,12051,R,10434
228787,11,R,192,R,4,R,14,R,174
228787,12,R,10581,R,917,R,4319,R,5345
228796,1,R,28591,R,3273,R,15064,R,10254
228796,2,R,23771,R,2024,R,14214,R,7533
228796,3,R,23408,R,1924,R,14090,R,7394
228796,11,R,363,R,100,R,124,R,139
228796,12,R,4820,R,1249,R,850,R,2721
228802,1,R,11795,R,3981,R,6306,R,1508
228802,2,R,8600,R,1597,R,5807,R,1196
228802,3,R,8239,R,1486,R,5714,R,1039
228802,11,R,361,R,111,R,93,R,157
228802,12,R,3195,R,2384,R,499,R,312
228866,1,R,288,R,0,R,131,R,157
228866,12,R,288,R,0,R,131,R,157
228875,1,R,13345,R,428,R,2031,R,10886
228875,2,R,11229,R,40,R,1454,R,9735
228875,3,R,11207,R,39,R,1453,R,9715
228875,11,R,22,R,1,R,1,R,20
228875,12,R,2116,R,388,R,577,R,1151
228884,1,R,846,R,21,R,825,R,0
228884,2,R,846,R,21,R,825,R,0
228884,3,R,846,R,21,R,825,R,0
228909,1,R,2611,R,436,R,1042,R,1133
228909,2,R,18,R,18,R,0,R,0
228909,3,R,18,R,18,R,0,R,0
228909,12,R,2593,R,418,R,1042,R,1133
228981,1,R,1522,R,66,R,929,R,527
228981,2,R,1410,R,25,R,894,R,491
228981,3,R,1380,R,18,R,876,R,486
228981,11,R,30,R,7,R,18,R,5
228981,12,R,112,R,41,R,35,R,36
229018,1,R,7372,R,4014,R,2399,R,959
229018,2,R,5557,R,2475,R,2219,R,863
229018,3,R,4815,R,1832,R,2196,R,787
229018,11,R,742,R,643,R,23,R,76
229018,12,R,1815,R,1539,R,180,R,96
229027,1,R,39266,R,5247,R,28372,R,5647
229027,2,R,33986,R,4554,R,25731,R,3701
229027,3,R,33030,R,4327,R,25451,R,3252
229027,11,R,956,R,227,R,280,R,449
229027,12,R,5280,R,693,R,2641,R,1946
229063,1,R,9393,R,784,R,4178,R,4431
229063,2,R,7345,R,506,R,3877,R,2962
229063,3,R,7345,R,506,R,3877,R,2962
229063,12,R,2048,R,278,R,301,R,1469
229115,1,R,43738,R,6451,R,22692,R,14595
229115,2,R,34484,R,3251,R,21244,R,9989
229115,3,R,34091,R,3096,R,21225,R,9770
229115,11,R,393,R,155,R,19,R,219
229115,12,R,9254,R,3200,R,1448,R,4606
229160,1,R,2936,R,398,R,1333,R,1205
229160,2,R,2134,R,107,R,940,R,1087
229160,3,R,1765,R,105,R,915,R,745
229160,11,R,369,R,2,R,25,R,342
229160,12,R,802,R,291,R,393,R,118
229179,1,R,19542,R,2415,R,11072,R,6055
229179,2,R,12119,R,1177,R,7001,R,3941
229179,3,R,10418,R,1041,R,6735,R,2642
229179,11,R,1701,R,136,R,266,R,1299
229179,12,R,7423,R,1238,R,4071,R,2114
229267,1,R,2754,R,10,R,58,R,2686
229267,2,R,2565,R,0,R,58,R,2507
229267,3,R,2547,R,0,R,58,R,2489
229267,11,R,18,R,0,R,0,R,18
229267,12,R,189,R,10,R,0,R,179
229300,1,R,5855,R,288,R,2533,R,3034
229300,2,R,695,R,0,R,393,R,302
229300,3,R,695,R,0,R,393,R,302
229300,12,R,5160,R,288,R,2140,R,2732
229337,1,R,6999,R,2490,R,3030,R,1479
229337,2,R,2507,R,603,R,1826,R,78
229337,3,R,2507,R,603,R,1826,R,78
229337,12,R,4492,R,1887,R,1204,R,1401
229355,1,R,16068,R,3756,R,8270,R,4042
229355,2,R,16068,R,3756,R,8270,R,4042
229355,3,R,11332,R,2550,R,6956,R,1826
229355,11,R,4736,R,1206,R,1314,R,2216
229416,1,R,2694,A,,A,,R,2694
229416,2,R,2694,A,,A,,R,2694
229416,3,R,2694,A,,A,,R,2694
229425,1,R,226,A,,A,,R,226
229425,2,R,226,A,,A,,R,226
229425,3,R,226,A,,A,,R,226
229504,1,R,2823,R,894,R,1337,R,592
229504,2,R,2823,R,894,R,1337,R,592
229504,3,R,2144,R,640,R,1065,R,439
229504,11,R,679,R,254,R,272,R,153
229522,1,R,102,A,,A,,R,102
229522,2,R,102,A,,A,,R,102
229522,3,R,102,A,,A,,R,102
229540,1,R,4106,R,1385,R,1775,R,946
229540,2,R,4106,R,1385,R,1775,R,946
229540,3,R,3210,R,696,R,1652,R,862
229540,11,R,896,R,689,R,123,R,84
229656,1,R,603,A,,A,,R,603
229656,2,R,603,A,,A,,R,603
229656,3,R,603,A,,A,,R,603
229780,1,R,3712,R,1576,R,1569,R,567
229780,2,R,2731,R,943,R,1317,R,471
229780,3,R,2606,R,907,R,1314,R,385
229780,11,R,125,R,36,R,3,R,86
229780,12,R,981,R,633,R,252,R,96
229799,1,R,7218,R,1789,R,2989,R,2440
229799,2,R,7218,R,1789,R,2989,R,2440
229799,3,R,5348,R,1242,R,2323,R,1783
229799,11,R,1870,R,547,R,666,R,657
229814,1,R,10529,R,4107,R,4526,R,1896
229814,2,R,7662,R,1871,R,4180,R,1611
229814,3,R,7549,R,1854,R,4176,R,1519
229814,11,R,113,R,17,R,4,R,92
229814,12,R,2867,R,2236,R,346,R,285
229832,1,R,3155,R,2067,R,774,R,314
229832,2,R,3155,R,2067,R,774,R,314
229832,3,R,885,R,169,R,412,R,304
229832,11,R,2270,R,1898,R,362,R,10
229841,1,R,7352,R,1765,R,2058,R,3529
229841,2,R,7352,R,1765,R,2058,R,3529
229841,3,R,6337,R,1733,R,2006,R,2598
229841,11,R,1015,R,32,R,52,R,931
229887,1,R,747,R,143,R,604,R,0
229887,2,R,747,R,143,R,604,R,0
229887,3,R,747,R,143,R,604,R,0
230010,1,R,2768,R,164,R,19,R,2585
230010,2,R,2768,R,164,R,19,R,2585
230010,3,R,2420,R,43,R,0,R,2377
230010,11,R,348,R,121,R,19,R,208
230038,1,R,39598,R,1395,R,13104,R,25099
230038,2,R,36407,R,1274,R,12504,R,22629
230038,3,R,36407,R,1274,R,12504,R,22629
230038,12,R,3191,R,121,R,600,R,2470
230047,1,R,3410,Z,0,R,810,R,2600
230047,2,R,3410,Z,0,R,810,R,2600
230047,3,R,3378,Z,0,R,808,R,2570
230047,11,R,32,Z,0,R,2,R,30
230065,1,R,516,A,,A,,R,516
230065,2,R,516,A,,A,,R,516
230065,3,R,516,A,,A,,R,516
230144,1,R,128,A,,A,,R,128
230144,2,R,128,A,,A,,R,128
230144,3,R,128,A,,A,,R,128
230162,1,R,5937,A,,A,,R,5937
230162,2,R,5937,A,,A,,R,5937
230162,3,R,4208,A,,A,,R,4208
230162,11,R,1729,A,,A,,R,1729
230171,1,R,15410,R,2000,R,4618,R,8792
230171,2,R,15296,R,1964,R,4610,R,8722
230171,3,R,9680,R,1354,R,4014,R,4312
230171,11,R,5616,R,610,R,596,R,4410
230171,12,R,114,R,36,R,8,R,70
230199,1,R,97,A,,A,,R,97
230199,2,R,97,A,,A,,R,97
230199,3,R,97,A,,A,,R,97
230205,1,R,81,A,,A,,R,81
230205,2,R,81,A,,A,,R,81
230205,3,R,81,A,,A,,R,81
230214,1,R,391,A,,A,,R,391
230214,2,R,391,A,,A,,R,391
230214,3,R,391,A,,A,,R,391
230366,1,R,490,R,24,R,407,R,59
230366,2,R,438,R,24,R,355,R,59
230366,3,R,414,Z,0,R,355,R,59
230366,11,R,24,R,24,Z,0,R,0
230366,12,R,52,Z,0,R,52,R,0
230418,1,R,11286,R,8945,R,1307,R,1034
230418,2,R,11286,R,8945,R,1307,R,1034
230418,3,R,11276,R,8943,R,1307,R,1026
230418,11,R,10,R,2,R,0,R,8
230490,1,R,5014,R,144,R,141,R,4729
230490,2,R,5014,R,144,R,141,R,4729
230490,3,R,3256,R,109,R,119,R,3028
230490,11,R,1758,R,35,R,22,R,1701
230597,1,R,6433,R,1638,R,1453,R,3342
230597,2,R,6433,R,1638,R,1453,R,3342
230597,3,R,4015,R,701,R,1028,R,2286
230597,11,R,2418,R,937,R,425,R,1056
230603,1,R,22495,R,10167,R,7272,R,5056
230603,2,R,19652,R,7575,R,7116,R,4961
230603,3,R,11092,R,2313,R,6209,R,2570
230603,11,R,8560,R,5262,R,907,R,2391
230603,12,R,2843,R,2592,R,156,R,95
230676,1,R,1761,A,,A,,R,1761
230676,2,R,1761,A,,A,,R,1761
230676,3,R,603,A,,A,,R,603
230676,11,R,1158,A,,A,,R,1158
230728,1,R,33665,R,5667,R,17501,R,10497
230728,2,R,30065,R,4437,R,16295,R,9333
230728,3,R,22802,R,3227,R,15264,R,4311
230728,11,R,7263,R,1210,R,1031,R,5022
230728,12,R,3600,R,1230,R,1206,R,1164
230737,1,R,55735,R,8120,R,24383,R,23232
230737,2,R,54555,R,7923,R,23792,R,22840
230737,3,R,35025,R,7061,R,21983,R,5981
230737,11,R,19530,R,862,R,1809,R,16859
230737,12,R,1180,R,197,R,591,R,392
230746,1,R,36898,R,7485,R,10868,R,18545
230746,2,R,36898,R,7485,R,10868,R,18545
230746,3,R,23484,R,6660,R,10167,R,6657
230746,11,R,13414,R,825,R,701,R,11888
230764,1,R,41068,R,2685,R,23707,R,14676
230764,2,R,31724,R,1984,R,20681,R,9059
230764,3,R,28068,R,1614,R,20223,R,6231
230764,11,R,3656,R,370,R,458,R,2828
230764,12,R,9344,R,701,R,3026,R,5617
230782,1,R,38054,R,5956,R,12735,R,19363
230782,2,R,36800,R,5597,R,12231,R,18972
230782,3,R,19476,R,5055,R,11333,R,3088
230782,11,R,17324,R,542,R,898,R,15884
230782,12,R,1254,R,359,R,504,R,391
230807,1,R,1432,R,28,R,472,R,932
230807,2,R,1045,R,10,R,340,R,695
230807,3,R,970,R,10,R,340,R,620
230807,11,R,75,R,0,R,0,R,75
230807,12,R,387,R,18,R,132,R,237
230816,1,R,943,R,112,R,114,R,717
230816,2,R,831,R,4,R,114,R,713
230816,3,R,802,R,1,R,114,R,687
230816,11,R,29,R,3,R,0,R,26
230816,12,R,112,R,108,R,0,R,4
230852,1,R,4558,R,2737,R,618,R,1203
230852,2,R,3701,R,1880,R,618,R,1203
230852,3,R,3665,R,1861,R,617,R,1187
230852,11,R,36,R,19,R,1,R,16
230852,12,R,857,R,857,R,0,R,0
230861,1,R,9462,R,6122,R,1302,R,2038
230861,2,R,9462,R,6122,R,1302,R,2038
230861,3,R,4516,R,3082,R,879,R,555
230861,11,R,4946,R,3040,R,423,R,1483
230959,1,R,4726,R,41,R,84,R,4601
230959,2,R,4154,R,23,R,23,R,4108
230959,3,R,3081,R,0,R,23,R,3058
230959,11,R,1073,R,23,R,0,R,1050
230959,12,R,572,R,18,R,61,R,493
230995,1,R,5186,R,1749,R,803,R,2634
230995,2,R,4266,R,858,R,795,R,2613
230995,3,R,4027,R,848,R,766,R,2413
230995,11,R,239,R,10,R,29,R,200
230995,12,R,920,R,891,R,8,R,21
231004,1,R,180,A,,A,,R,180
231004,2,R,180,A,,A,,R,180
231004,3,R,180,A,,A,,R,180
231059,1,R,2121,R,201,R,835,R,1085
231059,2,R,1604,R,83,R,708,R,813
231059,3,R,1222,R,15,R,685,R,522
231059,11,R,382,R,68,R,23,R,291
231059,12,R,517,R,118,R,127,R,272
231068,1,R,1642,R,0,R,98,R,1544
231068,2,R,1538,A,,A,,R,1538
231068,11,R,1538,A,,A,,R,1538
231068,12,R,104,R,0,R,98,R,6
231095,1,R,103,R,0,R,0,R,103
231095,2,R,103,R,0,R,0,R,103
231095,3,R,75,R,0,R,0,R,75
231095,11,R,28,R,0,R,0,R,28
231147,1,R,824,R,307,R,284,R,233
231147,12,R,824,R,307,R,284,R,233
231165,1,R,7131,R,1165,R,2344,R,3622
231165,2,R,5142,R,929,R,2179,R,2034
231165,3,R,3947,R,827,R,2056,R,1064
231165,11,R,1195,R,102,R,123,R,970
231165,12,R,1989,R,236,R,165,R,1588
231174,1,R,16086,R,1274,R,7571,R,7241
231174,2,R,13642,R,994,R,6827,R,5821
231174,3,R,12096,R,129,R,6646,R,5321
231174,11,R,1546,R,865,R,181,R,500
231174,12,R,2444,R,280,R,744,R,1420
231280,1,R,199,A,,A,,R,199
231280,2,R,199,A,,A,,R,199
231280,3,R,199,A,,A,,R,199
231411,1,R,657,A,,A,,R,657
231411,2,R,657,A,,A,,R,657
231411,3,R,657,A,,A,,R,657
231420,1,R,1762,R,768,R,907,R,87
231420,2,R,1429,R,435,R,907,R,87
231420,3,R,1402,R,412,R,904,R,86
231420,11,R,27,R,23,R,3,R,1
231420,12,R,333,R,333,R,0,R,0
231536,1,R,5072,R,1819,R,1899,R,1354
231536,2,R,5072,R,1819,R,1899,R,1354
231536,3,R,3461,R,1254,R,1730,R,477
231536,11,R,1611,R,565,R,169,R,877
231554,1,R,1210,R,600,R,504,R,106
231554,2,R,864,R,358,R,504,R,2
231554,3,R,751,R,247,R,504,R,0
231554,11,R,113,R,111,R,0,R,2
231554,12,R,346,R,242,R,0,R,104
231581,1,R,1501,R,11,R,143,R,1347
231581,2,R,1446,R,0,R,128,R,1318
231581,3,R,1440,R,0,R,128,R,1312
231581,11,R,6,R,0,R,0,R,6
231581,12,R,55,R,11,R,15,R,29
231624,1,R,10868,R,1578,R,326,R,8964
231624,2,R,7465,R,66,R,106,R,7293
231624,3,R,7274,R,52,R,103,R,7119
231624,11,R,191,R,14,R,3,R,174
231624,12,R,3403,R,1512,R,220,R,1671
231651,1,R,13591,R,8260,R,1720,R,3611
231651,2,R,6289,R,3396,R,1074,R,1819
231651,3,R,5845,R,3179,R,1060,R,1606
231651,11,R,444,R,217,R,14,R,213
231651,12,R,7302,R,4864,R,646,R,1792
231688,1,R,40,A,,A,,R,40
231688,2,R,40,A,,A,,R,40
231688,3,R,40,A,,A,,R,40
231697,1,R,4570,R,1669,R,1513,R,1388
231697,2,R,4570,R,1669,R,1513,R,1388
231697,3,R,2944,R,1281,R,1117,R,546
231697,11,R,1626,R,388,R,396,R,842
231712,1,R,4642,R,6,R,853,R,3783
231712,2,R,4542,R,6,R,804,R,3732
231712,3,R,4520,R,4,R,804,R,3712
231712,11,R,22,R,2,R,0,R,20
231712,12,R,100,R,0,R,49,R,51
231785,1,R,2239,R,0,R,718,R,1521
231785,2,R,2239,R,0,R,718,R,1521
231785,3,R,2210,R,0,R,689,R,1521
231785,11,R,29,R,0,R,29,R,0
231873,1,R,1292,R,125,R,527,R,640
231873,2,R,1292,R,125,R,527,R,640
231873,3,R,567,R,50,R,434,R,83
231873,11,R,725,R,75,R,93,R,557
231882,1,R,3307,R,724,R,960,R,1623
231882,2,R,3307,R,724,R,960,R,1623
231882,3,R,1821,R,590,R,884,R,347
231882,11,R,1486,R,134,R,76,R,1276
231970,1,R,1430,R,240,R,103,R,1087
231970,12,R,1430,R,240,R,103,R,1087
232016,1,R,28,A,,A,,R,28
232016,2,R,28,A,,A,,R,28
232016,3,R,28,A,,A,,R,28
232025,1,R,1490,R,42,R,804,R,644
232025,2,R,1178,R,37,R,668,R,473
232025,3,R,1168,R,36,R,668,R,464
232025,11,R,10,R,1,R,0,R,9
232025,12,R,312,R,5,R,136,R,171
232043,1,R,1580,R,466,R,347,R,767
232043,2,R,943,R,31,R,227,R,685
232043,3,R,864,R,23,R,227,R,614
232043,11,R,79,R,8,R,0,R,71
232043,12,R,637,R,435,R,120,R,82
232052,1,R,979,R,189,R,444,R,346
232052,2,R,979,R,189,R,444,R,346
232052,3,R,620,R,162,R,359,R,99
232052,11,R,359,R,27,R,85,R,247
232089,1,R,979,R,98,R,651,R,230
232089,2,R,946,R,86,R,635,R,225
232089,3,R,815,R,17,R,633,R,165
232089,11,R,131,R,69,R,2,R,60
232089,12,R,33,R,12,R,16,R,5
232186,1,R,48495,R,8943,R,27471,R,12081
232186,2,R,33763,R,4564,R,21679,R,7520
232186,3,R,30465,R,4244,R,21492,R,4729
232186,11,R,3298,R,320,R,187,R,2791
232186,12,R,14732,R,4379,R,5792,R,4561
232195,1,R,10987,R,4654,R,3751,R,2582
232195,2,R,10987,R,4654,R,3751,R,2582
232195,3,R,7407,R,3506,R,3307,R,594
232195,11,R,3580,R,1148,R,444,R,1988
232256,1,R,899,R,0,R,133,R,766
232256,2,R,899,R,0,R,133,R,766
232256,3,R,892,R,0,R,133,R,759
232256,11,R,7,A,,A,,R,7
232265,1,R,4278,R,778,R,8,R,3492
232265,2,R,3752,R,466,R,8,R,3278
232265,3,R,3404,R,465,R,8,R,2931
232265,11,R,348,R,1,R,0,R,347
232265,12,R,526,R,312,R,0,R,214
232308,1,R,956,R,103,R,58,R,795
232308,2,R,744,R,0,R,37,R,707
232308,3,R,741,R,0,R,37,R,704
232308,11,R,3,R,0,Z,0,R,3
232308,12,R,212,R,103,R,21,R,88
232414,1,R,11082,R,3618,R,4240,R,3224
232414,2,R,11082,R,3618,R,4240,R,3224
232414,3,R,7321,R,2464,R,3535,R,1322
232414,11,R,3761,R,1154,R,705,R,1902
232423,1,R,24589,R,1786,R,13039,R,9764
232423,2,R,22601,R,1105,R,12521,R,8975
232423,3,R,21504,R,1032,R,12509,R,7963
232423,11,R,1097,R,73,R,12,R,1012
232423,12,R,1988,R,681,R,518,R,789
232450,1,R,12096,R,4527,R,3597,R,3972
232450,2,R,12096,R,4527,R,3597,R,3972
232450,3,R,7350,R,3236,R,3304,R,810
232450,11,R,4746,R,1291,R,293,R,3162
232557,1,R,143337,R,126592,R,11715,R,5030
232557,2,R,72005,R,57650,R,10776,R,3579
232557,3,R,67625,R,53419,R,10752,R,3454
232557,11,R,4380,R,4231,R,24,R,125
232557,12,R,71332,R,68942,R,939,R,1451
232566,1,R,6157,R,2502,R,1478,R,2177
232566,2,R,4350,R,1223,R,1124,R,2003
232566,3,R,3111,R,38,R,1119,R,1954
232566,11,R,1239,R,1185,R,5,R,49
232566,12,R,1807,R,1279,R,354,R,174
232575,1,R,7789,R,2212,R,2737,R,2840
232575,2,R,7789,R,2212,R,2737,R,2840
232575,3,R,4143,R,1682,R,2001,R,460
232575,11,R,3646,R,530,R,736,R,2380
232609,1,R,3208,R,810,R,1086,R,1312
232609,2,R,2030,R,24,R,916,R,1090
232609,3,R,1772,R,5,R,914,R,853
232609,11,R,258,R,19,R,2,R,237
232609,12,R,1178,R,786,R,170,R,222
232618,1,R,290,R,17,R,0,R,273
232618,2,R,290,R,17,R,0,R,273
232618,3,R,290,R,17,R,0,R,273
232672,1,R,2145,R,929,R,785,R,431
232672,2,R,1313,R,492,R,655,R,166
232672,3,R,1251,R,464,R,629,R,158
232672,11,R,62,R,28,R,26,R,8
232672,12,R,832,R,437,R,130,R,265
232681,1,R,4307,R,464,R,1151,R,2692
232681,2,R,4063,R,375,R,1106,R,2582
232681,3,R,3771,R,307,R,1096,R,2368
232681,11,R,292,R,68,R,10,R,214
232681,12,R,244,R,89,R,45,R,110
232706,1,R,4459,R,1120,R,1827,R,1512
232706,2,R,2663,R,186,R,1354,R,1123
232706,3,R,1952,R,153,R,1351,R,448
232706,11,R,711,R,33,R,3,R,675
232706,12,R,1796,R,934,R,473,R,389
232724,1,R,48,A,,A,,R,48
232724,2,R,48,A,,A,,R,48
232724,3,R,48,A,,A,,R,48
232788,1,R,2654,R,687,R,1451,R,516
232788,2,R,2654,R,687,R,1451,R,516
232788,3,R,1583,R,411,R,963,R,209
232788,11,R,1071,R,276,R,488,R,307
232797,1,R,1291,R,966,R,325,R,0
232797,2,R,1030,R,910,R,120,R,0
232797,3,R,1030,R,910,R,120,R,0
232797,12,R,261,R,56,R,205,R,0
232867,1,R,5907,R,1985,R,1697,R,2225
232867,2,R,5907,R,1985,R,1697,R,2225
232867,3,R,2424,R,833,R,1335,R,256
232867,11,R,3483,R,1152,R,362,R,1969
232885,1,R,425,R,28,R,397,R,0
232885,2,R,345,R,15,R,330,R,0
232885,3,R,334,R,9,R,325,R,0
232885,11,R,11,R,6,R,5,R,0
232885,12,R,80,R,13,R,67,R,0
232919,1,R,1434,A,,A,,R,1434
232919,2,R,1434,A,,A,,R,1434
232919,3,R,1434,A,,A,,R,1434
232937,1,R,6560,R,829,R,5311,R,420
232937,2,R,5916,R,745,R,4800,R,371
232937,3,R,5635,R,742,R,4796,R,97
232937,11,R,281,R,3,R,4,R,274
232937,12,R,644,R,84,R,511,R,49
232946,1,R,73320,R,23244,R,24387,R,25689
232946,2,R,73320,R,23244,R,24387,R,25689
232946,3,R,41953,R,13912,R,21228,R,6813
232946,11,R,31367,R,9332,R,3159,R,18876
232982,1,R,26280,R,10897,R,7745,R,7638
232982,2,R,20407,R,7324,R,7147,R,5936
232982,3,R,19864,R,7045,R,7120,R,5699
232982,11,R,543,R,279,R,27,R,237
232982,12,R,5873,R,3573,R,598,R,1702
233019,1,R,2425,R,667,R,1293,R,465
233019,2,R,2425,R,667,R,1293,R,465
233019,3,R,1780,R,565,R,941,R,274
233019,11,R,645,R,102,R,352,R,191
233037,1,R,1650,R,537,R,557,R,556
233037,2,R,1650,R,537,R,557,R,556
233037,3,R,859,R,326,R,442,R,91
233037,11,R,791,R,211,R,115,R,465
233082,1,R,172,R,0,R,121,R,51
233082,2,R,172,R,0,R,121,R,51
233082,3,R,172,R,0,R,121,R,51
233116,1,R,6578,R,1578,R,2436,R,2564
233116,2,R,6578,R,1578,R,2436,R,2564
233116,3,R,3969,R,1267,R,2061,R,641
233116,11,R,2609,R,311,R,375,R,1923
233277,1,R,8695,R,2483,R,4726,R,1486
233277,2,R,6259,R,889,R,4311,R,1059
233277,3,R,6120,R,811,R,4306,R,1003
233277,11,R,139,R,78,R,5,R,56
233277,12,R,2436,R,1594,R,415,R,427
233286,1,R,276,R,0,R,139,R,137
233286,2,R,276,R,0,R,139,R,137
233286,3,R,276,R,0,R,139,R,137
233295,1,R,1582,R,0,R,152,R,1430
233295,2,R,1534,R,0,R,152,R,1382
233295,3,R,1521,R,0,R,152,R,1369
233295,11,R,13,R,0,R,0,R,13
233295,12,R,48,A,,A,,R,48
233301,1,R,913,R,240,Z,0,R,673
233301,2,R,791,R,226,Z,0,R,565
233301,3,R,544,R,0,Z,0,R,544
233301,11,R,247,R,226,Z,0,R,21
233301,12,R,122,R,14,Z,0,R,108
233310,1,R,3519,R,1067,R,1052,R,1400
233310,2,R,3519,R,1067,R,1052,R,1400
233310,3,R,1712,R,816,R,758,R,138
233310,11,R,1807,R,251,R,294,R,1262
233329,1,R,643,R,0,R,630,R,13
233329,2,R,643,R,0,R,630,R,13
233329,3,R,643,R,0,R,630,R,13
233338,1,R,2955,R,253,R,815,R,1887
233338,2,R,2955,R,253,R,815,R,1887
233338,3,R,909,R,131,R,587,R,191
233338,11,R,2046,R,122,R,228,R,1696
233356,1,R,637,R,57,R,580,R,0
233356,2,R,637,R,57,R,580,R,0
233356,3,R,637,R,57,R,580,R,0
233374,1,R,4451,R,236,R,1968,R,2247
233374,2,R,3558,R,100,R,1735,R,1723
233374,3,R,3463,R,95,R,1733,R,1635
233374,11,R,95,R,5,R,2,R,88
233374,12,R,893,R,136,R,233,R,524
233408,1,R,467,R,211,R,138,R,118
233408,2,R,467,R,211,R,138,R,118
233408,3,R,467,R,211,R,138,R,118
233426,1,R,1985,R,0,R,283,R,1702
233426,2,R,1963,R,0,R,283,R,1680
233426,3,R,1916,R,0,R,283,R,1633
233426,11,R,47,R,0,R,0,R,47
233426,12,R,22,A,,A,,R,22
233480,1,R,31,A,,A,,R,31
233480,2,R,31,A,,A,,R,31
233480,3,R,31,A,,A,,R,31
233541,1,R,5036,R,745,R,3004,R,1287
233541,2,R,2794,R,89,R,1502,R,1203
233541,3,R,2218,R,29,R,1494,R,695
233541,11,R,576,R,60,R,8,R,508
233541,12,R,2242,R,656,R,1502,R,84
233602,1,R,78,R,4,R,41,R,33
233602,2,R,78,R,4,R,41,R,33
233602,3,R,78,R,4,R,41,R,33
233611,1,R,1055,A,,A,,R,1055
233611,2,R,1055,A,,A,,R,1055
233611,3,R,1055,A,,A,,R,1055
233639,1,R,4301,R,1338,R,1132,R,1831
233639,2,R,4301,R,1338,R,1132,R,1831
233639,3,R,2527,R,1149,R,692,R,686
233639,11,R,1774,R,189,R,440,R,1145
233648,1,R,3200,R,1435,R,1242,R,523
233648,2,R,3200,R,1435,R,1242,R,523
233648,3,R,2187,R,1002,R,951,R,234
233648,11,R,1013,R,433,R,291,R,289
233666,1,R,32,A,,A,,R,32
233666,2,R,32,A,,A,,R,32
233666,3,R,32,A,,A,,R,32
233684,1,R,3563,R,3429,R,132,R,2
233684,2,R,3027,R,2929,R,96,R,2
233684,3,R,3027,R,2929,R,96,R,2
233684,12,R,536,R,500,R,36,R,0
233718,1,R,469,R,0,R,49,R,420
233718,2,R,469,R,0,R,49,R,420
233718,3,R,468,R,0,R,49,R,419
233718,11,R,1,R,0,R,0,R,1
233754,1,R,9012,R,3114,R,2723,R,3175
233754,2,R,9012,R,3114,R,2723,R,3175
233754,3,R,5456,R,2330,R,2425,R,701
233754,11,R,3556,R,784,R,298,R,2474
233772,1,R,23141,R,8217,R,8997,R,5927
233772,2,R,23141,R,8217,R,8997,R,5927
233772,3,R,16703,R,6127,R,7913,R,2663
233772,11,R,6438,R,2090,R,1084,R,3264
233842,1,R,194,R,8,R,111,R,75
233842,12,R,194,R,8,R,111,R,75
233897,1,R,3050,R,1112,R,496,R,1442
233897,2,R,3050,R,1112,R,496,R,1442
233897,3,R,1163,R,2,R,69,R,1092
233897,11,R,1887,R,1110,R,427,R,350
233903,1,R,2656,R,720,R,1176,R,760
233903,2,R,2656,R,720,R,1176,R,760
233903,3,R,1710,R,412,R,875,R,423
233903,11,R,946,R,308,R,301,R,337
233921,1,R,40548,R,5116,R,25054,R,10378
233921,2,R,31731,R,3274,R,22204,R,6253
233921,3,R,31526,R,3188,R,22180,R,6158
233921,11,R,205,R,86,R,24,R,95
233921,12,R,8817,R,1842,R,2850,R,4125
233949,1,R,8439,R,2427,R,2486,R,3526
233949,2,R,8439,R,2427,R,2486,R,3526
233949,3,R,4862,R,1438,R,2356,R,1068
233949,11,R,3577,R,989,R,130,R,2458
234030,1,R,30974,R,1276,R,18562,R,11136
234030,2,R,22932,R,1189,R,14987,R,6756
234030,3,R,22086,R,1184,R,14784,R,6118
234030,11,R,846,R,5,R,203,R,638
234030,12,R,8042,R,87,R,3575,R,4380
234076,1,R,29758,R,2877,R,6737,R,20144
234076,2,R,19033,R,667,R,5291,R,13075
234076,3,R,18248,R,470,R,5257,R,12521
234076,11,R,785,R,197,R,34,R,554
234076,12,R,10725,R,2210,R,1446,R,7069
234085,1,R,1589,A,,A,,R,1589
234085,2,R,1589,A,,A,,R,1589
234085,3,R,1589,A,,A,,R,1589
234119,1,R,232,A,,A,,R,232
234119,2,R,232,A,,A,,R,232
234119,3,R,232,A,,A,,R,232
234137,1,R,1063,R,618,R,171,R,274
234137,2,R,480,R,249,R,171,R,60
234137,3,R,480,R,249,R,171,R,60
234137,12,R,583,R,369,R,0,R,214
234155,1,R,6003,R,85,R,221,R,5697
234155,2,R,5556,R,85,R,221,R,5250
234155,3,R,5281,R,6,R,165,R,5110
234155,11,R,275,R,79,R,56,R,140
234155,12,R,447,R,0,R,0,R,447
234164,1,R,1863,R,0,R,1176,R,687
234164,2,R,1272,R,0,R,1175,R,97
234164,3,R,1253,R,0,R,1175,R,78
234164,11,R,19,R,0,R,0,R,19
234164,12,R,591,R,0,R,1,R,590
234173,1,R,1881,R,295,R,233,R,1353
234173,2,R,1750,R,174,R,233,R,1343
234173,3,R,1337,R,168,R,228,R,941
234173,11,R,413,R,6,R,5,R,402
234173,12,R,131,R,121,R,0,R,10
234207,1,R,2282,A,,A,,R,2282
234207,2,R,1903,A,,A,,R,1903
234207,3,R,1888,A,,A,,R,1888
234207,11,R,15,A,,A,,R,15
234207,12,R,379,A,,A,,R,379
234377,1,R,2726,R,789,R,1184,R,753
234377,2,R,2726,R,789,R,1184,R,753
234377,3,R,1500,R,548,R,790,R,162
234377,11,R,1226,R,241,R,394,R,591
234669,1,R,18469,R,4921,R,8386,R,5162
234669,2,R,18469,R,4921,R,8386,R,5162
234669,3,R,10039,R,3086,R,5326,R,1627
234669,11,R,8430,R,1835,R,3060,R,3535
234696,1,R,2758,R,272,R,1169,R,1317
234696,2,R,2758,R,272,R,1169,R,1317
234696,3,R,2111,R,241,R,1041,R,829
234696,11,R,647,R,31,R,128,R,488
234711,1,R,2421,R,522,R,1446,R,453
234711,2,R,2421,R,522,R,1446,R,453
234711,3,R,1727,R,440,R,1018,R,269
234711,11,R,694,R,82,R,428,R,184
234827,1,R,20461,R,3062,R,6316,R,11083
234827,2,R,19638,R,2775,R,6054,R,10809
234827,3,R,9372,R,2462,R,5747,R,1163
234827,11,R,10266,R,313,R,307,R,9646
234827,12,R,823,R,287,R,262,R,274
234845,1,R,3293,R,491,R,1651,R,1151
234845,2,R,3293,R,491,R,1651,R,1151
234845,3,R,2145,R,363,R,1094,R,688
234845,11,R,1148,R,128,R,557,R,463
234915,1,R,3107,R,2445,R,385,R,277
234915,2,R,1871,R,1646,R,92,R,133
234915,3,R,1708,R,1543,R,86,R,79
234915,11,R,163,R,103,R,6,R,54
234915,12,R,1236,R,799,R,293,R,144
234924,1,R,457,A,,A,,R,457
234924,2,R,457,A,,A,,R,457
234924,3,R,457,A,,A,,R,457
234933,1,R,9732,R,3051,R,5100,R,1581
234933,2,R,9732,R,3051,R,5100,R,1581
234933,3,R,6637,R,2014,R,3542,R,1081
234933,11,R,3095,R,1037,R,1558,R,500
234951,1,R,4898,R,375,R,1841,R,2682
234951,2,R,4898,R,375,R,1841,R,2682
234951,3,R,3844,R,342,R,1611,R,1891
234951,11,R,1054,R,33,R,230,R,791
234979,1,R,8985,R,1795,R,5095,R,2095
234979,2,R,8985,R,1795,R,5095,R,2095
234979,3,R,6114,R,1409,R,3674,R,1031
234979,11,R,2871,R,386,R,1421,R,1064
235024,1,R,519,R,0,R,38,R,481
235024,2,R,519,R,0,R,38,R,481
235024,3,R,485,R,0,R,38,R,447
235024,11,R,34,R,0,R,0,R,34
235088,1,R,464,A,,A,,R,464
235088,2,R,464,A,,A,,R,464
235088,3,R,464,A,,A,,R,464
235097,1,R,18373,R,5130,R,5790,R,7453
235097,2,R,13224,R,1069,R,5185,R,6970
235097,3,R,7208,R,775,R,4722,R,1711
235097,11,R,6016,R,294,R,463,R,5259
235097,12,R,5149,R,4061,R,605,R,483
235103,1,R,11272,R,1961,R,4856,R,4455
235103,2,R,11272,R,1961,R,4856,R,4455
235103,3,R,5097,R,1233,R,2978,R,886
235103,11,R,6175,R,728,R,1878,R,3569
235149,1,R,13611,R,2351,R,4744,R,6516
235149,2,R,13611,R,2351,R,4744,R,6516
235149,3,R,6495,R,1855,R,3350,R,1290
235149,11,R,7116,R,496,R,1394,R,5226
235167,1,R,2925,R,429,R,1131,R,1365
235167,2,R,2648,R,424,R,1055,R,1169
235167,3,R,2472,R,335,R,1047,R,1090
235167,11,R,176,R,89,R,8,R,79
235167,12,R,277,R,5,R,76,R,196
235237,1,R,10595,R,4274,R,4994,R,1327
235237,2,R,10595,R,4274,R,4994,R,1327
235237,3,R,6996,R,3081,R,2957,R,958
235237,11,R,3599,R,1193,R,2037,R,369
235316,1,R,8151,R,922,R,2411,R,4818
235316,2,R,5546,R,66,R,1540,R,3940
235316,3,R,5256,R,56,R,1537,R,3663
235316,11,R,290,R,10,R,3,R,277
235316,12,R,2605,R,856,R,871,R,878
235334,1,R,2284,R,589,R,964,R,731
235334,2,R,2284,R,589,R,964,R,731
235334,3,R,1526,R,434,R,629,R,463
235334,11,R,758,R,155,R,335,R,268
235343,1,R,10085,R,2560,R,5744,R,1781
235343,2,R,10085,R,2560,R,5744,R,1781
235343,3,R,6701,R,1771,R,3574,R,1356
235343,11,R,3384,R,789,R,2170,R,425
235352,1,R,214,A,,A,,R,214
235352,2,R,214,A,,A,,R,214
235352,3,R,214,A,,A,,R,214
235422,1,R,950,R,105,R,298,R,547
235422,2,R,841,R,32,R,263,R,546
235422,3,R,839,R,32,R,262,R,545
235422,11,R,2,R,0,R,1,R,1
235422,12,R,109,R,73,R,35,R,1
235431,1,R,7560,R,1689,R,4194,R,1677
235431,2,R,7560,R,1689,R,4194,R,1677
235431,3,R,5508,R,1296,R,2882,R,1330
235431,11,R,2052,R,393,R,1312,R,347
235501,1,R,345,A,,A,,R,345
235501,2,R,345,A,,A,,R,345
235501,3,R,345,A,,A,,R,345
235547,1,R,890,R,161,R,33,R,696
235547,2,R,83,A,,A,,R,83
235547,3,R,79,A,,A,,R,79
235547,11,R,4,A,,A,,R,4
235547,12,R,807,R,161,R,33,R,613
235671,1,R,6309,R,1276,R,1516,R,3517
235671,2,R,6309,R,1276,R,1516,R,3517
235671,3,R,2987,R,794,R,1219,R,974
235671,11,R,3322,R,482,R,297,R,2543
235699,1,R,4570,R,913,R,1856,R,1801
235699,2,R,4570,R,913,R,1856,R,1801
235699,3,R,3061,R,755,R,1474,R,832
235699,11,R,1509,R,158,R,382,R,969
235750,1,R,3420,R,1016,R,1775,R,629
235750,2,R,3420,R,1016,R,1775,R,629
235750,3,R,2553,R,795,R,1402,R,356
235750,11,R,867,R,221,R,373,R,273
236018,1,R,90,A,,A,,R,90
236018,2,R,90,A,,A,,R,90
236018,3,R,90,A,,A,,R,90
236072,1,R,8134,R,2666,R,2314,R,3154
236072,2,R,8134,R,2666,R,2314,R,3154
236072,3,R,4144,R,1879,R,1638,R,627
236072,11,R,3990,R,787,R,676,R,2527
236133,1,R,1072,R,31,R,358,R,683
236133,2,R,719,R,27,R,301,R,391
236133,3,R,677,R,21,R,301,R,355
236133,11,R,42,R,6,R,0,R,36
236133,12,R,353,R,4,R,57,R,292
236188,1,R,7866,R,1449,R,3984,R,2433
236188,2,R,7866,R,1449,R,3984,R,2433
236188,3,R,5130,R,995,R,2502,R,1633
236188,11,R,2736,R,454,R,1482,R,800
236212,1,R,1463,Z,0,R,189,R,1274
236212,2,R,1463,Z,0,R,189,R,1274
236212,3,R,1463,Z,0,R,189,R,1274
236230,1,R,3126,R,23,R,940,R,2163
236230,2,R,2603,R,11,R,844,R,1748
236230,3,R,2540,R,11,R,842,R,1687
236230,11,R,63,R,0,R,2,R,61
236230,12,R,523,R,12,R,96,R,415
236258,1,R,2744,R,753,R,1115,R,876
236258,2,R,2744,R,753,R,1115,R,876
236258,3,R,1682,R,425,R,807,R,450
236258,11,R,1062,R,328,R,308,R,426
236328,1,R,2006,R,13,R,90,R,1903
236328,2,R,1693,R,13,R,78,R,1602
236328,3,R,1691,R,13,R,78,R,1600
236328,11,R,2,R,0,R,0,R,2
236328,12,R,313,R,0,R,12,R,301
236382,1,R,4932,R,893,R,1693,R,2346
236382,2,R,4932,R,893,R,1693,R,2346
236382,3,R,2511,R,643,R,1441,R,427
236382,11,R,2421,R,250,R,252,R,1919
236452,1,R,1745,R,81,R,710,R,954
236452,2,R,1481,R,36,R,607,R,838
236452,3,R,1442,R,25,R,600,R,817
236452,11,R,39,R,11,R,7,R,21
236452,12,R,264,R,45,R,103,R,116
236504,1,R,7797,R,1134,R,1581,R,5082
236504,2,R,7797,R,1134,R,1581,R,5082
236504,3,R,2500,R,700,R,1112,R,688
236504,11,R,5297,R,434,R,469,R,4394
236513,1,R,8613,R,2012,R,3599,R,3002
236513,2,R,8613,R,2012,R,3599,R,3002
236513,3,R,5917,R,1363,R,2714,R,1840
236513,11,R,2696,R,649,R,885,R,1162
236577,1,R,2936,R,196,R,523,R,2217
236577,2,R,2248,R,52,R,325,R,1871
236577,3,R,2196,R,36,R,325,R,1835
236577,11,R,52,R,16,R,0,R,36
236577,12,R,688,R,144,R,198,R,346
236595,1,R,7981,Z,0,R,2878,R,5103
236595,2,R,4493,Z,0,R,1714,R,2779
236595,3,R,4466,Z,0,R,1707,R,2759
236595,11,R,27,Z,0,R,7,R,20
236595,12,R,3488,Z,0,R,1164,R,2324
236610,1,R,6932,R,2603,R,2574,R,1755
236610,2,R,6932,R,2603,R,2574,R,1755
236610,3,R,4684,R,1512,R,1947,R,1225
236610,11,R,2248,R,1091,R,627,R,530
236638,1,R,6279,R,1200,R,2400,R,2679
236638,2,R,6279,R,1200,R,2400,R,2679
236638,3,R,3667,R,872,R,1783,R,1012
236638,11,R,2612,R,328,R,617,R,1667
236656,1,R,6701,R,2016,R,3156,R,1529
236656,2,R,6701,R,2016,R,3156,R,1529
236656,3,R,4146,R,1513,R,2000,R,633
236656,11,R,2555,R,503,R,1156,R,896
236692,1,R,9669,R,2206,R,3025,R,4438
236692,2,R,9669,R,2206,R,3025,R,4438
236692,3,R,6137,R,1734,R,2436,R,1967
236692,11,R,3532,R,472,R,589,R,2471
236708,1,R,5444,R,1778,R,2819,R,847
236708,2,R,5444,R,1778,R,2819,R,847
236708,3,R,4133,R,1392,R,2081,R,660
236708,11,R,1311,R,386,R,738,R,187
236744,1,R,90,A,,A,,R,90
236744,2,R,90,A,,A,,R,90
236744,3,R,90,A,,A,,R,90
236753,1,R,8673,R,1733,R,4456,R,2484
236753,2,R,8673,R,1733,R,4456,R,2484
236753,3,R,6718,R,1352,R,3364,R,2002
236753,11,R,1955,R,381,R,1092,R,482
236887,1,R,4328,R,507,R,1690,R,2131
236887,2,R,4328,R,507,R,1690,R,2131
236887,3,R,3430,R,400,R,1412,R,1618
236887,11,R,898,R,107,R,278,R,513
236896,1,R,1727,R,74,R,343,R,1310
236896,2,R,1420,R,25,R,229,R,1166
236896,3,R,1361,R,23,R,229,R,1109
236896,11,R,59,R,2,Z,0,R,57
236896,12,R,307,R,49,R,114,R,144
236939,1,R,29708,R,6205,R,13319,R,10184
236939,2,R,24297,R,4374,R,11204,R,8719
236939,3,R,23781,R,4244,R,11107,R,8430
236939,11,R,516,R,130,R,97,R,289
236939,12,R,5411,R,1831,R,2115,R,1465
236948,1,R,60215,R,1774,R,19754,R,38687
236948,2,R,42451,R,849,R,16921,R,24681
236948,3,R,33429,R,623,R,16697,R,16109
236948,11,R,9022,R,226,R,224,R,8572
236948,12,R,17764,R,925,R,2833,R,14006
236975,1,R,3615,R,728,R,2071,R,816
236975,2,R,3615,R,728,R,2071,R,816
236975,3,R,2402,R,538,R,1399,R,465
236975,11,R,1213,R,190,R,672,R,351
237011,1,R,16137,R,410,R,5636,R,10091
237011,2,R,15031,R,355,R,5405,R,9271
237011,3,R,14645,R,336,R,5382,R,8927
237011,11,R,386,R,19,R,23,R,344
237011,12,R,1106,R,55,R,231,R,820
237039,1,R,4949,R,1407,R,2506,R,1036
237039,2,R,4949,R,1407,R,2506,R,1036
237039,3,R,3372,R,898,R,1793,R,681
237039,11,R,1577,R,509,R,713,R,355
237057,1,R,1598,A,,A,,R,1598
237057,2,R,1598,A,,A,,R,1598
237057,3,R,1571,A,,A,,R,1571
237057,11,R,27,A,,A,,R,27
237066,1,R,2497,R,74,R,384,R,2039
237066,2,R,2048,R,9,R,160,R,1879
237066,3,R,2000,R,1,R,158,R,1841
237066,11,R,48,R,8,R,2,R,38
237066,12,R,449,R,65,R,224,R,160
237109,1,R,5189,R,1059,R,2965,R,1165
237109,2,R,5189,R,1059,R,2965,R,1165
237109,3,R,3883,R,915,R,2204,R,764
237109,11,R,1306,R,144,R,761,R,401
237127,1,R,65,A,,A,,R,65
237127,2,R,65,A,,A,,R,65
237127,3,R,65,A,,A,,R,65
237136,1,R,258,R,30,R,84,R,144
237136,2,R,244,R,26,R,79,R,139
237136,3,R,182,R,9,R,79,R,94
237136,11,R,62,R,17,R,0,R,45
237136,12,R,14,R,4,R,5,R,5
237145,1,R,31,A,,A,,R,31
237145,2,R,31,A,,A,,R,31
237145,3,R,31,A,,A,,R,31
237172,1,R,122,A,,A,,R,122
237172,2,R,122,A,,A,,R,122
237172,3,R,122,A,,A,,R,122
237181,1,R,688,R,27,R,93,R,568
237181,2,R,661,R,0,R,93,R,568
237181,3,R,651,R,0,R,87,R,564
237181,11,R,10,R,0,R,6,R,4
237181,12,R,27,R,27,R,0,R,0
237215,1,R,1428,R,424,R,888,R,116
237215,2,R,1395,R,397,R,883,R,115
237215,3,R,1155,R,237,R,818,R,100
237215,11,R,240,R,160,R,65,R,15
237215,12,R,33,R,27,R,5,R,1
237242,1,R,108,A,,A,,R,108
237242,2,R,108,A,,A,,R,108
237242,3,R,108,A,,A,,R,108
237303,1,R,95,A,,A,,R,95
237303,2,R,95,A,,A,,R,95
237303,3,R,95,A,,A,,R,95
237312,1,R,3978,R,2373,R,1239,R,366
237312,2,R,3061,R,1726,R,1059,R,276
237312,3,R,3022,R,1720,R,1056,R,246
237312,11,R,39,R,6,R,3,R,30
237312,12,R,917,R,647,R,180,R,90
237321,1,R,94,A,,A,,R,94
237321,2,R,94,A,,A,,R,94
237321,3,R,94,A,,A,,R,94
237330,1,R,2192,R,795,R,810,R,587
237330,2,R,1722,R,374,R,807,R,541
237330,3,R,1549,R,319,R,793,R,437
237330,11,R,173,R,55,R,14,R,104
237330,12,R,470,R,421,R,3,R,46
237358,1,R,781,R,27,R,78,R,676
237358,2,R,781,R,27,R,78,R,676
237358,3,R,768,R,24,R,77,R,667
237358,11,R,13,R,3,R,1,R,9
237367,1,R,3749,R,790,R,2289,R,670
237367,2,R,3439,R,597,R,2183,R,659
237367,3,R,2743,R,195,R,1947,R,601
237367,11,R,696,R,402,R,236,R,58
237367,12,R,310,R,193,R,106,R,11
237385,1,R,2006,R,320,R,1279,R,407
237385,2,R,1949,R,306,R,1236,R,407
237385,3,R,1424,R,82,R,1071,R,271
237385,11,R,525,R,224,R,165,R,136
237385,12,R,57,R,14,R,43,R,0
237437,1,R,327,R,261,R,61,R,5
237437,2,R,327,R,261,R,61,R,5
237437,3,R,320,R,257,R,61,R,2
237437,11,R,7,R,4,R,0,R,3
237473,1,R,152,A,,A,,R,152
237473,2,R,152,A,,A,,R,152
237473,3,R,152,A,,A,,R,152
237491,1,R,29,A,,A,,R,29
237491,2,R,29,A,,A,,R,29
237491,3,R,29,A,,A,,R,29
237525,1,R,12769,R,2813,R,6092,R,3864
237525,2,R,9468,R,1360,R,5531,R,2577
237525,3,R,7730,R,858,R,5200,R,1672
237525,11,R,1738,R,502,R,331,R,905
237525,12,R,3301,R,1453,R,561,R,1287
237543,1,R,109,A,,A,,R,109
237543,2,R,109,A,,A,,R,109
237543,3,R,109,A,,A,,R,109
237561,1,R,70,A,,A,,R,70
237561,2,R,70,A,,A,,R,70
237561,3,R,70,A,,A,,R,70
237570,1,R,127,A,,A,,R,127
237570,2,R,127,A,,A,,R,127
237570,3,R,127,A,,A,,R,127
237686,1,R,3168,R,891,R,1692,R,585
237686,2,R,3168,R,891,R,1692,R,585
237686,3,R,2118,R,771,R,1038,R,309
237686,11,R,1050,R,120,R,654,R,276
237701,1,R,1383,R,380,R,546,R,457
237701,2,R,1383,R,380,R,546,R,457
237701,3,R,1093,R,241,R,533,R,319
237701,11,R,290,R,139,R,13,R,138
237729,1,R,216,A,,A,,R,216
237729,2,R,216,A,,A,,R,216
237729,3,R,216,A,,A,,R,216
237783,1,R,1400,R,778,R,622,R,0
237783,2,R,1060,R,551,R,509,R,0
237783,3,R,1050,R,545,R,505,R,0
237783,11,R,10,R,6,R,4,R,0
237783,12,R,340,R,227,R,113,R,0
237792,1,R,3834,R,635,R,2171,R,1028
237792,2,R,3158,R,190,R,2076,R,892
237792,3,R,2595,R,107,R,1963,R,525
237792,11,R,563,R,83,R,113,R,367
237792,12,R,676,R,445,R,95,R,136
237817,1,R,1724,R,732,R,730,R,262
237817,2,R,1724,R,732,R,730,R,262
237817,3,R,1320,R,618,R,500,R,202
237817,11,R,404,R,114,R,230,R,60
237844,1,R,130,A,,A,,R,130
237844,2,R,130,A,,A,,R,130
237844,3,R,130,A,,A,,R,130
237880,1,R,798,A,,A,,R,798
237880,12,R,798,A,,A,,R,798
237899,1,R,4312,R,522,R,2159,R,1631
237899,2,R,4138,R,503,R,2076,R,1559
237899,3,R,1490,R,180,R,1280,R,30
237899,11,R,2648,R,323,R,796,R,1529
237899,12,R,174,R,19,R,83,R,72
237905,1,R,61,A,,A,,R,61
237905,2,R,60,A,,A,,R,60
237905,3,R,60,A,,A,,R,60
237905,12,R,1,A,,A,,R,1
237932,1,R,2638,R,208,R,1655,R,775
237932,2,R,2105,R,12,R,1380,R,713
237932,3,R,1652,R,12,R,1265,R,375
237932,11,R,453,R,0,R,115,R,338
237932,12,R,533,R,196,R,275,R,62
237950,1,R,1632,R,610,R,493,R,529
237950,2,R,1632,R,610,R,493,R,529
237950,3,R,1118,R,100,R,489,R,529
237950,11,R,514,R,510,R,4,R,0
237969,1,R,1055,R,43,R,340,R,672
237969,2,R,972,R,9,R,302,R,661
237969,3,R,940,R,8,R,281,R,651
237969,11,R,32,R,1,R,21,R,10
237969,12,R,83,R,34,R,38,R,11
237987,1,R,471,R,237,R,225,R,9
237987,2,R,471,R,237,R,225,R,9
237987,3,R,471,R,237,R,225,R,9
237996,1,R,912,R,812,R,78,R,22
237996,2,R,912,R,812,R,78,R,22
237996,3,R,912,R,812,R,78,R,22
238005,1,R,117,A,,A,,R,117
238005,2,R,117,A,,A,,R,117
238005,3,R,117,A,,A,,R,117
238014,1,R,2035,R,1158,R,660,R,217
238014,2,R,2035,R,1158,R,660,R,217
238014,3,R,1044,R,497,R,491,R,56
238014,11,R,991,R,661,R,169,R,161
238032,1,R,27150,R,3869,R,11077,R,12204
238032,2,R,20425,R,1528,R,10231,R,8666
238032,3,R,18783,R,1181,R,9754,R,7848
238032,11,R,1642,R,347,R,477,R,818
238032,12,R,6725,R,2341,R,846,R,3538
238078,1,R,878,R,178,R,499,R,201
238078,2,R,648,R,62,R,390,R,196
238078,3,R,590,R,10,R,387,R,193
238078,11,R,58,R,52,R,3,R,3
238078,12,R,230,R,116,R,109,R,5
238096,1,R,27,A,,A,,R,27
238096,2,R,27,A,,A,,R,27
238096,3,R,27,A,,A,,R,27
238175,1,R,185,A,,A,,R,185
238175,2,R,185,A,,A,,R,185
238175,3,R,185,A,,A,,R,185
238193,1,R,2104,R,507,R,1080,R,517
238193,2,R,1031,R,185,R,594,R,252
238193,3,R,815,R,102,R,570,R,143
238193,11,R,216,R,83,R,24,R,109
238193,12,R,1073,R,322,R,486,R,265
238263,1,R,17845,R,4460,R,5823,R,7562
238263,2,R,17786,R,4407,R,5818,R,7561
238263,3,R,11531,R,3267,R,5416,R,2848
238263,11,R,6255,R,1140,R,402,R,4713
238263,12,R,59,R,53,R,5,R,1
238324,1,R,1067,R,100,R,593,R,374
238324,2,R,803,R,10,R,455,R,338
238324,3,R,379,R,6,R,267,R,106
238324,11,R,424,R,4,R,188,R,232
238324,12,R,264,R,90,R,138,R,36
238333,1,R,1080,R,27,R,27,R,1026
238333,2,R,1080,R,27,R,27,R,1026
238333,3,R,935,R,3,R,25,R,907
238333,11,R,145,R,24,R,2,R,119
238397,1,R,5464,R,1073,R,1431,R,2960
238397,2,R,5464,R,1073,R,1431,R,2960
238397,3,R,3596,R,928,R,1325,R,1343
238397,11,R,1868,R,145,R,106,R,1617
238458,1,R,3310,R,16,R,1496,R,1798
238458,2,R,2733,R,11,R,1308,R,1414
238458,3,R,2607,R,11,R,1297,R,1299
238458,11,R,126,R,0,R,11,R,115
238458,12,R,577,R,5,R,188,R,384
238476,1,R,2897,R,10,R,151,R,2736
238476,2,R,2722,R,9,R,104,R,2609
238476,3,R,2702,R,0,R,104,R,2598
238476,11,R,20,R,9,R,0,R,11
238476,12,R,175,R,1,R,47,R,127
238616,1,R,6740,R,2424,R,1660,R,2656
238616,2,R,3108,R,833,R,846,R,1429
238616,3,R,2701,R,562,R,842,R,1297
238616,11,R,407,R,271,R,4,R,132
238616,12,R,3632,R,1591,R,814,R,1227
238661,1,R,2538,R,694,R,921,R,923
238661,2,R,1326,R,15,R,430,R,881
238661,3,R,1147,R,15,R,429,R,703
238661,11,R,179,R,0,R,1,R,178
238661,12,R,1212,R,679,R,491,R,42
238722,1,R,17383,R,3166,R,2801,R,11416
238722,2,R,17383,R,3166,R,2801,R,11416
238722,3,R,8741,R,1943,R,2541,R,4257
238722,11,R,8642,R,1223,R,260,R,7159
238759,1,R,14718,R,1444,R,2915,R,10359
238759,2,R,14718,R,1444,R,2915,R,10359
238759,3,R,6333,R,1182,R,2696,R,2455
238759,11,R,8385,R,262,R,219,R,7904
238810,1,R,103,A,,A,,R,103
238810,2,R,103,A,,A,,R,103
238810,3,R,103,A,,A,,R,103
238980,1,R,3611,R,418,R,1259,R,1934
238980,2,R,2989,R,271,R,898,R,1820
238980,3,R,1521,R,264,R,894,R,363
238980,11,R,1468,R,7,R,4,R,1457
238980,12,R,622,R,147,R,361,R,114
239008,1,R,4483,R,635,R,1663,R,2185
239008,2,R,4483,R,635,R,1663,R,2185
239008,3,R,2312,R,389,R,1359,R,564
239008,11,R,2171,R,246,R,304,R,1621
239017,1,R,1483,A,,A,,R,1483
239017,2,R,1483,A,,A,,R,1483
239017,3,R,1464,A,,A,,R,1464
239017,11,R,19,A,,A,,R,19
239071,1,R,1534,R,980,R,235,R,319
239071,2,R,1202,R,667,R,226,R,309
239071,3,R,641,R,178,R,225,R,238
239071,11,R,561,R,489,R,1,R,71
239071,12,R,332,R,313,R,9,R,10
239080,1,R,1758,R,516,R,480,R,762
239080,2,R,1397,R,247,R,418,R,732
239080,3,R,1277,R,238,R,413,R,626
239080,11,R,120,R,9,R,5,R,106
239080,12,R,361,R,269,R,62,R,30
239105,1,R,12327,R,800,R,4369,R,7158
239105,2,R,8183,R,355,R,2935,R,4893
239105,3,R,7356,R,54,R,2862,R,4440
239105,11,R,827,R,301,R,73,R,453
239105,12,R,4144,R,445,R,1434,R,2265
239169,1,R,1699,R,68,R,383,R,1248
239169,12,R,1699,R,68,R,383,R,1248
239220,1,R,5954,R,1036,R,1995,R,2923
239220,2,R,5954,R,1036,R,1995,R,2923
239220,3,R,2889,R,699,R,1607,R,583
239220,11,R,3065,R,337,R,388,R,2340
239248,1,R,21265,R,5132,R,6824,R,9309
239248,2,R,21265,R,5132,R,6824,R,9309
239248,3,R,15853,R,4264,R,6460,R,5129
239248,11,R,5412,R,868,R,364,R,4180
239309,1,R,915,R,3,R,407,R,505
239309,2,R,915,R,3,R,407,R,505
239309,3,R,905,R,3,R,407,R,495
239309,11,R,10,R,0,Z,0,R,10
239318,1,R,2973,R,143,R,937,R,1893
239318,2,R,2724,R,15,R,868,R,1841
239318,3,R,2663,R,0,R,867,R,1796
239318,11,R,61,R,15,R,1,R,45
239318,12,R,249,R,128,R,69,R,52
239372,1,R,7953,R,1234,R,1243,R,5476
239372,2,R,7953,R,1234,R,1243,R,5476
239372,3,R,3328,R,999,R,1092,R,1237
239372,11,R,4625,R,235,R,151,R,4239
239390,1,R,1447,R,146,R,896,R,405
239390,2,R,906,R,9,R,598,R,299
239390,3,R,738,R,6,R,596,R,136
239390,11,R,168,R,3,R,2,R,163
239390,12,R,541,R,137,R,298,R,106
239424,1,R,151,R,16,R,84,R,51
239424,12,R,151,R,16,R,84,R,51
239442,1,R,1876,R,548,R,424,R,904
239442,2,R,1876,R,548,R,424,R,904
239442,3,R,1029,R,402,R,308,R,319
239442,11,R,847,R,146,R,116,R,585
239460,1,R,9621,R,2748,R,1802,R,5071
239460,2,R,9621,R,2748,R,1802,R,5071
239460,3,R,4452,R,2153,R,1501,R,798
239460,11,R,5169,R,595,R,301,R,4273
239488,1,R,15130,R,2644,R,3475,R,9011
239488,2,R,15130,R,2644,R,3475,R,9011
239488,3,R,8605,R,1660,R,3043,R,3902
239488,11,R,6525,R,984,R,432,R,5109
239512,1,R,502,R,0,R,50,R,452
239512,2,R,502,R,0,R,50,R,452
239512,3,R,463,R,0,R,50,R,413
239512,11,R,39,R,0,R,0,R,39
239628,1,R,762,R,13,R,55,R,694
239628,2,R,749,R,0,R,55,R,694
239628,3,R,723,R,0,R,53,R,670
239628,11,R,26,R,0,R,2,R,24
239628,12,R,13,R,13,R,0,R,0
239637,1,R,144,R,5,R,0,R,139
239637,12,R,144,R,5,R,0,R,139
239716,1,R,2317,R,7,R,509,R,1801
239716,2,R,2228,R,6,R,472,R,1750
239716,3,R,1777,R,1,R,466,R,1310
239716,11,R,451,R,5,R,6,R,440
239716,12,R,89,R,1,R,37,R,51
239877,1,R,86,A,,A,,R,86
239877,2,R,86,A,,A,,R,86
239877,3,R,86,A,,A,,R,86
239910,1,R,3539,R,771,R,472,R,2296
239910,2,R,3539,R,771,R,472,R,2296
239910,3,R,1567,R,434,R,337,R,796
239910,11,R,1972,R,337,R,135,R,1500
240107,1,R,2754,R,566,R,1195,R,993
240107,2,R,1581,R,299,R,787,R,495
240107,3,R,1510,R,270,R,783,R,457
240107,11,R,71,R,29,R,4,R,38
240107,12,R,1173,R,267,R,408,R,498
240116,1,R,12848,R,2111,R,3067,R,7670
240116,2,R,12848,R,2111,R,3067,R,7670
240116,3,R,6135,R,1444,R,2747,R,1944
240116,11,R,6713,R,667,R,320,R,5726
240125,1,R,11044,R,935,R,2189,R,7920
240125,2,R,11044,R,935,R,2189,R,7920
240125,3,R,5919,R,419,R,2019,R,3481
240125,11,R,5125,R,516,R,170,R,4439
240170,1,R,5304,R,1499,R,2274,R,1531
240170,2,R,5304,R,1499,R,2274,R,1531
240170,3,R,4580,R,1183,R,2015,R,1382
240170,11,R,724,R,316,R,259,R,149
240189,1,R,13427,R,3437,R,6536,R,3454
240189,2,R,11204,R,1733,R,6213,R,3258
240189,3,R,9909,R,1209,R,6121,R,2579
240189,11,R,1295,R,524,R,92,R,679
240189,12,R,2223,R,1704,R,323,R,196
240198,1,R,5271,R,677,R,2174,R,2420
240198,2,R,5271,R,677,R,2174,R,2420
240198,3,R,2740,R,412,R,1856,R,472
240198,11,R,2531,R,265,R,318,R,1948
240213,1,R,91,A,,A,,R,91
240213,12,R,91,A,,A,,R,91
240268,1,R,10928,R,1232,R,6141,R,3555
240268,2,R,10123,R,642,R,6014,R,3467
240268,3,R,9595,R,445,R,5942,R,3208
240268,11,R,528,R,197,R,72,R,259
240268,12,R,805,R,590,R,127,R,88
240277,1,R,12903,R,3751,R,5128,R,4024
240277,2,R,12290,R,3458,R,4912,R,3920
240277,3,R,7043,R,2182,R,4486,R,375
240277,11,R,5247,R,1276,R,426,R,3545
240277,12,R,613,R,293,R,216,R,104
240329,1,R,11038,R,846,R,7948,R,2244
240329,2,R,9894,R,209,R,7647,R,2038
240329,3,R,9614,R,152,R,7626,R,1836
240329,11,R,280,R,57,R,21,R,202
240329,12,R,1144,R,637,R,301,R,206
240338,1,R,1313,R,65,R,200,R,1048
240338,2,R,1227,R,20,R,159,R,1048
240338,3,R,1061,R,20,R,159,R,882
240338,11,R,166,R,0,R,0,R,166
240338,12,R,86,R,45,R,41,R,0
240365,1,R,16064,R,1652,R,5786,R,8626
240365,2,R,14790,R,1021,R,5372,R,8397
240365,3,R,8178,R,904,R,5290,R,1984
240365,11,R,6612,R,117,R,82,R,6413
240365,12,R,1274,R,631,R,414,R,229
240374,1,R,4925,R,1275,R,2508,R,1142
240374,2,R,3952,R,484,R,2356,R,1112
240374,3,R,3271,R,405,R,2331,R,535
240374,11,R,681,R,79,R,25,R,577
240374,12,R,973,R,791,R,152,R,30
240392,1,R,8191,R,7628,R,544,R,19
240392,2,R,4524,R,4062,R,443,R,19
240392,3,R,4496,R,4034,R,443,R,19
240392,11,R,28,R,28,Z,0,R,0
240392,12,R,3667,R,3566,R,101,R,0
240417,1,R,7818,R,1834,R,4232,R,1752
240417,2,R,6648,R,1040,R,3960,R,1648
240417,3,R,6355,R,911,R,3869,R,1575
240417,11,R,293,R,129,R,91,R,73
240417,12,R,1170,R,794,R,272,R,104
240426,1,R,3367,R,1673,R,683,R,1011
240426,2,R,2485,R,867,R,618,R,1000
240426,3,R,2171,R,782,R,608,R,781
240426,11,R,314,R,85,R,10,R,219
240426,12,R,882,R,806,R,65,R,11
240444,1,R,53774,R,2730,R,21996,R,29048
240444,2,R,39637,R,1596,R,19161,R,18880
240444,3,R,37353,R,872,R,18948,R,17533
240444,11,R,2284,R,724,R,213,R,1347
240444,12,R,14137,R,1134,R,2835,R,10168
240453,1,R,26166,R,3944,R,16062,R,6160
240453,2,R,21020,R,2760,R,13656,R,4604
240453,3,R,18407,R,1902,R,13379,R,3126
240453,11,R,2613,R,858,R,277,R,1478
240453,12,R,5146,R,1184,R,2406,R,1556
240462,1,R,7393,R,1330,R,2278,R,3785
240462,2,R,6851,R,791,R,2277,R,3783
240462,3,R,6259,R,450,R,2239,R,3570
240462,11,R,592,R,341,R,38,R,213
240462,12,R,542,R,539,R,1,R,2
240471,1,R,5682,R,558,R,3834,R,1290
240471,2,R,5146,R,343,R,3660,R,1143
240471,3,R,4398,R,175,R,3606,R,617
240471,11,R,748,R,168,R,54,R,526
240471,12,R,536,R,215,R,174,R,147
240480,1,R,9050,R,1210,R,5755,R,2085
240480,2,R,8207,R,785,R,5485,R,1937
240480,3,R,7634,R,515,R,5452,R,1667
240480,11,R,573,R,270,R,33,R,270
240480,12,R,843,R,425,R,270,R,148
240505,1,R,4582,R,1185,R,1746,R,1651
240505,2,R,4582,R,1185,R,1746,R,1651
240505,3,R,2777,R,742,R,1466,R,569
240505,11,R,1805,R,443,R,280,R,1082
240514,1,R,2593,R,654,R,745,R,1194
240514,2,R,2593,R,654,R,745,R,1194
240514,3,R,1264,R,428,R,586,R,250
240514,11,R,1329,R,226,R,159,R,944
240596,1,R,1864,R,192,R,491,R,1181
240596,2,R,1864,R,192,R,491,R,1181
240596,3,R,607,R,88,R,287,R,232
240596,11,R,1257,R,104,R,204,R,949
240620,1,R,5681,R,1184,R,1897,R,2600
240620,2,R,5681,R,1184,R,1897,R,2600
240620,3,R,2916,R,706,R,1492,R,718
240620,11,R,2765,R,478,R,405,R,1882
240657,1,R,1724,R,399,R,614,R,711
240657,2,R,1724,R,399,R,614,R,711
240657,3,R,957,R,148,R,481,R,328
240657,11,R,767,R,251,R,133,R,383
240666,1,R,4087,R,829,R,1421,R,1837
240666,2,R,4087,R,829,R,1421,R,1837
240666,3,R,1932,R,488,R,969,R,475
240666,11,R,2155,R,341,R,452,R,1362
240693,1,R,3279,R,830,R,1191,R,1258
240693,2,R,3279,R,830,R,1191,R,1258
240693,3,R,1561,R,448,R,785,R,328
240693,11,R,1718,R,382,R,406,R,930
240709,1,R,57,A,,A,,R,57
240709,2,R,57,A,,A,,R,57
240709,3,R,57,A,,A,,R,57
240718,1,R,1460,A,,A,,R,1460
240718,2,R,1460,A,,A,,R,1460
240718,3,R,1452,A,,A,,R,1452
240718,11,R,8,A,,A,,R,8
240727,1,R,12323,R,2494,R,7986,R,1843
240727,2,R,9242,R,1602,R,6223,R,1417
240727,3,R,8919,R,1432,R,6149,R,1338
240727,11,R,323,R,170,R,74,R,79
240727,12,R,3081,R,892,R,1763,R,426
240736,1,R,1401,A,,A,,R,1401
240736,2,R,1401,A,,A,,R,1401
240736,3,R,1306,A,,A,,R,1306
240736,11,R,95,A,,A,,R,95
240745,1,R,1838,R,25,R,288,R,1525
240745,2,R,1838,R,25,R,288,R,1525
240745,3,R,1610,R,24,R,282,R,1304
240745,11,R,228,R,1,R,6,R,221
240754,1,R,3289,R,92,R,1916,R,1281
240754,2,R,2906,R,43,R,1839,R,1024
240754,3,R,2819,R,36,R,1828,R,955
240754,11,R,87,R,7,R,11,R,69
240754,12,R,383,R,49,R,77,R,257
240790,1,R,1457,R,62,R,1022,R,373
240790,2,R,1457,R,62,R,1022,R,373
240790,3,R,1435,R,58,R,1012,R,365
240790,11,R,22,R,4,R,10,R,8
240879,1,R,342,A,,A,,R,342
240879,2,R,342,A,,A,,R,342
240879,3,R,342,A,,A,,R,342
241146,1,R,401,R,0,R,83,R,318
241146,2,R,401,R,0,R,83,R,318
241146,3,R,401,R,0,R,83,R,318
241182,1,R,461,A,,A,,R,461
241182,2,R,461,A,,A,,R,461
241182,3,R,461,A,,A,,R,461
241191,1,R,1090,R,190,R,741,R,159
241191,2,R,926,R,91,R,713,R,122
241191,3,R,899,R,79,R,708,R,112
241191,11,R,27,R,12,R,5,R,10
241191,12,R,164,R,99,R,28,R,37
241216,1,R,1783,A,,A,,R,1783
241216,2,R,1685,A,,A,,R,1685
241216,3,R,1685,A,,A,,R,1685
241216,12,R,98,A,,A,,R,98
241225,1,R,906,R,140,R,614,R,152
241225,2,R,703,R,80,R,498,R,125
241225,3,R,662,R,55,R,487,R,120
241225,11,R,41,R,25,R,11,R,5
241225,12,R,203,R,60,R,116,R,27
241304,1,R,3780,Z,0,R,3780,R,0
241304,2,R,3338,Z,0,R,3338,R,0
241304,3,R,3338,Z,0,R,3338,R,0
241304,12,R,442,Z,0,R,442,R,0
241331,1,R,3076,R,50,R,1810,R,1216
241331,2,R,1047,R,27,R,752,R,268
241331,3,R,1037,R,27,R,752,R,258
241331,11,R,10,R,0,R,0,R,10
241331,12,R,2029,R,23,R,1058,R,948
241377,1,R,1663,R,321,R,987,R,355
241377,2,R,1234,R,168,R,778,R,288
241377,3,R,907,R,44,R,575,R,288
241377,11,R,327,R,124,R,203,R,0
241377,12,R,429,R,153,R,209,R,67
241386,1,R,224,R,34,R,148,R,42
241386,2,R,191,R,34,R,126,R,31
241386,3,R,141,R,0,R,110,R,31
241386,11,R,50,R,34,R,16,R,0
241386,12,R,33,R,0,R,22,R,11
241395,1,R,728,R,48,R,345,R,335
241395,2,R,370,R,46,R,262,R,62
241395,3,R,303,R,26,R,237,R,40
241395,11,R,67,R,20,R,25,R,22
241395,12,R,358,R,2,R,83,R,273
241410,1,R,6041,R,168,R,2888,R,2985
241410,2,R,4314,R,164,R,2690,R,1460
241410,3,R,4066,R,110,R,2633,R,1323
241410,11,R,248,R,54,R,57,R,137
241410,12,R,1727,R,4,R,198,R,1525
241517,1,R,294,R,0,R,131,R,163
241517,2,R,294,R,0,R,131,R,163
241517,3,R,294,R,0,R,131,R,163
241614,1,R,394,R,56,R,28,R,310
241614,2,R,268,R,45,R,9,R,214
241614,3,R,265,R,45,R,9,R,211
241614,11,R,3,R,0,R,0,R,3
241614,12,R,126,R,11,R,19,R,96
241720,1,R,643,R,0,R,0,R,643
241720,2,R,643,R,0,R,0,R,643
241720,3,R,643,R,0,R,0,R,643
241739,1,R,7147,R,0,R,1519,R,5628
241739,2,R,5531,R,0,R,1080,R,4451
241739,3,R,5446,R,0,R,1067,R,4379
241739,11,R,85,Z,0,R,13,R,72
241739,12,R,1616,Z,0,R,439,R,1177
241766,1,R,331,R,20,R,0,R,311
241766,2,R,297,R,5,R,0,R,292
241766,3,R,264,R,0,R,0,R,264
241766,11,R,33,R,5,R,0,R,28
241766,12,R,34,R,15,R,0,R,19
241793,1,R,388,R,0,R,0,R,388
241793,12,R,388,R,0,R,0,R,388
241836,1,R,1637,R,383,R,765,R,489
241836,2,R,1574,R,383,R,765,R,426
241836,3,R,1570,R,383,R,763,R,424
241836,11,R,4,R,0,R,2,R,2
241836,12,R,63,A,,A,,R,63
241906,1,P,296,A,,A,,P,296
241906,2,P,296,A,,A,,P,296
241906,3,P,296,A,,A,,P,296
241951,1,R,536,R,0,R,4,R,532
241951,2,R,536,R,0,R,4,R,532
241951,3,R,536,R,0,R,4,R,532
242042,1,R,307,A,,A,,R,307
242042,2,R,307,A,,A,,R,307
242042,3,R,307,A,,A,,R,307
242112,1,R,860,R,22,R,53,R,785
242112,2,R,860,R,22,R,53,R,785
242112,3,R,860,R,22,R,53,R,785
242121,1,R,301,R,0,R,170,R,131
242121,2,R,301,R,0,R,170,R,131
242121,3,R,301,R,0,R,170,R,131
242130,1,R,517,R,0,R,255,R,262
242130,2,R,517,R,0,R,255,R,262
242130,3,R,517,R,0,R,255,R,262
242149,1,R,640,R,213,R,427,R,0
242149,2,R,640,R,213,R,427,R,0
242149,3,R,640,R,213,R,427,R,0
242556,1,R,296,A,,A,,R,296
242556,2,R,296,A,,A,,R,296
242556,3,R,296,A,,A,,R,296
242583,1,R,206,A,,A,,R,206
242583,2,R,206,A,,A,,R,206
242583,3,R,200,A,,A,,R,200
242583,11,R,6,A,,A,,R,6
242617,1,R,3495,R,257,R,2488,R,750
242617,2,R,2942,R,144,R,2410,R,388
242617,3,R,2842,R,117,R,2383,R,342
242617,11,R,100,R,27,R,27,R,46
242617,12,R,553,R,113,R,78,R,362
242626,1,R,3688,R,486,R,2667,R,535
242626,2,R,3466,R,412,R,2592,R,462
242626,3,R,3323,R,354,R,2550,R,419
242626,11,R,143,R,58,R,42,R,43
242626,12,R,222,R,74,R,75,R,73
242635,1,R,3105,R,848,R,1980,R,277
242635,2,R,2852,R,784,R,1884,R,184
242635,3,R,2527,R,550,R,1838,R,139
242635,11,R,325,R,234,R,46,R,45
242635,12,R,253,R,64,R,96,R,93
242644,1,R,1164,R,153,R,765,R,246
242644,2,R,1080,R,120,R,743,R,217
242644,3,R,1042,R,89,R,740,R,213
242644,11,R,38,R,31,R,3,R,4
242644,12,R,84,R,33,R,22,R,29
242653,1,R,5210,R,700,R,2505,R,2005
242653,2,R,3499,R,551,R,2207,R,741
242653,3,R,3104,R,469,R,2154,R,481
242653,11,R,395,R,82,R,53,R,260
242653,12,R,1711,R,149,R,298,R,1264
242662,1,R,3431,R,1158,R,1865,R,408
242662,2,R,2891,R,809,R,1817,R,265
242662,3,R,2806,R,772,R,1806,R,228
242662,11,R,85,R,37,R,11,R,37
242662,12,R,540,R,349,R,48,R,143
242680,1,R,1462,R,351,R,920,R,191
242680,2,R,1356,R,317,R,866,R,173
242680,3,R,1292,R,263,R,864,R,165
242680,11,R,64,R,54,R,2,R,8
242680,12,R,106,R,34,R,54,R,18
242699,1,R,2252,R,734,R,1333,R,185
242699,2,R,2141,R,670,R,1289,R,182
242699,3,R,2121,R,660,R,1286,R,175
242699,11,R,20,R,10,R,3,R,7
242699,12,R,111,R,64,R,44,R,3
242705,1,R,3921,R,282,R,2904,R,735
242705,2,R,3861,R,281,R,2897,R,683
242705,3,R,3781,R,266,R,2887,R,628
242705,11,R,80,R,15,R,10,R,55
242705,12,R,60,R,1,R,7,R,52
242723,1,R,746,R,3,R,131,R,612
242723,12,R,746,R,3,R,131,R,612
242820,1,R,696,A,,A,,R,696
242820,2,R,696,A,,A,,R,696
242820,3,R,696,A,,A,,R,696
242945,1,R,272,A,,A,,R,272
242945,2,R,272,A,,A,,R,272
242945,3,R,272,A,,A,,R,272
242954,1,R,93,A,,A,,R,93
242954,2,R,93,A,,A,,R,93
242954,3,R,93,A,,A,,R,93
242972,1,R,41015,R,7520,R,33494,R,1
242972,2,R,38718,R,6330,R,32387,R,1
242972,3,R,38494,R,6239,R,32255,R,0
242972,11,R,224,R,91,R,132,R,1
242972,12,R,2297,R,1190,R,1107,R,0
243081,1,R,896,R,0,R,297,R,599
243081,12,R,896,R,0,R,297,R,599
243106,1,R,2020,R,6,R,961,R,1053
243106,2,R,2020,R,6,R,961,R,1053
243106,3,R,1935,R,6,R,953,R,976
243106,11,R,85,R,0,R,8,R,77
243115,1,R,3019,R,13,R,1369,R,1637
243115,2,R,3010,R,13,R,1369,R,1628
243115,3,R,2885,R,9,R,1359,R,1517
243115,11,R,125,R,4,R,10,R,111
243115,12,R,9,A,,A,,R,9
243133,1,R,3027,R,139,R,1642,R,1246
243133,2,R,3027,R,139,R,1642,R,1246
243133,3,R,3027,R,139,R,1642,R,1246
243142,1,R,3116,R,339,R,2021,R,756
243142,2,R,3116,R,339,R,2021,R,756
243142,3,R,2492,R,132,R,1980,R,380
243142,11,R,624,R,207,R,41,R,376
243151,1,R,2271,R,471,R,0,R,1800
243151,2,R,2271,R,471,R,0,R,1800
243151,3,R,2231,R,471,R,0,R,1760
243151,11,R,40,R,0,R,0,R,40
243179,1,R,2920,R,217,R,1558,R,1145
243179,2,R,2920,R,217,R,1558,R,1145
243179,3,R,2611,R,184,R,1547,R,880
243179,11,R,309,R,33,R,11,R,265
243188,1,R,348,R,5,R,99,R,244
243188,2,R,348,R,5,R,99,R,244
243188,3,R,335,R,2,R,99,R,234
243188,11,R,13,R,3,R,0,R,10
243197,1,R,11239,R,227,R,2665,R,8347
243197,2,R,10273,R,212,R,2552,R,7509
243197,3,R,9786,R,26,R,2479,R,7281
243197,11,R,487,R,186,R,73,R,228
243197,12,R,966,R,15,R,113,R,838
243203,1,R,1982,R,273,R,1100,R,609
243203,2,R,228,R,1,R,140,R,87
243203,3,R,228,R,1,R,140,R,87
243203,12,R,1754,R,272,R,960,R,522
243212,1,R,2464,Z,0,R,277,R,2187
243212,2,R,2464,Z,0,R,277,R,2187
243212,3,R,2291,Z,0,R,271,R,2020
243212,11,R,173,Z,0,R,6,R,167
243221,1,R,15593,R,139,R,1912,R,13542
243221,2,R,11988,R,45,R,1464,R,10479
243221,3,R,11693,R,32,R,1447,R,10214
243221,11,R,295,R,13,R,17,R,265
243221,12,R,3605,R,94,R,448,R,3063
243346,1,R,6080,R,1,R,2626,R,3453
243346,2,R,5254,R,0,R,2294,R,2960
243346,3,R,5050,R,0,R,2281,R,2769
243346,11,R,204,R,0,R,13,R,191
243346,12,R,826,R,1,R,332,R,493
243443,1,R,5576,R,771,R,4256,R,549
243443,2,R,4896,R,640,R,3707,R,549
243443,3,R,4517,R,640,R,3459,R,418
243443,11,R,379,R,0,R,248,R,131
243443,12,R,680,R,131,R,549,R,0
243498,1,R,162,A,,A,,R,162
243498,12,R,162,A,,A,,R,162
243568,1,R,579,R,4,R,0,R,575
243568,2,R,97,R,4,R,0,R,93
243568,3,R,97,R,4,R,0,R,93
243568,12,R,482,R,0,R,0,R,482
243577,1,R,5342,R,1373,R,1756,R,2213
243577,2,R,4588,R,983,R,1642,R,1963
243577,3,R,4391,R,876,R,1628,R,1887
243577,11,R,197,R,107,R,14,R,76
243577,12,R,754,R,390,R,114,R,250
243586,1,R,797,R,40,R,541,R,216
243586,2,R,692,R,39,R,496,R,157
243586,3,R,659,R,29,R,488,R,142
243586,11,R,33,R,10,R,8,R,15
243586,12,R,105,R,1,R,45,R,59
243601,1,R,11122,R,3,R,2897,R,8222
243601,2,R,8831,R,0,R,2499,R,6332
243601,3,R,8700,R,0,R,2494,R,6206
243601,11,R,131,R,0,R,5,R,126
243601,12,R,2291,R,3,R,398,R,1890
243638,1,R,2437,R,0,R,2437,R,0
243638,2,R,2437,R,0,R,2437,R,0
243638,3,R,2437,R,0,R,2437,R,0
243647,1,R,476,Z,0,R,37,R,439
243647,2,R,476,Z,0,R,37,R,439
243647,3,R,464,Z,0,R,37,R,427
243647,11,R,12,Z,0,R,0,R,12
243665,1,R,2045,R,382,R,880,R,783
243665,2,R,1778,R,303,R,850,R,625
243665,3,R,1663,R,254,R,832,R,577
243665,11,R,115,R,49,R,18,R,48
243665,12,R,267,R,79,R,30,R,158
243744,1,R,21132,R,434,R,1456,R,19242
243744,2,R,9372,R,434,R,0,R,8938
243744,3,R,8007,R,0,R,0,R,8007
243744,11,R,1365,R,434,R,0,R,931
243744,12,R,11760,R,0,R,1456,R,10304
243780,1,R,57417,R,5945,R,29028,R,22444
243780,2,R,42745,R,1391,R,26208,R,15146
243780,3,R,41275,R,1000,R,26167,R,14108
243780,11,R,1470,R,391,R,41,R,1038
243780,12,R,14672,R,4554,R,2820,R,7298
243799,1,R,38,A,,A,,R,38
243799,2,R,38,A,,A,,R,38
243799,3,R,38,A,,A,,R,38
243823,1,R,2978,R,217,R,894,R,1867
243823,2,R,922,R,66,R,289,R,567
243823,3,R,897,R,66,R,277,R,554
243823,11,R,25,R,0,R,12,R,13
243823,12,R,2056,R,151,R,605,R,1300
243832,1,R,2138,R,745,R,1116,R,277
243832,2,R,1998,R,706,R,1094,R,198
243832,3,R,1954,R,683,R,1077,R,194
243832,11,R,44,R,23,R,17,R,4
243832,12,R,140,R,39,R,22,R,79
243841,1,R,755,R,440,R,315,R,0
243841,2,R,755,R,440,R,315,R,0
243841,3,R,755,R,440,R,315,R,0
244233,1,R,623,R,1,R,602,R,20
244233,2,R,623,R,1,R,602,R,20
244233,3,R,623,R,1,R,602,R,20
244279,1,R,181,A,,A,,R,181
244279,2,R,181,A,,A,,R,181
244279,3,R,181,A,,A,,R,181
244437,1,R,20682,R,7899,R,8280,R,4503
244437,2,R,20682,R,7899,R,8280,R,4503
244437,3,R,16782,R,5300,R,7646,R,3836
244437,11,R,3900,R,2599,R,634,R,667
244446,1,R,4327,R,1969,R,1038,R,1320
244446,2,R,4327,R,1969,R,1038,R,1320
244446,3,R,3219,R,1524,R,834,R,861
244446,11,R,1108,R,445,R,204,R,459
244613,1,R,620,A,,A,,R,620
244613,2,R,620,A,,A,,R,620
244613,3,R,620,A,,A,,R,620
245281,1,R,155,A,,A,,R,155
245281,2,R,155,A,,A,,R,155
245281,3,R,155,A,,A,,R,155
245625,1,R,3488,R,259,R,589,R,2640
245625,2,R,3488,R,259,R,589,R,2640
245625,3,R,1058,R,225,R,569,R,264
245625,11,R,2430,R,34,R,20,R,2376
245652,1,R,542,R,0,R,86,R,456
245652,2,R,398,A,,A,,R,398
245652,3,R,398,A,,A,,R,398
245652,12,R,144,R,0,R,86,R,58
245777,1,R,123,A,,A,,R,123
245777,2,R,69,A,,A,,R,69
245777,3,R,69,A,,A,,R,69
245777,12,R,54,A,,A,,R,54
245838,1,R,1251,R,0,R,446,R,805
245838,2,R,97,A,,A,,R,97
245838,3,R,97,A,,A,,R,97
245838,12,R,1154,R,0,R,446,R,708
245847,1,R,376,R,0,R,87,R,289
245847,2,R,75,R,0,R,75,R,0
245847,3,R,75,R,0,R,75,R,0
245847,12,R,301,R,0,R,12,R,289
245865,1,R,1243,R,51,R,998,R,194
245865,12,R,1243,R,51,R,998,R,194
245883,1,R,1069,R,115,R,196,R,758
245883,2,R,134,R,55,R,79,R,0
245883,3,R,134,R,55,R,79,R,0
245883,12,R,935,R,60,R,117,R,758
245892,1,R,674,R,256,R,401,R,17
245892,2,R,163,R,158,R,5,R,0
245892,3,R,163,R,158,R,5,R,0
245892,12,R,511,R,98,R,396,R,17
245953,1,R,2916,R,2253,R,598,R,65
245953,2,R,2227,R,1617,R,547,R,63
245953,3,R,2029,R,1490,R,477,R,62
245953,11,R,198,R,127,R,70,R,1
245953,12,R,689,R,636,R,51,R,2
245962,1,R,507,R,0,R,83,R,424
245962,2,R,507,R,0,R,83,R,424
245962,3,R,507,R,0,R,83,R,424
245980,1,R,61,A,,A,,R,61
245980,2,R,61,A,,A,,R,61
245980,3,R,61,A,,A,,R,61
245999,1,R,2989,R,0,R,0,R,2989
245999,2,R,2989,R,0,R,0,R,2989
245999,3,R,1170,R,0,R,0,R,1170
245999,11,R,1819,R,0,R,0,R,1819
246017,1,R,1703,A,,A,,R,1703
246017,2,R,1703,A,,A,,R,1703
246017,3,R,1341,A,,A,,R,1341
246017,11,R,362,A,,A,,R,362
246035,1,R,485,R,0,R,233,R,252
246035,2,R,485,R,0,R,233,R,252
246035,3,R,485,R,0,R,233,R,252
246071,1,R,121,A,,A,,R,121
246071,2,R,121,A,,A,,R,121
246071,3,R,121,A,,A,,R,121
246354,1,R,17966,R,7451,R,7378,R,3137
246354,2,R,17966,R,7451,R,7378,R,3137
246354,3,R,13510,R,6378,R,5773,R,1359
246354,11,R,4456,R,1073,R,1605,R,1778
246415,1,R,93,A,,A,,R,93
246415,2,R,93,A,,A,,R,93
246415,3,R,93,A,,A,,R,93
246460,1,R,253,A,,A,,R,253
246460,2,R,253,A,,A,,R,253
246460,3,R,253,A,,A,,R,253
246789,1,R,165,R,88,R,51,R,26
246789,12,R,165,R,88,R,51,R,26
246813,1,R,5634,R,1292,R,1443,R,2899
246813,2,R,5634,R,1292,R,1443,R,2899
246813,3,R,4274,R,939,R,1247,R,2088
246813,11,R,1360,R,353,R,196,R,811
246895,1,R,814,A,,A,,R,814
246895,2,R,814,A,,A,,R,814
246895,3,R,814,A,,A,,R,814
246974,1,R,647,R,0,R,360,R,287
246974,2,R,647,R,0,R,360,R,287
246974,3,R,646,R,0,R,360,R,286
246974,11,R,1,R,0,R,0,R,1
247010,1,R,73,A,,A,,R,73
247010,2,R,73,A,,A,,R,73
247010,3,R,73,A,,A,,R,73
247047,1,R,183,A,,A,,R,183
247047,2,R,183,A,,A,,R,183
247047,3,R,183,A,,A,,R,183
247065,1,R,1084,R,141,R,868,R,75
247065,2,R,1084,R,141,R,868,R,75
247065,3,R,1084,R,141,R,868,R,75
247153,1,R,476,R,0,R,305,R,171
247153,2,R,476,R,0,R,305,R,171
247153,3,R,476,R,0,R,305,R,171
247162,1,R,90,R,71,R,19,R,0
247162,2,R,20,R,12,R,8,R,0
247162,3,R,20,R,12,R,8,R,0
247162,12,R,70,R,59,R,11,R,0
247409,1,R,124,R,0,R,47,R,77
247409,2,R,124,R,0,R,47,R,77
247409,3,R,124,R,0,R,47,R,77
247603,1,R,3397,R,619,R,1337,R,1441
247603,2,R,3397,R,619,R,1337,R,1441
247603,3,R,2535,R,466,R,1292,R,777
247603,11,R,862,R,153,R,45,R,664
247649,1,R,984,R,409,R,0,R,575
247649,2,R,812,R,238,R,0,R,574
247649,3,R,524,R,26,R,0,R,498
247649,11,R,288,R,212,R,0,R,76
247649,12,R,172,R,171,R,0,R,1
247773,1,R,73,A,,A,,R,73
247773,2,R,73,A,,A,,R,73
247773,3,R,73,A,,A,,R,73
247834,1,R,53613,R,13954,R,18925,R,20734
247834,2,R,53613,R,13954,R,18925,R,20734
247834,3,R,37976,R,10749,R,15517,R,11710
247834,11,R,15637,R,3205,R,3408,R,9024
247940,1,R,6097,R,1622,R,1968,R,2507
247940,2,R,6097,R,1622,R,1968,R,2507
247940,3,R,3447,R,1256,R,1304,R,887
247940,11,R,2650,R,366,R,664,R,1620
248192,1,R,39,A,,A,,R,39
248192,2,R,39,A,,A,,R,39
248192,3,R,39,A,,A,,R,39
248527,1,R,136,A,,A,,R,136
248527,2,R,136,A,,A,,R,136
248527,3,R,136,A,,A,,R,136
248606,1,R,1298,A,,A,,R,1298
248606,2,R,1298,A,,A,,R,1298
248606,3,R,385,A,,A,,R,385
248606,11,R,913,A,,A,,R,913
248624,1,R,86,A,,A,,R,86
248624,2,R,86,A,,A,,R,86
248624,3,R,86,A,,A,,R,86
248633,1,R,75,A,,A,,R,75
248633,2,R,75,A,,A,,R,75
248633,3,R,75,A,,A,,R,75
248660,1,R,156,A,,A,,R,156
248660,2,R,156,A,,A,,R,156
248660,3,R,156,A,,A,,R,156
248703,1,R,453,A,,A,,R,453
248703,2,R,453,A,,A,,R,453
248703,3,R,453,A,,A,,R,453
248925,1,R,1615,A,,A,,R,1615
248925,2,R,1615,A,,A,,R,1615
248925,3,R,1107,A,,A,,R,1107
248925,11,R,508,A,,A,,R,508
248934,1,R,17843,R,4811,R,4798,R,8234
248934,2,R,17301,R,4381,R,4762,R,8158
248934,3,R,17106,R,4307,R,4759,R,8040
248934,11,R,195,R,74,R,3,R,118
248934,12,R,542,R,430,R,36,R,76
249061,1,R,103,A,,A,,R,103
249061,2,R,103,A,,A,,R,103
249061,3,R,103,A,,A,,R,103
249238,1,R,520,A,,A,,R,520
249238,2,R,520,A,,A,,R,520
249238,3,R,520,A,,A,,R,520
249609,1,R,214,A,,A,,R,214
249609,2,R,214,A,,A,,R,214
249609,3,R,214,A,,A,,R,214
250027,1,R,688,R,0,R,320,R,368
250027,2,R,688,R,0,R,320,R,368
250027,3,R,688,R,0,R,320,R,368
250285,1,R,555,A,,A,,R,555
250285,2,R,555,A,,A,,R,555
250285,3,R,555,A,,A,,R,555
250744,1,R,1010,R,0,R,793,R,217
250744,2,R,1010,R,0,R,793,R,217
250744,3,R,1010,R,0,R,793,R,217
250902,1,R,117,A,,A,,R,117
250902,2,R,117,A,,A,,R,117
250902,3,R,117,A,,A,,R,117
250993,1,R,554,A,,A,,R,554
250993,2,R,554,A,,A,,R,554
250993,3,R,134,A,,A,,R,134
250993,11,R,420,A,,A,,R,420
251260,1,R,6580,R,1248,R,3208,R,2124
251260,2,R,6580,R,1248,R,3208,R,2124
251260,3,R,4912,R,704,R,2995,R,1213
251260,11,R,1668,R,544,R,213,R,911
251312,1,R,862,R,427,R,232,R,203
251312,2,R,758,R,385,R,224,R,149
251312,3,R,758,R,385,R,224,R,149
251312,12,R,104,R,42,R,8,R,54
260363,1,R,19,A,,A,,R,19
260363,2,R,19,A,,A,,R,19
260363,3,R,19,A,,A,,R,19
260372,1,R,308,Z,0,R,278,R,30
260372,2,R,287,Z,0,R,257,R,30
260372,3,R,249,Z,0,R,219,R,30
260372,11,R,38,Z,0,R,38,R,0
260372,12,R,21,Z,0,R,21,R,0
260664,1,R,509,A,,A,,R,509
260664,2,R,509,A,,A,,R,509
260664,3,R,509,A,,A,,R,509
260691,1,R,1126,R,0,R,0,R,1126
260691,2,R,1126,R,0,R,0,R,1126
260691,3,R,1126,R,0,R,0,R,1126
260789,1,R,916,R,368,R,24,R,524
260789,2,R,916,R,368,R,24,R,524
260789,3,R,916,R,368,R,24,R,524
260813,1,R,299,R,0,R,299,R,0
260813,2,R,299,R,0,R,299,R,0
260813,3,R,299,R,0,R,299,R,0
260929,1,R,279,A,,A,,R,279
260929,2,R,279,A,,A,,R,279
260929,3,R,279,A,,A,,R,279
260965,1,R,153,A,,A,,R,153
260965,2,R,153,A,,A,,R,153
260965,3,R,153,A,,A,,R,153
261436,1,R,1426,A,,A,,R,1426
261436,2,R,1426,A,,A,,R,1426
261436,3,R,1426,A,,A,,R,1426
261676,1,R,64,R,0,R,32,R,32
261676,2,R,64,R,0,R,32,R,32
261676,3,R,64,R,0,R,32,R,32
261685,1,R,56,R,0,R,35,R,21
261685,2,R,56,R,0,R,35,R,21
261685,3,R,56,R,0,R,35,R,21
261719,1,R,544,R,0,R,544,R,0
261719,2,R,544,R,0,R,544,R,0
261719,3,R,544,R,0,R,544,R,0
261773,1,R,37,A,,A,,R,37
261773,2,R,37,A,,A,,R,37
261773,3,R,37,A,,A,,R,37
262031,1,R,8377,R,2613,R,3258,R,2506
262031,2,R,8377,R,2613,R,3258,R,2506
262031,3,R,6301,R,1331,R,2991,R,1979
262031,11,R,2076,R,1282,R,267,R,527
262086,1,R,14135,R,14054,R,81,R,0
262086,2,R,9030,R,8949,R,81,R,0
262086,3,R,6945,R,6864,R,81,R,0
262086,11,R,2085,R,2085,R,0,R,0
262086,12,R,5105,R,5105,R,0,R,0
262129,1,R,808,R,0,R,15,R,793
262129,2,R,786,R,0,R,15,R,771
262129,3,R,780,R,0,R,15,R,765
262129,11,R,6,R,0,R,0,R,6
262129,12,R,22,R,0,R,0,R,22
262165,1,R,52,R,0,R,15,R,37
262165,2,R,52,R,0,R,15,R,37
262165,3,R,46,R,0,R,15,R,31
262165,11,R,6,R,0,R,0,R,6
262341,1,R,957,A,,A,,R,957
262341,2,R,957,A,,A,,R,957
262341,3,R,957,A,,A,,R,957
262369,1,R,119,A,,A,,R,119
262369,2,R,119,A,,A,,R,119
262369,3,R,119,A,,A,,R,119
262457,1,R,770,R,0,R,180,R,590
262457,2,R,770,R,0,R,180,R,590
262457,3,R,770,R,0,R,180,R,590
262466,1,R,44,A,,A,,R,44
262466,2,R,44,A,,A,,R,44
262466,3,R,44,A,,A,,R,44
362700,1,R,373,A,,A,,R,373
362700,2,R,373,A,,A,,R,373
362700,3,R,373,A,,A,,R,373
363013,1,R,55,R,0,R,43,R,12
363013,2,R,55,R,0,R,43,R,12
363013,3,R,55,R,0,R,43,R,12
363147,1,R,639,A,,A,,R,639
363147,2,R,639,A,,A,,R,639
363147,3,R,639,A,,A,,R,639
363165,1,R,1543,A,,A,,R,1543
363165,2,R,1543,A,,A,,R,1543
363165,3,R,660,A,,A,,R,660
363165,11,R,883,A,,A,,R,883
363633,1,R,1081,R,481,R,261,R,339
363633,2,R,1081,R,481,R,261,R,339
363633,3,R,601,R,224,R,205,R,172
363633,11,R,480,R,257,R,56,R,167
363679,1,R,392,A,,A,,R,392
363679,2,R,392,A,,A,,R,392
363679,3,R,392,A,,A,,R,392
363712,1,R,71,A,,A,,R,71
363712,2,R,71,A,,A,,R,71
363712,3,R,71,A,,A,,R,71
363882,1,R,140,A,,A,,R,140
363882,2,R,140,A,,A,,R,140
363882,3,R,140,A,,A,,R,140
363907,1,R,869,R,94,R,601,R,174
363907,2,R,641,R,94,R,416,R,131
363907,3,R,526,R,0,R,395,R,131
363907,11,R,115,R,94,R,21,R,0
363907,12,R,228,R,0,R,185,R,43
363916,1,R,327,R,56,R,203,R,68
363916,2,R,286,R,56,R,174,R,56
363916,3,R,213,R,0,R,157,R,56
363916,11,R,73,R,56,R,17,R,0
363916,12,R,41,R,0,R,29,R,12
363934,1,R,1382,R,883,R,96,R,403
363934,2,R,1247,R,793,R,66,R,388
363934,3,R,1247,R,793,R,66,R,388
363934,12,R,135,R,90,R,30,R,15
364016,1,R,9614,R,4176,R,3061,R,2377
364016,2,R,9614,R,4176,R,3061,R,2377
364016,3,R,7994,R,3602,R,2697,R,1695
364016,11,R,1620,R,574,R,364,R,682
364025,1,R,19870,R,7572,R,5060,R,7238
364025,2,R,19870,R,7572,R,5060,R,7238
364025,3,R,13743,R,6806,R,4762,R,2175
364025,11,R,6127,R,766,R,298,R,5063
364548,1,R,383,A,,A,,R,383
364548,2,R,383,A,,A,,R,383
364548,3,R,383,A,,A,,R,383
364575,1,R,28,A,,A,,R,28
364575,2,R,28,A,,A,,R,28
364575,3,R,28,A,,A,,R,28
364627,1,R,446,A,,A,,R,446
364627,2,R,446,A,,A,,R,446
364627,3,R,155,A,,A,,R,155
364627,11,R,291,A,,A,,R,291
364636,1,R,255,A,,A,,R,255
364636,2,R,255,A,,A,,R,255
364636,3,R,255,A,,A,,R,255
364760,1,R,64,A,,A,,R,64
364760,2,R,64,A,,A,,R,64
364760,3,R,64,A,,A,,R,64
364946,1,R,396,A,,A,,R,396
364946,2,R,396,A,,A,,R,396
364946,3,R,131,A,,A,,R,131
364946,11,R,265,A,,A,,R,265
364964,1,R,21,A,,A,,R,21
364964,2,R,21,A,,A,,R,21
364964,3,R,21,A,,A,,R,21
365091,1,R,493,A,,A,,R,493
365091,2,R,493,A,,A,,R,493
365091,3,R,493,A,,A,,R,493
365125,1,R,362,A,,A,,R,362
365125,2,R,362,A,,A,,R,362
365125,3,R,362,A,,A,,R,362
365198,1,R,695,A,,A,,R,695
365198,2,R,695,A,,A,,R,695
365198,3,R,181,A,,A,,R,181
365198,11,R,514,A,,A,,R,514
365213,1,R,744,A,,A,,R,744
365213,2,R,744,A,,A,,R,744
365213,3,R,383,A,,A,,R,383
365213,11,R,361,A,,A,,R,361
365240,1,R,22,A,,A,,R,22
365240,2,R,22,A,,A,,R,22
365240,3,R,22,A,,A,,R,22
365374,1,R,2181,A,,A,,R,2181
365374,2,R,2181,A,,A,,R,2181
365374,3,R,766,A,,A,,R,766
365374,11,R,1415,A,,A,,R,1415
365383,1,R,124,A,,A,,R,124
365383,2,R,124,A,,A,,R,124
365383,3,R,124,A,,A,,R,124
365480,1,R,956,A,,A,,R,956
365480,2,R,956,A,,A,,R,956
365480,3,R,413,A,,A,,R,413
365480,11,R,543,A,,A,,R,543
365505,1,R,21,A,,A,,R,21
365505,2,R,21,A,,A,,R,21
365505,3,R,21,A,,A,,R,21
365693,1,R,287,A,,A,,R,287
365693,2,R,287,A,,A,,R,287
365693,3,R,287,A,,A,,R,287
365763,1,R,54,A,,A,,R,54
365763,2,R,54,A,,A,,R,54
365763,3,R,54,A,,A,,R,54
365824,1,R,184,R,0,R,90,R,94
365824,2,R,184,R,0,R,90,R,94
365824,3,R,184,R,0,R,90,R,94
365833,1,R,192,R,0,R,132,R,60
365833,2,R,192,R,0,R,132,R,60
365833,3,R,192,R,0,R,132,R,60
366003,1,R,511,R,170,R,273,R,68
366003,2,R,391,R,115,R,223,R,53
366003,3,R,389,R,114,R,222,R,53
366003,11,R,2,R,1,R,1,R,0
366003,12,R,120,R,55,R,50,R,15
366155,1,R,48,A,,A,,R,48
366155,2,R,48,A,,A,,R,48
366155,3,R,48,A,,A,,R,48
366191,1,R,1653,A,,A,,R,1653
366191,2,R,1653,A,,A,,R,1653
366191,3,R,1653,A,,A,,R,1653
366252,1,R,6542,R,435,R,1945,R,4162
366252,2,R,6507,R,431,R,1942,R,4134
366252,3,R,4481,R,413,R,1930,R,2138
366252,11,R,2026,R,18,R,12,R,1996
366252,12,R,35,R,4,R,3,R,28
366261,1,R,599,R,473,R,0,R,126
366261,2,R,599,R,473,R,0,R,126
366261,3,R,599,R,473,R,0,R,126
366270,1,R,442,A,,A,,R,442
366270,2,R,442,A,,A,,R,442
366270,3,R,442,A,,A,,R,442
366340,1,R,461,R,0,R,296,R,165
366340,2,R,461,R,0,R,296,R,165
366340,3,R,298,R,0,R,296,R,2
366340,11,R,163,R,0,R,0,R,163
366368,1,R,113,A,,A,,R,113
366368,12,R,113,A,,A,,R,113
366395,1,R,25431,R,4571,R,10017,R,10843
366395,2,R,25431,R,4571,R,10017,R,10843
366395,3,R,17250,R,2927,R,9405,R,4918
366395,11,R,8181,R,1644,R,612,R,5925
366401,1,R,11170,R,1228,R,4648,R,5294
366401,2,R,11170,R,1228,R,4648,R,5294
366401,3,R,9929,R,1026,R,4466,R,4437
366401,11,R,1241,R,202,R,182,R,857
366465,1,R,3239,R,859,R,1090,R,1290
366465,2,R,3239,R,859,R,1090,R,1290
366465,3,R,2649,R,716,R,1007,R,926
366465,11,R,590,R,143,R,83,R,364
366535,1,R,358,Z,0,R,358,R,0
366535,2,R,358,Z,0,R,358,R,0
366535,3,R,358,Z,0,R,358,R,0
366553,1,R,1540,R,0,R,665,R,875
366553,2,R,1540,R,0,R,665,R,875
366553,3,R,1540,R,0,R,665,R,875
366571,1,R,22,A,,A,,R,22
366571,2,R,22,A,,A,,R,22
366571,3,R,22,A,,A,,R,22
366623,1,R,284,A,,A,,R,284
366623,2,R,284,A,,A,,R,284
366623,3,R,47,A,,A,,R,47
366623,11,R,237,A,,A,,R,237
366711,1,R,16826,R,1107,R,9646,R,6073
366711,2,R,15544,R,827,R,9174,R,5543
366711,3,R,15425,R,749,R,9168,R,5508
366711,11,R,119,R,78,R,6,R,35
366711,12,R,1282,R,280,R,472,R,530
367088,1,R,191,A,,A,,R,191
367088,2,R,191,A,,A,,R,191
367088,3,R,191,A,,A,,R,191
367103,1,R,138,R,0,R,138,R,0
367103,2,R,138,R,0,R,138,R,0
367103,3,R,138,R,0,R,138,R,0
367112,1,R,155,R,0,R,75,R,80
367112,2,R,155,R,0,R,75,R,80
367112,3,R,155,R,0,R,75,R,80
367158,1,R,104,R,0,R,72,R,32
367158,2,R,104,R,0,R,72,R,32
367158,3,R,104,R,0,R,72,R,32
367361,1,R,95,R,0,R,95,R,0
367361,2,R,95,R,0,R,95,R,0
367361,3,R,95,R,0,R,95,R,0
367431,1,R,37,A,,A,,R,37
367431,2,R,37,A,,A,,R,37
367431,3,R,37,A,,A,,R,37
367459,1,R,11290,R,4049,R,3894,R,3347
367459,2,R,11290,R,4049,R,3894,R,3347
367459,3,R,7124,R,2783,R,3183,R,1158
367459,11,R,4166,R,1266,R,711,R,2189
367875,1,R,2274,A,,A,,R,2274
367875,2,R,2274,A,,A,,R,2274
367875,3,R,317,A,,A,,R,317
367875,11,R,1957,A,,A,,R,1957
367954,1,R,5544,R,782,R,4762,R,0
367954,12,R,5544,R,782,R,4762,R,0
367972,1,R,358,A,,A,,R,358
367972,2,R,358,A,,A,,R,358
367972,3,R,232,A,,A,,R,232
367972,11,R,126,A,,A,,R,126
367981,1,R,116,A,,A,,R,116
367981,2,R,116,A,,A,,R,116
367981,3,R,116,A,,A,,R,116
368230,1,R,222,A,,A,,R,222
368230,2,R,222,A,,A,,R,222
368230,3,R,222,A,,A,,R,222
368364,1,R,413,A,,A,,R,413
368364,2,R,413,A,,A,,R,413
368364,3,R,266,A,,A,,R,266
368364,11,R,147,A,,A,,R,147
368407,1,R,44,A,,A,,R,44
368407,2,R,44,A,,A,,R,44
368407,3,R,44,A,,A,,R,44
368452,1,R,342,A,,A,,R,342
368452,2,R,342,A,,A,,R,342
368452,3,R,342,A,,A,,R,342
368629,1,R,719,Z,0,R,0,R,719
368629,2,R,719,Z,0,R,0,R,719
368629,3,R,719,Z,0,R,0,R,719
368647,1,R,33,A,,A,,R,33
368647,2,R,33,A,,A,,R,33
368647,3,R,33,A,,A,,R,33
368771,1,R,859,R,859,A,,A,
368771,2,R,859,R,859,A,,A,
368771,3,R,859,R,859,A,,A,
368832,1,R,83,A,,A,,R,83
368832,2,R,83,A,,A,,R,83
368832,3,R,83,A,,A,,R,83
368911,1,R,2602,R,949,R,549,R,1104
368911,2,R,2602,R,949,R,549,R,1104
368911,3,R,1606,R,528,R,402,R,676
368911,11,R,996,R,421,R,147,R,428
369002,1,R,349,R,0,R,90,R,259
369002,12,R,349,R,0,R,90,R,259
369400,1,R,2609,A,,A,,R,2609
369400,2,R,2609,A,,A,,R,2609
369400,3,R,2609,A,,A,,R,2609
369419,1,R,2072,A,,A,,R,2072
369419,2,R,2072,A,,A,,R,2072
369419,3,R,2072,A,,A,,R,2072
369446,1,R,102,A,,A,,R,102
369446,2,R,102,A,,A,,R,102
369446,3,R,102,A,,A,,R,102
369455,1,R,394,R,0,R,312,R,82
369455,2,R,394,R,0,R,312,R,82
369455,3,R,394,R,0,R,312,R,82
369516,1,R,280,R,280,A,,A,
369516,2,R,266,R,266,A,,A,
369516,3,R,266,R,266,A,,A,
369516,12,R,14,R,14,A,,A,
369668,1,R,215,A,,A,,R,215
369668,2,R,215,A,,A,,R,215
369668,3,R,137,A,,A,,R,137
369668,11,R,78,A,,A,,R,78
369686,1,R,413,A,,A,,R,413
369686,2,R,413,A,,A,,R,413
369686,3,R,413,A,,A,,R,413
369783,1,R,493,A,,A,,R,493
369783,2,R,493,A,,A,,R,493
369783,3,R,493,A,,A,,R,493
369950,1,R,241,A,,A,,R,241
369950,2,R,241,A,,A,,R,241
369950,3,R,241,A,,A,,R,241
371052,1,R,480,A,,A,,R,480
371052,2,R,480,A,,A,,R,480
371052,3,R,480,A,,A,,R,480
371690,1,R,1605,R,355,Z,0,R,1250
371690,2,R,1605,R,355,Z,0,R,1250
371690,3,R,1605,R,355,Z,0,R,1250
371830,1,R,179,A,,A,,R,179
371830,2,R,179,A,,A,,R,179
371830,3,R,179,A,,A,,R,179
371928,1,R,200,A,,A,,R,200
371928,2,R,200,A,,A,,R,200
371928,3,R,200,A,,A,,R,200
371964,1,R,775,A,,A,,R,775
371964,2,R,775,A,,A,,R,775
371964,3,R,775,A,,A,,R,775
372028,1,R,144,R,0,R,144,R,0
372028,2,R,144,R,0,R,144,R,0
372028,3,R,144,R,0,R,144,R,0
372073,1,R,268,R,191,R,77,R,0
372073,2,R,246,R,169,R,77,R,0
372073,3,R,246,R,169,R,77,R,0
372073,12,R,22,R,22,R,0,R,0
372082,1,R,136,A,,A,,R,136
372082,2,R,136,A,,A,,R,136
372082,3,R,102,A,,A,,R,102
372082,11,R,34,A,,A,,R,34
372240,1,R,69,A,,A,,R,69
372240,2,R,69,A,,A,,R,69
372240,3,R,69,A,,A,,R,69
372329,1,R,727,R,0,R,101,R,626
372329,2,R,727,R,0,R,101,R,626
372329,3,R,727,R,0,R,101,R,626
372356,1,R,315,R,0,R,315,R,0
372356,2,R,315,R,0,R,315,R,0
372356,3,R,315,R,0,R,315,R,0
372462,1,R,143,A,,A,,R,143
372462,2,R,143,A,,A,,R,143
372462,3,R,143,A,,A,,R,143
372921,1,R,921,A,,A,,R,921
372921,2,R,921,A,,A,,R,921
372921,3,R,921,A,,A,,R,921
373085,1,R,57,R,0,R,41,R,16
373085,2,R,57,R,0,R,41,R,16
373085,3,R,57,R,0,R,41,R,16
373216,1,R,265,A,,A,,R,265
373216,2,R,265,A,,A,,R,265
373216,3,R,265,A,,A,,R,265
373456,1,R,35,A,,A,,R,35
373456,2,R,35,A,,A,,R,35
373456,3,R,35,A,,A,,R,35
373526,1,R,575,A,,A,,R,575
373526,2,R,575,A,,A,,R,575
373526,3,R,575,A,,A,,R,575
373678,1,R,268,A,,A,,R,268
373678,2,R,268,A,,A,,R,268
373678,3,R,268,A,,A,,R,268
373696,1,R,188,A,,A,,R,188
373696,2,R,188,A,,A,,R,188
373696,3,R,188,A,,A,,R,188
373711,1,R,85,A,,A,,R,85
373711,2,R,85,A,,A,,R,85
373711,3,R,85,A,,A,,R,85
373784,1,R,1161,A,,A,,R,1161
373784,2,R,1161,A,,A,,R,1161
373784,3,R,1161,A,,A,,R,1161
374024,1,R,302,R,4,R,259,R,39
374024,12,R,302,R,4,R,259,R,39
374316,1,R,116,A,,A,,R,116
374316,2,R,116,A,,A,,R,116
374316,3,R,116,A,,A,,R,116
374343,1,R,98,A,,A,,R,98
374343,2,R,98,A,,A,,R,98
374343,3,R,98,A,,A,,R,98
374574,1,R,1284,A,,A,,R,1284
374574,2,R,1284,A,,A,,R,1284
374574,3,R,1284,A,,A,,R,1284
374592,1,R,67,A,,A,,R,67
374592,2,R,67,A,,A,,R,67
374592,3,R,67,A,,A,,R,67
375230,1,R,232,A,,A,,R,232
375230,2,R,232,A,,A,,R,232
375230,3,R,232,A,,A,,R,232
375373,1,R,204,A,,A,,R,204
375373,2,R,204,A,,A,,R,204
375373,3,R,204,A,,A,,R,204
375407,1,R,137,A,,A,,R,137
375407,2,R,137,A,,A,,R,137
375407,3,R,137,A,,A,,R,137
375416,1,R,266,Z,0,R,266,R,0
375416,2,R,266,Z,0,R,266,R,0
375416,3,R,266,Z,0,R,266,R,0
375568,1,R,156,A,,A,,R,156
375568,2,R,156,A,,A,,R,156
375568,3,R,156,A,,A,,R,156
375656,1,R,194,A,,A,,R,194
375656,2,R,194,A,,A,,R,194
375656,3,R,34,A,,A,,R,34
375656,11,R,160,A,,A,,R,160
375683,1,R,934,A,,A,,R,934
375683,2,R,934,A,,A,,R,934
375683,3,R,251,A,,A,,R,251
375683,11,R,683,A,,A,,R,683
375726,1,R,2765,R,0,R,0,R,2765
375726,2,R,2765,R,0,R,0,R,2765
375726,3,R,2765,R,0,R,0,R,2765
375939,1,R,176,R,0,R,172,R,4
375939,2,R,176,R,0,R,172,R,4
375939,3,R,176,R,0,R,172,R,4
375966,1,R,233,A,,A,,R,233
375966,2,R,233,A,,A,,R,233
375966,3,R,233,A,,A,,R,233
375984,1,R,478,A,,A,,R,478
375984,2,R,478,A,,A,,R,478
375984,3,R,478,A,,A,,R,478
376224,1,R,260,R,0,R,98,R,162
376224,2,R,260,R,0,R,98,R,162
376224,3,R,260,R,0,R,98,R,162
376242,1,R,273,A,,A,,R,273
376242,2,R,273,A,,A,,R,273
376242,3,R,273,A,,A,,R,273
376288,1,R,176,R,0,R,10,R,166
376288,2,R,176,R,0,R,10,R,166
376288,3,R,176,R,0,R,10,R,166
376330,1,R,258,A,,A,,R,258
376330,2,R,258,A,,A,,R,258
376330,3,R,258,A,,A,,R,258
376385,1,R,538,A,,A,,R,538
376385,2,R,538,A,,A,,R,538
376385,3,R,538,A,,A,,R,538
376446,1,R,161,A,,A,,R,161
376446,2,R,161,A,,A,,R,161
376446,3,R,161,A,,A,,R,161
376631,1,R,29,A,,A,,R,29
376631,2,R,29,A,,A,,R,29
376631,3,R,29,A,,A,,R,29
376677,1,R,157,A,,A,,R,157
376677,2,R,157,A,,A,,R,157
376677,3,R,157,A,,A,,R,157
376695,1,R,1450,R,100,R,0,R,1350
376695,2,R,1450,R,100,R,0,R,1350
376695,3,R,1444,R,100,R,0,R,1344
376695,11,R,6,R,0,R,0,R,6
377111,1,R,302,Z,0,R,302,R,0
377111,2,R,302,Z,0,R,302,R,0
377111,3,R,302,Z,0,R,302,R,0
377193,1,R,46,A,,A,,R,46
377193,2,R,46,A,,A,,R,46
377193,3,R,46,A,,A,,R,46
377218,1,R,135,A,,A,,R,135
377218,2,R,135,A,,A,,R,135
377218,3,R,135,A,,A,,R,135
377272,1,R,29,A,,A,,R,29
377272,2,R,29,A,,A,,R,29
377272,3,R,29,A,,A,,R,29
377281,1,R,96,A,,A,,R,96
377281,2,R,96,A,,A,,R,96
377281,3,R,96,A,,A,,R,96
377315,1,R,171,A,,A,,R,171
377315,2,R,171,A,,A,,R,171
377315,3,R,171,A,,A,,R,171
377449,1,R,500,A,,A,,R,500
377449,2,R,500,A,,A,,R,500
377449,3,R,500,A,,A,,R,500
377458,1,R,511,A,,A,,R,511
377458,2,R,511,A,,A,,R,511
377458,3,R,511,A,,A,,R,511
377485,1,R,63,A,,A,,R,63
377485,2,R,63,A,,A,,R,63
377485,3,R,39,A,,A,,R,39
377485,11,R,24,A,,A,,R,24
377546,1,R,171,A,,A,,R,171
377546,2,R,171,A,,A,,R,171
377546,3,R,171,A,,A,,R,171
377555,1,R,6884,R,151,R,3129,R,3604
377555,2,R,6227,R,116,R,3042,R,3069
377555,3,R,6174,R,112,R,3042,R,3020
377555,11,R,53,R,4,R,0,R,49
377555,12,R,657,R,35,R,87,R,535
377564,1,R,5651,R,302,R,3264,R,2085
377564,2,R,4750,R,221,R,3040,R,1489
377564,3,R,4701,R,214,R,3031,R,1456
377564,11,R,49,R,7,R,9,R,33
377564,12,R,901,R,81,R,224,R,596
377643,1,R,165,A,,A,,R,165
377643,2,R,165,A,,A,,R,165
377643,3,R,165,A,,A,,R,165
377652,1,R,270,R,0,R,270,R,0
377652,2,R,270,R,0,R,270,R,0
377652,3,R,270,R,0,R,270,R,0
377661,1,R,1047,R,761,R,286,R,0
377661,2,R,1047,R,761,R,286,R,0
377661,3,R,1047,R,761,R,286,R,0
377722,1,R,608,R,0,R,55,R,553
377722,2,R,608,R,0,R,55,R,553
377722,3,R,608,R,0,R,55,R,553
377759,1,R,243,A,,A,,R,243
377759,2,R,243,A,,A,,R,243
377759,3,R,243,A,,A,,R,243
378105,1,R,859,R,0,R,142,R,717
378105,2,R,859,R,0,R,142,R,717
378105,3,R,700,R,0,R,142,R,558
378105,11,R,159,R,0,R,0,R,159
378576,1,R,1391,R,628,R,466,R,297
378576,2,R,432,R,121,R,157,R,154
378576,3,R,325,R,96,R,108,R,121
378576,11,R,107,R,25,R,49,R,33
378576,12,R,959,R,507,R,309,R,143
378886,1,R,556,A,,A,,R,556
378886,2,R,556,A,,A,,R,556
378886,3,R,556,A,,A,,R,556
378956,1,R,940,A,,A,,R,940
378956,2,R,940,A,,A,,R,940
378956,3,R,940,A,,A,,R,940
379621,1,R,112,A,,A,,R,112
379621,2,R,112,A,,A,,R,112
379621,3,R,112,A,,A,,R,112
379746,1,R,893,R,0,R,39,R,854
379746,2,R,893,R,0,R,39,R,854
379746,3,R,893,R,0,R,39,R,854
379782,1,R,428,R,428,R,0,R,0
379782,2,R,428,R,428,R,0,R,0
379782,3,R,428,R,428,R,0,R,0
380067,1,R,304,A,,A,,R,304
380067,2,R,304,A,,A,,R,304
380067,3,R,304,A,,A,,R,304
380359,1,R,824,R,615,R,97,R,112
380359,2,R,824,R,615,R,97,R,112
380359,3,R,741,R,550,R,94,R,97
380359,11,R,83,R,65,R,3,R,15
380368,1,R,2106,R,237,R,503,R,1366
380368,2,R,2106,R,237,R,503,R,1366
380368,3,R,639,R,135,R,368,R,136
380368,11,R,1467,R,102,R,135,R,1230
380377,1,R,1014,R,553,R,396,R,65
380377,2,R,1014,R,553,R,396,R,65
380377,3,R,950,R,507,R,388,R,55
380377,11,R,64,R,46,R,8,R,10
380438,1,R,915,Z,0,R,915,R,0
380438,2,R,915,Z,0,R,915,R,0
380438,3,R,915,Z,0,R,915,R,0
381255,1,R,125,A,,A,,R,125
381255,2,R,125,A,,A,,R,125
381255,3,R,125,A,,A,,R,125
381282,1,R,142,A,,A,,R,142
381282,2,R,142,A,,A,,R,142
381282,3,R,142,A,,A,,R,142
381325,1,R,209,A,,A,,R,209
381325,2,R,209,A,,A,,R,209
381325,3,R,209,A,,A,,R,209
381352,1,R,106,R,0,R,106,R,0
381352,12,R,106,R,0,R,106,R,0
381370,1,R,376,A,,A,,R,376
381370,2,R,376,A,,A,,R,376
381370,3,R,376,A,,A,,R,376
381404,1,R,682,A,,A,,R,682
381404,2,R,682,A,,A,,R,682
381404,3,R,682,A,,A,,R,682
381459,1,R,411,R,150,R,131,R,130
381459,12,R,411,R,150,R,131,R,130
381486,1,R,26,A,,A,,R,26
381486,2,R,26,A,,A,,R,26
381486,3,R,26,A,,A,,R,26
381699,1,R,52,A,,A,,R,52
381699,2,R,52,A,,A,,R,52
381699,3,R,52,A,,A,,R,52
381732,1,R,113,R,0,R,113,R,0
381732,2,R,113,R,0,R,113,R,0
381732,3,R,113,R,0,R,113,R,0
382258,1,R,231,A,,A,,R,231
382258,2,R,231,A,,A,,R,231
382258,3,R,231,A,,A,,R,231
382416,1,R,82,A,,A,,R,82
382416,2,R,82,A,,A,,R,82
382416,3,R,82,A,,A,,R,82
382461,1,R,59,A,,A,,R,59
382461,2,R,59,A,,A,,R,59
382461,3,R,59,A,,A,,R,59
382780,1,R,160,A,,A,,R,160
382780,2,R,160,A,,A,,R,160
382780,3,R,160,A,,A,,R,160
382911,1,R,73,R,0,R,10,R,63
382911,2,R,73,R,0,R,10,R,63
382911,3,R,53,R,0,R,8,R,45
382911,11,R,20,R,0,R,2,R,18
382957,1,R,754,R,0,R,342,R,412
382957,2,R,754,R,0,R,342,R,412
382957,3,R,754,R,0,R,342,R,412
383020,1,R,59,Z,0,R,59,R,0
383020,2,R,3,Z,0,R,3,R,0
383020,3,R,3,Z,0,R,3,R,0
383020,12,R,56,Z,0,R,56,R,0
383084,1,R,768,A,,A,,R,768
383084,2,R,768,A,,A,,R,768
383084,3,R,768,A,,A,,R,768
383163,1,R,236,A,,A,,R,236
383163,2,R,236,A,,A,,R,236
383163,3,R,236,A,,A,,R,236
383190,1,R,3316,R,1733,R,867,R,716
383190,2,R,3316,R,1733,R,867,R,716
383190,3,R,1745,R,755,R,733,R,257
383190,11,R,1571,R,978,R,134,R,459
383279,1,R,293,A,,A,,R,293
383279,2,R,293,A,,A,,R,293
383279,3,R,293,A,,A,,R,293
383297,1,R,367,A,,A,,R,367
383297,2,R,367,A,,A,,R,367
383297,3,R,367,A,,A,,R,367
383312,1,R,82,A,,A,,R,82
383312,2,R,82,A,,A,,R,82
383312,3,R,82,A,,A,,R,82
383330,1,R,175,A,,A,,R,175
383330,2,R,175,A,,A,,R,175
383330,3,R,175,A,,A,,R,175
383367,1,R,200,A,,A,,R,200
383367,2,R,200,A,,A,,R,200
383367,3,R,200,A,,A,,R,200
383464,1,R,233,A,,A,,R,233
383464,2,R,233,A,,A,,R,233
383464,3,R,233,A,,A,,R,233
383525,1,R,67,A,,A,,R,67
383525,2,R,67,A,,A,,R,67
383525,3,R,67,A,,A,,R,67
383765,1,R,258,A,,A,,R,258
383765,2,R,258,A,,A,,R,258
383765,3,R,258,A,,A,,R,258
383996,1,R,1070,R,433,R,317,R,320
383996,2,R,1070,R,433,R,317,R,320
383996,3,R,626,R,300,R,207,R,119
383996,11,R,444,R,133,R,110,R,201
384236,1,R,1647,A,,A,,R,1647
384236,2,R,1647,A,,A,,R,1647
384236,3,R,1647,A,,A,,R,1647
384245,1,R,1864,A,,A,,R,1864
384245,2,R,1864,A,,A,,R,1864
384245,3,R,1864,A,,A,,R,1864
384254,1,R,592,R,34,R,0,R,558
384254,2,R,592,R,34,R,0,R,558
384254,3,R,535,R,0,R,0,R,535
384254,11,R,57,R,34,R,0,R,23
384306,1,R,177,Z,0,R,168,R,9
384306,12,R,177,Z,0,R,168,R,9
384333,1,R,13827,R,5480,R,4498,R,3849
384333,2,R,13827,R,5480,R,4498,R,3849
384333,3,R,10006,R,4702,R,4077,R,1227
384333,11,R,3821,R,778,R,421,R,2622
384342,1,R,7665,R,1994,R,2584,R,3087
384342,2,R,7665,R,1994,R,2584,R,3087
384342,3,R,3838,R,912,R,2044,R,882
384342,11,R,3827,R,1082,R,540,R,2205
384412,1,R,1378,R,280,R,35,R,1063
384412,2,R,841,R,130,R,20,R,691
384412,3,R,841,R,130,R,20,R,691
384412,12,R,537,R,150,R,15,R,372
384421,1,R,99,A,,A,,R,99
384421,2,R,99,A,,A,,R,99
384421,3,R,99,A,,A,,R,99
385132,1,R,190,A,,A,,R,190
385132,2,R,190,A,,A,,R,190
385132,3,R,190,A,,A,,R,190
385415,1,R,1491,R,0,R,98,R,1393
385415,12,R,1491,R,0,R,98,R,1393
385503,1,R,385,R,0,R,286,R,99
385503,2,R,385,R,0,R,286,R,99
385503,3,R,385,R,0,R,286,R,99
385619,1,R,3413,R,1437,R,801,R,1175
385619,2,R,2865,R,1311,R,684,R,870
385619,3,R,2865,R,1311,R,684,R,870
385619,12,R,548,R,126,R,117,R,305
386153,1,R,373,A,,A,,R,373
386153,2,R,373,A,,A,,R,373
386153,3,R,373,A,,A,,R,373
386472,1,R,1337,R,533,R,666,R,138
386472,2,R,1323,R,519,R,666,R,138
386472,3,R,1320,R,516,R,666,R,138
386472,11,R,3,R,3,Z,0,R,0
386472,12,R,14,R,14,Z,0,R,0
387925,1,R,166,A,,A,,R,166
387925,2,R,166,A,,A,,R,166
387925,3,R,166,A,,A,,R,166
388520,1,R,694,R,434,R,170,R,90
388520,2,R,694,R,434,R,170,R,90
388520,3,R,613,R,433,R,170,R,10
388520,11,R,81,R,1,R,0,R,80
389860,1,R,449,A,,A,,R,449
389860,2,R,449,A,,A,,R,449
389860,3,R,449,A,,A,,R,449
390905,1,R,284,A,,A,,R,284
390905,2,R,284,A,,A,,R,284
390905,3,R,284,A,,A,,R,284
391005,1,R,233,A,,A,,R,233
391005,2,R,233,A,,A,,R,233
391005,3,R,233,A,,A,,R,233
391759,1,R,30,A,,A,,R,30
391759,2,R,30,A,,A,,R,30
391759,3,R,30,A,,A,,R,30
392257,1,R,5773,R,1386,R,2572,R,1815
392257,2,R,5773,R,1386,R,2572,R,1815
392257,3,R,5773,R,1386,R,2572,R,1815
392354,1,R,19,A,,A,,R,19
392354,2,R,19,A,,A,,R,19
392354,3,R,19,A,,A,,R,19
392415,1,R,649,A,,A,,R,649
392415,2,R,649,A,,A,,R,649
392415,3,R,649,A,,A,,R,649
393649,1,R,2490,R,326,R,0,R,2164
393649,2,R,2490,R,326,R,0,R,2164
393649,3,R,2490,R,326,R,0,R,2164
393861,1,R,793,A,,A,,R,793
393861,2,R,793,A,,A,,R,793
393861,3,R,793,A,,A,,R,793
395362,1,R,2170,R,836,R,753,R,581
395362,2,R,2170,R,836,R,753,R,581
395362,3,R,1604,R,740,R,607,R,257
395362,11,R,566,R,96,R,146,R,324
395690,1,R,459,A,,A,,R,459
395690,2,R,459,A,,A,,R,459
395690,3,R,459,A,,A,,R,459
397942,1,R,1696,A,,A,,R,1696
397942,2,R,1696,A,,A,,R,1696
397942,3,R,1696,A,,A,,R,1696
399212,1,R,18581,R,8556,R,4009,R,6016
399212,2,R,18581,R,8556,R,4009,R,6016
399212,3,R,15743,R,6522,R,3774,R,5447
399212,11,R,2838,R,2034,R,235,R,569
399869,1,R,838,R,24,R,0,R,814
399869,2,R,838,R,24,R,0,R,814
399869,3,R,832,R,24,R,0,R,808
399869,11,R,6,R,0,R,0,R,6
399911,1,R,481,A,,A,,R,481
399911,2,R,469,A,,A,,R,469
399911,3,R,469,A,,A,,R,469
399911,12,R,12,A,,A,,R,12
400080,1,R,1551,A,,A,,R,1551
400080,2,R,1551,A,,A,,R,1551
400080,3,R,1551,A,,A,,R,1551
400187,1,R,762,A,,A,,R,762
400187,2,R,762,A,,A,,R,762
400187,3,R,762,A,,A,,R,762
400558,1,R,133,A,,A,,R,133
400558,2,R,133,A,,A,,R,133
400558,3,R,133,A,,A,,R,133
401223,1,R,499,R,414,R,73,R,12
401223,2,R,237,R,219,R,6,R,12
401223,3,R,237,R,219,R,6,R,12
401223,12,R,262,R,195,R,67,R,0
401250,1,R,154,R,13,R,103,R,38
401250,12,R,154,R,13,R,103,R,38
401764,1,R,241,A,,A,,R,241
401764,2,R,241,A,,A,,R,241
401764,3,R,241,A,,A,,R,241
402563,1,R,275,A,,A,,R,275
402563,2,R,275,A,,A,,R,275
402563,3,R,275,A,,A,,R,275
402800,1,R,209,A,,A,,R,209
402800,2,R,209,A,,A,,R,209
402800,3,R,209,A,,A,,R,209
404055,1,R,402,Z,0,R,348,R,54
404055,2,R,402,Z,0,R,348,R,54
404055,3,R,402,Z,0,R,348,R,54
404222,1,R,221,A,,A,,R,221
404222,12,R,221,A,,A,,R,221
404338,1,R,66,R,51,R,11,R,4
404338,2,R,39,R,34,R,1,R,4
404338,3,R,39,R,34,R,1,R,4
404338,12,R,27,R,17,R,10,R,0
404426,1,R,4442,R,1021,R,1303,R,2118
404426,2,R,4442,R,1021,R,1303,R,2118
404426,3,R,2804,R,917,R,1229,R,658
404426,11,R,1638,R,104,R,74,R,1460
404684,1,R,431,A,,A,,R,431
404684,2,R,431,A,,A,,R,431
404684,3,R,431,A,,A,,R,431
404718,1,R,416,A,,A,,R,416
404718,2,R,416,A,,A,,R,416
404718,3,R,416,A,,A,,R,416
404912,1,R,1280,R,0,Z,0,R,1280
404912,2,R,1280,R,0,Z,0,R,1280
404912,3,R,1280,R,0,Z,0,R,1280
405012,1,R,127,A,,A,,R,127
405012,2,R,127,A,,A,,R,127
405012,3,R,127,A,,A,,R,127
405058,1,R,169,A,,A,,R,169
405058,2,R,169,A,,A,,R,169
405058,3,R,169,A,,A,,R,169
405076,1,R,863,R,8,R,557,R,298
405076,2,R,863,R,8,R,557,R,298
405076,3,R,863,R,8,R,557,R,298
405854,1,R,240,A,,A,,R,240
405854,2,R,240,A,,A,,R,240
405854,3,R,240,A,,A,,R,240
405872,1,R,4193,R,825,R,1650,R,1718
405872,2,R,4193,R,825,R,1650,R,1718
405872,3,R,2379,R,386,R,1113,R,880
405872,11,R,1814,R,439,R,537,R,838
406024,1,R,2082,R,0,R,2082,R,0
406024,2,R,2082,R,0,R,2082,R,0
406024,3,R,2082,R,0,R,2082,R,0
406033,1,R,4097,R,0,R,4097,R,0
406033,2,R,4097,R,0,R,4097,R,0
406033,3,R,4097,R,0,R,4097,R,0
406149,1,R,118,A,,A,,R,118
406149,2,R,118,A,,A,,R,118
406149,3,R,118,A,,A,,R,118
406325,1,R,185,R,0,R,81,R,104
406325,2,R,185,R,0,R,81,R,104
406325,3,R,185,R,0,R,81,R,104
406361,1,R,34,A,,A,,R,34
406361,2,R,34,A,,A,,R,34
406361,3,R,34,A,,A,,R,34
406422,1,R,118,A,,A,,R,118
406422,2,R,118,A,,A,,R,118
406422,3,R,118,A,,A,,R,118
406486,1,R,93,A,,A,,R,93
406486,2,R,93,A,,A,,R,93
406486,3,R,93,A,,A,,R,93
407090,1,R,484,A,,A,,R,484
407090,2,R,484,A,,A,,R,484
407090,3,R,484,A,,A,,R,484
407142,1,R,156,A,,A,,R,156
407142,2,R,156,A,,A,,R,156
407142,3,R,156,A,,A,,R,156
407151,1,R,100,A,,A,,R,100
407151,2,R,100,A,,A,,R,100
407151,3,R,100,A,,A,,R,100
407179,1,R,171,A,,A,,R,171
407179,2,R,171,A,,A,,R,171
407179,3,R,171,A,,A,,R,171
407355,1,R,354,A,,A,,R,354
407355,2,R,354,A,,A,,R,354
407355,3,R,354,A,,A,,R,354
407434,1,R,90,A,,A,,R,90
407434,2,R,90,A,,A,,R,90
407434,3,R,90,A,,A,,R,90
407461,1,R,103,A,,A,,R,103
407461,2,R,103,A,,A,,R,103
407461,3,R,103,A,,A,,R,103
407470,1,R,293,A,,A,,R,293
407470,2,R,293,A,,A,,R,293
407470,3,R,293,A,,A,,R,293
407489,1,R,134,A,,A,,R,134
407489,2,R,134,A,,A,,R,134
407489,3,R,134,A,,A,,R,134
407513,1,R,413,A,,A,,R,413
407513,2,R,413,A,,A,,R,413
407513,3,R,413,A,,A,,R,413
407522,1,R,118,A,,A,,R,118
407522,2,R,118,A,,A,,R,118
407522,3,R,108,A,,A,,R,108
407522,11,R,10,A,,A,,R,10
407568,1,R,209,A,,A,,R,209
407568,2,R,209,A,,A,,R,209
407568,3,R,209,A,,A,,R,209
407577,1,R,188,A,,A,,R,188
407577,2,R,188,A,,A,,R,188
407577,3,R,188,A,,A,,R,188
407610,1,R,66,R,0,R,3,R,63
407610,2,R,66,R,0,R,3,R,63
407610,3,R,53,R,0,R,3,R,50
407610,11,R,13,R,0,R,0,R,13
407629,1,R,4215,R,168,R,393,R,3654
407629,2,R,10,R,10,R,0,R,0
407629,3,R,10,R,10,R,0,R,0
407629,12,R,4205,R,158,R,393,R,3654
407683,1,R,134,A,,A,,R,134
407683,2,R,134,A,,A,,R,134
407683,3,R,134,A,,A,,R,134
407708,1,R,209,A,,A,,R,209
407708,2,R,209,A,,A,,R,209
407708,3,R,209,A,,A,,R,209
407735,1,R,141,A,,A,,R,141
407735,2,R,141,A,,A,,R,141
407735,3,R,141,A,,A,,R,141
407832,1,R,362,R,0,R,0,R,362
407832,2,R,362,R,0,R,0,R,362
407832,3,R,353,R,0,R,0,R,353
407832,11,R,9,R,0,R,0,R,9
408066,1,R,272,A,,A,,R,272
408066,2,R,272,A,,A,,R,272
408066,3,R,272,A,,A,,R,272
408163,1,R,101,A,,A,,R,101
408163,2,R,101,A,,A,,R,101
408163,3,R,101,A,,A,,R,101
408385,1,R,975,R,11,R,615,R,349
408385,2,R,975,R,11,R,615,R,349
408385,3,R,975,R,11,R,615,R,349
408844,1,R,6132,R,943,R,2458,R,2731
408844,2,R,5584,R,873,R,2203,R,2508
408844,3,R,5579,R,873,R,2198,R,2508
408844,11,R,5,R,0,R,5,R,0
408844,12,R,548,R,70,R,255,R,223
408862,1,R,335,A,,A,,R,335
408862,2,R,335,A,,A,,R,335
408862,3,R,335,A,,A,,R,335
409032,1,R,294,A,,A,,R,294
409032,2,R,294,A,,A,,R,294
409032,3,R,294,A,,A,,R,294
409120,1,R,56,A,,A,,R,56
409120,2,R,56,A,,A,,R,56
409120,3,R,56,A,,A,,R,56
409193,1,R,194,A,,A,,R,194
409193,2,R,194,A,,A,,R,194
409193,3,R,194,A,,A,,R,194
409254,1,R,405,R,147,R,202,R,56
409254,12,R,405,R,147,R,202,R,56
409315,1,R,35779,R,10159,R,6147,R,19473
409315,2,R,35779,R,10159,R,6147,R,19473
409315,3,R,21614,R,9449,R,4753,R,7412
409315,11,R,14165,R,710,R,1394,R,12061
409537,1,R,115,A,,A,,R,115
409537,2,R,115,A,,A,,R,115
409537,3,R,115,A,,A,,R,115
409591,1,R,168,A,,A,,R,168
409591,2,R,168,A,,A,,R,168
409591,3,R,168,A,,A,,R,168
409616,1,R,521,R,0,R,319,R,202
409616,12,R,521,R,0,R,319,R,202
409698,1,R,7706,R,887,R,4314,R,2505
409698,2,R,6673,R,463,R,4073,R,2137
409698,3,R,6511,R,427,R,4069,R,2015
409698,11,R,162,R,36,R,4,R,122
409698,12,R,1033,R,424,R,241,R,368
410797,1,R,260,R,0,R,260,R,0
410797,2,R,260,R,0,R,260,R,0
410797,3,R,260,R,0,R,260,R,0
410964,1,R,77,R,0,R,76,R,1
410964,2,R,77,R,0,R,76,R,1
410964,3,R,77,R,0,R,76,R,1
411684,1,R,188,A,,A,,R,188
411684,2,R,188,A,,A,,R,188
411684,3,R,188,A,,A,,R,188
411754,1,R,31,A,,A,,R,31
411754,2,R,31,A,,A,,R,31
411754,3,R,31,A,,A,,R,31
412173,1,R,739,R,0,R,226,R,513
412173,2,R,739,R,0,R,226,R,513
412173,3,R,739,R,0,R,226,R,513
412535,1,R,35,A,,A,,R,35
412535,2,R,35,A,,A,,R,35
412535,3,R,35,A,,A,,R,35
412544,1,R,282,A,,A,,R,282
412544,2,R,282,A,,A,,R,282
412544,3,R,282,A,,A,,R,282
412599,1,R,610,Z,0,R,610,R,0
412599,2,R,610,Z,0,R,610,R,0
412599,3,R,610,Z,0,R,610,R,0
413176,1,R,37,A,,A,,R,37
413176,2,R,37,A,,A,,R,37
413176,3,R,37,A,,A,,R,37
413413,1,R,81047,R,81047,A,,A,
413413,2,R,37047,R,37047,A,,A,
413413,3,R,37031,R,37031,A,,A,
413413,11,R,16,R,16,A,,A,
413413,12,R,44000,R,44000,A,,A,
413617,1,R,355,R,0,R,257,R,98
413617,2,R,355,R,0,R,257,R,98
413617,3,R,280,R,0,R,250,R,30
413617,11,R,75,R,0,R,7,R,68
413626,1,R,265,R,50,R,215,R,0
413626,2,R,265,R,50,R,215,R,0
413626,3,R,265,R,50,R,215,R,0
413680,1,R,548,A,,A,,R,548
413680,2,R,548,A,,A,,R,548
413680,3,R,548,A,,A,,R,548
413820,1,R,39,A,,A,,R,39
413820,2,R,39,A,,A,,R,39
413820,3,R,39,A,,A,,R,39
413893,1,R,1994,A,,A,,R,1994
413893,2,R,1994,A,,A,,R,1994
413893,3,R,1994,A,,A,,R,1994
414063,1,R,135,A,,A,,R,135
414063,2,R,135,A,,A,,R,135
414063,3,R,135,A,,A,,R,135
414124,1,R,571,R,0,R,9,R,562
414124,2,R,571,R,0,R,9,R,562
414124,3,R,571,R,0,R,9,R,562
414461,1,R,2966,A,,A,,R,2966
414461,2,R,2966,A,,A,,R,2966
414461,3,R,2966,A,,A,,R,2966
414489,1,R,103,A,,A,,R,103
414489,2,R,103,A,,A,,R,103
414489,3,R,103,A,,A,,R,103
414540,1,R,424,A,,A,,R,424
414540,2,R,424,A,,A,,R,424
414540,3,R,424,A,,A,,R,424
414595,1,R,1085,R,218,R,603,R,264
414595,2,R,567,R,166,R,251,R,150
414595,3,R,361,R,125,R,161,R,75
414595,11,R,206,R,41,R,90,R,75
414595,12,R,518,R,52,R,352,R,114
414869,1,R,649,A,,A,,R,649
414869,2,R,649,A,,A,,R,649
414869,3,R,649,A,,A,,R,649
414878,1,R,13135,R,2998,R,9930,R,207
414878,2,R,2514,R,2481,R,33,R,0
414878,3,R,983,R,951,R,32,R,0
414878,11,R,1531,R,1530,R,1,R,0
414878,12,R,10621,R,517,R,9897,R,207
414911,1,R,2854,R,607,R,698,R,1549
414911,2,R,2854,R,607,R,698,R,1549
414911,3,R,950,R,320,R,540,R,90
414911,11,R,1904,R,287,R,158,R,1459
414939,1,R,588,Z,0,R,588,R,0
414939,2,R,588,Z,0,R,588,R,0
414939,3,R,588,Z,0,R,588,R,0
414966,1,R,135,R,40,R,41,R,54
414966,12,R,135,R,40,R,41,R,54
415039,1,R,86,A,,A,,R,86
415039,2,R,86,A,,A,,R,86
415039,3,R,86,A,,A,,R,86
415057,1,R,108,R,0,R,0,R,108
415057,2,R,108,R,0,R,0,R,108
415057,3,R,108,R,0,R,0,R,108
415987,1,R,217,R,0,R,217,R,0
415987,2,R,217,R,0,R,217,R,0
415987,3,R,217,R,0,R,217,R,0
416458,1,R,180,A,,A,,R,180
416458,2,R,180,A,,A,,R,180
416458,3,R,180,A,,A,,R,180
416801,1,R,528,R,53,R,71,R,404
416801,2,R,472,R,46,R,71,R,355
416801,3,R,472,R,46,R,71,R,355
416801,12,R,56,R,7,Z,0,R,49
417008,1,R,129,A,,A,,R,129
417008,2,R,129,A,,A,,R,129
417008,3,R,129,A,,A,,R,129
417062,1,R,85,A,,A,,R,85
417062,2,R,85,A,,A,,R,85
417062,3,R,85,A,,A,,R,85
417105,1,R,556,A,,A,,R,556
417105,2,R,556,A,,A,,R,556
417105,3,R,556,A,,A,,R,556
417123,1,R,163,R,5,R,50,R,108
417123,2,R,163,R,5,R,50,R,108
417123,3,R,163,R,5,R,50,R,108
417327,1,R,404,R,0,R,313,R,91
417327,2,R,404,R,0,R,313,R,91
417327,3,R,404,R,0,R,313,R,91
417442,1,R,112,A,,A,,R,112
417442,2,R,112,A,,A,,R,112
417442,3,R,112,A,,A,,R,112
417503,1,R,464,A,,A,,R,464
417503,2,R,464,A,,A,,R,464
417503,3,R,464,A,,A,,R,464
417600,1,R,37,A,,A,,R,37
417600,2,R,37,A,,A,,R,37
417600,3,R,37,A,,A,,R,37
417628,1,R,21,A,,A,,R,21
417628,2,R,21,A,,A,,R,21
417628,3,R,21,A,,A,,R,21
417637,1,R,130,A,,A,,R,130
417637,2,R,130,A,,A,,R,130
417637,3,R,130,A,,A,,R,130
417646,1,R,23,A,,A,,R,23
417646,2,R,23,A,,A,,R,23
417646,3,R,23,A,,A,,R,23
417655,1,R,23,A,,A,,R,23
417655,2,R,23,A,,A,,R,23
417655,3,R,23,A,,A,,R,23
417682,1,R,20,A,,A,,R,20
417682,2,R,20,A,,A,,R,20
417682,3,R,20,A,,A,,R,20
417716,1,R,226,A,,A,,R,226
417716,2,R,226,A,,A,,R,226
417716,3,R,226,A,,A,,R,226
417725,1,R,74,A,,A,,R,74
417725,2,R,74,A,,A,,R,74
417725,3,R,74,A,,A,,R,74
417734,1,R,218,R,45,R,153,R,20
417734,2,R,218,R,45,R,153,R,20
417734,3,R,212,R,44,R,152,R,16
417734,11,R,6,R,1,R,1,R,4
417752,1,R,29,R,2,R,0,R,27
417752,2,R,29,R,2,R,0,R,27
417752,3,R,29,R,2,R,0,R,27
417831,1,R,144,A,,A,,R,144
417831,2,R,144,A,,A,,R,144
417831,3,R,144,A,,A,,R,144
417840,1,R,578,R,0,R,59,R,519
417840,2,R,578,R,0,R,59,R,519
417840,3,R,578,R,0,R,59,R,519
417868,1,R,35,A,,A,,R,35
417868,2,R,35,A,,A,,R,35
417868,3,R,35,A,,A,,R,35
417886,1,R,31,A,,A,,R,31
417886,2,R,31,A,,A,,R,31
417886,3,R,31,A,,A,,R,31
417910,1,R,407,A,,A,,R,407
417910,2,R,407,A,,A,,R,407
417910,3,R,407,A,,A,,R,407
417983,1,R,23,A,,A,,R,23
417983,2,R,23,A,,A,,R,23
417983,3,R,23,A,,A,,R,23
417992,1,R,72,A,,A,,R,72
417992,2,R,72,A,,A,,R,72
417992,3,R,72,A,,A,,R,72
418001,1,R,77,A,,A,,R,77
418001,2,R,77,A,,A,,R,77
418001,3,R,77,A,,A,,R,77
418010,1,R,97,A,,A,,R,97
418010,2,R,97,A,,A,,R,97
418010,3,R,97,A,,A,,R,97
418029,1,R,38,A,,A,,R,38
418029,2,R,38,A,,A,,R,38
418029,3,R,38,A,,A,,R,38
418038,1,R,210,A,,A,,R,210
418038,2,R,210,A,,A,,R,210
418038,3,R,210,A,,A,,R,210
418065,1,R,390,A,,A,,R,390
418065,2,R,390,A,,A,,R,390
418065,3,R,390,A,,A,,R,390
418083,1,R,29,A,,A,,R,29
418083,2,R,29,A,,A,,R,29
418083,3,R,29,A,,A,,R,29
418126,1,R,149,R,0,R,19,R,130
418126,2,R,72,R,0,R,19,R,53
418126,3,R,65,R,0,R,19,R,46
418126,11,R,7,A,,A,,R,7
418126,12,R,77,A,,A,,R,77
418171,1,R,98,A,,A,,R,98
418171,2,R,98,A,,A,,R,98
418171,3,R,98,A,,A,,R,98
418205,1,R,454,R,0,R,23,R,431
418205,2,R,454,R,0,R,23,R,431
418205,3,R,454,R,0,R,23,R,431
418223,1,R,202,A,,A,,R,202
418223,2,R,202,A,,A,,R,202
418223,3,R,202,A,,A,,R,202
418250,1,R,343,A,,A,,R,343
418250,2,R,343,A,,A,,R,343
418250,3,R,343,A,,A,,R,343
418269,1,R,230,R,0,R,230,R,0
418269,2,R,230,R,0,R,230,R,0
418269,3,R,230,R,0,R,230,R,0
418278,1,R,247,R,0,R,29,R,218
418278,2,R,247,R,0,R,29,R,218
418278,3,R,247,R,0,R,29,R,218
418296,1,R,2894,A,,A,,R,2894
418296,2,R,2894,A,,A,,R,2894
418296,3,R,2894,A,,A,,R,2894
418302,1,R,550,A,,A,,R,550
418302,2,R,550,A,,A,,R,550
418302,3,R,144,A,,A,,R,144
418302,11,R,406,A,,A,,R,406
418320,1,R,1080,A,,A,,R,1080
418320,2,R,1080,A,,A,,R,1080
418320,3,R,171,A,,A,,R,171
418320,11,R,909,A,,A,,R,909
418348,1,R,575,A,,A,,R,575
418348,2,R,575,A,,A,,R,575
418348,3,R,151,A,,A,,R,151
418348,11,R,424,A,,A,,R,424
418357,1,R,304,A,,A,,R,304
418357,2,R,304,A,,A,,R,304
418357,3,R,282,A,,A,,R,282
418357,11,R,22,A,,A,,R,22
418409,1,R,855,A,,A,,R,855
418409,2,R,855,A,,A,,R,855
418409,3,R,855,A,,A,,R,855
418427,1,R,114,A,,A,,R,114
418427,2,R,114,A,,A,,R,114
418427,3,R,114,A,,A,,R,114
418445,1,R,37,A,,A,,R,37
418445,2,R,37,A,,A,,R,37
418445,3,R,37,A,,A,,R,37
418454,1,R,163,A,,A,,R,163
418454,2,R,163,A,,A,,R,163
418454,3,R,163,A,,A,,R,163
418481,1,R,55,A,,A,,R,55
418481,2,R,55,A,,A,,R,55
418481,3,R,55,A,,A,,R,55
418515,1,R,108,A,,A,,R,108
418515,2,R,108,A,,A,,R,108
418515,3,R,108,A,,A,,R,108
418524,1,R,65,A,,A,,R,65
418524,2,R,65,A,,A,,R,65
418524,3,R,65,A,,A,,R,65
418533,1,R,380,A,,A,,R,380
418533,2,R,380,A,,A,,R,380
418533,3,R,380,A,,A,,R,380
418560,1,R,121,A,,A,,R,121
418560,2,R,121,A,,A,,R,121
418560,3,R,121,A,,A,,R,121
418588,1,R,63,A,,A,,R,63
418588,2,R,63,A,,A,,R,63
418588,3,R,63,A,,A,,R,63
418612,1,R,7,A,,A,,R,7
418612,2,R,7,A,,A,,R,7
418612,3,R,7,A,,A,,R,7
418658,1,R,861,A,,A,,R,861
418658,2,R,861,A,,A,,R,861
418658,3,R,861,A,,A,,R,861
418773,1,R,505,A,,A,,R,505
418773,2,R,505,A,,A,,R,505
418773,3,R,505,A,,A,,R,505
418782,1,R,451,A,,A,,R,451
418782,2,R,451,A,,A,,R,451
418782,3,R,451,A,,A,,R,451
418889,1,R,146,A,,A,,R,146
418889,2,R,146,A,,A,,R,146
418889,3,R,146,A,,A,,R,146
418913,1,R,8,A,,A,,R,8
418913,2,R,8,A,,A,,R,8
418913,3,R,8,A,,A,,R,8
418968,1,R,403,A,,A,,R,403
418968,2,R,403,A,,A,,R,403
418968,3,R,403,A,,A,,R,403
419031,1,R,30,A,,A,,R,30
419031,2,R,30,A,,A,,R,30
419031,3,R,30,A,,A,,R,30
419095,1,R,62,A,,A,,R,62
419095,2,R,62,A,,A,,R,62
419095,3,R,62,A,,A,,R,62
419183,1,R,125,A,,A,,R,125
419183,2,R,125,A,,A,,R,125
419183,3,R,125,A,,A,,R,125
419217,1,R,62,A,,A,,R,62
419217,2,R,62,A,,A,,R,62
419217,3,R,62,A,,A,,R,62
419226,1,R,809,R,12,R,0,R,797
419226,2,R,809,R,12,R,0,R,797
419226,3,R,733,R,4,R,0,R,729
419226,11,R,76,R,8,R,0,R,68
419235,1,R,244,A,,A,,R,244
419235,2,R,244,A,,A,,R,244
419235,3,R,244,A,,A,,R,244
419244,1,R,333,R,85,R,248,R,0
419244,2,R,333,R,85,R,248,R,0
419244,3,R,333,R,85,R,248,R,0
419253,1,R,141,R,0,R,141,R,0
419253,2,R,141,R,0,R,141,R,0
419253,3,R,141,R,0,R,141,R,0
419280,1,R,57,A,,A,,R,57
419280,2,R,57,A,,A,,R,57
419280,3,R,57,A,,A,,R,57
419341,1,R,48,R,0,R,1,R,47
419341,2,R,48,R,0,R,1,R,47
419341,3,R,48,R,0,R,1,R,47
419420,1,R,63,Z,0,R,25,R,38
419420,2,R,63,Z,0,R,25,R,38
419420,3,R,63,Z,0,R,25,R,38
419484,1,R,26,A,,A,,R,26
419484,2,R,26,A,,A,,R,26
419484,3,R,26,A,,A,,R,26
419633,1,R,144,A,,A,,R,144
419633,2,R,144,A,,A,,R,144
419633,3,R,144,A,,A,,R,144
419703,1,R,815,A,,A,,R,815
419703,2,R,815,A,,A,,R,815
419703,3,R,815,A,,A,,R,815
419712,1,R,289,A,,A,,R,289
419712,2,R,289,A,,A,,R,289
419712,3,R,289,A,,A,,R,289
419721,1,R,547,A,,A,,R,547
419721,2,R,547,A,,A,,R,547
419721,3,R,547,A,,A,,R,547
420024,1,R,544,R,31,R,206,R,307
420024,2,R,544,R,31,R,206,R,307
420024,3,R,544,R,31,R,206,R,307
420042,1,R,22,R,15,Z,0,R,7
420042,2,R,20,R,13,Z,0,R,7
420042,3,R,20,R,13,Z,0,R,7
420042,12,R,2,R,2,Z,0,R,0
420130,1,R,411,R,0,R,73,R,338
420130,2,R,411,R,0,R,73,R,338
420130,3,R,411,R,0,R,73,R,338
420246,1,R,642,R,218,R,424,R,0
420246,12,R,642,R,218,R,424,R,0
420255,1,R,319,A,,A,,R,319
420255,2,R,319,A,,A,,R,319
420255,3,R,319,A,,A,,R,319
420325,1,R,99,A,,A,,R,99
420325,2,R,99,A,,A,,R,99
420325,3,R,99,A,,A,,R,99
420343,1,R,1503,A,,A,,R,1503
420343,2,R,1503,A,,A,,R,1503
420343,3,R,1503,A,,A,,R,1503
420370,1,R,531,R,224,R,0,R,307
420370,2,R,531,R,224,R,0,R,307
420370,3,R,528,R,223,R,0,R,305
420370,11,R,3,R,1,R,0,R,2
420398,1,R,26839,R,9295,R,10958,R,6586
420398,2,R,26839,R,9295,R,10958,R,6586
420398,3,R,21387,R,8759,R,10465,R,2163
420398,11,R,5452,R,536,R,493,R,4423
420431,1,R,2967,R,1037,R,636,R,1294
420431,2,R,2967,R,1037,R,636,R,1294
420431,3,R,2445,R,837,R,544,R,1064
420431,11,R,522,R,200,R,92,R,230
420440,1,R,2402,R,1295,R,539,R,568
420440,2,R,2402,R,1295,R,539,R,568
420440,3,R,1255,R,699,R,452,R,104
420440,11,R,1147,R,596,R,87,R,464
420468,1,R,305,A,,A,,R,305
420468,2,R,305,A,,A,,R,305
420468,3,R,305,A,,A,,R,305
420538,1,R,1668,R,520,R,757,R,391
420538,2,R,1668,R,520,R,757,R,391
420538,3,R,1211,R,350,R,677,R,184
420538,11,R,457,R,170,R,80,R,207
420556,1,R,1393,R,178,R,444,R,771
420556,2,R,1393,R,178,R,444,R,771
420556,3,R,698,R,118,R,384,R,196
420556,11,R,695,R,60,R,60,R,575
420705,1,R,204,R,107,R,53,R,44
420705,12,R,204,R,107,R,53,R,44
420723,1,R,902,R,4,R,284,R,614
420723,2,R,902,R,4,R,284,R,614
420723,3,R,455,R,4,R,232,R,219
420723,11,R,447,R,0,R,52,R,395
420981,1,R,1259,R,894,R,336,R,29
420981,2,R,1259,R,894,R,336,R,29
420981,3,R,1259,R,894,R,336,R,29
421513,1,R,117,R,0,R,56,R,61
421513,2,R,117,R,0,R,56,R,61
421513,3,R,117,R,0,R,56,R,61
421610,1,R,159,A,,A,,R,159
421610,2,R,159,A,,A,,R,159
421610,3,R,159,A,,A,,R,159
421665,1,R,67,A,,A,,R,67
421665,2,R,67,A,,A,,R,67
421665,3,R,67,A,,A,,R,67
421708,1,R,1555,Z,0,R,1555,R,0
421708,2,R,1555,Z,0,R,1555,R,0
421708,3,R,1555,Z,0,R,1555,R,0
421717,1,R,23,A,,A,,R,23
421717,2,R,23,A,,A,,R,23
421717,3,R,23,A,,A,,R,23
421771,1,R,57,A,,A,,R,57
421771,2,R,57,A,,A,,R,57
421771,3,R,57,A,,A,,R,57
421841,1,R,311,A,,A,,R,311
421841,2,R,311,A,,A,,R,311
421841,3,R,311,A,,A,,R,311
421878,1,R,627,R,24,R,0,R,603
421878,2,R,627,R,24,R,0,R,603
421878,3,R,627,R,24,R,0,R,603
421896,1,R,279,Z,0,R,12,R,267
421896,2,R,279,Z,0,R,12,R,267
421896,3,R,279,Z,0,R,12,R,267
422020,1,R,490,R,0,R,23,R,467
422020,2,R,490,R,0,R,23,R,467
422020,3,R,490,R,0,R,23,R,467
422695,1,R,457,R,83,R,184,R,190
422695,2,R,436,R,62,R,184,R,190
422695,3,R,436,R,62,R,184,R,190
422695,12,R,21,R,21,Z,0,R,0
422835,1,R,479,A,,A,,R,479
422835,2,R,479,A,,A,,R,479
422835,3,R,479,A,,A,,R,479
423120,1,R,894,Z,0,R,790,R,104
423120,2,R,894,Z,0,R,790,R,104
423120,3,R,894,Z,0,R,790,R,104
423397,1,R,929,R,0,R,0,R,929
423397,2,R,929,R,0,R,0,R,929
423397,3,R,929,R,0,R,0,R,929
423412,1,R,56,A,,A,,R,56
423412,2,R,56,A,,A,,R,56
423412,3,R,56,A,,A,,R,56
423643,1,R,4108,R,84,R,25,R,3999
423643,12,R,4108,R,84,R,25,R,3999
423652,1,R,855,R,109,R,318,R,428
423652,2,R,855,R,109,R,318,R,428
423652,3,R,442,R,75,R,258,R,109
423652,11,R,413,R,34,R,60,R,319
425250,1,R,135,Z,0,R,50,R,85
425250,2,R,135,Z,0,R,50,R,85
425250,3,R,135,Z,0,R,50,R,85
425986,1,R,199,R,0,R,136,R,63
425986,2,R,199,R,0,R,136,R,63
425986,3,R,199,R,0,R,136,R,63
426314,1,R,17878,R,16076,R,1400,R,402
426314,2,R,13345,R,11882,R,1236,R,227
426314,3,R,12889,R,11430,R,1235,R,224
426314,11,R,456,R,452,R,1,R,3
426314,12,R,4533,R,4194,R,164,R,175
427308,1,R,194,A,,A,,R,194
427308,2,R,194,A,,A,,R,194
427308,3,R,194,A,,A,,R,194
427335,1,R,120,A,,A,,R,120
427335,2,R,120,A,,A,,R,120
427335,3,R,120,A,,A,,R,120
427894,1,R,27,A,,A,,R,27
427894,2,R,27,A,,A,,R,27
427894,3,R,27,A,,A,,R,27
427973,1,R,450,A,,A,,R,450
427973,2,R,450,A,,A,,R,450
427973,3,R,450,A,,A,,R,450
427991,1,R,902,A,,A,,R,902
427991,2,R,902,A,,A,,R,902
427991,3,R,611,A,,A,,R,611
427991,11,R,291,A,,A,,R,291
428000,1,R,51,A,,A,,R,51
428000,2,R,51,A,,A,,R,51
428000,3,R,51,A,,A,,R,51
428019,1,R,343,A,,A,,R,343
428019,2,R,343,A,,A,,R,343
428019,3,R,95,A,,A,,R,95
428019,11,R,248,A,,A,,R,248
428055,1,R,238,A,,A,,R,238
428055,2,R,238,A,,A,,R,238
428055,3,R,238,A,,A,,R,238
428125,1,R,96,A,,A,,R,96
428125,2,R,96,A,,A,,R,96
428125,3,R,96,A,,A,,R,96
428170,1,R,1483,R,145,R,46,R,1292
428170,2,R,1483,R,145,R,46,R,1292
428170,3,R,1482,R,145,R,46,R,1291
428170,11,R,1,R,0,R,0,R,1
428259,1,R,148,R,77,R,68,R,3
428259,2,R,71,R,62,R,8,R,1
428259,3,R,69,R,60,R,8,R,1
428259,11,R,2,R,2,R,0,R,0
428259,12,R,77,R,15,R,60,R,2
428392,1,R,3633,R,635,R,1113,R,1885
428392,2,R,3633,R,635,R,1113,R,1885
428392,3,R,1621,R,473,R,927,R,221
428392,11,R,2012,R,162,R,186,R,1664
429085,1,R,122,R,40,R,79,R,3
429085,12,R,122,R,40,R,79,R,3
429128,1,R,1384,R,1384,Z,0,R,0
429128,2,R,1384,R,1384,Z,0,R,0
429128,3,R,633,R,633,Z,0,R,0
429128,11,R,751,R,751,Z,0,R,0
430184,1,R,1968,R,1940,R,26,R,2
430184,2,R,1625,R,1600,R,24,R,1
430184,3,R,1625,R,1600,R,24,R,1
430184,12,R,343,R,340,R,2,R,1
430227,1,R,126,A,,A,,R,126
430227,2,R,126,A,,A,,R,126
430227,3,R,126,A,,A,,R,126
430245,1,R,953,R,14,R,705,R,234
430245,2,R,953,R,14,R,705,R,234
430245,3,R,953,R,14,R,705,R,234
430306,1,R,38,A,,A,,R,38
430306,2,R,38,A,,A,,R,38
430306,3,R,38,A,,A,,R,38
430403,1,R,401,R,0,R,120,R,281
430403,2,R,401,R,0,R,120,R,281
430403,3,R,401,R,0,R,120,R,281
430564,1,R,169,A,,A,,R,169
430564,2,R,169,A,,A,,R,169
430564,3,R,169,A,,A,,R,169
430582,1,R,500,A,,A,,R,500
430582,2,R,500,A,,A,,R,500
430582,3,R,500,A,,A,,R,500
430670,1,R,436,R,0,R,41,R,395
430670,2,R,85,A,,A,,R,85
430670,3,R,85,A,,A,,R,85
430670,12,R,351,R,0,R,41,R,310
430704,1,R,87,R,0,R,87,R,0
430704,12,R,87,R,0,R,87,R,0
430795,1,R,193,A,,A,,R,193
430795,2,R,193,A,,A,,R,193
430795,3,R,193,A,,A,,R,193
430883,1,R,38,A,,A,,R,38
430883,2,R,38,A,,A,,R,38
430883,3,R,38,A,,A,,R,38
430908,1,R,53,A,,A,,R,53
430908,2,R,53,A,,A,,R,53
430908,3,R,53,A,,A,,R,53
430935,1,R,630,A,,A,,R,630
430935,2,R,630,A,,A,,R,630
430935,3,R,630,A,,A,,R,630
430971,1,R,176,A,,A,,R,176
430971,2,R,176,A,,A,,R,176
430971,3,R,176,A,,A,,R,176
431017,1,R,378,A,,A,,R,378
431017,2,R,378,A,,A,,R,378
431017,3,R,93,A,,A,,R,93
431017,11,R,285,A,,A,,R,285
431071,1,R,142,A,,A,,R,142
431071,2,R,142,A,,A,,R,142
431071,3,R,142,A,,A,,R,142
431105,1,R,88,A,,A,,R,88
431105,2,R,88,A,,A,,R,88
431105,3,R,88,A,,A,,R,88
431123,1,R,597,A,,A,,R,597
431123,2,R,597,A,,A,,R,597
431123,3,R,597,A,,A,,R,597
431141,1,R,2264,A,,A,,R,2264
431141,2,R,2264,A,,A,,R,2264
431141,3,R,2264,A,,A,,R,2264
431196,1,R,122,A,,A,,R,122
431196,2,R,122,A,,A,,R,122
431196,3,R,122,A,,A,,R,122
431266,1,R,105,A,,A,,R,105
431266,2,R,105,A,,A,,R,105
431266,3,R,105,A,,A,,R,105
431275,1,R,65,A,,A,,R,65
431275,2,R,65,A,,A,,R,65
431275,3,R,65,A,,A,,R,65
431284,1,R,109,R,0,R,109,R,0
431284,2,R,109,R,0,R,109,R,0
431284,3,R,109,R,0,R,109,R,0
431558,1,R,509,A,,A,,R,509
431558,2,R,509,A,,A,,R,509
431558,3,R,490,A,,A,,R,490
431558,11,R,19,A,,A,,R,19
431600,1,R,342,R,0,R,33,R,309
431600,2,R,342,R,0,R,33,R,309
431600,3,R,342,R,0,R,33,R,309
431716,1,R,453,A,,A,,R,453
431716,2,R,453,A,,A,,R,453
431716,3,R,453,A,,A,,R,453
431983,1,R,99,A,,A,,R,99
431983,2,R,99,A,,A,,R,99
431983,3,R,99,A,,A,,R,99
432117,1,R,338,A,,A,,R,338
432117,2,R,338,A,,A,,R,338
432117,3,R,338,A,,A,,R,338
432269,1,R,128,A,,A,,R,128
432269,2,R,128,A,,A,,R,128
432269,3,R,128,A,,A,,R,128
432348,1,R,146,R,0,R,39,R,107
432348,12,R,146,R,0,R,39,R,107
432384,1,R,655,R,0,R,97,R,558
432384,2,R,655,R,0,R,97,R,558
432384,3,R,655,R,0,R,97,R,558
433004,1,R,670,A,,A,,R,670
433004,2,R,469,A,,A,,R,469
433004,3,R,469,A,,A,,R,469
433004,12,R,201,A,,A,,R,201
433013,1,R,1386,R,0,R,1313,R,73
433013,2,R,1386,R,0,R,1313,R,73
433013,3,R,1386,R,0,R,1313,R,73
433040,1,R,33,A,,A,,R,33
433040,2,R,33,A,,A,,R,33
433040,3,R,33,A,,A,,R,33
433068,1,R,635,A,,A,,R,635
433068,2,R,635,A,,A,,R,635
433068,3,R,619,A,,A,,R,619
433068,11,R,16,A,,A,,R,16
433101,1,R,1201,A,,A,,R,1201
433101,2,R,1201,A,,A,,R,1201
433101,3,R,1201,A,,A,,R,1201
433138,1,R,202,A,,A,,R,202
433138,2,R,202,A,,A,,R,202
433138,3,R,202,A,,A,,R,202
433174,1,R,635,R,68,R,354,R,213
433174,2,R,635,R,68,R,354,R,213
433174,3,R,609,R,68,R,353,R,188
433174,11,R,26,Z,0,R,1,R,25
433387,1,R,282150,R,282150,A,,A,
433387,2,R,201091,R,201091,A,,A,
433387,3,R,201091,R,201091,A,,A,
433387,12,R,81059,R,81059,A,,A,
433420,1,R,530,R,16,R,457,R,57
433420,2,R,520,R,6,R,457,R,57
433420,3,R,520,R,6,R,457,R,57
433420,12,R,10,R,10,Z,0,R,0
433536,1,R,606,R,418,R,127,R,61
433536,2,R,595,R,407,R,127,R,61
433536,3,R,595,R,407,R,127,R,61
433536,12,R,11,R,11,Z,0,R,0
433660,1,R,18514,R,2956,R,12569,R,2989
433660,2,R,15905,R,1584,R,11737,R,2584
433660,3,R,15367,R,1546,R,11438,R,2383
433660,11,R,538,R,38,R,299,R,201
433660,12,R,2609,R,1372,R,832,R,405
434016,1,R,312,R,33,R,108,R,171
434016,2,R,312,R,33,R,108,R,171
434016,3,R,243,R,23,R,70,R,150
434016,11,R,69,R,10,R,38,R,21
434061,1,R,7826,R,912,R,2220,R,4694
434061,2,R,7826,R,912,R,2220,R,4694
434061,3,R,6609,R,808,R,2160,R,3641
434061,11,R,1217,R,104,R,60,R,1053
434140,1,R,1068,R,0,R,0,R,1068
434140,2,R,1068,R,0,R,0,R,1068
434140,3,R,1068,R,0,R,0,R,1068
434159,1,R,742,A,,A,,R,742
434159,2,R,742,A,,A,,R,742
434159,3,R,741,A,,A,,R,741
434159,11,R,1,A,,A,,R,1
434274,1,R,109,A,,A,,R,109
434274,2,R,109,A,,A,,R,109
434274,3,R,109,A,,A,,R,109
434308,1,R,473,A,,A,,R,473
434308,2,R,473,A,,A,,R,473
434308,3,R,473,A,,A,,R,473
434344,1,R,326,A,,A,,R,326
434344,2,R,326,A,,A,,R,326
434344,3,R,326,A,,A,,R,326
434362,1,R,49,A,,A,,R,49
434362,2,R,49,A,,A,,R,49
434362,3,R,49,A,,A,,R,49
434432,1,R,13,R,0,R,13,R,0
434432,2,R,13,R,0,R,13,R,0
434432,3,R,13,R,0,R,13,R,0
434441,1,R,84,A,,A,,R,84
434441,12,R,84,A,,A,,R,84
434469,1,R,987,R,218,R,0,R,769
434469,2,R,987,R,218,R,0,R,769
434469,3,R,987,R,218,R,0,R,769
434496,1,R,150,A,,A,,R,150
434496,2,R,150,A,,A,,R,150
434496,3,R,150,A,,A,,R,150
434584,1,R,510,R,113,R,199,R,198
434584,2,R,510,R,113,R,199,R,198
434584,3,R,231,R,65,R,103,R,63
434584,11,R,279,R,48,R,96,R,135
434672,1,R,23888,R,10536,R,4468,R,8884
434672,2,R,23888,R,10536,R,4468,R,8884
434672,3,R,18630,R,7342,R,4185,R,7103
434672,11,R,5258,R,3194,R,283,R,1781
434751,1,R,158,R,7,R,101,R,50
434751,2,R,158,R,7,R,101,R,50
434751,3,R,143,R,7,R,98,R,38
434751,11,R,15,R,0,R,3,R,12
434821,1,R,729,R,0,R,333,R,396
434821,2,R,729,R,0,R,333,R,396
434821,3,R,729,R,0,R,333,R,396
434830,1,R,350,A,,A,,R,350
434830,2,R,350,A,,A,,R,350
434830,3,R,350,A,,A,,R,350
434900,1,R,497,R,0,R,322,R,175
434900,2,R,497,R,0,R,322,R,175
434900,3,R,497,R,0,R,322,R,175
434937,1,R,61,A,,A,,R,61
434937,2,R,61,A,,A,,R,61
434937,3,R,61,A,,A,,R,61
435000,1,R,1235,R,90,R,142,R,1003
435000,2,R,31,A,,A,,R,31
435000,3,R,31,A,,A,,R,31
435000,12,R,1204,R,90,R,142,R,972
436030,1,R,439,A,,A,,R,439
436030,2,R,439,A,,A,,R,439
436030,3,R,439,A,,A,,R,439
436304,1,R,3151,R,1205,R,862,R,1084
436304,2,R,3151,R,1205,R,862,R,1084
436304,3,R,2300,R,1009,R,756,R,535
436304,11,R,851,R,196,R,106,R,549
436429,1,R,7487,R,5680,R,1807,R,0
436429,2,R,7487,R,5680,R,1807,R,0
436429,3,R,7487,R,5680,R,1807,R,0
436553,1,R,943,A,,A,,R,943
436553,2,R,943,A,,A,,R,943
436553,3,R,943,A,,A,,R,943
436599,1,R,269,R,269,A,,A,
436599,2,R,269,R,269,A,,A,
436599,3,R,269,R,269,A,,A,
436614,1,R,96,R,27,R,22,R,47
436614,2,R,66,R,8,R,17,R,41
436614,3,R,60,R,6,R,17,R,37
436614,11,R,6,R,2,R,0,R,4
436614,12,R,30,R,19,R,5,R,6
436632,1,R,194,A,,A,,R,194
436632,2,R,194,A,,A,,R,194
436632,3,R,194,A,,A,,R,194
436650,1,R,283,A,,A,,R,283
436650,2,R,283,A,,A,,R,283
436650,3,R,283,A,,A,,R,283
436818,1,R,884,R,15,R,434,R,435
436818,2,R,884,R,15,R,434,R,435
436818,3,R,822,R,10,R,427,R,385
436818,11,R,62,R,5,R,7,R,50
436827,1,R,543,R,3,R,171,R,369
436827,2,R,543,R,3,R,171,R,369
436827,3,R,512,R,2,R,169,R,341
436827,11,R,31,R,1,R,2,R,28
436836,1,R,2510,R,66,R,1386,R,1058
436836,2,R,2510,R,66,R,1386,R,1058
436836,3,R,2319,R,35,R,1359,R,925
436836,11,R,191,R,31,R,27,R,133
437097,1,R,1422,R,1418,R,4,R,0
437097,2,R,463,R,463,R,0,R,0
437097,3,R,461,R,461,R,0,R,0
437097,11,R,2,R,2,R,0,R,0
437097,12,R,959,R,955,R,4,R,0
437103,1,R,15384,R,9863,R,2946,R,2575
437103,2,R,15384,R,9863,R,2946,R,2575
437103,3,R,11266,R,7232,R,2601,R,1433
437103,11,R,4118,R,2631,R,345,R,1142
437237,1,R,110,A,,A,,R,110
437237,2,R,110,A,,A,,R,110
437237,3,R,110,A,,A,,R,110
437556,1,R,2046,A,,A,,R,2046
437556,2,R,2046,A,,A,,R,2046
437556,3,R,2046,A,,A,,R,2046
437608,1,R,206,A,,A,,R,206
437608,2,R,206,A,,A,,R,206
437608,3,R,206,A,,A,,R,206
437635,1,R,1345,R,0,R,279,R,1066
437635,2,R,1345,R,0,R,279,R,1066
437635,3,R,1345,R,0,R,279,R,1066
437723,1,R,128,A,,A,,R,128
437723,2,R,128,A,,A,,R,128
437723,3,R,128,A,,A,,R,128
437732,1,R,29,R,0,R,0,R,29
437732,2,R,29,R,0,R,0,R,29
437732,3,R,29,R,0,R,0,R,29
437750,1,R,129,A,,A,,R,129
437750,2,R,129,A,,A,,R,129
437750,3,R,129,A,,A,,R,129
437769,1,R,317,A,,A,,R,317
437769,2,R,317,A,,A,,R,317
437769,3,R,317,A,,A,,R,317
437778,1,R,621,A,,A,,R,621
437778,2,R,621,A,,A,,R,621
437778,3,R,621,A,,A,,R,621
437857,1,R,155,A,,A,,R,155
437857,2,R,155,A,,A,,R,155
437857,3,R,155,A,,A,,R,155
437936,1,R,1055,R,0,R,565,R,490
437936,2,R,1055,R,0,R,565,R,490
437936,3,R,1055,R,0,R,565,R,490
438179,1,R,289,R,0,R,236,R,53
438179,2,R,289,R,0,R,236,R,53
438179,3,R,289,R,0,R,236,R,53
438221,1,R,206,R,0,R,73,R,133
438221,2,R,206,R,0,R,73,R,133
438221,3,R,206,R,0,R,73,R,133
438258,1,R,666,R,0,R,387,R,279
438258,2,R,666,R,0,R,387,R,279
438258,3,R,666,R,0,R,387,R,279
438285,1,R,341,A,,A,,R,341
438285,2,R,341,A,,A,,R,341
438285,3,R,341,A,,A,,R,341
438337,1,R,319,A,,A,,R,319
438337,2,R,319,A,,A,,R,319
438337,3,R,319,A,,A,,R,319
438504,1,R,2131,A,,A,,R,2131
438504,2,R,2131,A,,A,,R,2131
438504,3,R,2131,A,,A,,R,2131
438586,1,R,1743,R,1493,R,193,R,57
438586,2,R,1628,R,1389,R,184,R,55
438586,3,R,1627,R,1388,R,184,R,55
438586,11,R,1,R,1,Z,0,R,0
438586,12,R,115,R,104,R,9,R,2
438674,1,R,71,A,,A,,R,71
438674,2,R,71,A,,A,,R,71
438674,3,R,71,A,,A,,R,71
438708,1,R,571,R,248,R,222,R,101
438708,2,R,571,R,248,R,222,R,101
438708,3,R,285,R,133,R,108,R,44
438708,11,R,286,R,115,R,114,R,57
438735,1,R,368,Z,0,R,116,R,252
438735,2,R,368,Z,0,R,116,R,252
438735,3,R,368,Z,0,R,116,R,252
438984,1,R,254,A,,A,,R,254
438984,2,R,254,A,,A,,R,254
438984,3,R,254,A,,A,,R,254
439020,1,R,53,Z,0,R,53,R,0
439020,2,R,1,Z,0,R,1,R,0
439020,3,R,1,Z,0,R,1,R,0
439020,12,R,52,Z,0,R,52,R,0
439118,1,R,553,R,165,R,147,R,241
439118,2,R,553,R,165,R,147,R,241
439118,3,R,553,R,165,R,147,R,241
439190,1,R,3702,R,424,R,1538,R,1740
439190,2,R,3702,R,424,R,1538,R,1740
439190,3,R,1328,R,211,R,729,R,388
439190,11,R,2374,R,213,R,809,R,1352
439367,1,R,1966,R,747,R,1195,R,24
439367,2,R,1966,R,747,R,1195,R,24
439367,3,R,1966,R,747,R,1195,R,24
439394,1,R,69,Z,0,R,69,R,0
439394,12,R,69,Z,0,R,69,R,0
439446,1,R,162,A,,A,,R,162
439446,12,R,162,A,,A,,R,162
439455,1,R,706,R,0,R,334,R,372
439455,2,R,706,R,0,R,334,R,372
439455,3,R,706,R,0,R,334,R,372
439473,1,R,222,R,0,R,201,R,21
439473,2,R,222,R,0,R,201,R,21
439473,3,R,222,R,0,R,201,R,21
439491,1,R,290,R,0,R,36,R,254
439491,2,R,290,R,0,R,36,R,254
439491,3,R,290,R,0,R,36,R,254
439570,1,R,736,R,403,R,152,R,181
439570,2,R,736,R,403,R,152,R,181
439570,3,R,736,R,403,R,152,R,181
439622,1,R,673,A,,A,,R,673
439622,2,R,673,A,,A,,R,673
439622,3,R,673,A,,A,,R,673
439668,1,R,1171,A,,A,,R,1171
439668,2,R,1171,A,,A,,R,1171
439668,3,R,1171,A,,A,,R,1171
439701,1,R,737,R,275,R,409,R,53
439701,2,R,344,R,157,R,163,R,24
439701,3,R,341,R,157,R,162,R,22
439701,11,R,3,R,0,R,1,R,2
439701,12,R,393,R,118,R,246,R,29
439738,1,R,809,A,,A,,R,809
439738,2,R,809,A,,A,,R,809
439738,3,R,809,A,,A,,R,809
439747,1,R,334,A,,A,,R,334
439747,2,R,334,A,,A,,R,334
439747,3,R,334,A,,A,,R,334
439774,1,R,120,A,,A,,R,120
439774,2,R,120,A,,A,,R,120
439774,3,R,120,A,,A,,R,120
439783,1,R,227,A,,A,,R,227
439783,2,R,13,A,,A,,R,13
439783,3,R,13,A,,A,,R,13
439783,12,R,214,A,,A,,R,214
439792,1,R,522,R,0,R,484,R,38
439792,2,R,522,R,0,R,484,R,38
439792,3,R,522,R,0,R,484,R,38
439817,1,R,245,R,148,R,68,R,29
439817,12,R,245,R,148,R,68,R,29
439844,1,R,65,A,,A,,R,65
439844,2,R,65,A,,A,,R,65
439844,3,R,65,A,,A,,R,65
439862,1,R,81,R,27,R,32,R,22
439862,2,R,81,R,27,R,32,R,22
439862,3,R,81,R,27,R,32,R,22
439871,1,R,226,R,5,R,217,R,4
439871,2,R,226,R,5,R,217,R,4
439871,3,R,226,R,5,R,217,R,4
439899,1,R,96,R,17,R,0,R,79
439899,2,R,96,R,17,R,0,R,79
439899,3,R,95,R,16,R,0,R,79
439899,11,R,1,R,1,R,0,R,0
439914,1,R,45,A,,A,,R,45
439914,12,R,45,A,,A,,R,45
439932,1,R,82,A,,A,,R,82
439932,2,R,82,A,,A,,R,82
439932,3,R,82,A,,A,,R,82
440004,1,R,42,A,,A,,R,42
440004,12,R,42,A,,A,,R,42
440031,1,R,704,R,143,R,201,R,360
440031,12,R,704,R,143,R,201,R,360
440059,1,R,1466,R,0,R,46,R,1420
440059,2,R,1466,R,0,R,46,R,1420
440059,3,R,1466,R,0,R,46,R,1420
440101,1,R,281,A,,A,,R,281
440101,2,R,281,A,,A,,R,281
440101,3,R,281,A,,A,,R,281
440262,1,R,705,A,,A,,R,705
440262,2,R,705,A,,A,,R,705
440262,3,R,660,A,,A,,R,660
440262,11,R,45,A,,A,,R,45
440271,1,R,279,R,0,R,279,R,0
440271,2,R,279,R,0,R,279,R,0
440271,3,R,279,R,0,R,279,R,0
440396,1,R,388,R,19,R,46,R,323
440396,2,R,327,R,3,R,3,R,321
440396,3,R,275,Z,0,R,1,R,274
440396,11,R,52,R,3,R,2,R,47
440396,12,R,61,R,16,R,43,R,2
440402,1,R,4192,R,2358,R,715,R,1119
440402,2,R,4192,R,2358,R,715,R,1119
440402,3,R,1889,R,625,R,617,R,647
440402,11,R,2303,R,1733,R,98,R,472
440651,1,R,820,R,0,R,525,R,295
440651,2,R,744,R,0,R,449,R,295
440651,3,R,744,R,0,R,449,R,295
440651,12,R,76,R,0,R,76,R,0
440730,1,R,570,A,,A,,R,570
440730,2,R,570,A,,A,,R,570
440730,3,R,570,A,,A,,R,570
440776,1,R,107,R,0,R,107,R,0
440776,2,R,107,R,0,R,107,R,0
440776,3,R,107,R,0,R,107,R,0
440794,1,R,745,R,8,R,317,R,420
440794,2,R,667,R,0,R,316,R,351
440794,3,R,574,R,0,R,296,R,278
440794,11,R,93,R,0,R,20,R,73
440794,12,R,78,R,8,R,1,R,69
440828,1,R,1671,R,0,R,758,R,913
440828,2,R,1275,R,0,R,743,R,532
440828,3,R,1264,R,0,R,742,R,522
440828,11,R,11,R,0,R,1,R,10
440828,12,R,396,R,0,R,15,R,381
440855,1,R,349,A,,A,,R,349
440855,2,R,349,A,,A,,R,349
440855,3,R,349,A,,A,,R,349
440989,1,R,891,A,,A,,R,891
440989,2,R,891,A,,A,,R,891
440989,3,R,891,A,,A,,R,891
441025,1,R,219,R,0,R,155,R,64
441025,2,R,219,R,0,R,155,R,64
441025,3,R,219,R,0,R,155,R,64
441052,1,R,2536,R,0,R,371,R,2165
441052,2,R,2536,R,0,R,371,R,2165
441052,3,R,2536,R,0,R,371,R,2165
441070,1,R,202,R,2,R,7,R,193
441070,2,R,202,R,2,R,7,R,193
441070,3,R,168,R,2,R,7,R,159
441070,11,R,34,R,0,R,0,R,34
441104,1,R,399,R,116,R,140,R,143
441104,12,R,399,R,116,R,140,R,143
441131,1,R,269,R,0,R,265,R,4
441131,12,R,269,R,0,R,265,R,4
441210,1,R,475,A,,A,,R,475
441210,2,R,475,A,,A,,R,475
441210,3,R,475,A,,A,,R,475
441229,1,R,3066,R,0,R,3066,R,0
441229,2,R,3066,R,0,R,3066,R,0
441229,3,R,3066,R,0,R,3066,R,0
441256,1,R,180,A,,A,,R,180
441256,2,R,180,A,,A,,R,180
441256,3,R,180,A,,A,,R,180
441371,1,R,34339,R,34023,R,255,R,61
441371,2,R,34339,R,34023,R,255,R,61
441371,3,R,34339,R,34023,R,255,R,61
441380,1,R,412,A,,A,,R,412
441380,2,R,412,A,,A,,R,412
441380,3,R,412,A,,A,,R,412
441414,1,R,328,A,,A,,R,328
441414,2,R,328,A,,A,,R,328
441414,3,R,328,A,,A,,R,328
441423,1,R,1022,R,174,R,604,R,244
441423,2,R,1022,R,174,R,604,R,244
441423,3,R,1022,R,174,R,604,R,244
441487,1,R,115,A,,A,,R,115
441487,2,R,115,A,,A,,R,115
441487,3,R,115,A,,A,,R,115
441496,1,R,402,A,,A,,R,402
441496,2,R,402,A,,A,,R,402
441496,3,R,402,A,,A,,R,402
441502,1,R,430,R,0,R,106,R,324
441502,2,R,430,R,0,R,106,R,324
441502,3,R,430,R,0,R,106,R,324
441575,1,R,511,R,340,R,81,R,90
441575,2,R,511,R,340,R,81,R,90
441575,3,R,511,R,340,R,81,R,90
441593,1,R,35,A,,A,,R,35
441593,2,R,35,A,,A,,R,35
441593,3,R,35,A,,A,,R,35
441609,1,R,230,A,,A,,R,230
441609,2,R,230,A,,A,,R,230
441609,3,R,230,A,,A,,R,230
441618,1,R,42,A,,A,,R,42
441618,2,R,42,A,,A,,R,42
441618,3,R,42,A,,A,,R,42
441636,1,R,594,R,0,R,572,R,22
441636,2,R,572,R,0,R,572,R,0
441636,3,R,572,R,0,R,572,R,0
441636,12,R,22,A,,A,,R,22
441645,1,R,219,A,,A,,R,219
441645,2,R,219,A,,A,,R,219
441645,3,R,219,A,,A,,R,219
441663,1,R,500,A,,A,,R,500
441663,2,R,500,A,,A,,R,500
441663,3,R,500,A,,A,,R,500
441672,1,R,59,A,,A,,R,59
441672,2,R,59,A,,A,,R,59
441672,3,R,59,A,,A,,R,59
441690,1,R,274,R,274,R,0,R,0
441690,2,R,212,R,212,R,0,R,0
441690,3,R,150,R,150,R,0,R,0
441690,11,R,62,R,62,R,0,R,0
441690,12,R,62,R,62,R,0,R,0
441706,1,R,686,R,0,R,0,R,686
441706,2,R,686,R,0,R,0,R,686
441706,3,R,686,R,0,R,0,R,686
441742,1,R,1031,Z,0,R,819,R,212
441742,2,R,1031,Z,0,R,819,R,212
441742,3,R,1031,Z,0,R,819,R,212
441760,1,R,6406,R,1656,R,2766,R,1984
441760,2,R,6406,R,1656,R,2766,R,1984
441760,3,R,3807,R,954,R,2139,R,714
441760,11,R,2599,R,702,R,627,R,1270
441788,1,R,804,A,,A,,R,804
441788,2,R,804,A,,A,,R,804
441788,3,R,804,A,,A,,R,804
441830,1,R,196,R,0,R,196,R,0
441830,2,R,196,R,0,R,196,R,0
441830,3,R,196,R,0,R,196,R,0
441858,1,R,337,R,0,R,23,R,314
441858,2,R,337,R,0,R,23,R,314
441858,3,R,330,R,0,R,23,R,307
441858,11,R,7,R,0,R,0,R,7
441876,1,R,276,A,,A,,R,276
441876,2,R,276,A,,A,,R,276
441876,3,R,276,A,,A,,R,276
441900,1,R,8685,R,1392,R,2496,R,4797
441900,2,R,8625,R,1392,R,2458,R,4775
441900,3,R,4619,R,1048,R,2414,R,1157
441900,11,R,4006,R,344,R,44,R,3618
441900,12,R,60,R,0,R,38,R,22
441937,1,R,6662,R,960,R,4894,R,808
441937,2,R,6163,R,920,R,4605,R,638
441937,3,R,6053,R,827,R,4599,R,627
441937,11,R,110,R,93,R,6,R,11
441937,12,R,499,R,40,R,289,R,170
441982,1,R,436,A,,A,,R,436
441982,2,R,436,A,,A,,R,436
441982,3,R,376,A,,A,,R,376
441982,11,R,60,A,,A,,R,60
442064,1,R,169,R,45,R,101,R,23
442064,12,R,169,R,45,R,101,R,23
442073,1,R,1106,A,,A,,R,1106
442073,2,R,1106,A,,A,,R,1106
442073,3,R,1106,A,,A,,R,1106
442134,1,R,582,R,0,R,0,R,582
442134,2,R,582,R,0,R,0,R,582
442134,3,R,582,R,0,R,0,R,582
442240,1,R,657,A,,A,,R,657
442240,2,R,657,A,,A,,R,657
442240,3,R,657,A,,A,,R,657
442295,1,R,330,R,0,R,214,R,116
442295,12,R,330,R,0,R,214,R,116
442329,1,R,1591,A,,A,,R,1591
442329,2,R,1591,A,,A,,R,1591
442329,3,R,1591,A,,A,,R,1591
442356,1,R,2071,R,434,R,1637,R,0
442356,2,R,1923,R,318,R,1605,R,0
442356,3,R,1760,R,274,R,1486,R,0
442356,11,R,163,R,44,R,119,R,0
442356,12,R,148,R,116,R,32,R,0
442383,1,R,213,R,61,R,97,R,55
442383,2,R,213,R,61,R,97,R,55
442383,3,R,213,R,61,R,97,R,55
442426,1,R,600,R,211,R,389,R,0
442426,2,R,559,R,170,R,389,R,0
442426,3,R,559,R,170,R,389,R,0
442426,12,R,41,R,41,Z,0,R,0
442435,1,R,55,R,0,R,55,R,0
442435,2,R,55,R,0,R,55,R,0
442435,3,R,55,R,0,R,55,R,0
442444,1,R,1525,R,0,R,444,R,1081
442444,2,R,1525,R,0,R,444,R,1081
442444,3,R,1422,R,0,R,444,R,978
442444,11,R,103,R,0,R,0,R,103
442523,1,R,77,R,0,R,9,R,68
442523,2,R,77,R,0,R,9,R,68
442523,3,R,70,R,0,R,9,R,61
442523,11,R,7,R,0,R,0,R,7
442569,1,R,5464,R,5464,A,,A,
442569,2,R,4734,R,4734,A,,A,
442569,3,R,4733,R,4733,A,,A,
442569,11,R,1,R,1,A,,A,
442569,12,R,730,R,730,A,,A,
442602,1,R,522,R,0,R,198,R,324
442602,2,R,522,R,0,R,198,R,324
442602,3,R,522,R,0,R,198,R,324
442611,1,R,1749,A,,A,,R,1749
442611,2,R,1749,A,,A,,R,1749
442611,3,R,1749,A,,A,,R,1749
442639,1,R,790,R,28,R,90,R,672
442639,2,R,262,R,0,R,60,R,202
442639,3,R,262,R,0,R,60,R,202
442639,12,R,528,R,28,R,30,R,470
442657,1,R,503,A,,A,,R,503
442657,2,R,503,A,,A,,R,503
442657,3,R,503,A,,A,,R,503
442781,1,R,1868,R,1586,R,184,R,98
442781,2,R,1868,R,1586,R,184,R,98
442781,3,R,1461,R,1287,R,141,R,33
442781,11,R,407,R,299,R,43,R,65
442806,1,R,2615,A,,A,,R,2615
442806,12,R,2615,A,,A,,R,2615
442842,1,R,382,R,106,R,204,R,72
442842,2,R,139,R,73,R,29,R,37
442842,3,R,22,R,1,R,9,R,12
442842,11,R,117,R,72,R,20,R,25
442842,12,R,243,R,33,R,175,R,35
442879,1,R,919,R,384,R,0,R,535
442879,2,R,919,R,384,R,0,R,535
442879,3,R,919,R,384,R,0,R,535
442888,1,R,98,A,,A,,R,98
442888,2,R,98,A,,A,,R,98
442888,3,R,98,A,,A,,R,98
442976,1,R,97,R,0,R,69,R,28
442976,2,R,97,R,0,R,69,R,28
442976,3,R,97,R,0,R,69,R,28
442985,1,R,452,A,,A,,R,452
442985,2,R,452,A,,A,,R,452
442985,3,R,452,A,,A,,R,452
443021,1,R,36,A,,A,,R,36
443021,2,R,36,A,,A,,R,36
443021,3,R,36,A,,A,,R,36
443030,1,R,100,A,,A,,R,100
443030,12,R,100,A,,A,,R,100
443049,1,R,561,R,209,R,248,R,104
443049,2,R,319,R,183,R,135,R,1
443049,3,R,318,R,182,R,135,R,1
443049,11,R,1,R,1,R,0,R,0
443049,12,R,242,R,26,R,113,R,103
443058,1,R,385,R,385,Z,0,R,0
443058,2,R,102,R,102,Z,0,R,0
443058,3,R,57,R,57,Z,0,R,0
443058,11,R,45,R,45,Z,0,R,0
443058,12,R,283,R,283,Z,0,R,0
443076,1,R,156,R,91,R,33,R,32
443076,12,R,156,R,91,R,33,R,32
443100,1,R,92,R,0,R,16,R,76
443100,2,R,92,R,0,R,16,R,76
443100,3,R,92,R,0,R,16,R,76
443137,1,R,363,A,,A,,R,363
443137,2,R,363,A,,A,,R,363
443137,3,R,363,A,,A,,R,363
443146,1,R,78,A,,A,,R,78
443146,2,R,78,A,,A,,R,78
443146,3,R,78,A,,A,,R,78
443207,1,R,202,A,,A,,R,202
443207,2,R,202,A,,A,,R,202
443207,3,R,202,A,,A,,R,202
443216,1,R,293,A,,A,,R,293
443216,2,R,293,A,,A,,R,293
443216,3,R,293,A,,A,,R,293
443225,1,R,97,A,,A,,R,97
443225,2,R,97,A,,A,,R,97
443225,3,R,97,A,,A,,R,97
443234,1,R,358,A,,A,,R,358
443234,2,R,358,A,,A,,R,358
443234,3,R,358,A,,A,,R,358
443252,1,R,9079,R,0,R,4829,R,4250
443252,2,R,9079,R,0,R,4829,R,4250
443252,3,R,9079,R,0,R,4829,R,4250
443261,1,R,549,R,17,R,48,R,484
443261,2,R,549,R,17,R,48,R,484
443261,3,R,549,R,17,R,48,R,484
443289,1,R,230,A,,A,,R,230
443289,2,R,230,A,,A,,R,230
443289,3,R,230,A,,A,,R,230
443298,1,R,33,A,,A,,R,33
443298,2,R,33,A,,A,,R,33
443298,3,R,33,A,,A,,R,33
443322,1,R,252,A,,A,,R,252
443322,2,R,252,A,,A,,R,252
443322,3,R,252,A,,A,,R,252
443331,1,R,3659,R,25,R,3427,R,207
443331,2,R,3659,R,25,R,3427,R,207
443331,3,R,3659,R,25,R,3427,R,207
443340,1,R,88,R,9,R,73,R,6
443340,2,R,65,R,4,R,55,R,6
443340,3,R,59,R,4,R,55,R,0
443340,11,R,6,R,0,R,0,R,6
443340,12,R,23,R,5,R,18,R,0
443377,1,R,71,A,,A,,R,71
443377,2,R,71,A,,A,,R,71
443377,3,R,71,A,,A,,R,71
443410,1,R,1702,R,9,R,596,R,1097
443410,2,R,1638,R,7,R,566,R,1065
443410,3,R,1083,R,5,R,561,R,517
443410,11,R,555,R,2,R,5,R,548
443410,12,R,64,R,2,R,30,R,32
443492,1,R,2319,R,778,R,657,R,884
443492,2,R,2319,R,778,R,657,R,884
443492,3,R,1134,R,437,R,516,R,181
443492,11,R,1185,R,341,R,141,R,703
443562,1,R,596,R,0,R,261,R,335
443562,2,R,402,R,0,R,261,R,141
443562,3,R,402,R,0,R,261,R,141
443562,12,R,194,A,,A,,R,194
443571,1,R,622,R,425,R,197,R,0
443571,2,R,622,R,425,R,197,R,0
443571,3,R,622,R,425,R,197,R,0
443599,1,R,1574,R,1574,A,,A,
443599,2,R,1187,R,1187,A,,A,
443599,3,R,1183,R,1183,A,,A,
443599,11,R,4,R,4,A,,A,
443599,12,R,387,R,387,A,,A,
443632,1,R,159,R,0,R,159,R,0
443632,2,R,159,R,0,R,159,R,0
443632,3,R,159,R,0,R,159,R,0
443641,1,R,266,A,,A,,R,266
443641,2,R,266,A,,A,,R,266
443641,3,R,266,A,,A,,R,266
443650,1,R,5876,R,5426,R,183,R,267
443650,2,R,5876,R,5426,R,183,R,267
443650,3,R,5874,R,5426,R,183,R,265
443650,11,R,2,R,0,R,0,R,2
443669,1,R,278,A,,A,,R,278
443669,2,R,278,A,,A,,R,278
443669,3,R,278,A,,A,,R,278
443696,1,R,74,R,0,R,74,R,0
443696,2,R,74,R,0,R,74,R,0
443696,3,R,74,R,0,R,74,R,0
443702,1,R,116,R,29,R,63,R,24
443702,12,R,116,R,29,R,63,R,24
443766,1,R,3126,R,3121,R,5,R,0
443766,2,R,2858,R,2854,R,4,R,0
443766,3,R,2858,R,2854,R,4,R,0
443766,12,R,268,R,267,R,1,R,0
443784,1,R,2329,R,2311,R,14,R,4
443784,2,R,2108,R,2093,R,11,R,4
443784,3,R,2108,R,2093,R,11,R,4
443784,12,R,221,R,218,R,3,R,0
443951,1,R,79,A,,A,,R,79
443951,2,R,79,A,,A,,R,79
443951,3,R,79,A,,A,,R,79
443979,1,R,201,A,,A,,R,201
443979,2,R,201,A,,A,,R,201
443979,3,R,201,A,,A,,R,201
444051,1,R,115,A,,A,,R,115
444051,2,R,115,A,,A,,R,115
444051,3,R,115,A,,A,,R,115
444088,1,R,723,R,10,R,663,R,50
444088,2,R,723,R,10,R,663,R,50
444088,3,R,713,Z,0,R,663,R,50
444088,11,R,10,R,10,Z,0,R,0
444103,1,R,37,R,25,R,10,R,2
444103,12,R,37,R,25,R,10,R,2
444130,1,R,12994,R,12994,A,,A,
444130,2,R,112,R,112,A,,A,
444130,3,R,112,R,112,A,,A,
444130,12,R,12882,R,12882,A,,A,
444194,1,R,201,R,0,R,201,R,0
444194,2,R,201,R,0,R,201,R,0
444194,3,R,201,R,0,R,201,R,0
444219,1,R,16836,R,10493,R,4096,R,2247
444219,2,R,16836,R,10493,R,4096,R,2247
444219,3,R,14342,R,8589,R,3817,R,1936
444219,11,R,2494,R,1904,R,279,R,311
444228,1,R,42,A,,A,,R,42
444228,2,R,42,A,,A,,R,42
444228,3,R,42,A,,A,,R,42
444264,1,R,89,A,,A,,R,89
444264,2,R,89,A,,A,,R,89
444264,3,R,89,A,,A,,R,89
444282,1,R,153,A,,A,,R,153
444282,2,R,153,A,,A,,R,153
444282,3,R,153,A,,A,,R,153
444291,1,R,227,A,,A,,R,227
444291,2,R,227,A,,A,,R,227
444291,3,R,227,A,,A,,R,227
444307,1,R,118,A,,A,,R,118
444307,2,R,118,A,,A,,R,118
444307,3,R,118,A,,A,,R,118
444325,1,R,203,R,0,R,150,R,53
444325,2,R,203,R,0,R,150,R,53
444325,3,R,129,R,0,R,114,R,15
444325,11,R,74,R,0,R,36,R,38
444334,1,R,59,A,,A,,R,59
444334,2,R,59,A,,A,,R,59
444334,3,R,59,A,,A,,R,59
444361,1,R,117,R,0,R,19,R,98
444361,2,R,117,R,0,R,19,R,98
444361,3,R,117,R,0,R,19,R,98
444370,1,R,49,A,,A,,R,49
444370,2,R,49,A,,A,,R,49
444370,3,R,49,A,,A,,R,49
444398,1,R,197,R,17,R,104,R,76
444398,2,R,192,R,13,R,104,R,75
444398,3,R,122,R,13,R,104,R,5
444398,11,R,70,R,0,R,0,R,70
444398,12,R,5,R,4,R,0,R,1
444404,1,R,44,A,,A,,R,44
444404,2,R,44,A,,A,,R,44
444404,3,R,44,A,,A,,R,44
444413,1,R,221,A,,A,,R,221
444413,2,R,221,A,,A,,R,221
444413,3,R,221,A,,A,,R,221
444440,1,R,137,A,,A,,R,137
444440,2,R,137,A,,A,,R,137
444440,3,R,137,A,,A,,R,137
444468,1,R,155,A,,A,,R,155
444468,2,R,155,A,,A,,R,155
444468,3,R,155,A,,A,,R,155
444486,1,R,309,A,,A,,R,309
444486,2,R,309,A,,A,,R,309
444486,3,R,309,A,,A,,R,309
444510,1,R,169,R,0,R,169,R,0
444510,2,R,169,R,0,R,169,R,0
444510,3,R,169,R,0,R,169,R,0
444529,1,R,97,A,,A,,R,97
444529,2,R,97,A,,A,,R,97
444529,3,R,97,A,,A,,R,97
444556,1,R,470,R,0,R,10,R,460
444556,2,R,470,R,0,R,10,R,460
444556,3,R,470,R,0,R,10,R,460
444565,1,R,453,R,0,R,330,R,123
444565,2,R,453,R,0,R,330,R,123
444565,3,R,430,R,0,R,330,R,100
444565,11,R,23,R,0,R,0,R,23
444583,1,R,526,A,,A,,R,526
444583,2,R,526,A,,A,,R,526
444583,3,R,526,A,,A,,R,526
444635,1,R,88,R,0,R,88,R,0
444635,2,R,88,R,0,R,88,R,0
444635,3,R,88,R,0,R,88,R,0
444671,1,R,158,R,0,R,23,R,135
444671,2,R,158,R,0,R,23,R,135
444671,3,R,158,R,0,R,23,R,135
444699,1,R,64,R,0,R,57,R,7
444699,12,R,64,R,0,R,57,R,7
444714,1,R,471,R,0,R,471,R,0
444714,2,R,471,R,0,R,471,R,0
444714,3,R,471,R,0,R,471,R,0
444732,1,R,65,A,,A,,R,65
444732,2,R,65,A,,A,,R,65
444732,3,R,65,A,,A,,R,65
444778,1,R,115,R,72,R,29,R,14
444778,2,R,55,R,30,R,14,R,11
444778,3,R,55,R,30,R,14,R,11
444778,12,R,60,R,42,R,15,R,3
444787,1,R,6990,R,6981,Z,0,R,9
444787,2,R,6969,R,6969,Z,0,R,0
444787,3,R,6969,R,6969,Z,0,R,0
444787,12,R,21,R,12,Z,0,R,9
444811,1,R,328,Z,0,R,113,R,215
444811,2,R,328,Z,0,R,113,R,215
444811,3,R,328,Z,0,R,113,R,215
444857,1,R,206,A,,A,,R,206
444857,2,R,206,A,,A,,R,206
444857,3,R,206,A,,A,,R,206
444866,1,R,588,R,0,R,0,R,588
444866,2,R,588,R,0,R,0,R,588
444866,3,R,588,R,0,R,0,R,588
444936,1,R,191,A,,A,,R,191
444936,2,R,191,A,,A,,R,191
444936,3,R,191,A,,A,,R,191
444945,1,R,1044,R,564,R,0,R,480
444945,2,R,1044,R,564,R,0,R,480
444945,3,R,1044,R,564,R,0,R,480
444954,1,R,1868,R,396,R,704,R,768
444954,2,R,1868,R,396,R,704,R,768
444954,3,R,1443,R,355,R,601,R,487
444954,11,R,425,R,41,R,103,R,281
445027,1,R,23926,R,23926,A,,A,
445027,2,R,17237,R,17237,A,,A,
445027,3,R,16890,R,16890,A,,A,
445027,11,R,347,R,347,A,,A,
445027,12,R,6689,R,6689,A,,A,
445054,1,R,39,A,,A,,R,39
445054,12,R,39,A,,A,,R,39
445133,1,R,350,R,63,R,228,R,59
445133,2,R,276,R,50,R,184,R,42
445133,3,R,276,R,50,R,184,R,42
445133,12,R,74,R,13,R,44,R,17
445188,1,R,9716,R,305,R,3283,R,6128
445188,2,R,8917,R,305,R,3283,R,5329
445188,3,R,8917,R,305,R,3283,R,5329
445188,12,R,799,A,,A,,R,799
445203,1,R,285,Z,0,R,285,R,0
445203,2,R,285,Z,0,R,285,R,0
445203,3,R,285,Z,0,R,285,R,0
445212,1,R,237,A,,A,,R,237
445212,2,R,237,A,,A,,R,237
445212,3,R,237,A,,A,,R,237
445230,1,R,1182,R,0,R,0,R,1182
445230,2,R,1182,R,0,R,0,R,1182
445230,3,R,1182,R,0,R,0,R,1182
445249,1,R,451,Z,0,R,451,R,0
445249,2,R,451,Z,0,R,451,R,0
445249,3,R,451,Z,0,R,451,R,0
445267,1,R,5073,R,3028,R,342,R,1703
445267,2,R,4586,R,2800,R,255,R,1531
445267,3,R,2739,R,2476,R,194,R,69
445267,11,R,1847,R,324,R,61,R,1462
445267,12,R,487,R,228,R,87,R,172
445364,1,R,1137,Z,0,R,1137,R,0
445364,2,R,1137,Z,0,R,1137,R,0
445364,3,R,1137,Z,0,R,1137,R,0
445498,1,R,64,A,,A,,R,64
445498,2,R,64,A,,A,,R,64
445498,3,R,64,A,,A,,R,64
445540,1,R,86,A,,A,,R,86
445540,2,R,86,A,,A,,R,86
445540,3,R,86,A,,A,,R,86
445647,1,R,287,A,,A,,R,287
445647,2,R,287,A,,A,,R,287
445647,3,R,287,A,,A,,R,287
445656,1,R,364,A,,A,,R,364
445656,2,R,364,A,,A,,R,364
445656,3,R,364,A,,A,,R,364
445692,1,R,649,R,0,R,22,R,627
445692,2,R,649,R,0,R,22,R,627
445692,3,R,649,R,0,R,22,R,627
445708,1,R,1220,R,23,R,472,R,725
445708,2,R,1220,R,23,R,472,R,725
445708,3,R,1218,R,23,R,472,R,723
445708,11,R,2,R,0,R,0,R,2
445735,1,R,1696,R,53,R,601,R,1042
445735,2,R,707,R,0,R,566,R,141
445735,3,R,707,R,0,R,566,R,141
445735,12,R,989,R,53,R,35,R,901
445744,1,R,725,R,0,R,583,R,142
445744,2,R,725,R,0,R,583,R,142
445744,3,R,725,R,0,R,583,R,142
445762,1,R,376,A,,A,,R,376
445762,2,R,376,A,,A,,R,376
445762,3,R,376,A,,A,,R,376
445780,1,R,73,A,,A,,R,73
445780,2,R,73,A,,A,,R,73
445780,3,R,73,A,,A,,R,73
445799,1,R,1315,R,4,R,2,R,1309
445799,2,R,1315,R,4,R,2,R,1309
445799,3,R,1315,R,4,R,2,R,1309
445841,1,R,269,A,,A,,R,269
445841,2,R,269,A,,A,,R,269
445841,3,R,269,A,,A,,R,269
445850,1,R,147,A,,A,,R,147
445850,2,R,147,A,,A,,R,147
445850,3,R,147,A,,A,,R,147
445869,1,R,648,R,582,R,0,R,66
445869,12,R,648,R,582,R,0,R,66
445911,1,R,1312,A,,A,,R,1312
445911,2,R,1312,A,,A,,R,1312
445911,3,R,1312,A,,A,,R,1312
445948,1,R,3659,R,267,R,3392,R,0
445948,2,R,3659,R,267,R,3392,R,0
445948,3,R,3659,R,267,R,3392,R,0
445957,1,R,482,R,13,R,1,R,468
445957,2,R,482,R,13,R,1,R,468
445957,3,R,482,R,13,R,1,R,468
446002,1,R,37,A,,A,,R,37
446002,12,R,37,A,,A,,R,37
446039,1,R,29,A,,A,,R,29
446039,12,R,29,A,,A,,R,29
446048,1,R,1433,R,0,R,1433,R,0
446048,2,R,1315,R,0,R,1315,R,0
446048,3,R,1284,R,0,R,1284,R,0
446048,11,R,31,R,0,R,31,R,0
446048,12,R,118,R,0,R,118,R,0
446084,1,R,115,A,,A,,R,115
446084,2,R,115,A,,A,,R,115
446084,3,R,115,A,,A,,R,115
446093,1,R,88,A,,A,,R,88
446093,2,R,88,A,,A,,R,88
446093,3,R,88,A,,A,,R,88
446109,1,R,641,R,0,R,564,R,77
446109,2,R,641,R,0,R,564,R,77
446109,3,R,641,R,0,R,564,R,77
446118,1,R,986,A,,A,,R,986
446118,2,R,986,A,,A,,R,986
446118,3,R,986,A,,A,,R,986
446127,1,R,462,R,10,R,452,R,0
446127,2,R,462,R,10,R,452,R,0
446127,3,R,462,R,10,R,452,R,0
446163,1,R,737,R,737,Z,0,R,0
446163,2,R,737,R,737,Z,0,R,0
446163,3,R,737,R,737,Z,0,R,0
446206,1,R,71,A,,A,,R,71
446206,2,R,71,A,,A,,R,71
446206,3,R,71,A,,A,,R,71
446224,1,R,57,R,0,R,57,R,0
446224,2,R,12,R,0,R,12,R,0
446224,3,R,12,R,0,R,12,R,0
446224,12,R,45,R,0,R,45,R,0
446233,1,R,153,R,23,R,23,R,107
446233,2,R,153,R,23,R,23,R,107
446233,3,R,139,R,22,R,22,R,95
446233,11,R,14,R,1,R,1,R,12
446242,1,R,349,R,31,R,24,R,294
446242,2,R,349,R,31,R,24,R,294
446242,3,R,349,R,31,R,24,R,294
446251,1,R,125,A,,A,,R,125
446251,2,R,125,A,,A,,R,125
446251,3,R,125,A,,A,,R,125
446260,1,R,1811,A,,A,,R,1811
446260,2,R,1811,A,,A,,R,1811
446260,3,R,1811,A,,A,,R,1811
446288,1,R,99,A,,A,,R,99
446288,2,R,99,A,,A,,R,99
446288,3,R,99,A,,A,,R,99
446303,1,R,150,A,,A,,R,150
446303,2,R,150,A,,A,,R,150
446303,3,R,150,A,,A,,R,150
446349,1,R,14,A,,A,,R,14
446349,2,R,14,A,,A,,R,14
446349,3,R,14,A,,A,,R,14
446385,1,R,296,R,0,R,21,R,275
446385,2,R,284,R,0,R,20,R,264
446385,3,R,282,R,0,R,20,R,262
446385,11,R,2,A,,A,,R,2
446385,12,R,12,R,0,R,1,R,11
446516,1,R,13,A,,A,,R,13
446516,2,R,13,A,,A,,R,13
446516,3,R,13,A,,A,,R,13
446525,1,R,2536,A,,A,,R,2536
446525,2,R,2536,A,,A,,R,2536
446525,3,R,2536,A,,A,,R,2536
446552,1,R,2365,R,0,R,826,R,1539
446552,2,R,2365,R,0,R,826,R,1539
446552,3,R,2365,R,0,R,826,R,1539
446561,1,R,3357,R,22,R,3335,R,0
446561,2,R,3033,R,0,R,3033,R,0
446561,3,R,3033,R,0,R,3033,R,0
446561,12,R,324,R,22,R,302,R,0
446598,1,R,44,Z,0,R,44,R,0
446598,2,R,44,Z,0,R,44,R,0
446598,3,R,42,Z,0,R,42,R,0
446598,11,R,2,Z,0,R,2,R,0
446604,1,R,2731,A,,A,,R,2731
446604,2,R,2731,A,,A,,R,2731
446604,3,R,2731,A,,A,,R,2731
446640,1,R,6615,R,556,R,4244,R,1815
446640,2,R,2492,R,375,R,398,R,1719
446640,3,R,747,R,189,R,354,R,204
446640,11,R,1745,R,186,R,44,R,1515
446640,12,R,4123,R,181,R,3846,R,96
446774,1,R,6605,R,369,R,1602,R,4634
446774,2,R,6605,R,369,R,1602,R,4634
446774,3,R,2069,R,298,R,1409,R,362
446774,11,R,4536,R,71,R,193,R,4272
447014,1,R,306,R,51,R,87,R,168
447014,2,R,306,R,51,R,87,R,168
447014,3,R,306,R,51,R,87,R,168
447023,1,R,3822,A,,A,,R,3822
447023,2,R,3822,A,,A,,R,3822
447023,3,R,3822,A,,A,,R,3822
447050,1,R,3431,R,845,R,2586,R,0
447050,2,R,245,R,245,R,0,R,0
447050,3,R,224,R,224,R,0,R,0
447050,11,R,21,R,21,R,0,R,0
447050,12,R,3186,R,600,R,2586,R,0
447148,1,R,349,A,,A,,R,349
447148,2,R,349,A,,A,,R,349
447148,3,R,349,A,,A,,R,349
447166,1,R,72,A,,A,,R,72
447166,2,R,72,A,,A,,R,72
447166,3,R,72,A,,A,,R,72
447175,1,R,137,A,,A,,R,137
447175,2,R,137,A,,A,,R,137
447175,3,R,137,A,,A,,R,137
447263,1,R,3204,R,0,R,3204,R,0
447263,2,R,3135,R,0,R,3135,R,0
447263,3,R,3135,R,0,R,3135,R,0
447263,12,R,69,R,0,R,69,R,0
447351,1,R,982,R,0,R,90,R,892
447351,2,R,982,R,0,R,90,R,892
447351,3,R,982,R,0,R,90,R,892
447421,1,R,271,Z,0,R,271,R,0
447421,2,R,271,Z,0,R,271,R,0
447421,3,R,271,Z,0,R,271,R,0
447449,1,R,68,A,,A,,R,68
447449,2,R,68,A,,A,,R,68
447449,3,R,68,A,,A,,R,68
447467,1,R,372,A,,A,,R,372
447467,2,R,372,A,,A,,R,372
447467,3,R,372,A,,A,,R,372
447582,1,R,1735,R,746,R,693,R,296
447582,2,R,1735,R,746,R,693,R,296
447582,3,R,1064,R,552,R,476,R,36
447582,11,R,671,R,194,R,217,R,260
447591,1,R,1060,R,0,R,29,R,1031
447591,2,R,1060,R,0,R,29,R,1031
447591,3,R,1060,R,0,R,29,R,1031
447607,1,R,2299,A,,A,,R,2299
447607,2,R,2299,A,,A,,R,2299
447607,3,R,2299,A,,A,,R,2299
447616,1,R,1740,A,,A,,R,1740
447616,2,R,1740,A,,A,,R,1740
447616,3,R,1740,A,,A,,R,1740
447689,1,R,14484,R,1946,R,9026,R,3512
447689,2,R,14484,R,1946,R,9026,R,3512
447689,3,R,13211,R,1463,R,8631,R,3117
447689,11,R,1273,R,483,R,395,R,395
447698,1,R,156,R,0,R,155,R,1
447698,12,R,156,R,0,R,155,R,1
447704,1,R,225,A,,A,,R,225
447704,2,R,225,A,,A,,R,225
447704,3,R,225,A,,A,,R,225
447713,1,R,301,R,70,R,0,R,231
447713,2,R,301,R,70,R,0,R,231
447713,3,R,301,R,70,R,0,R,231
447722,1,R,57,A,,A,,R,57
447722,2,R,57,A,,A,,R,57
447722,3,R,57,A,,A,,R,57
447731,1,R,211,R,0,R,211,R,0
447731,2,R,211,R,0,R,211,R,0
447731,3,R,211,R,0,R,211,R,0
447759,1,R,530,R,0,R,492,R,38
447759,2,R,530,R,0,R,492,R,38
447759,3,R,530,R,0,R,492,R,38
447768,1,R,3158,R,0,R,874,R,2284
447768,2,R,3158,R,0,R,874,R,2284
447768,3,R,3158,R,0,R,874,R,2284
447777,1,R,1075,R,140,R,935,R,0
447777,2,R,1075,R,140,R,935,R,0
447777,3,R,1075,R,140,R,935,R,0
447795,1,R,82,A,,A,,R,82
447795,2,R,82,A,,A,,R,82
447795,3,R,82,A,,A,,R,82
447801,1,R,111,A,,A,,R,111
447801,12,R,111,A,,A,,R,111
447810,1,R,336,A,,A,,R,336
447810,2,R,336,A,,A,,R,336
447810,3,R,336,A,,A,,R,336
447847,1,R,338,A,,A,,R,338
447847,2,R,338,A,,A,,R,338
447847,3,R,323,A,,A,,R,323
447847,11,R,15,A,,A,,R,15
447865,1,R,33,A,,A,,R,33
447865,2,R,33,A,,A,,R,33
447865,3,R,33,A,,A,,R,33
447883,1,R,560,A,,A,,R,560
447883,2,R,560,A,,A,,R,560
447883,3,R,560,A,,A,,R,560
447892,1,R,141,A,,A,,R,141
447892,2,R,141,A,,A,,R,141
447892,3,R,141,A,,A,,R,141
447908,1,R,103,A,,A,,R,103
447908,2,R,103,A,,A,,R,103
447908,3,R,103,A,,A,,R,103
447917,1,R,66,A,,A,,R,66
447917,2,R,66,A,,A,,R,66
447917,3,R,66,A,,A,,R,66
447935,1,R,593,R,12,R,581,R,0
447935,2,R,593,R,12,R,581,R,0
447935,3,R,593,R,12,R,581,R,0
447953,1,R,679,R,596,Z,0,R,83
447953,2,R,439,R,356,Z,0,R,83
447953,3,R,432,R,350,Z,0,R,82
447953,11,R,7,R,6,Z,0,R,1
447953,12,R,240,R,240,Z,0,R,0
447962,1,R,291,A,,A,,R,291
447962,2,R,291,A,,A,,R,291
447962,3,R,291,A,,A,,R,291
447980,1,R,140,A,,A,,R,140
447980,2,R,140,A,,A,,R,140
447980,3,R,140,A,,A,,R,140
447999,1,R,294,A,,A,,R,294
447999,2,R,294,A,,A,,R,294
447999,3,R,294,A,,A,,R,294
448026,1,R,248,A,,A,,R,248
448026,2,R,248,A,,A,,R,248
448026,3,R,248,A,,A,,R,248
448071,1,R,396,A,,A,,R,396
448071,2,R,396,A,,A,,R,396
448071,3,R,396,A,,A,,R,396
448123,1,R,236,A,,A,,R,236
448123,2,R,236,A,,A,,R,236
448123,3,R,236,A,,A,,R,236
448196,1,R,276,R,0,R,27,R,249
448196,2,R,276,R,0,R,27,R,249
448196,3,R,276,R,0,R,27,R,249
448220,1,R,212,A,,A,,R,212
448220,2,R,212,A,,A,,R,212
448220,3,R,212,A,,A,,R,212
448239,1,R,178,A,,A,,R,178
448239,2,R,178,A,,A,,R,178
448239,3,R,178,A,,A,,R,178
448248,1,R,5465,A,,A,,R,5465
448248,2,R,5465,A,,A,,R,5465
448248,3,R,3846,A,,A,,R,3846
448248,11,R,1619,A,,A,,R,1619
448257,1,R,100,A,,A,,R,100
448257,2,R,100,A,,A,,R,100
448257,3,R,100,A,,A,,R,100
448275,1,R,33,A,,A,,R,33
448275,2,R,33,A,,A,,R,33
448275,3,R,33,A,,A,,R,33
448372,1,R,312,R,0,R,164,R,148
448372,2,R,312,R,0,R,164,R,148
448372,3,R,312,R,0,R,164,R,148
448424,1,R,95,A,,A,,R,95
448424,2,R,95,A,,A,,R,95
448424,3,R,95,A,,A,,R,95
448433,1,R,1594,A,,A,,R,1594
448433,2,R,1594,A,,A,,R,1594
448433,3,R,1594,A,,A,,R,1594
448594,1,R,6364,R,3336,R,2214,R,814
448594,2,R,6364,R,3336,R,2214,R,814
448594,3,R,4438,R,1679,R,2136,R,623
448594,11,R,1926,R,1657,R,78,R,191
448600,1,R,198,R,31,R,167,R,0
448600,2,R,198,R,31,R,167,R,0
448600,3,R,198,R,31,R,167,R,0
448646,1,R,238,A,,A,,R,238
448646,2,R,238,A,,A,,R,238
448646,3,R,238,A,,A,,R,238
448673,1,R,2375,R,1177,R,393,R,805
448673,2,R,2375,R,1177,R,393,R,805
448673,3,R,2374,R,1176,R,393,R,805
448673,11,R,1,R,1,R,0,R,0
448691,1,R,215,R,215,Z,0,R,0
448691,12,R,215,R,215,Z,0,R,0
448770,1,R,432,A,,A,,R,432
448770,2,R,432,A,,A,,R,432
448770,3,R,432,A,,A,,R,432
448798,1,R,198,A,,A,,R,198
448798,2,R,198,A,,A,,R,198
448798,3,R,198,A,,A,,R,198
448859,1,R,142,A,,A,,R,142
448859,2,R,142,A,,A,,R,142
448859,3,R,142,A,,A,,R,142
448895,1,R,986,A,,A,,R,986
448895,2,R,986,A,,A,,R,986
448895,3,R,986,A,,A,,R,986
449038,1,R,2127,R,2120,R,7,R,0
449038,2,R,1859,R,1854,R,5,R,0
449038,3,R,1859,R,1854,R,5,R,0
449038,12,R,268,R,266,R,2,R,0
449074,1,R,797,R,0,R,0,R,797
449074,2,R,797,R,0,R,0,R,797
449074,3,R,797,R,0,R,0,R,797
449083,1,R,516,Z,0,R,16,R,500
449083,2,R,516,Z,0,R,16,R,500
449083,3,R,516,Z,0,R,16,R,500
449092,1,R,547,R,0,R,22,R,525
449092,2,R,547,R,0,R,22,R,525
449092,3,R,547,R,0,R,22,R,525
449135,1,R,366,R,0,R,268,R,98
449135,2,R,360,R,0,R,268,R,92
449135,3,R,360,R,0,R,268,R,92
449135,12,R,6,A,,A,,R,6
449250,1,R,1116,R,0,R,264,R,852
449250,2,R,1116,R,0,R,264,R,852
449250,3,R,1116,R,0,R,264,R,852
449311,1,R,259,A,,A,,R,259
449311,2,R,259,A,,A,,R,259
449311,3,R,259,A,,A,,R,259
449320,1,R,1461,A,,A,,R,1461
449320,2,R,1461,A,,A,,R,1461
449320,3,R,1461,A,,A,,R,1461
449339,1,R,95158,R,95158,A,,A,
449339,2,R,77630,R,77630,A,,A,
449339,3,R,73624,R,73624,A,,A,
449339,11,R,4006,R,4006,A,,A,
449339,12,R,17528,R,17528,A,,A,
449348,1,R,152,R,34,R,50,R,68
449348,2,R,106,R,26,R,42,R,38
449348,3,R,105,R,26,R,42,R,37
449348,11,R,1,R,0,R,0,R,1
449348,12,R,46,R,8,R,8,R,30
449357,1,R,131,A,,A,,R,131
449357,2,R,131,A,,A,,R,131
449357,3,R,131,A,,A,,R,131
449384,1,R,1013,R,346,R,20,R,647
449384,2,R,1013,R,346,R,20,R,647
449384,3,R,366,R,0,R,0,R,366
449384,11,R,647,R,346,R,20,R,281
449393,1,R,132,A,,A,,R,132
449393,2,R,132,A,,A,,R,132
449393,3,R,132,A,,A,,R,132
449445,1,R,80,A,,A,,R,80
449445,2,R,80,A,,A,,R,80
449445,3,R,80,A,,A,,R,80
449454,1,R,63,A,,A,,R,63
449454,2,R,63,A,,A,,R,63
449454,3,R,63,A,,A,,R,63
449463,1,R,346,A,,A,,R,346
449463,2,R,346,A,,A,,R,346
449463,3,R,346,A,,A,,R,346
449472,1,R,155,A,,A,,R,155
449472,2,R,155,A,,A,,R,155
449472,3,R,155,A,,A,,R,155
449481,1,R,71,R,0,R,61,R,10
449481,12,R,71,R,0,R,61,R,10
449490,1,R,106,A,,A,,R,106
449490,2,R,106,A,,A,,R,106
449490,3,R,106,A,,A,,R,106
449506,1,R,424,R,116,R,46,R,262
449506,2,R,424,R,116,R,46,R,262
449506,3,R,424,R,116,R,46,R,262
449524,1,R,223,R,0,R,223,R,0
449524,2,R,223,R,0,R,223,R,0
449524,3,R,223,R,0,R,223,R,0
449533,1,R,96,A,,A,,R,96
449533,2,R,96,A,,A,,R,96
449533,3,R,96,A,,A,,R,96
449603,1,R,261,A,,A,,R,261
449603,2,R,261,A,,A,,R,261
449603,3,R,261,A,,A,,R,261
449612,1,R,110,R,0,R,8,R,102
449612,2,R,110,R,0,R,8,R,102
449612,3,R,110,R,0,R,8,R,102
449658,1,R,145,A,,A,,R,145
449658,2,R,145,A,,A,,R,145
449658,3,R,145,A,,A,,R,145
449676,1,R,395,A,,A,,R,395
449676,2,R,395,A,,A,,R,395
449676,3,R,395,A,,A,,R,395
449685,1,R,436,A,,A,,R,436
449685,2,R,436,A,,A,,R,436
449685,3,R,436,A,,A,,R,436
449700,1,R,1038,A,,A,,R,1038
449700,2,R,1038,A,,A,,R,1038
449700,3,R,1038,A,,A,,R,1038
449728,1,R,351,R,0,R,350,R,1
449728,2,R,351,R,0,R,350,R,1
449728,3,R,351,R,0,R,350,R,1
449764,1,R,202,R,15,R,173,R,14
449764,2,R,184,R,15,R,157,R,12
449764,3,R,179,R,13,R,154,R,12
449764,11,R,5,R,2,R,3,R,0
449764,12,R,18,R,0,R,16,R,2
449773,1,R,301,R,219,R,82,R,0
449773,2,R,301,R,219,R,82,R,0
449773,3,R,301,R,219,R,82,R,0
449782,1,R,60,A,,A,,R,60
449782,2,R,60,A,,A,,R,60
449782,3,R,60,A,,A,,R,60
449807,1,R,143,A,,A,,R,143
449807,2,R,143,A,,A,,R,143
449807,3,R,143,A,,A,,R,143
449816,1,R,1172,A,,A,,R,1172
449816,2,R,1172,A,,A,,R,1172
449816,3,R,756,A,,A,,R,756
449816,11,R,416,A,,A,,R,416
449834,1,R,41,R,9,R,14,R,18
449834,2,R,2,A,,A,,R,2
449834,3,R,2,A,,A,,R,2
449834,12,R,39,R,9,R,14,R,16
449861,1,R,162,R,0,R,162,R,0
449861,2,R,162,R,0,R,162,R,0
449861,3,R,162,R,0,R,162,R,0
449870,1,R,178,R,3,R,70,R,105
449870,2,R,61,R,0,R,10,R,51
449870,3,R,44,R,0,R,10,R,34
449870,11,R,17,R,0,R,0,R,17
449870,12,R,117,R,3,R,60,R,54
449889,1,R,18248,R,18248,A,,A,
449889,2,R,408,R,408,A,,A,
449889,3,R,408,R,408,A,,A,
449889,12,R,17840,R,17840,A,,A,
449898,1,R,1319,R,593,R,286,R,440
449898,2,R,722,R,319,R,227,R,176
449898,3,R,722,R,319,R,227,R,176
449898,12,R,597,R,274,R,59,R,264
449904,1,R,386,A,,A,,R,386
449904,2,R,386,A,,A,,R,386
449904,3,R,386,A,,A,,R,386
449922,1,R,131,A,,A,,R,131
449922,12,R,131,A,,A,,R,131
449959,1,R,191,A,,A,,R,191
449959,2,R,191,A,,A,,R,191
449959,3,R,191,A,,A,,R,191
449968,1,R,436,A,,A,,R,436
449968,2,R,436,A,,A,,R,436
449968,3,R,436,A,,A,,R,436
449977,1,R,207,A,,A,,R,207
449977,2,R,207,A,,A,,R,207
449977,3,R,207,A,,A,,R,207
449986,1,R,411,A,,A,,R,411
449986,2,R,411,A,,A,,R,411
449986,3,R,411,A,,A,,R,411
449995,1,R,104,A,,A,,R,104
449995,2,R,104,A,,A,,R,104
449995,3,R,104,A,,A,,R,104
450058,1,R,1087,R,0,R,795,R,292
450058,2,R,1087,R,0,R,795,R,292
450058,3,R,1087,R,0,R,795,R,292
450067,1,R,662,R,0,R,455,R,207
450067,2,R,662,R,0,R,455,R,207
450067,3,R,662,R,0,R,455,R,207
450128,1,R,794,R,355,R,124,R,315
450128,2,R,794,R,355,R,124,R,315
450128,3,R,794,R,355,R,124,R,315
450298,1,R,347,R,344,R,3,R,0
450298,2,R,303,R,301,R,2,R,0
450298,3,R,303,R,301,R,2,R,0
450298,12,R,44,R,43,R,1,R,0
450304,1,R,134,R,16,R,62,R,56
450304,12,R,134,R,16,R,62,R,56
450377,1,R,2221,R,2217,R,4,R,0
450377,2,R,2045,R,2042,R,3,R,0
450377,3,R,2045,R,2042,R,3,R,0
450377,12,R,176,R,175,R,1,R,0
450395,1,R,235,A,,A,,R,235
450395,2,R,235,A,,A,,R,235
450395,3,R,235,A,,A,,R,235
450401,1,R,651,R,21,R,15,R,615
450401,2,R,651,R,21,R,15,R,615
450401,3,R,651,R,21,R,15,R,615
450571,1,R,307,R,187,R,105,R,15
450571,2,R,307,R,187,R,105,R,15
450571,3,R,307,R,187,R,105,R,15
450599,1,R,124,A,,A,,R,124
450599,2,R,124,A,,A,,R,124
450599,3,R,124,A,,A,,R,124
450605,1,R,118,A,,A,,R,118
450605,2,R,118,A,,A,,R,118
450605,3,R,118,A,,A,,R,118
450614,1,R,223,A,,A,,R,223
450614,2,R,223,A,,A,,R,223
450614,3,R,223,A,,A,,R,223
450632,1,R,147,R,0,R,20,R,127
450632,2,R,147,R,0,R,20,R,127
450632,3,R,147,R,0,R,20,R,127
450641,1,R,480,A,,A,,R,480
450641,2,R,480,A,,A,,R,480
450641,3,R,480,A,,A,,R,480
450650,1,R,363,A,,A,,R,363
450650,2,R,363,A,,A,,R,363
450650,3,R,363,A,,A,,R,363
450696,1,R,686,R,0,R,414,R,272
450696,2,R,686,R,0,R,414,R,272
450696,3,R,686,R,0,R,414,R,272
450711,1,R,139,A,,A,,R,139
450711,2,R,139,A,,A,,R,139
450711,3,R,139,A,,A,,R,139
450720,1,R,975,A,,A,,R,975
450720,2,R,975,A,,A,,R,975
450720,3,R,975,A,,A,,R,975
450933,1,R,30425,R,30425,A,,A,
450933,2,R,21967,R,21967,A,,A,
450933,3,R,21793,R,21793,A,,A,
450933,11,R,174,R,174,A,,A,
450933,12,R,8458,R,8458,A,,A,
450951,1,R,234,A,,A,,R,234
450951,2,R,234,A,,A,,R,234
450951,3,R,234,A,,A,,R,234
450960,1,R,750,R,37,R,0,R,713
450960,2,R,750,R,37,R,0,R,713
450960,3,R,750,R,37,R,0,R,713
450988,1,P,326,A,,A,,P,326
450988,2,P,326,A,,A,,P,326
450988,3,P,326,A,,A,,P,326
451042,1,R,46,A,,A,,R,46
451042,2,R,46,A,,A,,R,46
451042,3,R,46,A,,A,,R,46
451051,1,R,167,A,,A,,R,167
451051,2,R,167,A,,A,,R,167
451051,3,R,167,A,,A,,R,167
451079,1,R,70,A,,A,,R,70
451079,12,R,70,A,,A,,R,70
451097,1,R,155,A,,A,,R,155
451097,2,R,155,A,,A,,R,155
451097,3,R,155,A,,A,,R,155
451103,1,R,3011,R,1661,R,0,R,1350
451103,2,R,1155,A,,A,,R,1155
451103,3,R,1155,A,,A,,R,1155
451103,12,R,1856,R,1661,Z,0,R,195
451149,1,R,1544,A,,A,,R,1544
451149,2,R,1544,A,,A,,R,1544
451149,3,R,1544,A,,A,,R,1544
451158,1,R,1213,A,,A,,R,1213
451158,2,R,1213,A,,A,,R,1213
451158,3,R,1213,A,,A,,R,1213
451167,1,R,257,A,,A,,R,257
451167,2,R,257,A,,A,,R,257
451167,3,R,257,A,,A,,R,257
451194,1,R,40,A,,A,,R,40
451194,2,R,40,A,,A,,R,40
451194,3,R,40,A,,A,,R,40
451228,1,R,2109,R,2030,R,79,R,0
451228,2,R,2109,R,2030,R,79,R,0
451228,3,R,2109,R,2030,R,79,R,0
451237,1,R,332,A,,A,,R,332
451237,2,R,332,A,,A,,R,332
451237,3,R,332,A,,A,,R,332
451255,1,R,95,A,,A,,R,95
451255,2,R,95,A,,A,,R,95
451255,3,R,95,A,,A,,R,95
451282,1,R,324,A,,A,,R,324
451282,2,R,324,A,,A,,R,324
451282,3,R,324,A,,A,,R,324
451291,1,R,19,R,0,R,17,R,2
451291,2,R,19,R,0,R,17,R,2
451291,3,R,19,R,0,R,17,R,2
451307,1,R,115,A,,A,,R,115
451307,2,R,115,A,,A,,R,115
451307,3,R,115,A,,A,,R,115
451316,1,R,102,A,,A,,R,102
451316,2,R,102,A,,A,,R,102
451316,3,R,102,A,,A,,R,102
451334,1,R,425,A,,A,,R,425
451334,2,R,425,A,,A,,R,425
451334,3,R,425,A,,A,,R,425
451343,1,R,153,A,,A,,R,153
451343,2,R,153,A,,A,,R,153
451343,3,R,153,A,,A,,R,153
451352,1,R,601,R,3,R,0,R,598
451352,2,R,601,R,3,R,0,R,598
451352,3,R,601,R,3,R,0,R,598
451370,1,R,81,A,,A,,R,81
451370,2,R,81,A,,A,,R,81
451370,3,R,81,A,,A,,R,81
451398,1,R,258,A,,A,,R,258
451398,2,R,258,A,,A,,R,258
451398,3,R,258,A,,A,,R,258
451404,1,R,516,A,,A,,R,516
451404,2,R,516,A,,A,,R,516
451404,3,R,516,A,,A,,R,516
451413,1,R,654,R,0,R,56,R,598
451413,2,R,654,R,0,R,56,R,598
451413,3,R,654,R,0,R,56,R,598
451468,1,R,709,R,0,R,503,R,206
451468,2,R,709,R,0,R,503,R,206
451468,3,R,709,R,0,R,503,R,206
451477,1,R,1559,R,1368,R,91,R,100
451477,2,R,1559,R,1368,R,91,R,100
451477,3,R,1558,R,1368,R,90,R,100
451477,11,R,1,R,0,R,1,R,0
451495,1,R,383,R,293,Z,0,R,90
451495,2,R,383,R,293,Z,0,R,90
451495,3,R,383,R,293,Z,0,R,90
451501,1,R,458,A,,A,,R,458
451501,2,R,458,A,,A,,R,458
451501,3,R,458,A,,A,,R,458
451510,1,R,706,R,0,R,7,R,699
451510,12,R,706,R,0,R,7,R,699
451529,1,R,85,A,,A,,R,85
451529,2,R,85,A,,A,,R,85
451529,3,R,85,A,,A,,R,85
451547,1,R,28,A,,A,,R,28
451547,2,R,28,A,,A,,R,28
451547,3,R,28,A,,A,,R,28
451556,1,R,3807,R,339,R,3468,R,0
451556,2,R,3739,R,271,R,3468,R,0
451556,3,R,3739,R,271,R,3468,R,0
451556,12,R,68,R,68,Z,0,R,0
451565,1,R,334,A,,A,,R,334
451565,2,R,334,A,,A,,R,334
451565,3,R,334,A,,A,,R,334
451574,1,R,259,A,,A,,R,259
451574,2,R,259,A,,A,,R,259
451574,3,R,259,A,,A,,R,259
451583,1,R,1964,A,,A,,R,1964
451583,2,R,1964,A,,A,,R,1964
451583,3,R,1620,A,,A,,R,1620
451583,11,R,344,A,,A,,R,344
451626,1,R,107,A,,A,,R,107
451626,2,R,107,A,,A,,R,107
451626,3,R,107,A,,A,,R,107
451714,1,R,539,A,,A,,R,539
451714,2,R,539,A,,A,,R,539
451714,3,R,539,A,,A,,R,539
451750,1,R,1359,R,0,R,547,R,812
451750,2,R,1359,R,0,R,547,R,812
451750,3,R,1345,R,0,R,533,R,812
451750,11,R,14,R,0,R,14,R,0
451857,1,R,122,Z,0,R,122,R,0
451857,2,R,122,Z,0,R,122,R,0
451857,3,R,122,Z,0,R,122,R,0
451866,1,R,518,Z,0,R,518,R,0
451866,2,R,518,Z,0,R,518,R,0
451866,3,R,518,Z,0,R,518,R,0
451918,1,R,195,R,0,R,3,R,192
451918,2,R,195,R,0,R,3,R,192
451918,3,R,195,R,0,R,3,R,192
451927,1,R,430,R,47,R,0,R,383
451927,2,R,430,R,47,R,0,R,383
451927,3,R,380,R,16,R,0,R,364
451927,11,R,50,R,31,R,0,R,19
452009,1,R,78,A,,A,,R,78
452009,2,R,78,A,,A,,R,78
452009,3,R,78,A,,A,,R,78
452072,1,R,59,R,0,R,20,R,39
452072,2,R,59,R,0,R,20,R,39
452072,3,R,59,R,0,R,20,R,39
452081,1,R,2411,R,2197,R,114,R,100
452081,2,R,2411,R,2197,R,114,R,100
452081,3,R,2411,R,2197,R,114,R,100
452106,1,R,67,A,,A,,R,67
452106,2,R,67,A,,A,,R,67
452106,3,R,67,A,,A,,R,67
452124,1,R,589,R,0,R,395,R,194
452124,2,R,589,R,0,R,395,R,194
452124,3,R,589,R,0,R,395,R,194
452373,1,R,515,R,5,R,504,R,6
452373,2,R,515,R,5,R,504,R,6
452373,3,R,515,R,5,R,504,R,6
452771,1,R,34,A,,A,,R,34
452771,2,R,34,A,,A,,R,34
452771,3,R,34,A,,A,,R,34
452780,1,R,23,A,,A,,R,23
452780,2,R,23,A,,A,,R,23
452780,3,R,23,A,,A,,R,23
452887,1,R,113,A,,A,,R,113
452887,2,R,113,A,,A,,R,113
452887,3,R,113,A,,A,,R,113
452948,1,R,890,R,0,R,890,R,0
452948,2,R,890,R,0,R,890,R,0
452948,3,R,890,R,0,R,890,R,0
453163,1,R,4891,R,4877,R,14,R,0
453163,2,R,4350,R,4336,R,14,R,0
453163,3,R,4350,R,4336,R,14,R,0
453163,12,R,541,R,541,Z,0,R,0
453215,1,R,1368,R,1368,Z,0,R,0
453215,2,R,1229,R,1229,Z,0,R,0
453215,3,R,1227,R,1227,Z,0,R,0
453215,11,R,2,R,2,Z,0,R,0
453215,12,R,139,R,139,Z,0,R,0
453297,1,R,32,A,,A,,R,32
453297,2,R,32,A,,A,,R,32
453297,3,R,32,A,,A,,R,32
453756,1,R,143,R,0,R,143,R,0
453756,2,R,143,R,0,R,143,R,0
453756,3,R,143,R,0,R,143,R,0
453792,1,R,269,A,,A,,R,269
453792,2,R,269,A,,A,,R,269
453792,3,R,269,A,,A,,R,269
454227,1,R,48751,R,43721,R,4525,R,505
454227,2,R,23082,R,18774,R,3879,R,429
454227,3,R,22893,R,18592,R,3872,R,429
454227,11,R,189,R,182,R,7,R,0
454227,12,R,25669,R,24947,R,646,R,76
454236,1,R,529,R,20,R,393,R,116
454236,2,R,529,R,20,R,393,R,116
454236,3,R,528,R,20,R,392,R,116
454236,11,R,1,R,0,R,1,R,0
454245,1,R,1038,R,21,R,937,R,80
454245,2,R,1038,R,21,R,937,R,80
454245,3,R,1038,R,21,R,937,R,80
454537,1,R,128,A,,A,,R,128
454537,2,R,128,A,,A,,R,128
454537,3,R,128,A,,A,,R,128
454546,1,R,418,A,,A,,R,418
454546,2,R,418,A,,A,,R,418
454546,3,R,418,A,,A,,R,418
454555,1,R,394,A,,A,,R,394
454555,2,R,394,A,,A,,R,394
454555,3,R,394,A,,A,,R,394
454582,1,R,1522,R,799,R,625,R,98
454582,2,R,809,R,700,R,95,R,14
454582,3,R,475,R,371,R,90,R,14
454582,11,R,334,R,329,R,5,R,0
454582,12,R,713,R,99,R,530,R,84
454607,1,R,565,A,,A,,R,565
454607,2,R,565,A,,A,,R,565
454607,3,R,565,A,,A,,R,565
454652,1,R,158,A,,A,,R,158
454652,2,R,158,A,,A,,R,158
454652,3,R,158,A,,A,,R,158
454689,1,R,532,R,532,A,,A,
454689,2,R,1,R,1,A,,A,
454689,3,R,1,R,1,A,,A,
454689,12,R,531,R,531,A,,A,
454698,1,R,546,A,,A,,R,546
454698,2,R,546,A,,A,,R,546
454698,3,R,546,A,,A,,R,546
454722,1,R,47,A,,A,,R,47
454722,2,R,47,A,,A,,R,47
454722,3,R,47,A,,A,,R,47
454759,1,R,70,A,,A,,R,70
454759,2,R,70,A,,A,,R,70
454759,3,R,70,A,,A,,R,70
454768,1,R,319,A,,A,,R,319
454768,2,R,319,A,,A,,R,319
454768,3,R,319,A,,A,,R,319
454777,1,R,335,A,,A,,R,335
454777,2,R,335,A,,A,,R,335
454777,3,R,335,A,,A,,R,335
454786,1,R,1051,R,82,R,965,R,4
454786,2,R,1051,R,82,R,965,R,4
454786,3,R,1051,R,82,R,965,R,4
454795,1,R,329,R,0,R,142,R,187
454795,2,R,329,R,0,R,142,R,187
454795,3,R,329,R,0,R,142,R,187
454801,1,R,288,A,,A,,R,288
454801,2,R,288,A,,A,,R,288
454801,3,R,288,A,,A,,R,288
454810,1,R,14363,R,0,R,13891,R,472
454810,2,R,14363,R,0,R,13891,R,472
454810,3,R,14363,R,0,R,13891,R,472
454829,1,R,6615,R,6330,R,285,R,0
454829,2,R,3148,R,2863,R,285,R,0
454829,3,R,3141,R,2856,R,285,R,0
454829,11,R,7,R,7,R,0,R,0
454829,12,R,3467,R,3467,R,0,R,0
454838,1,R,39,A,,A,,R,39
454838,12,R,39,A,,A,,R,39
454856,1,R,1242,R,374,R,678,R,190
454856,2,R,1161,R,293,R,678,R,190
454856,3,R,1161,R,293,R,678,R,190
454856,12,R,81,R,81,R,0,R,0
454865,1,R,2163,R,541,R,1398,R,224
454865,2,R,2163,R,541,R,1398,R,224
454865,3,R,2163,R,541,R,1398,R,224
454874,1,R,138,A,,A,,R,138
454874,2,R,138,A,,A,,R,138
454874,3,R,138,A,,A,,R,138
454917,1,R,1406,A,,A,,R,1406
454917,2,R,1406,A,,A,,R,1406
454917,3,R,1406,A,,A,,R,1406
454926,1,R,433,A,,A,,R,433
454926,2,R,433,A,,A,,R,433
454926,3,R,433,A,,A,,R,433
454935,1,R,78,A,,A,,R,78
454935,2,R,78,A,,A,,R,78
454935,3,R,78,A,,A,,R,78
454944,1,R,375,A,,A,,R,375
454944,2,R,375,A,,A,,R,375
454944,3,R,375,A,,A,,R,375
454953,1,R,86,A,,A,,R,86
454953,2,R,86,A,,A,,R,86
454953,3,R,86,A,,A,,R,86
454962,1,R,65,A,,A,,R,65
454962,2,R,65,A,,A,,R,65
454962,3,R,65,A,,A,,R,65
454971,1,R,357,A,,A,,R,357
454971,2,R,357,A,,A,,R,357
454971,3,R,357,A,,A,,R,357
454980,1,R,239,A,,A,,R,239
454980,2,R,239,A,,A,,R,239
454980,3,R,239,A,,A,,R,239
454999,1,R,235,A,,A,,R,235
454999,2,R,235,A,,A,,R,235
454999,3,R,235,A,,A,,R,235
455008,1,R,298,A,,A,,R,298
455008,2,R,298,A,,A,,R,298
455008,3,R,298,A,,A,,R,298
455026,1,R,99,A,,A,,R,99
455026,2,R,99,A,,A,,R,99
455026,3,R,99,A,,A,,R,99
455062,1,R,96,A,,A,,R,96
455062,2,R,96,A,,A,,R,96
455062,3,R,96,A,,A,,R,96
455071,1,R,188,A,,A,,R,188
455071,2,R,188,A,,A,,R,188
455071,3,R,188,A,,A,,R,188
455080,1,R,463,A,,A,,R,463
455080,2,R,463,A,,A,,R,463
455080,3,R,463,A,,A,,R,463
455099,1,R,137,R,27,R,78,R,32
455099,12,R,137,R,27,R,78,R,32
455105,1,R,130,A,,A,,R,130
455105,2,R,130,A,,A,,R,130
455105,3,R,130,A,,A,,R,130
455114,1,R,22111,R,3156,R,4360,R,14595
455114,2,R,22111,R,3156,R,4360,R,14595
455114,3,R,7699,R,2408,R,3686,R,1605
455114,11,R,14412,R,748,R,674,R,12990
455141,1,R,296,R,0,R,192,R,104
455141,2,R,296,R,0,R,192,R,104
455141,3,R,296,R,0,R,192,R,104
455178,1,R,111,Z,0,R,111,R,0
455178,12,R,111,Z,0,R,111,R,0
455187,1,R,327,A,,A,,R,327
455187,2,R,327,A,,A,,R,327
455187,3,R,327,A,,A,,R,327
455196,1,R,6063,R,7,R,1286,R,4770
455196,2,R,6063,R,7,R,1286,R,4770
455196,3,R,6063,R,7,R,1286,R,4770
455202,1,R,662,A,,A,,R,662
455202,2,R,662,A,,A,,R,662
455202,3,R,651,A,,A,,R,651
455202,11,R,11,A,,A,,R,11
455211,1,R,506,A,,A,,R,506
455211,2,R,506,A,,A,,R,506
455211,3,R,506,A,,A,,R,506
455220,1,R,232,A,,A,,R,232
455220,2,R,232,A,,A,,R,232
455220,3,R,232,A,,A,,R,232
455257,1,R,461,A,,A,,R,461
455257,2,R,461,A,,A,,R,461
455257,3,R,461,A,,A,,R,461
455275,1,R,434,R,0,R,275,R,159
455275,2,R,434,R,0,R,275,R,159
455275,3,R,434,R,0,R,275,R,159
455284,1,R,360,A,,A,,R,360
455284,2,R,360,A,,A,,R,360
455284,3,R,360,A,,A,,R,360
455327,1,R,83,R,0,R,76,R,7
455327,2,R,83,R,0,R,76,R,7
455327,3,R,83,R,0,R,76,R,7
455336,1,R,261,R,0,R,227,R,34
455336,2,R,261,R,0,R,227,R,34
455336,3,R,261,R,0,R,227,R,34
455354,1,R,432,A,,A,,R,432
455354,2,R,432,A,,A,,R,432
455354,3,R,432,A,,A,,R,432
455381,1,R,237,A,,A,,R,237
455381,2,R,237,A,,A,,R,237
455381,3,R,237,A,,A,,R,237
455406,1,R,675,A,,A,,R,675
455406,12,R,675,A,,A,,R,675
455433,1,R,567,R,37,R,444,R,86
455433,12,R,567,R,37,R,444,R,86
455460,1,R,298,A,,A,,R,298
455460,2,R,298,A,,A,,R,298
455460,3,R,298,A,,A,,R,298
455479,1,R,1015,R,0,R,789,R,226
455479,2,R,1015,R,0,R,789,R,226
455479,3,R,1015,R,0,R,789,R,226
455488,1,R,551,A,,A,,R,551
455488,2,R,551,A,,A,,R,551
455488,3,R,551,A,,A,,R,551
455512,1,R,6138,R,3580,R,1432,R,1126
455512,2,R,6138,R,3580,R,1432,R,1126
455512,3,R,4606,R,2690,R,1315,R,601
455512,11,R,1532,R,890,R,117,R,525
455628,1,R,736,R,0,R,317,R,419
455628,2,R,736,R,0,R,317,R,419
455628,3,R,736,R,0,R,317,R,419
455664,1,R,4787,R,4061,R,695,R,31
455664,2,R,599,R,582,R,17,R,0
455664,3,R,599,R,582,R,17,R,0
455664,12,R,4188,R,3479,R,678,R,31
455707,1,R,89,A,,A,,R,89
455707,2,R,89,A,,A,,R,89
455707,3,R,89,A,,A,,R,89
455725,1,R,1126,A,,A,,R,1126
455725,2,R,1126,A,,A,,R,1126
455725,3,R,1126,A,,A,,R,1126
455734,1,R,325,R,22,R,0,R,303
455734,2,R,325,R,22,R,0,R,303
455734,3,R,325,R,22,R,0,R,303
455761,1,R,652,A,,A,,R,652
455761,2,R,652,A,,A,,R,652
455761,3,R,652,A,,A,,R,652
455770,1,R,154,A,,A,,R,154
455770,2,R,154,A,,A,,R,154
455770,3,R,151,A,,A,,R,151
455770,11,R,3,A,,A,,R,3
455798,1,R,155,A,,A,,R,155
455798,2,R,155,A,,A,,R,155
455798,3,R,155,A,,A,,R,155
455804,1,R,140,R,48,R,34,R,58
455804,12,R,140,R,48,R,34,R,58
455813,1,R,67,A,,A,,R,67
455813,12,R,67,A,,A,,R,67
455831,1,R,581,A,,A,,R,581
455831,2,R,581,A,,A,,R,581
455831,3,R,581,A,,A,,R,581
455859,1,R,441,A,,A,,R,441
455859,2,R,441,A,,A,,R,441
455859,3,R,441,A,,A,,R,441
455868,1,R,595,R,14,R,69,R,512
455868,2,R,595,R,14,R,69,R,512
455868,3,R,595,R,14,R,69,R,512
455877,1,R,185,A,,A,,R,185
455877,2,R,185,A,,A,,R,185
455877,3,R,185,A,,A,,R,185
455886,1,R,314,A,,A,,R,314
455886,2,R,314,A,,A,,R,314
455886,3,R,314,A,,A,,R,314
455895,1,R,795,A,,A,,R,795
455895,2,R,795,A,,A,,R,795
455895,3,R,795,A,,A,,R,795
455901,1,R,220,A,,A,,R,220
455901,2,R,220,A,,A,,R,220
455901,3,R,220,A,,A,,R,220
455910,1,R,104,A,,A,,R,104
455910,2,R,104,A,,A,,R,104
455910,3,R,104,A,,A,,R,104
455929,1,R,95,A,,A,,R,95
455929,2,R,95,A,,A,,R,95
455929,3,R,95,A,,A,,R,95
455965,1,R,170,A,,A,,R,170
455965,2,R,170,A,,A,,R,170
455965,3,R,170,A,,A,,R,170
455974,1,R,363,R,0,R,40,R,323
455974,2,R,363,R,0,R,40,R,323
455974,3,R,363,R,0,R,40,R,323
455983,1,R,305,R,22,R,276,R,7
455983,2,R,305,R,22,R,276,R,7
455983,3,R,305,R,22,R,276,R,7
455992,1,R,262,R,0,R,262,R,0
455992,12,R,262,R,0,R,262,R,0
456001,1,R,135,A,,A,,R,135
456001,2,R,135,A,,A,,R,135
456001,3,R,135,A,,A,,R,135
456029,1,R,267,A,,A,,R,267
456029,2,R,267,A,,A,,R,267
456029,3,R,267,A,,A,,R,267
456038,1,R,717,R,0,R,0,R,717
456038,2,R,717,R,0,R,0,R,717
456038,3,R,717,R,0,R,0,R,717
456065,1,R,265,A,,A,,R,265
456065,2,R,265,A,,A,,R,265
456065,3,R,265,A,,A,,R,265
456074,1,R,270,A,,A,,R,270
456074,2,R,270,A,,A,,R,270
456074,3,R,270,A,,A,,R,270
456135,1,R,134,A,,A,,R,134
456135,2,R,134,A,,A,,R,134
456135,3,R,134,A,,A,,R,134
456153,1,R,131,R,0,R,111,R,20
456153,2,R,131,R,0,R,111,R,20
456153,3,R,131,R,0,R,111,R,20
456205,1,R,464,R,0,R,183,R,281
456205,2,R,464,R,0,R,183,R,281
456205,3,R,464,R,0,R,183,R,281
456214,1,R,745,R,0,R,20,R,725
456214,2,R,745,R,0,R,20,R,725
456214,3,R,745,R,0,R,20,R,725
456287,1,R,206,A,,A,,R,206
456287,2,R,206,A,,A,,R,206
456287,3,R,206,A,,A,,R,206
456454,1,R,530,R,0,R,227,R,303
456454,2,R,530,R,0,R,227,R,303
456454,3,R,530,R,0,R,227,R,303
456481,1,R,55,R,55,R,0,R,0
456481,2,R,32,R,32,R,0,R,0
456481,3,R,32,R,32,R,0,R,0
456481,12,R,23,R,23,R,0,R,0
456490,1,R,182,R,72,R,100,R,10
456490,2,R,146,R,51,R,86,R,9
456490,3,R,146,R,51,R,86,R,9
456490,12,R,36,R,21,R,14,R,1
456506,1,R,229,R,0,R,149,R,80
456506,2,R,229,R,0,R,149,R,80
456506,3,R,229,R,0,R,149,R,80
456515,1,R,84,R,0,R,47,R,37
456515,2,R,84,R,0,R,47,R,37
456515,3,R,84,R,0,R,47,R,37
456542,1,R,793,R,99,R,0,R,694
456542,2,R,91,A,,A,,R,91
456542,3,R,91,A,,A,,R,91
456542,12,R,702,R,99,R,0,R,603
456551,1,R,133,A,,A,,R,133
456551,2,R,133,A,,A,,R,133
456551,3,R,133,A,,A,,R,133
456579,1,R,533,R,0,R,92,R,441
456579,2,R,533,R,0,R,92,R,441
456579,3,R,533,R,0,R,92,R,441
456588,1,R,53,A,,A,,R,53
456588,2,R,53,A,,A,,R,53
456588,3,R,53,A,,A,,R,53
456597,1,R,424,A,,A,,R,424
456597,2,R,424,A,,A,,R,424
456597,3,R,424,A,,A,,R,424
456621,1,R,454,R,454,Z,0,R,0
456621,2,R,431,R,431,Z,0,R,0
456621,3,R,431,R,431,Z,0,R,0
456621,12,R,23,R,23,Z,0,R,0
456825,1,R,361,A,,A,,R,361
456825,2,R,361,A,,A,,R,361
456825,3,R,361,A,,A,,R,361
456852,1,R,736,R,0,R,35,R,701
456852,2,R,736,R,0,R,35,R,701
456852,3,R,736,R,0,R,35,R,701
456922,1,R,600,R,0,R,12,R,588
456922,2,R,600,R,0,R,12,R,588
456922,3,R,600,R,0,R,12,R,588
456931,1,R,724,R,0,R,2,R,722
456931,2,R,724,R,0,R,2,R,722
456931,3,R,724,R,0,R,2,R,722
456959,1,R,618,R,23,R,254,R,341
456959,2,R,618,R,23,R,254,R,341
456959,3,R,598,R,22,R,254,R,322
456959,11,R,20,R,1,R,0,R,19
456968,1,R,1362,A,,A,,R,1362
456968,2,R,1362,A,,A,,R,1362
456968,3,R,1362,A,,A,,R,1362
456977,1,R,273,R,0,R,255,R,18
456977,2,R,273,R,0,R,255,R,18
456977,3,R,273,R,0,R,255,R,18
457031,1,R,113,A,,A,,R,113
457031,2,R,113,A,,A,,R,113
457031,3,R,113,A,,A,,R,113
457077,1,R,948,A,,A,,R,948
457077,2,R,948,A,,A,,R,948
457077,3,R,948,A,,A,,R,948
457086,1,R,262,R,0,R,4,R,258
457086,2,R,260,R,0,R,2,R,258
457086,3,R,260,R,0,R,2,R,258
457086,12,R,2,R,0,R,2,R,0
457101,1,R,556,R,0,R,325,R,231
457101,2,R,556,R,0,R,325,R,231
457101,3,R,556,R,0,R,325,R,231
457110,1,R,707,R,0,R,341,R,366
457110,2,R,707,R,0,R,341,R,366
457110,3,R,707,R,0,R,341,R,366
457129,1,R,1237,R,61,R,969,R,207
457129,2,R,1237,R,61,R,969,R,207
457129,3,R,1237,R,61,R,969,R,207
457192,1,R,79,A,,A,,R,79
457192,2,R,79,A,,A,,R,79
457192,3,R,79,A,,A,,R,79
457208,1,R,140,A,,A,,R,140
457208,2,R,140,A,,A,,R,140
457208,3,R,140,A,,A,,R,140
457226,1,R,80,R,44,R,2,R,34
457226,2,R,69,R,33,R,2,R,34
457226,3,R,69,R,33,R,2,R,34
457226,12,R,11,R,11,Z,0,R,0
457253,1,R,142,A,,A,,R,142
457253,2,R,142,A,,A,,R,142
457253,3,R,142,A,,A,,R,142
457271,1,R,82,R,82,A,,A,
457271,12,R,82,R,82,A,,A,
457299,1,R,722,R,12,R,272,R,438
457299,2,R,713,R,12,R,272,R,429
457299,3,R,713,R,12,R,272,R,429
457299,12,R,9,R,0,R,0,R,9
457314,1,R,231,A,,A,,R,231
457314,2,R,231,A,,A,,R,231
457314,3,R,231,A,,A,,R,231
457323,1,R,484,A,,A,,R,484
457323,2,R,484,A,,A,,R,484
457323,3,R,484,A,,A,,R,484
457332,1,R,87,A,,A,,R,87
457332,2,R,87,A,,A,,R,87
457332,3,R,87,A,,A,,R,87
457341,1,R,262,A,,A,,R,262
457341,2,R,262,A,,A,,R,262
457341,3,R,262,A,,A,,R,262
457350,1,R,73,A,,A,,R,73
457350,2,R,73,A,,A,,R,73
457350,3,R,73,A,,A,,R,73
457378,1,R,258,A,,A,,R,258
457378,2,R,258,A,,A,,R,258
457378,3,R,221,A,,A,,R,221
457378,11,R,37,A,,A,,R,37
457387,1,R,651,A,,A,,R,651
457387,2,R,651,A,,A,,R,651
457387,3,R,387,A,,A,,R,387
457387,11,R,264,A,,A,,R,264
457396,1,R,153,A,,A,,R,153
457396,2,R,153,A,,A,,R,153
457396,3,R,153,A,,A,,R,153
457402,1,R,582,R,6,R,277,R,299
457402,2,R,558,R,4,R,264,R,290
457402,3,R,544,R,2,R,260,R,282
457402,11,R,14,R,2,R,4,R,8
457402,12,R,24,R,2,R,13,R,9
457411,1,R,530,A,,A,,R,530
457411,2,R,530,A,,A,,R,530
457411,3,R,530,A,,A,,R,530
457420,1,R,333,A,,A,,R,333
457420,2,R,333,A,,A,,R,333
457420,3,R,333,A,,A,,R,333
457439,1,R,209,A,,A,,R,209
457439,2,R,209,A,,A,,R,209
457439,3,R,209,A,,A,,R,209
457448,1,R,106,A,,A,,R,106
457448,2,R,106,A,,A,,R,106
457448,3,R,106,A,,A,,R,106
457466,1,R,45,A,,A,,R,45
457466,2,R,45,A,,A,,R,45
457466,3,R,45,A,,A,,R,45
457475,1,R,164,A,,A,,R,164
457475,2,R,164,A,,A,,R,164
457475,3,R,164,A,,A,,R,164
457484,1,R,178,R,45,R,99,R,34
457484,2,R,128,R,34,R,68,R,26
457484,3,R,128,R,34,R,68,R,26
457484,12,R,50,R,11,R,31,R,8
457493,1,R,92,A,,A,,R,92
457493,2,R,92,A,,A,,R,92
457493,3,R,92,A,,A,,R,92
457527,1,R,284,R,0,R,18,R,266
457527,2,R,284,R,0,R,18,R,266
457527,3,R,284,R,0,R,18,R,266
457536,1,R,1190,R,0,R,1162,R,28
457536,2,R,1190,R,0,R,1162,R,28
457536,3,R,1190,R,0,R,1162,R,28
457545,1,R,104,A,,A,,R,104
457545,2,R,104,A,,A,,R,104
457545,3,R,104,A,,A,,R,104
457563,1,R,401,A,,A,,R,401
457563,2,R,401,A,,A,,R,401
457563,3,R,401,A,,A,,R,401
457572,1,R,210,A,,A,,R,210
457572,2,R,210,A,,A,,R,210
457572,3,R,210,A,,A,,R,210
457581,1,R,287,A,,A,,R,287
457581,2,R,287,A,,A,,R,287
457581,3,R,287,A,,A,,R,287
457606,1,R,151,A,,A,,R,151
457606,2,R,151,A,,A,,R,151
457606,3,R,151,A,,A,,R,151
457615,1,R,40,A,,A,,R,40
457615,2,R,40,A,,A,,R,40
457615,3,R,40,A,,A,,R,40
457624,1,R,40,A,,A,,R,40
457624,2,R,40,A,,A,,R,40
457624,3,R,40,A,,A,,R,40
457633,1,R,448,R,0,R,442,R,6
457633,2,R,448,R,0,R,442,R,6
457633,3,R,448,R,0,R,442,R,6
457642,1,R,91,A,,A,,R,91
457642,2,R,91,A,,A,,R,91
457642,3,R,91,A,,A,,R,91
457679,1,R,27,A,,A,,R,27
457679,2,R,27,A,,A,,R,27
457679,3,R,27,A,,A,,R,27
457697,1,R,422,R,422,A,,A,
457697,2,R,348,R,348,A,,A,
457697,3,R,348,R,348,A,,A,
457697,12,R,74,R,74,A,,A,
457749,1,R,265,A,,A,,R,265
457749,2,R,265,A,,A,,R,265
457749,3,R,265,A,,A,,R,265
457767,1,R,311,A,,A,,R,311
457767,2,R,311,A,,A,,R,311
457767,3,R,311,A,,A,,R,311
457776,1,R,226,A,,A,,R,226
457776,2,R,226,A,,A,,R,226
457776,3,R,226,A,,A,,R,226
457785,1,R,181,A,,A,,R,181
457785,2,R,181,A,,A,,R,181
457785,3,R,181,A,,A,,R,181
457794,1,R,210,A,,A,,R,210
457794,2,R,210,A,,A,,R,210
457794,3,R,210,A,,A,,R,210
457800,1,R,524,A,,A,,R,524
457800,2,R,524,A,,A,,R,524
457800,3,R,524,A,,A,,R,524
457819,1,R,1046,R,7,R,2,R,1037
457819,2,R,1046,R,7,R,2,R,1037
457819,3,R,1046,R,7,R,2,R,1037
457837,1,R,252,A,,A,,R,252
457837,2,R,252,A,,A,,R,252
457837,3,R,252,A,,A,,R,252
457855,1,R,121,A,,A,,R,121
457855,2,R,121,A,,A,,R,121
457855,3,R,121,A,,A,,R,121
457873,1,R,349,A,,A,,R,349
457873,2,R,349,A,,A,,R,349
457873,3,R,349,A,,A,,R,349
457916,1,R,196,A,,A,,R,196
457916,2,R,196,A,,A,,R,196
457916,3,R,196,A,,A,,R,196
457925,1,R,13,A,,A,,R,13
457925,2,R,13,A,,A,,R,13
457925,3,R,13,A,,A,,R,13
457943,1,R,60,A,,A,,R,60
457943,2,R,60,A,,A,,R,60
457943,3,R,60,A,,A,,R,60
457952,1,R,249,A,,A,,R,249
457952,2,R,249,A,,A,,R,249
457952,3,R,249,A,,A,,R,249
457989,1,R,45,A,,A,,R,45
457989,2,R,45,A,,A,,R,45
457989,3,R,45,A,,A,,R,45
458007,1,R,112,A,,A,,R,112
458007,2,R,112,A,,A,,R,112
458007,3,R,112,A,,A,,R,112
458043,1,R,147,A,,A,,R,147
458043,2,R,147,A,,A,,R,147
458043,3,R,147,A,,A,,R,147
458061,1,R,92,A,,A,,R,92
458061,2,R,92,A,,A,,R,92
458061,3,R,92,A,,A,,R,92
458070,1,R,456,A,,A,,R,456
458070,2,R,456,A,,A,,R,456
458070,3,R,456,A,,A,,R,456
458098,1,R,245,A,,A,,R,245
458098,2,R,245,A,,A,,R,245
458098,3,R,245,A,,A,,R,245
458104,1,R,322,A,,A,,R,322
458104,2,R,322,A,,A,,R,322
458104,3,R,322,A,,A,,R,322
458113,1,R,136,R,116,R,20,R,0
458113,2,R,136,R,116,R,20,R,0
458113,3,R,128,R,112,R,16,R,0
458113,11,R,8,R,4,R,4,R,0
458122,1,R,41,A,,A,,R,41
458122,2,R,41,A,,A,,R,41
458122,3,R,41,A,,A,,R,41
458131,1,R,426,A,,A,,R,426
458131,2,R,426,A,,A,,R,426
458131,3,R,426,A,,A,,R,426
458140,1,R,67,A,,A,,R,67
458140,2,R,67,A,,A,,R,67
458140,3,R,67,A,,A,,R,67
458168,1,R,117,A,,A,,R,117
458168,2,R,117,A,,A,,R,117
458168,3,R,117,A,,A,,R,117
458210,1,R,6841,R,2818,R,3793,R,230
458210,2,R,4423,R,500,R,3693,R,230
458210,3,R,4405,R,482,R,3693,R,230
458210,11,R,18,R,18,Z,0,R,0
458210,12,R,2418,R,2318,R,100,R,0
458229,1,R,3644,R,82,R,3429,R,133
458229,2,R,3644,R,82,R,3429,R,133
458229,3,R,3644,R,82,R,3429,R,133
458274,1,R,208,A,,A,,R,208
458274,2,R,208,A,,A,,R,208
458274,3,R,208,A,,A,,R,208
458405,1,R,411,R,0,R,165,R,246
458405,2,R,411,R,0,R,165,R,246
458405,3,R,411,R,0,R,165,R,246
458423,1,R,140,A,,A,,R,140
458423,2,R,140,A,,A,,R,140
458423,3,R,140,A,,A,,R,140
458441,1,R,410,R,0,R,283,R,127
458441,2,R,410,R,0,R,283,R,127
458441,3,R,410,R,0,R,283,R,127
458681,1,R,475,R,0,R,384,R,91
458681,2,R,475,R,0,R,384,R,91
458681,3,R,475,R,0,R,384,R,91
458803,1,R,348,A,,A,,R,348
458803,2,R,348,A,,A,,R,348
458803,3,R,348,A,,A,,R,348
458812,1,R,209,A,,A,,R,209
458812,2,R,209,A,,A,,R,209
458812,3,R,209,A,,A,,R,209
458821,1,R,95,A,,A,,R,95
458821,2,R,95,A,,A,,R,95
458821,3,R,95,A,,A,,R,95
458830,1,R,292,A,,A,,R,292
458830,2,R,292,A,,A,,R,292
458830,3,R,292,A,,A,,R,292
458858,1,R,303,A,,A,,R,303
458858,2,R,303,A,,A,,R,303
458858,3,R,303,A,,A,,R,303
458867,1,R,398,A,,A,,R,398
458867,2,R,398,A,,A,,R,398
458867,3,R,398,A,,A,,R,398
458885,1,R,1250,R,1250,Z,0,R,0
458885,2,R,1189,R,1189,Z,0,R,0
458885,3,R,1189,R,1189,Z,0,R,0
458885,12,R,61,R,61,Z,0,R,0
458919,1,R,7707,R,7646,R,60,R,1
458919,2,R,6919,R,6869,R,49,R,1
458919,3,R,6917,R,6867,R,49,R,1
458919,11,R,2,R,2,Z,0,R,0
458919,12,R,788,R,777,R,11,R,0
458955,1,R,1407,R,1407,Z,0,R,0
458955,2,R,1305,R,1305,Z,0,R,0
458955,3,R,1305,R,1305,Z,0,R,0
458955,12,R,102,R,102,Z,0,R,0
458964,1,R,3299,R,3292,R,7,R,0
458964,2,R,2952,R,2947,R,5,R,0
458964,3,R,2952,R,2947,R,5,R,0
458964,12,R,347,R,345,R,2,R,0
458973,1,R,4227,R,4186,R,41,R,0
458973,2,R,3955,R,3917,R,38,R,0
458973,3,R,3955,R,3917,R,38,R,0
458973,12,R,272,R,269,R,3,R,0
459019,1,R,144,A,,A,,R,144
459019,2,R,144,A,,A,,R,144
459019,3,R,144,A,,A,,R,144
459046,1,R,132,A,,A,,R,132
459046,2,R,132,A,,A,,R,132
459046,3,R,132,A,,A,,R,132
459055,1,R,118,A,,A,,R,118
459055,2,R,118,A,,A,,R,118
459055,3,R,118,A,,A,,R,118
459064,1,R,119,A,,A,,R,119
459064,2,R,119,A,,A,,R,119
459064,3,R,119,A,,A,,R,119
459116,1,R,239,A,,A,,R,239
459116,2,R,239,A,,A,,R,239
459116,3,R,239,A,,A,,R,239
459170,1,R,472,A,,A,,R,472
459170,2,R,472,A,,A,,R,472
459170,3,R,472,A,,A,,R,472
459198,1,R,331,A,,A,,R,331
459198,2,R,331,A,,A,,R,331
459198,3,R,331,A,,A,,R,331
459204,1,R,7204,R,1021,R,4606,R,1577
459204,2,R,7204,R,1021,R,4606,R,1577
459204,3,R,7038,R,855,R,4606,R,1577
459204,11,R,166,R,166,Z,0,R,0
459213,1,R,4667,R,484,R,1831,R,2352
459213,2,R,4644,R,461,R,1831,R,2352
459213,3,R,4644,R,461,R,1831,R,2352
459213,12,R,23,R,23,R,0,R,0
459231,1,R,348,A,,A,,R,348
459231,2,R,348,A,,A,,R,348
459231,3,R,348,A,,A,,R,348
459259,1,R,683,R,242,R,112,R,329
459259,2,R,534,R,230,R,111,R,193
459259,3,R,457,R,229,R,111,R,117
459259,11,R,77,R,1,Z,0,R,76
459259,12,R,149,R,12,R,1,R,136
459268,1,R,461,R,194,R,167,R,100
459268,2,R,414,R,173,R,162,R,79
459268,3,R,414,R,173,R,162,R,79
459268,12,R,47,R,21,R,5,R,21
459277,1,R,515,A,,A,,R,515
459277,2,R,515,A,,A,,R,515
459277,3,R,515,A,,A,,R,515
459286,1,R,284,A,,A,,R,284
459286,2,R,284,A,,A,,R,284
459286,3,R,284,A,,A,,R,284
459295,1,R,102,A,,A,,R,102
459295,2,R,102,A,,A,,R,102
459295,3,R,102,A,,A,,R,102
459301,1,R,205,A,,A,,R,205
459301,2,R,205,A,,A,,R,205
459301,3,R,205,A,,A,,R,205
459329,1,R,588,A,,A,,R,588
459329,2,R,588,A,,A,,R,588
459329,3,R,348,A,,A,,R,348
459329,11,R,240,A,,A,,R,240
459347,1,R,168,A,,A,,R,168
459347,2,R,168,A,,A,,R,168
459347,3,R,168,A,,A,,R,168
459374,1,R,231,A,,A,,R,231
459374,2,R,231,A,,A,,R,231
459374,3,R,231,A,,A,,R,231
459392,1,R,279,A,,A,,R,279
459392,2,R,279,A,,A,,R,279
459392,3,R,279,A,,A,,R,279
459408,1,R,66,A,,A,,R,66
459408,2,R,66,A,,A,,R,66
459408,3,R,66,A,,A,,R,66
459426,1,R,349,A,,A,,R,349
459426,2,R,349,A,,A,,R,349
459426,3,R,349,A,,A,,R,349
459514,1,R,115,R,45,R,70,R,0
459514,2,R,115,R,45,R,70,R,0
459514,3,R,35,R,0,R,35,R,0
459514,11,R,80,R,45,R,35,R,0
459523,1,R,101,A,,A,,R,101
459523,2,R,101,A,,A,,R,101
459523,3,R,101,A,,A,,R,101
459532,1,R,135,A,,A,,R,135
459532,2,R,135,A,,A,,R,135
459532,3,R,135,A,,A,,R,135
459541,1,R,32,A,,A,,R,32
459541,2,R,32,A,,A,,R,32
459541,3,R,32,A,,A,,R,32
459550,1,R,201,A,,A,,R,201
459550,2,R,201,A,,A,,R,201
459550,3,R,201,A,,A,,R,201
459578,1,R,166,A,,A,,R,166
459578,2,R,166,A,,A,,R,166
459578,3,R,166,A,,A,,R,166
459727,1,R,3187,R,3134,R,30,R,23
459727,2,R,627,R,574,R,30,R,23
459727,3,R,565,R,513,R,30,R,22
459727,11,R,62,R,61,R,0,R,1
459727,12,R,2560,R,2560,R,0,R,0
459736,1,R,1208,R,102,R,411,R,695
459736,12,R,1208,R,102,R,411,R,695
459745,1,R,673,R,65,R,579,R,29
459745,12,R,673,R,65,R,579,R,29
459824,1,R,1968,R,703,R,864,R,401
459824,2,R,33,R,32,R,0,R,1
459824,3,R,33,R,32,R,0,R,1
459824,12,R,1935,R,671,R,864,R,400
459842,1,R,911,R,333,R,550,R,28
459842,2,R,908,R,330,R,550,R,28
459842,3,R,903,R,326,R,549,R,28
459842,11,R,5,R,4,R,1,R,0
459842,12,R,3,R,3,Z,0,R,0
459851,1,R,708,R,334,R,343,R,31
459851,2,R,699,R,325,R,343,R,31
459851,3,R,694,R,320,R,343,R,31
459851,11,R,5,R,5,Z,0,R,0
459851,12,R,9,R,9,Z,0,R,0
459949,1,R,8715,R,1613,R,5036,R,2066
459949,2,R,7687,R,1192,R,4701,R,1794
459949,3,R,7112,R,1151,R,4638,R,1323
459949,11,R,575,R,41,R,63,R,471
459949,12,R,1028,R,421,R,335,R,272
459958,1,R,638,A,,A,,R,638
459958,2,R,638,A,,A,,R,638
459958,3,R,638,A,,A,,R,638
459967,1,R,1073,R,9,R,421,R,643
459967,2,R,1073,R,9,R,421,R,643
459967,3,R,1073,R,9,R,421,R,643
459985,1,R,837,R,22,R,418,R,397
459985,2,R,837,R,22,R,418,R,397
459985,3,R,837,R,22,R,418,R,397
459994,1,R,18620,R,18615,R,5,R,0
459994,2,R,14931,R,14926,R,5,R,0
459994,3,R,14924,R,14919,R,5,R,0
459994,11,R,7,R,7,Z,0,R,0
459994,12,R,3689,R,3689,Z,0,R,0
460011,1,R,336,A,,A,,R,336
460011,2,R,336,A,,A,,R,336
460011,3,R,336,A,,A,,R,336
460020,1,R,847,R,0,R,662,R,185
460020,2,R,847,R,0,R,662,R,185
460020,3,R,847,R,0,R,662,R,185
460093,1,R,70,R,0,R,38,R,32
460093,2,R,70,R,0,R,38,R,32
460093,3,R,70,R,0,R,38,R,32
460109,1,R,236,R,0,R,158,R,78
460109,2,R,236,R,0,R,158,R,78
460109,3,R,236,R,0,R,158,R,78
460118,1,R,153,R,0,R,86,R,67
460118,2,R,153,R,0,R,86,R,67
460118,3,R,153,R,0,R,86,R,67
460127,1,R,149,R,0,R,80,R,69
460127,2,R,149,R,0,R,80,R,69
460127,3,R,149,R,0,R,80,R,69
460136,1,R,1778,R,0,R,0,R,1778
460136,2,R,1778,R,0,R,0,R,1778
460136,3,R,1778,R,0,R,0,R,1778
460145,1,R,198,R,0,R,198,R,0
460145,2,R,198,R,0,R,198,R,0
460145,3,R,198,R,0,R,198,R,0
460172,1,R,1124,A,,A,,R,1124
460172,2,R,1124,A,,A,,R,1124
460172,3,R,1124,A,,A,,R,1124
460181,1,R,666,Z,0,R,607,R,59
460181,2,R,666,Z,0,R,607,R,59
460181,3,R,666,Z,0,R,607,R,59
460190,1,R,692,Z,0,R,692,R,0
460190,2,R,692,Z,0,R,692,R,0
460190,3,R,692,Z,0,R,692,R,0
460206,1,R,572,Z,0,R,572,R,0
460206,2,R,572,Z,0,R,572,R,0
460206,3,R,572,Z,0,R,572,R,0
460349,1,R,3765,R,3765,A,,A,
460349,2,R,2943,R,2943,A,,A,
460349,3,R,2922,R,2922,A,,A,
460349,11,R,21,R,21,A,,A,
460349,12,R,822,R,822,A,,A,
460394,1,R,17166,R,7518,R,4386,R,5262
460394,2,R,17166,R,7518,R,4386,R,5262
460394,3,R,14805,R,6224,R,4018,R,4563
460394,11,R,2361,R,1294,R,368,R,699
460464,1,R,17336,R,9112,R,4778,R,3446
460464,2,R,17336,R,9112,R,4778,R,3446
460464,3,R,13517,R,6404,R,4201,R,2912
460464,11,R,3819,R,2708,R,577,R,534
460482,1,R,462,R,0,R,303,R,159
460482,2,R,462,R,0,R,303,R,159
460482,3,R,462,R,0,R,303,R,159
460534,1,R,694,A,,A,,R,694
460534,2,R,694,A,,A,,R,694
460534,3,R,694,A,,A,,R,694
460543,1,R,2293,A,,A,,R,2293
460543,2,R,2293,A,,A,,R,2293
460543,3,R,2293,A,,A,,R,2293
460677,1,R,652,R,0,R,264,R,388
460677,2,R,652,R,0,R,264,R,388
460677,3,R,652,R,0,R,264,R,388
460701,1,R,369,A,,A,,R,369
460701,2,R,369,A,,A,,R,369
460701,3,R,369,A,,A,,R,369
460756,1,R,444,R,193,R,229,R,22
460756,2,R,444,R,193,R,229,R,22
460756,3,R,444,R,193,R,229,R,22
460765,1,R,67,A,,A,,R,67
460765,2,R,67,A,,A,,R,67
460765,3,R,67,A,,A,,R,67
460808,1,R,16,A,,A,,R,16
460808,2,R,16,A,,A,,R,16
460808,3,R,16,A,,A,,R,16
460817,1,R,342,R,0,R,162,R,180
460817,2,R,342,R,0,R,162,R,180
460817,3,R,342,R,0,R,162,R,180
460826,1,R,826,R,0,R,430,R,396
460826,2,R,826,R,0,R,430,R,396
460826,3,R,826,R,0,R,430,R,396
460835,1,R,234,R,0,R,126,R,108
460835,2,R,234,R,0,R,126,R,108
460835,3,R,234,R,0,R,126,R,108
460862,1,R,271,A,,A,,R,271
460862,2,R,271,A,,A,,R,271
460862,3,R,271,A,,A,,R,271
460871,1,R,875,R,30,R,689,R,156
460871,2,R,875,R,30,R,689,R,156
460871,3,R,875,R,30,R,689,R,156
460914,1,R,719,A,,A,,R,719
460914,2,R,719,A,,A,,R,719
460914,3,R,719,A,,A,,R,719
460932,1,R,141,A,,A,,R,141
460932,2,R,141,A,,A,,R,141
460932,3,R,141,A,,A,,R,141
460969,1,R,684,A,,A,,R,684
460969,2,R,684,A,,A,,R,684
460969,3,R,684,A,,A,,R,684
460978,1,R,556,A,,A,,R,556
460978,2,R,556,A,,A,,R,556
460978,3,R,556,A,,A,,R,556
460987,1,R,162,A,,A,,R,162
460987,2,R,162,A,,A,,R,162
460987,3,R,162,A,,A,,R,162
460996,1,R,208,A,,A,,R,208
460996,2,R,208,A,,A,,R,208
460996,3,R,208,A,,A,,R,208
461014,1,R,1645,R,0,R,1261,R,384
461014,2,R,1645,R,0,R,1261,R,384
461014,3,R,1645,R,0,R,1261,R,384
461023,1,R,618,R,618,A,,A,
461023,2,R,545,R,545,A,,A,
461023,3,R,543,R,543,A,,A,
461023,11,R,2,R,2,A,,A,
461023,12,R,73,R,73,A,,A,
461032,1,R,260,R,98,R,124,R,38
461032,2,R,173,R,69,R,81,R,23
461032,3,R,173,R,69,R,81,R,23
461032,12,R,87,R,29,R,43,R,15
461087,1,R,1486,A,,A,,R,1486
461087,2,R,1486,A,,A,,R,1486
461087,3,R,1486,A,,A,,R,1486
461111,1,R,60,A,,A,,R,60
461111,2,R,60,A,,A,,R,60
461111,3,R,60,A,,A,,R,60
461120,1,R,97,R,85,R,12,R,0
461120,12,R,97,R,85,R,12,R,0
461139,1,R,94,A,,A,,R,94
461139,12,R,94,A,,A,,R,94
461148,1,R,1557,R,11,R,0,R,1546
461148,2,R,1206,A,,A,,R,1206
461148,3,R,1206,A,,A,,R,1206
461148,12,R,351,R,11,Z,0,R,340
461175,1,R,205,A,,A,,R,205
461175,2,R,205,A,,A,,R,205
461175,3,R,205,A,,A,,R,205
461193,1,R,355,A,,A,,R,355
461193,2,R,355,A,,A,,R,355
461193,3,R,355,A,,A,,R,355
461218,1,R,1202,R,989,R,140,R,73
461218,2,R,1202,R,989,R,140,R,73
461218,3,R,1202,R,989,R,140,R,73
461245,1,R,159,A,,A,,R,159
461245,2,R,159,A,,A,,R,159
461245,3,R,145,A,,A,,R,145
461245,11,R,14,A,,A,,R,14
461254,1,R,79,A,,A,,R,79
461254,2,R,79,A,,A,,R,79
461254,3,R,79,A,,A,,R,79
461263,1,R,393,A,,A,,R,393
461263,2,R,393,A,,A,,R,393
461263,3,R,393,A,,A,,R,393
461272,1,R,115,A,,A,,R,115
461272,2,R,115,A,,A,,R,115
461272,3,R,115,A,,A,,R,115
461281,1,R,140,R,0,R,137,R,3
461281,2,R,128,R,0,R,125,R,3
461281,3,R,113,R,0,R,110,R,3
461281,11,R,15,R,0,R,15,R,0
461281,12,R,12,R,0,R,12,R,0
461306,1,R,183,A,,A,,R,183
461306,2,R,183,A,,A,,R,183
461306,3,R,183,A,,A,,R,183
461315,1,R,267,R,11,R,156,R,100
461315,2,R,267,R,11,R,156,R,100
461315,3,R,185,R,11,R,156,R,18
461315,11,R,82,R,0,R,0,R,82
461324,1,R,1261,R,47,R,1211,R,3
461324,2,R,1261,R,47,R,1211,R,3
461324,3,R,1261,R,47,R,1211,R,3
461333,1,R,43,A,,A,,R,43
461333,2,R,43,A,,A,,R,43
461333,3,R,43,A,,A,,R,43
461342,1,R,168,A,,A,,R,168
461342,2,R,168,A,,A,,R,168
461342,3,R,168,A,,A,,R,168
461379,1,R,51,A,,A,,R,51
461379,2,R,51,A,,A,,R,51
461379,3,R,51,A,,A,,R,51
461388,1,R,75,A,,A,,R,75
461388,2,R,75,A,,A,,R,75
461388,3,R,75,A,,A,,R,75
461412,1,R,158,A,,A,,R,158
461412,2,R,158,A,,A,,R,158
461412,3,R,158,A,,A,,R,158
461421,1,R,304,A,,A,,R,304
461421,2,R,304,A,,A,,R,304
461421,3,R,304,A,,A,,R,304
461430,1,R,891,A,,A,,R,891
461430,2,R,891,A,,A,,R,891
461430,3,R,891,A,,A,,R,891
461485,1,R,259,R,84,R,103,R,72
461485,12,R,259,R,84,R,103,R,72
461494,1,R,236,A,,A,,R,236
461494,2,R,236,A,,A,,R,236
461494,3,R,236,A,,A,,R,236
461500,1,R,75,A,,A,,R,75
461500,2,R,75,A,,A,,R,75
461500,3,R,75,A,,A,,R,75
461528,1,R,336,R,242,R,91,R,3
461528,2,R,249,R,156,R,91,R,2
461528,3,R,241,R,150,R,91,R,0
461528,11,R,8,R,6,R,0,R,2
461528,12,R,87,R,86,R,0,R,1
461537,1,R,42,A,,A,,R,42
461537,2,R,42,A,,A,,R,42
461537,3,R,42,A,,A,,R,42
461555,1,R,239,A,,A,,R,239
461555,2,R,239,A,,A,,R,239
461555,3,R,239,A,,A,,R,239
461573,1,R,201,A,,A,,R,201
461573,2,R,201,A,,A,,R,201
461573,3,R,201,A,,A,,R,201
461582,1,R,222,A,,A,,R,222
461582,2,R,222,A,,A,,R,222
461582,3,R,222,A,,A,,R,222
461607,1,R,208,A,,A,,R,208
461607,2,R,208,A,,A,,R,208
461607,3,R,208,A,,A,,R,208
461625,1,R,74,R,0,R,74,R,0
461625,2,R,74,R,0,R,74,R,0
461625,3,R,74,R,0,R,74,R,0
461652,1,R,140,A,,A,,R,140
461652,2,R,140,A,,A,,R,140
461652,3,R,140,A,,A,,R,140
461689,1,R,490,R,0,R,0,R,490
461689,2,R,490,R,0,R,0,R,490
461689,3,R,490,R,0,R,0,R,490
461704,1,R,295,A,,A,,R,295
461704,2,R,295,A,,A,,R,295
461704,3,R,295,A,,A,,R,295
461713,1,R,92,A,,A,,R,92
461713,2,R,92,A,,A,,R,92
461713,3,R,92,A,,A,,R,92
461722,1,R,93,A,,A,,R,93
461722,2,R,93,A,,A,,R,93
461722,3,R,93,A,,A,,R,93
461740,1,R,72,A,,A,,R,72
461740,2,R,72,A,,A,,R,72
461740,3,R,72,A,,A,,R,72
461759,1,R,475,R,16,R,244,R,215
461759,2,R,475,R,16,R,244,R,215
461759,3,R,462,R,16,R,234,R,212
461759,11,R,13,R,0,R,10,R,3
461768,1,R,568,A,,A,,R,568
461768,2,R,568,A,,A,,R,568
461768,3,R,568,A,,A,,R,568
461786,1,R,40,A,,A,,R,40
461786,2,R,40,A,,A,,R,40
461786,3,R,40,A,,A,,R,40
461795,1,R,1203,R,81,R,1117,R,5
461795,2,R,661,R,0,R,656,R,5
461795,3,R,656,R,0,R,656,R,0
461795,11,R,5,R,0,R,0,R,5
461795,12,R,542,R,81,R,461,R,0
461810,1,R,50,A,,A,,R,50
461810,2,R,50,A,,A,,R,50
461810,3,R,50,A,,A,,R,50
461829,1,R,172,R,0,R,0,R,172
461829,2,R,172,R,0,R,0,R,172
461829,3,R,172,R,0,R,0,R,172
461838,1,R,528,A,,A,,R,528
461838,2,R,528,A,,A,,R,528
461838,3,R,528,A,,A,,R,528
461847,1,R,91,A,,A,,R,91
461847,2,R,91,A,,A,,R,91
461847,3,R,91,A,,A,,R,91
461856,1,R,325,R,11,R,0,R,314
461856,2,R,325,R,11,R,0,R,314
461856,3,R,325,R,11,R,0,R,314
461865,1,R,157,A,,A,,R,157
461865,2,R,157,A,,A,,R,157
461865,3,R,157,A,,A,,R,157
461874,1,R,139,A,,A,,R,139
461874,2,R,139,A,,A,,R,139
461874,3,R,139,A,,A,,R,139
461883,1,R,200,R,12,R,0,R,188
461883,2,R,143,A,,A,,R,143
461883,3,R,143,A,,A,,R,143
461883,12,R,57,R,12,R,0,R,45
461892,1,R,327,A,,A,,R,327
461892,2,R,327,A,,A,,R,327
461892,3,R,327,A,,A,,R,327
461908,1,R,131,A,,A,,R,131
461908,2,R,131,A,,A,,R,131
461908,3,R,131,A,,A,,R,131
461917,1,R,272,A,,A,,R,272
461917,2,R,272,A,,A,,R,272
461917,3,R,272,A,,A,,R,272
461926,1,R,239,A,,A,,R,239
461926,2,R,239,A,,A,,R,239
461926,3,R,239,A,,A,,R,239
461944,1,R,116,A,,A,,R,116
461944,2,R,116,A,,A,,R,116
461944,3,R,116,A,,A,,R,116
461953,1,R,38,A,,A,,R,38
461953,2,R,38,A,,A,,R,38
461953,3,R,38,A,,A,,R,38
461962,1,R,309,R,63,R,188,R,58
461962,2,R,309,R,63,R,188,R,58
461962,3,R,309,R,63,R,188,R,58
461999,1,R,332,A,,A,,R,332
461999,2,R,332,A,,A,,R,332
461999,3,R,332,A,,A,,R,332
462008,1,R,320,A,,A,,R,320
462008,2,R,320,A,,A,,R,320
462008,3,R,320,A,,A,,R,320
462017,1,R,185,A,,A,,R,185
462017,2,R,185,A,,A,,R,185
462017,3,R,185,A,,A,,R,185
462035,1,R,833,A,,A,,R,833
462035,2,R,833,A,,A,,R,833
462035,3,R,833,A,,A,,R,833
462044,1,R,104,R,50,R,54,R,0
462044,12,R,104,R,50,R,54,R,0
462053,1,R,243,A,,A,,R,243
462053,2,R,243,A,,A,,R,243
462053,3,R,243,A,,A,,R,243
462062,1,R,253,A,,A,,R,253
462062,2,R,253,A,,A,,R,253
462062,3,R,253,A,,A,,R,253
462071,1,R,345,A,,A,,R,345
462071,2,R,345,A,,A,,R,345
462071,3,R,345,A,,A,,R,345
462336,1,R,131,A,,A,,R,131
462336,2,R,131,A,,A,,R,131
462336,3,R,131,A,,A,,R,131
462354,1,R,369,A,,A,,R,369
462354,2,R,369,A,,A,,R,369
462354,3,R,369,A,,A,,R,369
463056,1,R,1617,R,18,R,697,R,902
463056,2,R,1617,R,18,R,697,R,902
463056,3,R,1535,R,9,R,689,R,837
463056,11,R,82,R,9,R,8,R,65
464226,1,R,911,R,93,R,618,R,200
464226,2,R,821,R,25,R,598,R,198
464226,3,R,821,R,25,R,598,R,198
464226,12,R,90,R,68,R,20,R,2
466921,1,R,471,R,18,R,394,R,59
466921,2,R,471,R,18,R,394,R,59
466921,3,R,470,R,17,R,394,R,59
466921,11,R,1,R,1,R,0,R,0
466930,1,R,3514,R,425,R,2605,R,484
466930,2,R,3514,R,425,R,2605,R,484
466930,3,R,3514,R,425,R,2605,R,484
467094,1,R,297,A,,A,,R,297
467094,2,R,297,A,,A,,R,297
467094,3,R,297,A,,A,,R,297
467863,1,R,474,A,,A,,R,474
467863,2,R,474,A,,A,,R,474
467863,3,R,474,A,,A,,R,474
467872,1,R,476,A,,A,,R,476
467872,2,R,476,A,,A,,R,476
467872,3,R,476,A,,A,,R,476
467906,1,R,276,A,,A,,R,276
467906,2,R,276,A,,A,,R,276
467906,3,R,276,A,,A,,R,276
468246,1,R,329,A,,A,,R,329
468246,2,R,329,A,,A,,R,329
468246,3,R,329,A,,A,,R,329
468255,1,R,71,A,,A,,R,71
468255,2,R,71,A,,A,,R,71
468255,3,R,71,A,,A,,R,71
468769,1,R,331,A,,A,,R,331
468769,2,R,331,A,,A,,R,331
468769,3,R,331,A,,A,,R,331
468848,1,R,1325,A,,A,,R,1325
468848,2,R,1325,A,,A,,R,1325
468848,3,R,1325,A,,A,,R,1325
468893,1,R,343,A,,A,,R,343
468893,2,R,343,A,,A,,R,343
468893,3,R,343,A,,A,,R,343
468909,1,R,1818,A,,A,,R,1818
468909,2,R,1818,A,,A,,R,1818
468909,3,R,1818,A,,A,,R,1818
468963,1,R,1006,A,,A,,R,1006
468963,2,R,1006,A,,A,,R,1006
468963,3,R,1006,A,,A,,R,1006
469416,1,R,365,R,0,R,226,R,139
469416,2,R,365,R,0,R,226,R,139
469416,3,R,365,R,0,R,226,R,139
469610,1,R,33,R,0,R,33,R,0
469610,2,R,33,R,0,R,33,R,0
469610,3,R,33,R,0,R,33,R,0
469629,1,R,215,R,0,R,1,R,214
469629,2,R,215,R,0,R,1,R,214
469629,3,R,215,R,0,R,1,R,214
469911,1,R,319,A,,A,,R,319
469911,2,R,319,A,,A,,R,319
469911,3,R,319,A,,A,,R,319
470038,1,R,2634,A,,A,,R,2634
470038,2,R,2634,A,,A,,R,2634
470038,3,R,2634,A,,A,,R,2634
470047,1,R,61,A,,A,,R,61
470047,2,R,61,A,,A,,R,61
470047,3,R,61,A,,A,,R,61
470296,1,R,25,A,,A,,R,25
470296,2,R,25,A,,A,,R,25
470296,3,R,25,A,,A,,R,25
470393,1,R,261,A,,A,,R,261
470393,2,R,261,A,,A,,R,261
470393,3,R,261,A,,A,,R,261
474863,1,R,2884,R,2884,A,,A,
474863,2,R,2582,R,2582,A,,A,
474863,3,R,1960,R,1960,A,,A,
474863,11,R,622,R,622,A,,A,
474863,12,R,302,R,302,A,,A,
474915,1,R,505,R,0,R,504,R,1
474915,2,R,505,R,0,R,504,R,1
474915,3,R,505,R,0,R,504,R,1
474924,1,R,294,R,0,R,294,R,0
474924,2,R,294,R,0,R,294,R,0
474924,3,R,294,R,0,R,294,R,0
475015,1,R,302,A,,A,,R,302
475015,2,R,302,A,,A,,R,302
475015,3,R,302,A,,A,,R,302
475024,1,R,547,R,0,R,294,R,253
475024,2,R,547,R,0,R,294,R,253
475024,3,R,547,R,0,R,294,R,253
475033,1,R,2477,R,2477,A,,A,
475033,2,R,128,R,128,A,,A,
475033,3,R,128,R,128,A,,A,
475033,12,R,2349,R,2349,A,,A,
475060,1,R,337,R,0,R,201,R,136
475060,2,R,337,R,0,R,201,R,136
475060,3,R,337,R,0,R,201,R,136
475121,1,R,15044,R,15044,A,,A,
475121,2,R,11498,R,11498,A,,A,
475121,3,R,11487,R,11487,A,,A,
475121,11,R,11,R,11,A,,A,
475121,12,R,3546,R,3546,A,,A,
475176,1,R,1050,R,0,R,147,R,903
475176,2,R,1050,R,0,R,147,R,903
475176,3,R,1050,R,0,R,147,R,903
475200,1,R,213,R,63,R,94,R,56
475200,2,R,213,R,63,R,94,R,56
475200,3,R,196,R,63,R,94,R,39
475200,11,R,17,R,0,R,0,R,17
475228,1,R,86,Z,0,R,30,R,56
475228,12,R,86,Z,0,R,30,R,56
475273,1,R,490,R,294,R,195,R,1
475273,2,R,309,R,188,R,121,R,0
475273,3,R,307,R,186,R,121,R,0
475273,11,R,2,R,2,Z,0,R,0
475273,12,R,181,R,106,R,74,R,1
475282,1,R,122,A,,A,,R,122
475282,2,R,122,A,,A,,R,122
475282,3,R,122,A,,A,,R,122
475325,1,R,415,A,,A,,R,415
475325,2,R,415,A,,A,,R,415
475325,3,R,415,A,,A,,R,415
475398,1,R,286,R,286,A,,A,
475398,2,R,159,R,159,A,,A,
475398,3,R,147,R,147,A,,A,
475398,11,R,12,R,12,A,,A,
475398,12,R,127,R,127,A,,A,
475404,1,R,252,A,,A,,R,252
475404,2,R,252,A,,A,,R,252
475404,3,R,252,A,,A,,R,252
475422,1,R,84,A,,A,,R,84
475422,2,R,84,A,,A,,R,84
475422,3,R,84,A,,A,,R,84
475431,1,R,167,A,,A,,R,167
475431,2,R,167,A,,A,,R,167
475431,3,R,167,A,,A,,R,167
475468,1,R,434,A,,A,,R,434
475468,2,R,434,A,,A,,R,434
475468,3,R,434,A,,A,,R,434
475486,1,R,415,A,,A,,R,415
475486,2,R,415,A,,A,,R,415
475486,3,R,415,A,,A,,R,415
475495,1,R,2154,R,388,R,1155,R,611
475495,12,R,2154,R,388,R,1155,R,611
475547,1,R,152,A,,A,,R,152
475547,2,R,152,A,,A,,R,152
475547,3,R,152,A,,A,,R,152
475556,1,R,200,A,,A,,R,200
475556,2,R,200,A,,A,,R,200
475556,3,R,200,A,,A,,R,200
475565,1,R,1310,R,43,R,704,R,563
475565,2,R,1310,R,43,R,704,R,563
475565,3,R,1176,R,13,R,703,R,460
475565,11,R,134,R,30,R,1,R,103
475574,1,R,57,A,,A,,R,57
475574,2,R,57,A,,A,,R,57
475574,3,R,57,A,,A,,R,57
475608,1,R,183,R,10,R,45,R,128
475608,2,R,141,R,0,R,19,R,122
475608,3,R,138,R,0,R,19,R,119
475608,11,R,3,R,0,R,0,R,3
475608,12,R,42,R,10,R,26,R,6
475653,1,R,216,A,,A,,R,216
475653,2,R,216,A,,A,,R,216
475653,3,R,216,A,,A,,R,216
475662,1,R,83,A,,A,,R,83
475662,2,R,83,A,,A,,R,83
475662,3,R,83,A,,A,,R,83
475705,1,R,25,A,,A,,R,25
475705,2,R,25,A,,A,,R,25
475705,3,R,25,A,,A,,R,25
475714,1,R,553,R,28,R,22,R,503
475714,2,R,553,R,28,R,22,R,503
475714,3,R,553,R,28,R,22,R,503
475723,1,R,1042,A,,A,,R,1042
475723,2,R,1042,A,,A,,R,1042
475723,3,R,558,A,,A,,R,558
475723,11,R,484,A,,A,,R,484
475732,1,R,2465,R,151,R,1993,R,321
475732,2,R,2465,R,151,R,1993,R,321
475732,3,R,2464,R,151,R,1992,R,321
475732,11,R,1,R,0,R,1,R,0
475741,1,R,250,R,11,R,213,R,26
475741,2,R,250,R,11,R,213,R,26
475741,3,R,250,R,11,R,213,R,26
475839,1,R,279,R,279,A,,A,
475839,2,R,279,R,279,A,,A,
475839,3,R,274,R,274,A,,A,
475839,11,R,5,R,5,A,,A,
476063,1,R,798,A,,A,,R,798
476063,2,R,798,A,,A,,R,798
476063,3,R,798,A,,A,,R,798
476179,1,R,274,A,,A,,R,274
476179,2,R,274,A,,A,,R,274
476179,3,R,274,A,,A,,R,274
476230,1,R,37,R,0,R,25,R,12
476230,2,R,37,R,0,R,25,R,12
476230,3,R,37,R,0,R,25,R,12
476355,1,R,57,A,,A,,R,57
476355,2,R,57,A,,A,,R,57
476355,3,R,57,A,,A,,R,57
476489,1,R,88,A,,A,,R,88
476489,2,R,88,A,,A,,R,88
476489,3,R,88,A,,A,,R,88
476498,1,R,746,A,,A,,R,746
476498,2,R,746,A,,A,,R,746
476498,3,R,746,A,,A,,R,746
476540,1,R,200,A,,A,,R,200
476540,2,R,200,A,,A,,R,200
476540,3,R,200,A,,A,,R,200
476559,1,R,189,A,,A,,R,189
476559,2,R,189,A,,A,,R,189
476559,3,R,189,A,,A,,R,189
476568,1,R,24,A,,A,,R,24
476568,2,R,24,A,,A,,R,24
476568,3,R,24,A,,A,,R,24
476595,1,R,93,A,,A,,R,93
476595,2,R,93,A,,A,,R,93
476595,3,R,93,A,,A,,R,93
476601,1,R,91,A,,A,,R,91
476601,2,R,91,A,,A,,R,91
476601,3,R,91,A,,A,,R,91
476610,1,R,39,A,,A,,R,39
476610,2,R,39,A,,A,,R,39
476610,3,R,39,A,,A,,R,39
476629,1,R,208,A,,A,,R,208
476629,2,R,208,A,,A,,R,208
476629,3,R,208,A,,A,,R,208
476683,1,R,594,A,,A,,R,594
476683,2,R,594,A,,A,,R,594
476683,3,R,594,A,,A,,R,594
476692,1,R,53,A,,A,,R,53
476692,2,R,53,A,,A,,R,53
476692,3,R,53,A,,A,,R,53
476708,1,R,218,A,,A,,R,218
476708,2,R,218,A,,A,,R,218
476708,3,R,218,A,,A,,R,218
476717,1,R,718,A,,A,,R,718
476717,2,R,718,A,,A,,R,718
476717,3,R,718,A,,A,,R,718
476726,1,R,1430,A,,A,,R,1430
476726,2,R,1430,A,,A,,R,1430
476726,3,R,1328,A,,A,,R,1328
476726,11,R,102,A,,A,,R,102
476735,1,R,53,A,,A,,R,53
476735,2,R,53,A,,A,,R,53
476735,3,R,53,A,,A,,R,53
476753,1,R,407,A,,A,,R,407
476753,2,R,407,A,,A,,R,407
476753,3,R,407,A,,A,,R,407
476780,1,R,136,A,,A,,R,136
476780,2,R,136,A,,A,,R,136
476780,3,R,136,A,,A,,R,136
476799,1,R,387,R,0,R,387,R,0
476799,2,R,387,R,0,R,387,R,0
476799,3,R,387,R,0,R,387,R,0
476805,1,R,58,A,,A,,R,58
476805,2,R,58,A,,A,,R,58
476805,3,R,58,A,,A,,R,58
476814,1,R,938,R,499,R,0,R,439
476814,2,R,938,R,499,R,0,R,439
476814,3,R,938,R,499,R,0,R,439
476841,1,R,295,A,,A,,R,295
476841,2,R,295,A,,A,,R,295
476841,3,R,295,A,,A,,R,295
476850,1,R,137,A,,A,,R,137
476850,2,R,137,A,,A,,R,137
476850,3,R,137,A,,A,,R,137
476869,1,R,148,A,,A,,R,148
476869,2,R,148,A,,A,,R,148
476869,3,R,148,A,,A,,R,148
476878,1,R,315,A,,A,,R,315
476878,2,R,315,A,,A,,R,315
476878,3,R,315,A,,A,,R,315
476887,1,R,1200,A,,A,,R,1200
476887,2,R,1200,A,,A,,R,1200
476887,3,R,1200,A,,A,,R,1200
476896,1,R,208,A,,A,,R,208
476896,2,R,208,A,,A,,R,208
476896,3,R,208,A,,A,,R,208
476902,1,R,168,A,,A,,R,168
476902,2,R,168,A,,A,,R,168
476902,3,R,168,A,,A,,R,168
476939,1,R,1985,R,34,R,1226,R,725
476939,2,R,1985,R,34,R,1226,R,725
476939,3,R,1985,R,34,R,1226,R,725
476975,1,R,15502,R,15502,A,,A,
476975,2,R,10929,R,10929,A,,A,
476975,3,R,9635,R,9635,A,,A,
476975,11,R,1294,R,1294,A,,A,
476975,12,R,4573,R,4573,A,,A,
476984,1,R,304,A,,A,,R,304
476984,2,R,304,A,,A,,R,304
476984,3,R,304,A,,A,,R,304
476993,1,R,399,A,,A,,R,399
476993,2,R,399,A,,A,,R,399
476993,3,R,399,A,,A,,R,399
477002,1,R,81,A,,A,,R,81
477002,2,R,81,A,,A,,R,81
477002,3,R,81,A,,A,,R,81
477039,1,R,2649,R,1098,R,1228,R,323
477039,2,R,1567,R,246,R,1146,R,175
477039,3,R,1557,R,236,R,1146,R,175
477039,11,R,10,R,10,Z,0,R,0
477039,12,R,1082,R,852,R,82,R,148
477233,1,R,101,R,0,R,61,R,40
477233,2,R,101,R,0,R,61,R,40
477233,3,R,101,R,0,R,61,R,40
478582,1,R,247,A,,A,,R,247
478582,2,R,247,A,,A,,R,247
478582,3,R,247,A,,A,,R,247
478591,1,R,354,A,,A,,R,354
478591,2,R,354,A,,A,,R,354
478591,3,R,354,A,,A,,R,354
478616,1,R,214,A,,A,,R,214
478616,2,R,214,A,,A,,R,214
478616,3,R,214,A,,A,,R,214
478917,1,R,87,A,,A,,R,87
478917,2,R,87,A,,A,,R,87
478917,3,R,87,A,,A,,R,87
478953,1,R,335,R,0,R,13,R,322
478953,2,R,335,R,0,R,13,R,322
478953,3,R,335,R,0,R,13,R,322
479062,1,R,233,A,,A,,R,233
479062,2,R,233,A,,A,,R,233
479062,3,R,233,A,,A,,R,233
479424,1,R,524,Z,0,R,315,R,209
479424,2,R,524,Z,0,R,315,R,209
479424,3,R,524,Z,0,R,315,R,209
479956,1,R,18290,R,17852,R,423,R,15
479956,2,R,10540,R,10144,R,389,R,7
479956,3,R,9775,R,9391,R,378,R,6
479956,11,R,765,R,753,R,11,R,1
479956,12,R,7750,R,7708,R,34,R,8
479965,1,R,241,A,,A,,R,241
479965,2,R,241,A,,A,,R,241
479965,3,R,241,A,,A,,R,241
479974,1,R,154,A,,A,,R,154
479974,2,R,154,A,,A,,R,154
479974,3,R,154,A,,A,,R,154
479992,1,R,27,R,0,R,26,R,1
479992,2,R,27,R,0,R,26,R,1
479992,3,R,27,R,0,R,26,R,1
480000,1,R,89,A,,A,,R,89
480000,2,R,89,A,,A,,R,89
480000,3,R,89,A,,A,,R,89
480019,1,R,1718,A,,A,,R,1718
480019,2,R,1718,A,,A,,R,1718
480019,3,R,1718,A,,A,,R,1718
480037,1,R,2804,R,2063,R,583,R,158
480037,2,R,2804,R,2063,R,583,R,158
480037,3,R,2803,R,2063,R,583,R,157
480037,11,R,1,R,0,R,0,R,1
480073,1,R,481,R,175,R,153,R,153
480073,2,R,381,R,163,R,147,R,71
480073,3,R,381,R,163,R,147,R,71
480073,12,R,100,R,12,R,6,R,82
480091,1,R,16061,R,16061,A,,A,
480091,2,R,16061,R,16061,A,,A,
480091,3,R,13205,R,13205,A,,A,
480091,11,R,2856,R,2856,A,,A,
480125,1,R,764,A,,A,,R,764
480125,2,R,764,A,,A,,R,764
480125,3,R,764,A,,A,,R,764
480161,1,R,17,A,,A,,R,17
480161,2,R,17,A,,A,,R,17
480161,3,R,17,A,,A,,R,17
480198,1,R,316,R,113,R,113,R,90
480198,2,R,189,R,94,R,57,R,38
480198,3,R,189,R,94,R,57,R,38
480198,12,R,127,R,19,R,56,R,52
480204,1,R,599,R,0,R,95,R,504
480204,2,R,599,R,0,R,95,R,504
480204,3,R,599,R,0,R,95,R,504
480310,1,R,130,A,,A,,R,130
480310,2,R,130,A,,A,,R,130
480310,3,R,130,A,,A,,R,130
480471,1,R,1411,A,,A,,R,1411
480471,2,R,1411,A,,A,,R,1411
480471,3,R,1411,A,,A,,R,1411
480523,1,R,174,R,0,R,32,R,142
480523,2,R,174,R,0,R,32,R,142
480523,3,R,174,R,0,R,32,R,142
480532,1,R,86,R,0,R,54,R,32
480532,2,R,86,R,0,R,54,R,32
480532,3,R,86,R,0,R,54,R,32
480550,1,R,106,R,0,R,37,R,69
480550,2,R,106,R,0,R,37,R,69
480550,3,R,106,R,0,R,37,R,69
480569,1,R,1835,R,1835,A,,A,
480569,2,R,1160,R,1160,A,,A,
480569,3,R,1151,R,1151,A,,A,
480569,11,R,9,R,9,A,,A,
480569,12,R,675,R,675,A,,A,
480657,1,R,602,R,358,R,183,R,61
480657,2,R,602,R,358,R,183,R,61
480657,3,R,602,R,358,R,183,R,61
480727,1,R,69,A,,A,,R,69
480727,2,R,69,A,,A,,R,69
480727,3,R,69,A,,A,,R,69
480781,1,R,402,R,37,R,347,R,18
480781,2,R,194,R,15,R,161,R,18
480781,3,R,194,R,15,R,161,R,18
480781,12,R,208,R,22,R,186,R,0
480790,1,R,1657,A,,A,,R,1657
480790,12,R,1657,A,,A,,R,1657
480824,1,R,1042,R,0,R,64,R,978
480824,2,R,1042,R,0,R,64,R,978
480824,3,R,1042,R,0,R,64,R,978
480833,1,R,1552,R,0,R,175,R,1377
480833,2,R,1552,R,0,R,175,R,1377
480833,3,R,1552,R,0,R,175,R,1377
480842,1,R,40,A,,A,,R,40
480842,2,R,40,A,,A,,R,40
480842,3,R,40,A,,A,,R,40
480851,1,R,107,R,0,R,107,R,0
480851,2,R,107,R,0,R,107,R,0
480851,3,R,107,R,0,R,107,R,0
480879,1,R,91,A,,A,,R,91
480879,2,R,91,A,,A,,R,91
480879,3,R,91,A,,A,,R,91
480888,1,R,504,A,,A,,R,504
480888,2,R,504,A,,A,,R,504
480888,3,R,504,A,,A,,R,504
480903,1,R,1083,A,,A,,R,1083
480903,2,R,1083,A,,A,,R,1083
480903,3,R,1083,A,,A,,R,1083
480921,1,R,147,A,,A,,R,147
480921,2,R,147,A,,A,,R,147
480921,3,R,147,A,,A,,R,147
480967,1,R,341,R,116,R,22,R,203
480967,2,R,341,R,116,R,22,R,203
480967,3,R,317,R,116,R,22,R,179
480967,11,R,24,R,0,R,0,R,24
480976,1,R,80,A,,A,,R,80
480976,2,R,80,A,,A,,R,80
480976,3,R,80,A,,A,,R,80
480985,1,R,362,R,362,A,,A,
480985,2,R,356,R,356,A,,A,
480985,3,R,356,R,356,A,,A,
480985,12,R,6,R,6,A,,A,
480994,1,R,212,A,,A,,R,212
480994,2,R,212,A,,A,,R,212
480994,3,R,212,A,,A,,R,212
481003,1,R,569,R,1,R,0,R,568
481003,2,R,569,R,1,R,0,R,568
481003,3,R,569,R,1,R,0,R,568
481021,1,R,57,A,,A,,R,57
481021,2,R,57,A,,A,,R,57
481021,3,R,57,A,,A,,R,57
481030,1,R,61,R,61,A,,A,
481030,12,R,61,R,61,A,,A,
481049,1,R,34,A,,A,,R,34
481049,2,R,34,A,,A,,R,34
481049,3,R,34,A,,A,,R,34
481058,1,R,361,R,157,R,183,R,21
481058,2,R,85,R,48,R,32,R,5
481058,3,R,85,R,48,R,32,R,5
481058,12,R,276,R,109,R,151,R,16
481067,1,R,60,A,,A,,R,60
481067,2,R,60,A,,A,,R,60
481067,3,R,60,A,,A,,R,60
481085,1,R,385,A,,A,,R,385
481085,2,R,385,A,,A,,R,385
481085,3,R,385,A,,A,,R,385
481094,1,R,202,R,7,R,7,R,188
481094,12,R,202,R,7,R,7,R,188
481100,1,R,229,A,,A,,R,229
481100,2,R,229,A,,A,,R,229
481100,3,R,229,A,,A,,R,229
481128,1,R,181,A,,A,,R,181
481128,2,R,181,A,,A,,R,181
481128,3,R,181,A,,A,,R,181
481146,1,R,127,A,,A,,R,127
481146,2,R,127,A,,A,,R,127
481146,3,R,127,A,,A,,R,127
481155,1,R,244,A,,A,,R,244
481155,2,R,244,A,,A,,R,244
481155,3,R,244,A,,A,,R,244
481182,1,R,34,A,,A,,R,34
481182,2,R,34,A,,A,,R,34
481182,3,R,34,A,,A,,R,34
481191,1,R,189,A,,A,,R,189
481191,2,R,189,A,,A,,R,189
481191,3,R,189,A,,A,,R,189
481207,1,R,176,R,176,A,,A,
481207,2,R,176,R,176,A,,A,
481207,3,R,176,R,176,A,,A,
481225,1,R,40,R,2,R,12,R,26
481225,2,R,28,R,0,R,2,R,26
481225,3,R,27,R,0,R,2,R,25
481225,11,R,1,R,0,R,0,R,1
481225,12,R,12,R,2,R,10,R,0
481243,1,R,376,A,,A,,R,376
481243,2,R,376,A,,A,,R,376
481243,3,R,376,A,,A,,R,376
481252,1,R,184,A,,A,,R,184
481252,2,R,184,A,,A,,R,184
481252,3,R,184,A,,A,,R,184
481289,1,R,158,A,,A,,R,158
481289,2,R,158,A,,A,,R,158
481289,3,R,158,A,,A,,R,158
481298,1,R,60,A,,A,,R,60
481298,2,R,60,A,,A,,R,60
481298,3,R,60,A,,A,,R,60
481313,1,R,194,A,,A,,R,194
481313,2,R,194,A,,A,,R,194
481313,3,R,194,A,,A,,R,194
481331,1,R,125,A,,A,,R,125
481331,2,R,125,A,,A,,R,125
481331,3,R,125,A,,A,,R,125
481340,1,R,35,A,,A,,R,35
481340,2,R,35,A,,A,,R,35
481340,3,R,35,A,,A,,R,35
481368,1,R,110,A,,A,,R,110
481368,2,R,110,A,,A,,R,110
481368,3,R,110,A,,A,,R,110
481386,1,R,745,R,0,R,745,R,0
481386,2,R,745,R,0,R,745,R,0
481386,3,R,745,R,0,R,745,R,0
481401,1,R,831,R,564,R,184,R,83
481401,2,R,315,R,172,R,60,R,83
481401,3,R,315,R,172,R,60,R,83
481401,12,R,516,R,392,R,124,R,0
481410,1,R,101,A,,A,,R,101
481410,2,R,101,A,,A,,R,101
481410,3,R,101,A,,A,,R,101
481429,1,R,213,A,,A,,R,213
481429,2,R,213,A,,A,,R,213
481429,3,R,213,A,,A,,R,213
481438,1,R,86,A,,A,,R,86
481438,2,R,86,A,,A,,R,86
481438,3,R,86,A,,A,,R,86
481447,1,R,62,A,,A,,R,62
481447,2,R,62,A,,A,,R,62
481447,3,R,62,A,,A,,R,62
481456,1,R,37,A,,A,,R,37
481456,2,R,37,A,,A,,R,37
481456,3,R,37,A,,A,,R,37
481465,1,R,166,A,,A,,R,166
481465,2,R,166,A,,A,,R,166
481465,3,R,166,A,,A,,R,166
481474,1,R,171,A,,A,,R,171
481474,2,R,171,A,,A,,R,171
481474,3,R,171,A,,A,,R,171
481483,1,R,362,A,,A,,R,362
481483,2,R,362,A,,A,,R,362
481483,3,R,362,A,,A,,R,362
481517,1,R,160,A,,A,,R,160
481517,2,R,160,A,,A,,R,160
481517,3,R,160,A,,A,,R,160
481526,1,R,423,A,,A,,R,423
481526,2,R,423,A,,A,,R,423
481526,3,R,423,A,,A,,R,423
481535,1,R,49,A,,A,,R,49
481535,12,R,49,A,,A,,R,49
481571,1,R,14,A,,A,,R,14
481571,2,R,14,A,,A,,R,14
481571,3,R,14,A,,A,,R,14
481678,1,R,138,A,,A,,R,138
481678,2,R,138,A,,A,,R,138
481678,3,R,138,A,,A,,R,138
481720,1,R,124,R,85,R,24,R,15
481720,2,R,122,R,83,R,24,R,15
481720,3,R,122,R,83,R,24,R,15
481720,12,R,2,R,2,R,0,R,0
481739,1,R,88,A,,A,,R,88
481739,2,R,88,A,,A,,R,88
481739,3,R,88,A,,A,,R,88
481748,1,R,203,A,,A,,R,203
481748,2,R,203,A,,A,,R,203
481748,3,R,203,A,,A,,R,203
481775,1,R,410,R,0,R,16,R,394
481775,2,R,410,R,0,R,16,R,394
481775,3,R,410,R,0,R,16,R,394
481845,1,R,142,A,,A,,R,142
481845,2,R,142,A,,A,,R,142
481845,3,R,142,A,,A,,R,142
481863,1,R,106,R,0,R,62,R,44
481863,2,R,106,R,0,R,62,R,44
481863,3,R,106,R,0,R,62,R,44
481890,1,R,108,R,0,R,58,R,50
481890,2,R,108,R,0,R,58,R,50
481890,3,R,108,R,0,R,58,R,50
481906,1,R,70,R,0,R,36,R,34
481906,2,R,70,R,0,R,36,R,34
481906,3,R,70,R,0,R,36,R,34
481960,1,R,253,A,,A,,R,253
481960,2,R,253,A,,A,,R,253
481960,3,R,253,A,,A,,R,253
482015,1,R,1636,R,37,R,404,R,1195
482015,2,R,1636,R,37,R,404,R,1195
482015,3,R,1636,R,37,R,404,R,1195
482060,1,R,562,A,,A,,R,562
482060,2,R,562,A,,A,,R,562
482060,3,R,562,A,,A,,R,562
482097,1,R,638,A,,A,,R,638
482097,2,R,638,A,,A,,R,638
482097,3,R,638,A,,A,,R,638
482149,1,R,11147,R,2215,R,6309,R,2623
482149,2,R,6276,R,481,R,4862,R,933
482149,3,R,5757,R,368,R,4733,R,656
482149,11,R,519,R,113,R,129,R,277
482149,12,R,4871,R,1734,R,1447,R,1690
482158,1,R,10139,R,4893,R,3776,R,1470
482158,2,R,9341,R,4205,R,3666,R,1470
482158,3,R,8098,R,3560,R,3462,R,1076
482158,11,R,1243,R,645,R,204,R,394
482158,12,R,798,R,688,R,110,R,0
482167,1,R,191,A,,A,,R,191
482167,2,R,191,A,,A,,R,191
482167,3,R,191,A,,A,,R,191
482176,1,R,359,A,,A,,R,359
482176,2,R,359,A,,A,,R,359
482176,3,R,359,A,,A,,R,359
482185,1,R,82,R,0,R,0,R,82
482185,2,R,82,R,0,R,0,R,82
482185,3,R,82,R,0,R,0,R,82
482194,1,R,202,A,,A,,R,202
482194,2,R,202,A,,A,,R,202
482194,3,R,202,A,,A,,R,202
482200,1,R,82,A,,A,,R,82
482200,2,R,82,A,,A,,R,82
482200,3,R,82,A,,A,,R,82
482228,1,R,317,R,317,A,,A,
482228,2,R,195,R,195,A,,A,
482228,3,R,165,R,165,A,,A,
482228,11,R,30,R,30,A,,A,
482228,12,R,122,R,122,A,,A,
482246,1,R,148,A,,A,,R,148
482246,2,R,148,A,,A,,R,148
482246,3,R,148,A,,A,,R,148
482255,1,R,582,A,,A,,R,582
482255,2,R,582,A,,A,,R,582
482255,3,R,582,A,,A,,R,582
482291,1,R,2432,A,,A,,R,2432
482291,2,R,2432,A,,A,,R,2432
482291,3,R,2432,A,,A,,R,2432
482413,1,R,348,R,189,R,132,R,27
482413,2,R,256,R,154,R,101,R,1
482413,3,R,256,R,154,R,101,R,1
482413,12,R,92,R,35,R,31,R,26
482422,1,R,35,R,27,R,8,R,0
482422,2,R,32,R,24,R,8,R,0
482422,3,R,32,R,24,R,8,R,0
482422,12,R,3,R,3,R,0,R,0
482431,1,R,3391,R,2492,R,874,R,25
482431,2,R,3333,R,2478,R,852,R,3
482431,3,R,3328,R,2473,R,852,R,3
482431,11,R,5,R,5,R,0,R,0
482431,12,R,58,R,14,R,22,R,22
482459,1,R,275,R,258,R,13,R,4
482459,2,R,266,R,255,R,11,R,0
482459,3,R,266,R,255,R,11,R,0
482459,12,R,9,R,3,R,2,R,4
482468,1,R,800,R,696,R,98,R,6
482468,2,R,782,R,689,R,93,R,0
482468,3,R,782,R,689,R,93,R,0
482468,12,R,18,R,7,R,5,R,6
482477,1,R,45987,R,44023,R,1759,R,205
482477,2,R,41400,R,39939,R,1324,R,137
482477,3,R,41156,R,39776,R,1324,R,56
482477,11,R,244,R,163,R,0,R,81
482477,12,R,4587,R,4084,R,435,R,68
482547,1,R,6,R,5,R,1,R,0
482547,2,R,6,R,5,R,1,R,0
482547,3,R,6,R,5,R,1,R,0
482556,1,R,106,R,76,R,25,R,5
482556,2,R,100,R,76,R,22,R,2
482556,3,R,100,R,76,R,22,R,2
482556,12,R,6,R,0,R,3,R,3
482574,1,R,316,R,297,R,18,R,1
482574,2,R,310,R,294,R,16,R,0
482574,3,R,310,R,294,R,16,R,0
482574,12,R,6,R,3,R,2,R,1
482635,1,R,63,R,36,R,21,R,6
482635,2,R,44,R,30,R,14,R,0
482635,3,R,44,R,30,R,14,R,0
482635,12,R,19,R,6,R,7,R,6
482653,1,R,43,R,28,R,11,R,4
482653,2,R,31,R,22,R,9,R,0
482653,3,R,31,R,22,R,9,R,0
482653,12,R,12,R,6,R,2,R,4
482680,1,R,21448,R,4396,R,11637,R,5415
482680,2,R,20391,R,3747,R,11381,R,5263
482680,3,R,17868,R,2413,R,10911,R,4544
482680,11,R,2523,R,1334,R,470,R,719
482680,12,R,1057,R,649,R,256,R,152
482699,1,R,2360,R,927,R,1249,R,184
482699,2,R,2360,R,927,R,1249,R,184
482699,3,R,1933,R,665,R,1102,R,166
482699,11,R,427,R,262,R,147,R,18
482705,1,R,11336,R,3694,R,4380,R,3262
482705,2,R,4649,R,1455,R,1787,R,1407
482705,3,R,2330,R,944,R,1250,R,136
482705,11,R,2319,R,511,R,537,R,1271
482705,12,R,6687,R,2239,R,2593,R,1855
482936,1,R,1751,R,42,R,614,R,1095
482936,2,R,1688,R,34,R,607,R,1047
482936,3,R,1675,R,34,R,595,R,1046
482936,11,R,13,R,0,R,12,R,1
482936,12,R,63,R,8,R,7,R,48
482963,1,R,679,Z,0,R,612,R,67
482963,2,R,679,Z,0,R,612,R,67
482963,3,R,679,Z,0,R,612,R,67
482981,1,R,257,A,,A,,R,257
482981,2,R,257,A,,A,,R,257
482981,3,R,257,A,,A,,R,257
482990,1,R,445,Z,0,R,445,R,0
482990,2,R,445,Z,0,R,445,R,0
482990,3,R,445,Z,0,R,445,R,0
483009,1,R,244,A,,A,,R,244
483009,2,R,244,A,,A,,R,244
483009,3,R,244,A,,A,,R,244
483018,1,R,157,R,0,R,0,R,157
483018,2,R,157,R,0,R,0,R,157
483018,3,R,157,R,0,R,0,R,157
483036,1,R,3165,R,1570,R,1067,R,528
483036,2,R,2325,R,1254,R,769,R,302
483036,3,R,2307,R,1239,R,768,R,300
483036,11,R,18,R,15,R,1,R,2
483036,12,R,840,R,316,R,298,R,226
483045,1,R,14868,R,5693,R,2205,R,6970
483045,2,R,14868,R,5693,R,2205,R,6970
483045,3,R,8956,R,4399,R,1745,R,2812
483045,11,R,5912,R,1294,R,460,R,4158
483054,1,R,112,A,,A,,R,112
483054,2,R,112,A,,A,,R,112
483054,3,R,112,A,,A,,R,112
483106,1,R,428,A,,A,,R,428
483106,2,R,428,A,,A,,R,428
483106,3,R,428,A,,A,,R,428
483124,1,R,98316,R,98316,A,,A,
483124,2,R,73419,R,73419,A,,A,
483124,3,R,71487,R,71487,A,,A,
483124,11,R,1932,R,1932,A,,A,
483124,12,R,24897,R,24897,A,,A,
483212,1,R,5337,R,2222,R,1417,R,1698
483212,2,R,5337,R,2222,R,1417,R,1698
483212,3,R,3985,R,1716,R,1354,R,915
483212,11,R,1352,R,506,R,63,R,783
483230,1,R,290,A,,A,,R,290
483230,2,R,290,A,,A,,R,290
483230,3,R,290,A,,A,,R,290
483258,1,R,77,A,,A,,R,77
483258,2,R,77,A,,A,,R,77
483258,3,R,77,A,,A,,R,77
483276,1,R,85,A,,A,,R,85
483276,2,R,85,A,,A,,R,85
483276,3,R,85,A,,A,,R,85
483328,1,R,103,A,,A,,R,103
483328,2,R,103,A,,A,,R,103
483328,3,R,103,A,,A,,R,103
483337,1,R,281,A,,A,,R,281
483337,2,R,281,A,,A,,R,281
483337,3,R,281,A,,A,,R,281
483346,1,R,137,A,,A,,R,137
483346,2,R,137,A,,A,,R,137
483346,3,R,137,A,,A,,R,137
483355,1,R,259,A,,A,,R,259
483355,2,R,259,A,,A,,R,259
483355,3,R,259,A,,A,,R,259
483364,1,R,218,A,,A,,R,218
483364,2,R,218,A,,A,,R,218
483364,3,R,218,A,,A,,R,218
483373,1,R,263,R,4,R,133,R,126
483373,2,R,263,R,4,R,133,R,126
483373,3,R,263,R,4,R,133,R,126
483382,1,R,480,A,,A,,R,480
483382,2,R,480,A,,A,,R,480
483382,3,R,480,A,,A,,R,480
483425,1,R,72,A,,A,,R,72
483425,2,R,72,A,,A,,R,72
483425,3,R,72,A,,A,,R,72
483470,1,R,147,A,,A,,R,147
483470,2,R,147,A,,A,,R,147
483470,3,R,147,A,,A,,R,147
483504,1,R,947,R,0,R,947,R,0
483504,2,R,947,R,0,R,947,R,0
483504,3,R,947,R,0,R,947,R,0
483513,1,R,60,A,,A,,R,60
483513,2,R,60,A,,A,,R,60
483513,3,R,60,A,,A,,R,60
483559,1,R,120,A,,A,,R,120
483559,2,R,120,A,,A,,R,120
483559,3,R,120,A,,A,,R,120
483577,1,R,113,A,,A,,R,113
483577,2,R,113,A,,A,,R,113
483577,3,R,113,A,,A,,R,113
483595,1,R,11028,R,8978,R,142,R,1908
483595,2,R,6719,R,5295,R,56,R,1368
483595,3,R,6719,R,5295,R,56,R,1368
483595,12,R,4309,R,3683,R,86,R,540
483647,1,R,146,A,,A,,R,146
483647,2,R,146,A,,A,,R,146
483647,3,R,146,A,,A,,R,146
483708,1,R,877,A,,A,,R,877
483708,2,R,877,A,,A,,R,877
483708,3,R,877,A,,A,,R,877
483726,1,R,29,A,,A,,R,29
483726,2,R,29,A,,A,,R,29
483726,3,R,29,A,,A,,R,29
483735,1,R,160,A,,A,,R,160
483735,2,R,160,A,,A,,R,160
483735,3,R,160,A,,A,,R,160
483744,1,R,83,A,,A,,R,83
483744,2,R,83,A,,A,,R,83
483744,3,R,83,A,,A,,R,83
483753,1,R,81,A,,A,,R,81
483753,2,R,81,A,,A,,R,81
483753,3,R,81,A,,A,,R,81
483780,1,R,1652,R,25,R,1627,R,0
483780,2,R,479,R,5,R,474,R,0
483780,3,R,479,R,5,R,474,R,0
483780,12,R,1173,R,20,R,1153,R,0
483799,1,R,78,A,,A,,R,78
483799,2,R,78,A,,A,,R,78
483799,3,R,78,A,,A,,R,78
483814,1,R,1075,A,,A,,R,1075
483814,2,R,1075,A,,A,,R,1075
483814,3,R,1075,A,,A,,R,1075
483823,1,R,1229,A,,A,,R,1229
483823,2,R,1229,A,,A,,R,1229
483823,3,R,1229,A,,A,,R,1229
483841,1,R,108,A,,A,,R,108
483841,2,R,108,A,,A,,R,108
483841,3,R,108,A,,A,,R,108
483850,1,R,11,A,,A,,R,11
483850,2,R,11,A,,A,,R,11
483850,3,R,11,A,,A,,R,11
483869,1,R,658,A,,A,,R,658
483869,2,R,658,A,,A,,R,658
483869,3,R,658,A,,A,,R,658
483878,1,R,309,A,,A,,R,309
483878,2,R,309,A,,A,,R,309
483878,3,R,309,A,,A,,R,309
483887,1,R,79,A,,A,,R,79
483887,2,R,79,A,,A,,R,79
483887,3,R,79,A,,A,,R,79
483896,1,R,383,A,,A,,R,383
483896,2,R,383,A,,A,,R,383
483896,3,R,383,A,,A,,R,383
483911,1,R,26,A,,A,,R,26
483911,2,R,26,A,,A,,R,26
483911,3,R,26,A,,A,,R,26
483920,1,R,335,A,,A,,R,335
483920,2,R,335,A,,A,,R,335
483920,3,R,335,A,,A,,R,335
483948,1,R,68,A,,A,,R,68
483948,2,R,68,A,,A,,R,68
483948,3,R,68,A,,A,,R,68
483957,1,R,55,A,,A,,R,55
483957,2,R,55,A,,A,,R,55
483957,3,R,55,A,,A,,R,55
483975,1,R,800,A,,A,,R,800
483975,12,R,800,A,,A,,R,800
484002,1,R,3094,R,0,R,1219,R,1875
484002,2,R,3094,R,0,R,1219,R,1875
484002,3,R,2787,R,0,R,1219,R,1568
484002,11,R,307,R,0,R,0,R,307
484011,1,R,190,A,,A,,R,190
484011,2,R,190,A,,A,,R,190
484011,3,R,190,A,,A,,R,190
484020,1,R,35,A,,A,,R,35
484020,2,R,35,A,,A,,R,35
484020,3,R,35,A,,A,,R,35
484057,1,R,458,R,0,R,88,R,370
484057,2,R,458,R,0,R,88,R,370
484057,3,R,458,R,0,R,88,R,370
484066,1,R,592,R,0,R,440,R,152
484066,2,R,592,R,0,R,440,R,152
484066,3,R,592,R,0,R,440,R,152
484075,1,R,68,A,,A,,R,68
484075,2,R,68,A,,A,,R,68
484075,3,R,68,A,,A,,R,68
484084,1,R,99,A,,A,,R,99
484084,2,R,99,A,,A,,R,99
484084,3,R,99,A,,A,,R,99
484093,1,R,140,A,,A,,R,140
484093,2,R,140,A,,A,,R,140
484093,3,R,140,A,,A,,R,140
484109,1,R,152,A,,A,,R,152
484109,2,R,152,A,,A,,R,152
484109,3,R,152,A,,A,,R,152
484127,1,R,132,A,,A,,R,132
484127,2,R,132,A,,A,,R,132
484127,3,R,132,A,,A,,R,132
484136,1,R,60,A,,A,,R,60
484136,2,R,60,A,,A,,R,60
484136,3,R,60,A,,A,,R,60
484163,1,R,254,A,,A,,R,254
484163,2,R,254,A,,A,,R,254
484163,3,R,254,A,,A,,R,254
484172,1,R,159,A,,A,,R,159
484172,2,R,159,A,,A,,R,159
484172,3,R,159,A,,A,,R,159
484190,1,R,42,A,,A,,R,42
484190,2,R,42,A,,A,,R,42
484190,3,R,42,A,,A,,R,42
484206,1,R,346,R,0,R,0,R,346
484206,2,R,346,R,0,R,0,R,346
484206,3,R,346,R,0,R,0,R,346
484233,1,R,480,A,,A,,R,480
484233,2,R,480,A,,A,,R,480
484233,3,R,480,A,,A,,R,480
484330,1,R,60,R,0,R,35,R,25
484330,2,R,60,R,0,R,35,R,25
484330,3,R,60,R,0,R,35,R,25
484349,1,R,123,R,0,R,80,R,43
484349,2,R,123,R,0,R,80,R,43
484349,3,R,123,R,0,R,80,R,43
484358,1,R,129,R,0,R,89,R,40
484358,2,R,129,R,0,R,89,R,40
484358,3,R,129,R,0,R,89,R,40
484367,1,R,754,Z,0,R,754,R,0
484367,2,R,754,Z,0,R,754,R,0
484367,3,R,754,Z,0,R,754,R,0
484376,1,R,921,Z,0,R,921,R,0
484376,2,R,921,Z,0,R,921,R,0
484376,3,R,921,Z,0,R,921,R,0
484394,1,R,192,A,,A,,R,192
484394,2,R,192,A,,A,,R,192
484394,3,R,192,A,,A,,R,192
484473,1,R,6778,R,6778,A,,A,
484473,2,R,6778,R,6778,A,,A,
484473,3,R,5592,R,5592,A,,A,
484473,11,R,1186,R,1186,A,,A,
484604,1,R,949,A,,A,,R,949
484604,2,R,949,A,,A,,R,949
484604,3,R,949,A,,A,,R,949
484613,1,R,156956,R,156744,R,31,R,181
484613,2,R,122840,R,122799,R,27,R,14
484613,3,R,112977,R,112936,R,27,R,14
484613,11,R,9863,R,9863,Z,0,R,0
484613,12,R,34116,R,33945,R,4,R,167
484631,1,R,412,R,299,R,16,R,97
484631,2,R,285,R,261,R,8,R,16
484631,3,R,285,R,261,R,8,R,16
484631,12,R,127,R,38,R,8,R,81
484756,1,R,39,R,37,R,1,R,1
484756,2,R,39,R,37,R,1,R,1
484756,3,R,39,R,37,R,1,R,1
484844,1,R,752,R,49,R,677,R,26
484844,2,R,690,Z,0,R,677,R,13
484844,3,R,690,Z,0,R,677,R,13
484844,12,R,62,R,49,R,0,R,13
484862,1,R,359,R,0,R,255,R,104
484862,2,R,7,A,,A,,R,7
484862,3,R,7,A,,A,,R,7
484862,12,R,352,R,0,R,255,R,97
484871,1,R,117,A,,A,,R,117
484871,2,R,117,A,,A,,R,117
484871,3,R,117,A,,A,,R,117
484899,1,R,380,A,,A,,R,380
484899,2,R,380,A,,A,,R,380
484899,3,R,380,A,,A,,R,380
484905,1,R,4449,R,1259,R,1947,R,1243
484905,2,R,3584,R,1152,R,1835,R,597
484905,3,R,3473,R,1138,R,1824,R,511
484905,11,R,111,R,14,R,11,R,86
484905,12,R,865,R,107,R,112,R,646
484923,1,R,70,A,,A,,R,70
484923,2,R,70,A,,A,,R,70
484923,3,R,70,A,,A,,R,70
484932,1,R,2226,R,445,R,1478,R,303
484932,2,R,2226,R,445,R,1478,R,303
484932,3,R,2132,R,415,R,1441,R,276
484932,11,R,94,R,30,R,37,R,27
484950,1,R,176,A,,A,,R,176
484950,2,R,176,A,,A,,R,176
484950,3,R,176,A,,A,,R,176
484996,1,R,215,A,,A,,R,215
484996,2,R,215,A,,A,,R,215
484996,3,R,215,A,,A,,R,215
485014,1,R,158,A,,A,,R,158
485014,2,R,158,A,,A,,R,158
485014,3,R,158,A,,A,,R,158
485032,1,R,237,A,,A,,R,237
485032,2,R,237,A,,A,,R,237
485032,3,R,237,A,,A,,R,237
485111,1,R,11497,R,6928,R,1206,R,3363
485111,2,R,11497,R,6928,R,1206,R,3363
485111,3,R,6511,R,3760,R,1035,R,1716
485111,11,R,4986,R,3168,R,171,R,1647
485166,1,R,180,A,,A,,R,180
485166,2,R,180,A,,A,,R,180
485166,3,R,180,A,,A,,R,180
485236,1,R,117,A,,A,,R,117
485236,2,R,117,A,,A,,R,117
485236,3,R,117,A,,A,,R,117
485272,1,R,1285,R,10,R,1026,R,249
485272,2,R,1285,R,10,R,1026,R,249
485272,3,R,1285,R,10,R,1026,R,249
485342,1,R,514,A,,A,,R,514
485342,2,R,514,A,,A,,R,514
485342,3,R,320,A,,A,,R,320
485342,11,R,194,A,,A,,R,194
485360,1,R,20,R,0,R,20,R,0
485360,2,R,20,R,0,R,20,R,0
485360,3,R,20,R,0,R,20,R,0
485379,1,R,508,A,,A,,R,508
485379,2,R,508,A,,A,,R,508
485379,3,R,508,A,,A,,R,508
485388,1,R,570,A,,A,,R,570
485388,2,R,570,A,,A,,R,570
485388,3,R,570,A,,A,,R,570
485397,1,R,258,A,,A,,R,258
485397,2,R,258,A,,A,,R,258
485397,3,R,258,A,,A,,R,258
485403,1,R,105,R,0,R,70,R,35
485403,12,R,105,R,0,R,70,R,35
485412,1,R,188,A,,A,,R,188
485412,2,R,188,A,,A,,R,188
485412,3,R,188,A,,A,,R,188
485458,1,R,5868,R,1549,R,851,R,3468
485458,2,R,5868,R,1549,R,851,R,3468
485458,3,R,2694,R,1138,R,647,R,909
485458,11,R,3174,R,411,R,204,R,2559
485476,1,R,193,A,,A,,R,193
485476,2,R,193,A,,A,,R,193
485476,3,R,193,A,,A,,R,193
485485,1,R,441,A,,A,,R,441
485485,2,R,441,A,,A,,R,441
485485,3,R,441,A,,A,,R,441
485494,1,R,172,A,,A,,R,172
485494,2,R,172,A,,A,,R,172
485494,3,R,172,A,,A,,R,172
485500,1,R,179,R,133,R,0,R,46
485500,2,R,179,R,133,R,0,R,46
485500,3,R,179,R,133,R,0,R,46
485519,1,R,654,R,654,A,,A,
485519,2,R,621,R,621,A,,A,
485519,3,R,621,R,621,A,,A,
485519,12,R,33,R,33,A,,A,
485546,1,R,883,R,883,A,,A,
485546,2,R,265,R,265,A,,A,
485546,3,R,265,R,265,A,,A,
485546,12,R,618,R,618,A,,A,
485564,1,R,425,R,88,R,334,R,3
485564,2,R,425,R,88,R,334,R,3
485564,3,R,425,R,88,R,334,R,3
485573,1,R,471,R,0,R,83,R,388
485573,2,R,471,R,0,R,83,R,388
485573,3,R,471,R,0,R,83,R,388
485591,1,R,48,A,,A,,R,48
485591,2,R,48,A,,A,,R,48
485591,3,R,48,A,,A,,R,48
485607,1,R,66,A,,A,,R,66
485607,2,R,66,A,,A,,R,66
485607,3,R,66,A,,A,,R,66
485698,1,R,134,A,,A,,R,134
485698,2,R,134,A,,A,,R,134
485698,3,R,134,A,,A,,R,134
485768,1,R,990,R,388,R,0,R,602
485768,2,R,454,R,88,R,0,R,366
485768,3,R,454,R,88,R,0,R,366
485768,12,R,536,R,300,R,0,R,236
485801,1,R,119,A,,A,,R,119
485801,2,R,119,A,,A,,R,119
485801,3,R,119,A,,A,,R,119
485856,1,R,43,A,,A,,R,43
485856,2,R,43,A,,A,,R,43
485856,3,R,43,A,,A,,R,43
485874,1,R,322,A,,A,,R,322
485874,2,R,322,A,,A,,R,322
485874,3,R,322,A,,A,,R,322
485926,1,R,304,A,,A,,R,304
485926,2,R,304,A,,A,,R,304
485926,3,R,304,A,,A,,R,304
485953,1,R,103,Z,0,R,103,R,0
485953,2,R,103,Z,0,R,103,R,0
485953,3,R,103,Z,0,R,103,R,0
485962,1,R,34,A,,A,,R,34
485962,2,R,34,A,,A,,R,34
485962,3,R,34,A,,A,,R,34
485999,1,R,150,A,,A,,R,150
485999,2,R,150,A,,A,,R,150
485999,3,R,150,A,,A,,R,150
486017,1,R,17,A,,A,,R,17
486017,2,R,17,A,,A,,R,17
486017,3,R,17,A,,A,,R,17
486026,1,R,137,A,,A,,R,137
486026,2,R,137,A,,A,,R,137
486026,3,R,137,A,,A,,R,137
486053,1,R,227,A,,A,,R,227
486053,2,R,109,A,,A,,R,109
486053,3,R,104,A,,A,,R,104
486053,11,R,5,A,,A,,R,5
486053,12,R,118,A,,A,,R,118
486123,1,R,43,A,,A,,R,43
486123,2,R,43,A,,A,,R,43
486123,3,R,43,A,,A,,R,43
486150,1,R,174,A,,A,,R,174
486150,2,R,174,A,,A,,R,174
486150,3,R,144,A,,A,,R,144
486150,11,R,30,A,,A,,R,30
486169,1,R,119,A,,A,,R,119
486169,2,R,119,A,,A,,R,119
486169,3,R,119,A,,A,,R,119
486196,1,R,269,A,,A,,R,269
486196,2,R,269,A,,A,,R,269
486196,3,R,269,A,,A,,R,269
486202,1,R,13,A,,A,,R,13
486202,2,R,13,A,,A,,R,13
486202,3,R,13,A,,A,,R,13
486239,1,R,480,R,56,R,419,R,5
486239,2,R,286,R,14,R,267,R,5
486239,3,R,110,R,14,R,93,R,3
486239,11,R,176,R,0,R,174,R,2
486239,12,R,194,R,42,R,152,R,0
486248,1,R,376,A,,A,,R,376
486248,2,R,376,A,,A,,R,376
486248,3,R,376,A,,A,,R,376
486257,1,R,478,R,338,R,103,R,37
486257,2,R,478,R,338,R,103,R,37
486257,3,R,478,R,338,R,103,R,37
486284,1,R,241,R,43,R,156,R,42
486284,2,R,195,R,8,R,152,R,35
486284,3,R,189,R,8,R,149,R,32
486284,11,R,6,R,0,R,3,R,3
486284,12,R,46,R,35,R,4,R,7
486345,1,R,405,A,,A,,R,405
486345,2,R,405,A,,A,,R,405
486345,3,R,405,A,,A,,R,405
486354,1,R,241,Z,0,R,241,R,0
486354,2,R,205,Z,0,R,205,R,0
486354,3,R,205,Z,0,R,205,R,0
486354,12,R,36,Z,0,R,36,R,0
486372,1,R,266,A,,A,,R,266
486372,2,R,266,A,,A,,R,266
486372,3,R,265,A,,A,,R,265
486372,11,R,1,A,,A,,R,1
486381,1,R,287,A,,A,,R,287
486381,2,R,287,A,,A,,R,287
486381,3,R,287,A,,A,,R,287
486406,1,R,28,A,,A,,R,28
486406,2,R,28,A,,A,,R,28
486406,3,R,28,A,,A,,R,28
486415,1,R,589,A,,A,,R,589
486415,2,R,589,A,,A,,R,589
486415,3,R,589,A,,A,,R,589
486424,1,R,230,A,,A,,R,230
486424,2,R,230,A,,A,,R,230
486424,3,R,230,A,,A,,R,230
486433,1,R,118,A,,A,,R,118
486433,12,R,118,A,,A,,R,118
486442,1,R,83,A,,A,,R,83
486442,2,R,83,A,,A,,R,83
486442,3,R,83,A,,A,,R,83
486488,1,R,24,A,,A,,R,24
486488,2,R,24,A,,A,,R,24
486488,3,R,24,A,,A,,R,24
486497,1,R,100,A,,A,,R,100
486497,2,R,100,A,,A,,R,100
486497,3,R,100,A,,A,,R,100
486503,1,R,113,A,,A,,R,113
486503,2,R,113,A,,A,,R,113
486503,3,R,113,A,,A,,R,113
486512,1,R,862,R,8,Z,0,R,854
486512,2,R,862,R,8,Z,0,R,854
486512,3,R,862,R,8,Z,0,R,854
486530,1,R,278,A,,A,,R,278
486530,2,R,278,A,,A,,R,278
486530,3,R,278,A,,A,,R,278
486558,1,R,499,A,,A,,R,499
486558,2,R,499,A,,A,,R,499
486558,3,R,499,A,,A,,R,499
486567,1,R,382,A,,A,,R,382
486567,2,R,382,A,,A,,R,382
486567,3,R,382,A,,A,,R,382
486576,1,R,379,R,0,R,0,R,379
486576,2,R,379,R,0,R,0,R,379
486576,3,R,379,R,0,R,0,R,379
486619,1,R,201,R,0,R,0,R,201
486619,2,R,201,R,0,R,0,R,201
486619,3,R,201,R,0,R,0,R,201
486691,1,R,194,A,,A,,R,194
486691,2,R,194,A,,A,,R,194
486691,3,R,194,A,,A,,R,194
486707,1,R,196,R,0,R,125,R,71
486707,2,R,196,R,0,R,125,R,71
486707,3,R,196,R,0,R,125,R,71
486716,1,R,125,R,0,R,83,R,42
486716,2,R,125,R,0,R,83,R,42
486716,3,R,125,R,0,R,83,R,42
486752,1,R,92,R,0,R,70,R,22
486752,2,R,92,R,0,R,70,R,22
486752,3,R,92,R,0,R,70,R,22
486770,1,R,220,A,,A,,R,220
486770,2,R,220,A,,A,,R,220
486770,3,R,220,A,,A,,R,220
486798,1,R,3194,A,,A,,R,3194
486798,2,R,3194,A,,A,,R,3194
486798,3,R,3194,A,,A,,R,3194
486813,1,R,1158,R,0,R,0,R,1158
486813,2,R,1158,R,0,R,0,R,1158
486813,3,R,1158,R,0,R,0,R,1158
486822,1,R,1485,R,212,R,0,R,1273
486822,2,R,1485,R,212,R,0,R,1273
486822,3,R,1482,R,212,R,0,R,1270
486822,11,R,3,R,0,R,0,R,3
486840,1,R,52521,R,11927,R,32465,R,8129
486840,2,R,46634,R,8505,R,30998,R,7131
486840,3,R,44501,R,7490,R,30482,R,6529
486840,11,R,2133,R,1015,R,516,R,602
486840,12,R,5887,R,3422,R,1467,R,998
486859,1,R,102,A,,A,,R,102
486859,2,R,102,A,,A,,R,102
486859,3,R,102,A,,A,,R,102
486877,1,R,13,A,,A,,R,13
486877,2,R,13,A,,A,,R,13
486877,3,R,13,A,,A,,R,13
486886,1,R,34,A,,A,,R,34
486886,2,R,34,A,,A,,R,34
486886,3,R,34,A,,A,,R,34
486901,1,R,1299,R,43,R,749,R,507
486901,2,R,850,R,10,R,594,R,246
486901,3,R,796,R,7,R,586,R,203
486901,11,R,54,R,3,R,8,R,43
486901,12,R,449,R,33,R,155,R,261
486938,1,R,849,R,35,R,720,R,94
486938,2,R,849,R,35,R,720,R,94
486938,3,R,849,R,35,R,720,R,94
486947,1,R,890,R,24,R,767,R,99
486947,2,R,890,R,24,R,767,R,99
486947,3,R,890,R,24,R,767,R,99
486956,1,R,1882,R,48,R,1593,R,241
486956,2,R,1882,R,48,R,1593,R,241
486956,3,R,1882,R,48,R,1593,R,241
486983,1,R,91,A,,A,,R,91
486983,2,R,91,A,,A,,R,91
486983,3,R,91,A,,A,,R,91
487010,1,R,3309,R,253,R,1072,R,1984
487010,2,R,472,Z,0,R,400,R,72
487010,3,R,472,Z,0,R,400,R,72
487010,12,R,2837,R,253,R,672,R,1912
487047,1,R,256,A,,A,,R,256
487047,2,R,256,A,,A,,R,256
487047,3,R,256,A,,A,,R,256
487065,1,R,146,R,0,R,5,R,141
487065,2,R,146,R,0,R,5,R,141
487065,3,R,146,R,0,R,5,R,141
487083,1,R,56,A,,A,,R,56
487083,2,R,56,A,,A,,R,56
487083,3,R,56,A,,A,,R,56
487092,1,R,1048,R,4,R,370,R,674
487092,2,R,1048,R,4,R,370,R,674
487092,3,R,1048,R,4,R,370,R,674
487153,1,R,22,R,0,R,13,R,9
487153,12,R,22,R,0,R,13,R,9
487162,1,R,7011,R,2413,R,2133,R,2465
487162,2,R,7011,R,2413,R,2133,R,2465
487162,3,R,4523,R,1579,R,1731,R,1213
487162,11,R,2488,R,834,R,402,R,1252
487232,1,R,173,A,,A,,R,173
487232,2,R,173,A,,A,,R,173
487232,3,R,173,A,,A,,R,173
487302,1,R,795,R,0,R,580,R,215
487302,2,R,795,R,0,R,580,R,215
487302,3,R,795,R,0,R,580,R,215
487311,1,R,1036,A,,A,,R,1036
487311,2,R,1036,A,,A,,R,1036
487311,3,R,1036,A,,A,,R,1036
487320,1,R,14179,R,3878,R,8252,R,2049
487320,2,R,14179,R,3878,R,8252,R,2049
487320,3,R,11065,R,2999,R,6585,R,1481
487320,11,R,3114,R,879,R,1667,R,568
487348,1,R,208,A,,A,,R,208
487348,2,R,208,A,,A,,R,208
487348,3,R,208,A,,A,,R,208
487375,1,R,1499,Z,0,R,1499,R,0
487375,2,R,1499,Z,0,R,1499,R,0
487375,3,R,1499,Z,0,R,1499,R,0
487481,1,R,2049,A,,A,,R,2049
487481,2,R,2049,A,,A,,R,2049
487481,3,R,2049,A,,A,,R,2049
487506,1,R,147,A,,A,,R,147
487506,2,R,147,A,,A,,R,147
487506,3,R,147,A,,A,,R,147
487524,1,R,3963,R,1557,R,1808,R,598
487524,2,R,3241,R,1131,R,1674,R,436
487524,3,R,2998,R,912,R,1669,R,417
487524,11,R,243,R,219,R,5,R,19
487524,12,R,722,R,426,R,134,R,162
487533,1,R,251,A,,A,,R,251
487533,2,R,251,A,,A,,R,251
487533,3,R,251,A,,A,,R,251
487588,1,R,370,Z,0,R,370,R,0
487588,2,R,370,Z,0,R,370,R,0
487588,3,R,370,Z,0,R,370,R,0
487597,1,R,2158,A,,A,,R,2158
487597,2,R,2158,A,,A,,R,2158
487597,3,R,2158,A,,A,,R,2158
487603,1,R,1578,R,747,R,27,R,804
487603,2,R,1385,R,572,R,20,R,793
487603,3,R,592,R,568,R,20,R,4
487603,11,R,793,R,4,R,0,R,789
487603,12,R,193,R,175,R,7,R,11
487621,1,R,24,A,,A,,R,24
487621,2,R,24,A,,A,,R,24
487621,3,R,24,A,,A,,R,24
487649,1,R,278,R,0,R,278,R,0
487649,12,R,278,R,0,R,278,R,0
487658,1,R,92,A,,A,,R,92
487658,2,R,92,A,,A,,R,92
487658,3,R,92,A,,A,,R,92
487676,1,R,314,A,,A,,R,314
487676,2,R,314,A,,A,,R,314
487676,3,R,314,A,,A,,R,314
487746,1,R,41,A,,A,,R,41
487746,2,R,41,A,,A,,R,41
487746,3,R,41,A,,A,,R,41
487773,1,R,68,A,,A,,R,68
487773,2,R,68,A,,A,,R,68
487773,3,R,68,A,,A,,R,68
487791,1,R,1307,A,,A,,R,1307
487791,2,R,1307,A,,A,,R,1307
487791,3,R,1307,A,,A,,R,1307
487807,1,R,88,A,,A,,R,88
487807,2,R,88,A,,A,,R,88
487807,3,R,88,A,,A,,R,88
487816,1,R,16,A,,A,,R,16
487816,2,R,16,A,,A,,R,16
487816,3,R,16,A,,A,,R,16
487852,1,R,56,A,,A,,R,56
487852,2,R,56,A,,A,,R,56
487852,3,R,56,A,,A,,R,56
487861,1,R,323,R,0,R,180,R,143
487861,2,R,323,R,0,R,180,R,143
487861,3,R,323,R,0,R,180,R,143
487889,1,R,267,R,0,R,0,R,267
487889,2,R,267,R,0,R,0,R,267
487889,3,R,267,R,0,R,0,R,267
487904,1,R,51,A,,A,,R,51
487904,2,R,51,A,,A,,R,51
487904,3,R,51,A,,A,,R,51
487922,1,R,90,A,,A,,R,90
487922,2,R,90,A,,A,,R,90
487922,3,R,90,A,,A,,R,90
487959,1,R,126,A,,A,,R,126
487959,2,R,126,A,,A,,R,126
487959,3,R,126,A,,A,,R,126
487968,1,R,141,A,,A,,R,141
487968,2,R,141,A,,A,,R,141
487968,3,R,141,A,,A,,R,141
487977,1,R,4870,R,4870,A,,A,
487977,2,R,4726,R,4726,A,,A,
487977,3,R,4726,R,4726,A,,A,
487977,12,R,144,R,144,A,,A,
487995,1,R,184,A,,A,,R,184
487995,2,R,52,A,,A,,R,52
487995,3,R,42,A,,A,,R,42
487995,11,R,10,A,,A,,R,10
487995,12,R,132,A,,A,,R,132
488004,1,R,41,A,,A,,R,41
488004,2,R,41,A,,A,,R,41
488004,3,R,41,A,,A,,R,41
488013,1,R,1044,A,,A,,R,1044
488013,2,R,1044,A,,A,,R,1044
488013,3,R,1044,A,,A,,R,1044
488022,1,R,93,A,,A,,R,93
488022,2,R,93,A,,A,,R,93
488022,3,R,93,A,,A,,R,93
488031,1,R,208,R,208,A,,A,
488031,2,R,59,R,59,A,,A,
488031,3,R,59,R,59,A,,A,
488031,12,R,149,R,149,A,,A,
488059,1,R,463,A,,A,,R,463
488059,2,R,463,A,,A,,R,463
488059,3,R,463,A,,A,,R,463
488077,1,R,8434,R,8434,A,,A,
488077,2,R,8434,R,8434,A,,A,
488077,3,R,8434,R,8434,A,,A,
488110,1,R,110,A,,A,,R,110
488110,2,R,110,A,,A,,R,110
488110,3,R,110,A,,A,,R,110
488129,1,R,32,A,,A,,R,32
488129,2,R,32,A,,A,,R,32
488129,3,R,32,A,,A,,R,32
488138,1,R,154,A,,A,,R,154
488138,2,R,154,A,,A,,R,154
488138,3,R,154,A,,A,,R,154
488174,1,R,41,A,,A,,R,41
488174,2,R,41,A,,A,,R,41
488174,3,R,41,A,,A,,R,41
488183,1,R,25,A,,A,,R,25
488183,2,R,25,A,,A,,R,25
488183,3,R,25,A,,A,,R,25
488192,1,R,152,A,,A,,R,152
488192,2,R,152,A,,A,,R,152
488192,3,R,152,A,,A,,R,152
488217,1,R,314,A,,A,,R,314
488217,2,R,314,A,,A,,R,314
488217,3,R,314,A,,A,,R,314
488226,1,R,28,A,,A,,R,28
488226,2,R,28,A,,A,,R,28
488226,3,R,28,A,,A,,R,28
488253,1,R,140,R,5,R,0,R,135
488253,2,R,140,R,5,R,0,R,135
488253,3,R,140,R,5,R,0,R,135
488262,1,R,47,A,,A,,R,47
488262,2,R,47,A,,A,,R,47
488262,3,R,47,A,,A,,R,47
488280,1,R,86,A,,A,,R,86
488280,2,R,86,A,,A,,R,86
488280,3,R,86,A,,A,,R,86
488299,1,R,58,A,,A,,R,58
488299,2,R,58,A,,A,,R,58
488299,3,R,58,A,,A,,R,58
488305,1,R,110,R,31,R,50,R,29
488305,2,R,110,R,31,R,50,R,29
488305,3,R,100,R,27,R,50,R,23
488305,11,R,10,R,4,R,0,R,6
488314,1,R,130,A,,A,,R,130
488314,2,R,130,A,,A,,R,130
488314,3,R,130,A,,A,,R,130
488332,1,R,142,R,0,R,142,R,0
488332,2,R,142,R,0,R,142,R,0
488332,3,R,142,R,0,R,142,R,0
488350,1,R,163,A,,A,,R,163
488350,2,R,163,A,,A,,R,163
488350,3,R,163,A,,A,,R,163
488369,1,R,119,A,,A,,R,119
488369,2,R,119,A,,A,,R,119
488369,3,R,119,A,,A,,R,119
488378,1,R,219,A,,A,,R,219
488378,2,R,219,A,,A,,R,219
488378,3,R,219,A,,A,,R,219
488387,1,R,339,R,339,A,,A,
488387,2,R,39,R,39,A,,A,
488387,3,R,38,R,38,A,,A,
488387,11,R,1,R,1,A,,A,
488387,12,R,300,R,300,A,,A,
488396,1,R,69,A,,A,,R,69
488396,2,R,69,A,,A,,R,69
488396,3,R,69,A,,A,,R,69
488411,1,R,211,A,,A,,R,211
488411,2,R,211,A,,A,,R,211
488411,3,R,211,A,,A,,R,211
488420,1,R,291,A,,A,,R,291
488420,2,R,291,A,,A,,R,291
488420,3,R,291,A,,A,,R,291
488439,1,R,251,A,,A,,R,251
488439,2,R,251,A,,A,,R,251
488439,3,R,251,A,,A,,R,251
488448,1,R,111,A,,A,,R,111
488448,2,R,70,A,,A,,R,70
488448,3,R,70,A,,A,,R,70
488448,12,R,41,A,,A,,R,41
488527,1,R,895,A,,A,,R,895
488527,12,R,895,A,,A,,R,895
488554,1,R,687,R,0,R,308,R,379
488554,12,R,687,R,0,R,308,R,379
488563,1,R,13,A,,A,,R,13
488563,2,R,13,A,,A,,R,13
488563,3,R,12,A,,A,,R,12
488563,11,R,1,A,,A,,R,1
488572,1,R,529,A,,A,,R,529
488572,12,R,529,A,,A,,R,529
488590,1,R,21,A,,A,,R,21
488590,2,R,21,A,,A,,R,21
488590,3,R,21,A,,A,,R,21
488651,1,R,272,A,,A,,R,272
488651,2,R,272,A,,A,,R,272
488651,3,R,272,A,,A,,R,272
488679,1,R,18713,R,15394,R,2714,R,605
488679,2,R,9719,R,9366,R,102,R,251
488679,3,R,8948,R,8654,R,102,R,192
488679,11,R,771,R,712,R,0,R,59
488679,12,R,8994,R,6028,R,2612,R,354
488721,1,R,1351,R,1351,A,,A,
488721,2,R,702,R,702,A,,A,
488721,3,R,702,R,702,A,,A,
488721,12,R,649,R,649,A,,A,
488730,1,R,12123,R,4033,R,5179,R,2911
488730,2,R,12123,R,4033,R,5179,R,2911
488730,3,R,9249,R,3657,R,4448,R,1144
488730,11,R,2874,R,376,R,731,R,1767
488749,1,R,194,A,,A,,R,194
488749,2,R,194,A,,A,,R,194
488749,3,R,194,A,,A,,R,194
488776,1,R,759,R,40,R,718,R,1
488776,2,R,601,R,8,R,593,R,0
488776,3,R,568,R,7,R,561,R,0
488776,11,R,33,R,1,R,32,R,0
488776,12,R,158,R,32,R,125,R,1
488800,1,R,939,R,42,R,257,R,640
488800,2,R,638,Z,0,R,24,R,614
488800,3,R,638,Z,0,R,24,R,614
488800,12,R,301,R,42,R,233,R,26
488837,1,R,790,A,,A,,R,790
488837,2,R,790,A,,A,,R,790
488837,3,R,790,A,,A,,R,790
488846,1,R,62952,R,62952,A,,A,
488846,2,R,53970,R,53970,A,,A,
488846,3,R,24631,R,24631,A,,A,
488846,11,R,29339,R,29339,A,,A,
488846,12,R,8982,R,8982,A,,A,
488891,1,R,611,A,,A,,R,611
488891,2,R,611,A,,A,,R,611
488891,3,R,362,A,,A,,R,362
488891,11,R,249,A,,A,,R,249
488907,1,R,36,R,17,R,19,R,0
488907,12,R,36,R,17,R,19,R,0
488916,1,R,169,A,,A,,R,169
488916,2,R,169,A,,A,,R,169
488916,3,R,169,A,,A,,R,169
488934,1,R,4350,A,,A,,R,4350
488934,2,R,4350,A,,A,,R,4350
488934,3,R,4350,A,,A,,R,4350
488952,1,R,101,R,0,R,83,R,18
488952,2,R,101,R,0,R,83,R,18
488952,3,R,101,R,0,R,83,R,18
488961,1,R,159,R,0,R,111,R,48
488961,2,R,159,R,0,R,111,R,48
488961,3,R,159,R,0,R,111,R,48
488970,1,R,95,R,0,R,22,R,73
488970,2,R,95,R,0,R,22,R,73
488970,3,R,95,R,0,R,22,R,73
488989,1,R,196,A,,A,,R,196
488989,2,R,196,A,,A,,R,196
488989,3,R,196,A,,A,,R,196
488998,1,R,163,A,,A,,R,163
488998,2,R,163,A,,A,,R,163
488998,3,R,163,A,,A,,R,163
489122,1,R,100,A,,A,,R,100
489122,2,R,100,A,,A,,R,100
489122,3,R,100,A,,A,,R,100
489131,1,R,113,A,,A,,R,113
489131,2,R,113,A,,A,,R,113
489131,3,R,113,A,,A,,R,113
489140,1,R,145,A,,A,,R,145
489140,2,R,145,A,,A,,R,145
489140,3,R,145,A,,A,,R,145
489159,1,R,270,A,,A,,R,270
489159,2,R,270,A,,A,,R,270
489159,3,R,270,A,,A,,R,270
489201,1,R,15474,R,8669,R,3861,R,2944
489201,2,R,15474,R,8669,R,3861,R,2944
489201,3,R,11347,R,6342,R,3153,R,1852
489201,11,R,4127,R,2327,R,708,R,1092
489238,1,R,243,A,,A,,R,243
489238,2,R,243,A,,A,,R,243
489238,3,R,243,A,,A,,R,243
489247,1,R,83,A,,A,,R,83
489247,2,R,83,A,,A,,R,83
489247,3,R,83,A,,A,,R,83
489256,1,R,217,A,,A,,R,217
489256,2,R,217,A,,A,,R,217
489256,3,R,217,A,,A,,R,217
489283,1,R,1176,R,0,R,178,R,998
489283,2,R,1176,R,0,R,178,R,998
489283,3,R,1176,R,0,R,178,R,998
489335,1,R,64,R,39,R,21,R,4
489335,12,R,64,R,39,R,21,R,4
489344,1,R,339,R,11,R,272,R,56
489344,2,R,339,R,11,R,272,R,56
489344,3,R,339,R,11,R,272,R,56
489353,1,R,1037,R,8,R,876,R,153
489353,2,R,1037,R,8,R,876,R,153
489353,3,R,1037,R,8,R,876,R,153
489371,1,R,355,A,,A,,R,355
489371,2,R,355,A,,A,,R,355
489371,3,R,355,A,,A,,R,355
489779,1,R,66383,R,66179,R,204,R,0
489779,2,R,47397,R,47193,R,204,R,0
489779,3,R,46707,R,46503,R,204,R,0
489779,11,R,690,R,690,Z,0,R,0
489779,12,R,18986,R,18986,Z,0,R,0
489812,1,R,22,R,0,R,0,R,22
489812,2,R,22,R,0,R,0,R,22
489812,3,R,22,R,0,R,0,R,22
489830,1,R,104,A,,A,,R,104
489830,2,R,104,A,,A,,R,104
489830,3,R,104,A,,A,,R,104
489858,1,R,694,R,0,R,311,R,383
489858,12,R,694,R,0,R,311,R,383
489937,1,R,1144,R,679,R,462,R,3
489937,2,R,498,R,154,R,344,R,0
489937,3,R,497,R,153,R,344,R,0
489937,11,R,1,R,1,R,0,R,0
489937,12,R,646,R,525,R,118,R,3
490018,1,R,36,A,,A,,R,36
490018,2,R,36,A,,A,,R,36
490018,3,R,36,A,,A,,R,36
490045,1,R,275,R,216,R,50,R,9
490045,2,R,56,R,42,R,14,R,0
490045,3,R,56,R,42,R,14,R,0
490045,12,R,219,R,174,R,36,R,9
490054,1,R,588,R,21,R,523,R,44
490054,2,R,588,R,21,R,523,R,44
490054,3,R,445,R,21,R,380,R,44
490054,11,R,143,Z,0,R,143,R,0
490081,1,R,329,R,329,R,0,R,0
490081,2,R,76,R,76,R,0,R,0
490081,3,R,76,R,76,R,0,R,0
490081,12,R,253,R,253,R,0,R,0
490090,1,R,123,A,,A,,R,123
490090,2,R,123,A,,A,,R,123
490090,3,R,63,A,,A,,R,63
490090,11,R,60,A,,A,,R,60
490106,1,R,544,R,125,R,403,R,16
490106,12,R,544,R,125,R,403,R,16
490115,1,R,56,A,,A,,R,56
490115,2,R,56,A,,A,,R,56
490115,3,R,56,A,,A,,R,56
490124,1,R,4,A,,A,,R,4
490124,2,R,4,A,,A,,R,4
490124,3,R,4,A,,A,,R,4
490133,1,R,7415,R,2581,R,3941,R,893
490133,2,R,2216,R,1644,R,411,R,161
490133,3,R,2216,R,1644,R,411,R,161
490133,12,R,5199,R,937,R,3530,R,732
490142,1,R,42,A,,A,,R,42
490142,2,R,42,A,,A,,R,42
490142,3,R,42,A,,A,,R,42
490151,1,R,51,A,,A,,R,51
490151,2,R,51,A,,A,,R,51
490151,3,R,51,A,,A,,R,51
490160,1,R,154,R,0,R,145,R,9
490160,2,R,154,R,0,R,145,R,9
490160,3,R,154,R,0,R,145,R,9
490197,1,R,79,A,,A,,R,79
490197,2,R,79,A,,A,,R,79
490197,3,R,79,A,,A,,R,79
490203,1,R,220,R,12,R,0,R,208
490203,2,R,220,R,12,R,0,R,208
490203,3,R,220,R,12,R,0,R,208
490221,1,R,64,A,,A,,R,64
490221,2,R,64,A,,A,,R,64
490221,3,R,64,A,,A,,R,64
490249,1,R,84,A,,A,,R,84
490249,2,R,84,A,,A,,R,84
490249,3,R,84,A,,A,,R,84
490258,1,R,219,A,,A,,R,219
490258,2,R,219,A,,A,,R,219
490258,3,R,219,A,,A,,R,219
490267,1,R,34,A,,A,,R,34
490267,2,R,34,A,,A,,R,34
490267,3,R,34,A,,A,,R,34
490276,1,R,139,A,,A,,R,139
490276,2,R,139,A,,A,,R,139
490276,3,R,139,A,,A,,R,139
490285,1,R,3181,R,1930,R,1251,R,0
490285,2,R,3181,R,1930,R,1251,R,0
490285,3,R,3181,R,1930,R,1251,R,0
490294,1,R,92,A,,A,,R,92
490294,2,R,92,A,,A,,R,92
490294,3,R,92,A,,A,,R,92
490300,1,R,165,A,,A,,R,165
490300,2,R,165,A,,A,,R,165
490300,3,R,165,A,,A,,R,165
490319,1,R,32,A,,A,,R,32
490319,2,R,32,A,,A,,R,32
490319,3,R,32,A,,A,,R,32
490328,1,R,156,A,,A,,R,156
490328,2,R,156,A,,A,,R,156
490328,3,R,156,A,,A,,R,156
490346,1,R,40,R,9,R,0,R,31
490346,2,R,40,R,9,R,0,R,31
490346,3,R,34,R,9,R,0,R,25
490346,11,R,6,A,,A,,R,6
490373,1,R,361,R,0,R,361,R,0
490373,12,R,361,R,0,R,361,R,0
490382,1,R,216,A,,A,,R,216
490382,2,R,216,A,,A,,R,216
490382,3,R,216,A,,A,,R,216
490391,1,R,188,A,,A,,R,188
490391,2,R,188,A,,A,,R,188
490391,3,R,188,A,,A,,R,188
490407,1,R,104,A,,A,,R,104
490407,2,R,104,A,,A,,R,104
490407,3,R,104,A,,A,,R,104
490416,1,R,43,A,,A,,R,43
490416,2,R,43,A,,A,,R,43
490416,3,R,43,A,,A,,R,43
490425,1,R,237,A,,A,,R,237
490425,2,R,237,A,,A,,R,237
490425,3,R,237,A,,A,,R,237
490434,1,R,58,A,,A,,R,58
490434,2,R,58,A,,A,,R,58
490434,3,R,58,A,,A,,R,58
490443,1,R,207,A,,A,,R,207
490443,2,R,207,A,,A,,R,207
490443,3,R,207,A,,A,,R,207
490470,1,R,29,A,,A,,R,29
490470,2,R,29,A,,A,,R,29
490470,3,R,29,A,,A,,R,29
490489,1,R,68,A,,A,,R,68
490489,2,R,68,A,,A,,R,68
490489,3,R,68,A,,A,,R,68
490498,1,R,50,R,7,R,3,R,40
490498,2,R,50,R,7,R,3,R,40
490498,3,R,50,R,7,R,3,R,40
490504,1,R,54,A,,A,,R,54
490504,2,R,54,A,,A,,R,54
490504,3,R,54,A,,A,,R,54
490513,1,R,53,A,,A,,R,53
490513,2,R,53,A,,A,,R,53
490513,3,R,53,A,,A,,R,53
490522,1,R,40,A,,A,,R,40
490522,2,R,40,A,,A,,R,40
490522,3,R,40,A,,A,,R,40
490531,1,R,64,A,,A,,R,64
490531,2,R,64,A,,A,,R,64
490531,3,R,64,A,,A,,R,64
490674,1,R,7,A,,A,,R,7
490674,2,R,7,A,,A,,R,7
490674,3,R,7,A,,A,,R,7
490692,1,R,69,A,,A,,R,69
490692,2,R,69,A,,A,,R,69
490692,3,R,69,A,,A,,R,69
490717,1,R,153,A,,A,,R,153
490717,2,R,153,A,,A,,R,153
490717,3,R,153,A,,A,,R,153
490735,1,R,146,R,43,R,45,R,58
490735,2,R,146,R,43,R,45,R,58
490735,3,R,146,R,43,R,45,R,58
490744,1,R,36,A,,A,,R,36
490744,2,R,36,A,,A,,R,36
490744,3,R,36,A,,A,,R,36
490753,1,R,38,R,0,R,0,R,38
490753,12,R,38,R,0,R,0,R,38
490805,1,R,10043,R,1168,R,2457,R,6418
490805,2,R,8960,R,845,R,2355,R,5760
490805,3,R,6483,R,822,R,2349,R,3312
490805,11,R,2477,R,23,R,6,R,2448
490805,12,R,1083,R,323,R,102,R,658
490814,1,R,218,R,0,R,95,R,123
490814,2,R,218,R,0,R,95,R,123
490814,3,R,218,R,0,R,95,R,123
490832,1,R,757,R,0,R,554,R,203
490832,2,R,757,R,0,R,554,R,203
490832,3,R,757,R,0,R,554,R,203
490841,1,R,525,R,0,R,309,R,216
490841,2,R,525,R,0,R,309,R,216
490841,3,R,525,R,0,R,309,R,216
490869,1,R,444,Z,0,R,366,R,78
490869,2,R,444,Z,0,R,366,R,78
490869,3,R,444,Z,0,R,366,R,78
490878,1,R,656,R,46,R,71,R,539
490878,2,R,656,R,46,R,71,R,539
490878,3,R,656,R,46,R,71,R,539
490896,1,R,311,A,,A,,R,311
490896,2,R,311,A,,A,,R,311
490896,3,R,311,A,,A,,R,311
490948,1,R,57,A,,A,,R,57
490948,2,R,57,A,,A,,R,57
490948,3,R,57,A,,A,,R,57
490975,1,R,480,R,0,R,463,R,17
490975,2,R,480,R,0,R,463,R,17
490975,3,R,480,R,0,R,463,R,17
491057,1,R,516,A,,A,,R,516
491057,2,R,516,A,,A,,R,516
491057,3,R,516,A,,A,,R,516
491066,1,R,112,A,,A,,R,112
491066,2,R,112,A,,A,,R,112
491066,3,R,112,A,,A,,R,112
491075,1,R,124,A,,A,,R,124
491075,2,R,124,A,,A,,R,124
491075,3,R,124,A,,A,,R,124
491084,1,R,221,A,,A,,R,221
491084,2,R,221,A,,A,,R,221
491084,3,R,221,A,,A,,R,221
491136,1,R,178,A,,A,,R,178
491136,2,R,178,A,,A,,R,178
491136,3,R,178,A,,A,,R,178
491145,1,R,221,A,,A,,R,221
491145,2,R,221,A,,A,,R,221
491145,3,R,221,A,,A,,R,221
491181,1,R,514,R,0,R,514,R,0
491181,2,R,514,R,0,R,514,R,0
491181,3,R,514,R,0,R,514,R,0
491190,1,R,155,R,5,R,144,R,6
491190,2,R,9,R,3,R,6,R,0
491190,3,R,9,R,3,R,6,R,0
491190,12,R,146,R,2,R,138,R,6
491215,1,R,93,A,,A,,R,93
491215,2,R,93,A,,A,,R,93
491215,3,R,93,A,,A,,R,93
491224,1,R,167,A,,A,,R,167
491224,2,R,167,A,,A,,R,167
491224,3,R,167,A,,A,,R,167
491233,1,R,54,A,,A,,R,54
491233,2,R,54,A,,A,,R,54
491233,3,R,54,A,,A,,R,54
491242,1,R,108,A,,A,,R,108
491242,2,R,108,A,,A,,R,108
491242,3,R,108,A,,A,,R,108
491251,1,R,130,A,,A,,R,130
491251,2,R,130,A,,A,,R,130
491251,3,R,130,A,,A,,R,130
491260,1,R,128,A,,A,,R,128
491260,2,R,128,A,,A,,R,128
491260,3,R,128,A,,A,,R,128
491288,1,R,928,R,928,A,,A,
491288,2,R,928,R,928,A,,A,
491288,3,R,839,R,839,A,,A,
491288,11,R,89,R,89,A,,A,
491297,1,R,219,R,219,A,,A,
491297,2,R,219,R,219,A,,A,
491297,3,R,218,R,218,A,,A,
491297,11,R,1,R,1,A,,A,
491394,1,R,348,Z,0,R,27,R,321
491394,2,R,348,Z,0,R,27,R,321
491394,3,R,348,Z,0,R,27,R,321
491446,1,R,143,A,,A,,R,143
491446,2,R,143,A,,A,,R,143
491446,3,R,143,A,,A,,R,143
491464,1,R,226,A,,A,,R,226
491464,2,R,226,A,,A,,R,226
491464,3,R,226,A,,A,,R,226
491473,1,R,960,A,,A,,R,960
491473,2,R,960,A,,A,,R,960
491473,3,R,960,A,,A,,R,960
491507,1,R,70,A,,A,,R,70
491507,2,R,70,A,,A,,R,70
491507,3,R,70,A,,A,,R,70
491525,1,R,175,R,104,R,55,R,16
491525,2,R,175,R,104,R,55,R,16
491525,3,R,160,R,94,R,52,R,14
491525,11,R,15,R,10,R,3,R,2
491534,1,R,25,A,,A,,R,25
491534,2,R,25,A,,A,,R,25
491534,3,R,25,A,,A,,R,25
491543,1,R,131,R,0,R,44,R,87
491543,2,R,131,R,0,R,44,R,87
491543,3,R,131,R,0,R,44,R,87
491552,1,R,109,A,,A,,R,109
491552,2,R,109,A,,A,,R,109
491552,3,R,109,A,,A,,R,109
491570,1,R,71,A,,A,,R,71
491570,2,R,71,A,,A,,R,71
491570,3,R,71,A,,A,,R,71
491589,1,R,54,A,,A,,R,54
491589,2,R,54,A,,A,,R,54
491589,3,R,54,A,,A,,R,54
491598,1,R,35,A,,A,,R,35
491598,2,R,35,A,,A,,R,35
491598,3,R,35,A,,A,,R,35
491613,1,R,75,A,,A,,R,75
491613,2,R,75,A,,A,,R,75
491613,3,R,75,A,,A,,R,75
491622,1,R,85,A,,A,,R,85
491622,2,R,85,A,,A,,R,85
491622,3,R,85,A,,A,,R,85
491631,1,R,224,A,,A,,R,224
491631,2,R,224,A,,A,,R,224
491631,3,R,143,A,,A,,R,143
491631,11,R,81,A,,A,,R,81
491640,1,R,196,A,,A,,R,196
491640,2,R,196,A,,A,,R,196
491640,3,R,196,A,,A,,R,196
491659,1,R,334,A,,A,,R,334
491659,2,R,334,A,,A,,R,334
491659,3,R,334,A,,A,,R,334
491668,1,R,408,A,,A,,R,408
491668,2,R,408,A,,A,,R,408
491668,3,R,408,A,,A,,R,408
491677,1,R,98,R,0,R,0,R,98
491677,2,R,98,R,0,R,0,R,98
491677,3,R,98,R,0,R,0,R,98
491686,1,R,80,A,,A,,R,80
491686,2,R,80,A,,A,,R,80
491686,3,R,80,A,,A,,R,80
491695,1,R,72,A,,A,,R,72
491695,2,R,72,A,,A,,R,72
491695,3,R,72,A,,A,,R,72
491701,1,R,78,A,,A,,R,78
491701,2,R,78,A,,A,,R,78
491701,3,R,78,A,,A,,R,78
491710,1,R,87,A,,A,,R,87
491710,2,R,87,A,,A,,R,87
491710,3,R,85,A,,A,,R,85
491710,11,R,2,A,,A,,R,2
491738,1,R,108,A,,A,,R,108
491738,2,R,108,A,,A,,R,108
491738,3,R,108,A,,A,,R,108
491747,1,R,56,A,,A,,R,56
491747,2,R,56,A,,A,,R,56
491747,3,R,56,A,,A,,R,56
491756,1,R,341,A,,A,,R,341
491756,2,R,341,A,,A,,R,341
491756,3,R,341,A,,A,,R,341
491765,1,R,97,A,,A,,R,97
491765,2,R,97,A,,A,,R,97
491765,3,R,97,A,,A,,R,97
491774,1,R,238,A,,A,,R,238
491774,2,R,238,A,,A,,R,238
491774,3,R,238,A,,A,,R,238
491783,1,R,180,A,,A,,R,180
491783,2,R,180,A,,A,,R,180
491783,3,R,155,A,,A,,R,155
491783,11,R,25,A,,A,,R,25
491792,1,R,133,A,,A,,R,133
491792,2,R,133,A,,A,,R,133
491792,3,R,133,A,,A,,R,133
491808,1,R,312,R,283,R,29,R,0
491808,12,R,312,R,283,R,29,R,0
491817,1,R,190,A,,A,,R,190
491817,2,R,190,A,,A,,R,190
491817,3,R,190,A,,A,,R,190
491826,1,R,172,A,,A,,R,172
491826,2,R,172,A,,A,,R,172
491826,3,R,172,A,,A,,R,172
491835,1,R,163,A,,A,,R,163
491835,2,R,163,A,,A,,R,163
491835,3,R,163,A,,A,,R,163
491844,1,R,366,R,5,R,353,R,8
491844,2,R,366,R,5,R,353,R,8
491844,3,R,358,R,5,R,353,R,0
491844,11,R,8,R,0,R,0,R,8
491853,1,R,75,A,,A,,R,75
491853,2,R,75,A,,A,,R,75
491853,3,R,75,A,,A,,R,75
491871,1,R,13,A,,A,,R,13
491871,2,R,13,A,,A,,R,13
491871,3,R,13,A,,A,,R,13
491880,1,R,214,A,,A,,R,214
491880,2,R,214,A,,A,,R,214
491880,3,R,214,A,,A,,R,214
491899,1,R,173,A,,A,,R,173
491899,2,R,173,A,,A,,R,173
491899,3,R,173,A,,A,,R,173
491905,1,R,179,A,,A,,R,179
491905,2,R,179,A,,A,,R,179
491905,3,R,179,A,,A,,R,179
491914,1,R,194,A,,A,,R,194
491914,2,R,194,A,,A,,R,194
491914,3,R,194,A,,A,,R,194
491923,1,R,544,A,,A,,R,544
491923,2,R,544,A,,A,,R,544
491923,3,R,544,A,,A,,R,544
491941,1,R,274,A,,A,,R,274
491941,2,R,274,A,,A,,R,274
491941,3,R,274,A,,A,,R,274
491950,1,R,1174,R,0,R,48,R,1126
491950,2,R,1174,R,0,R,48,R,1126
491950,3,R,230,R,0,R,48,R,182
491950,11,R,944,R,0,R,0,R,944
491978,1,R,119,A,,A,,R,119
491978,2,R,119,A,,A,,R,119
491978,3,R,119,A,,A,,R,119
491996,1,R,114,A,,A,,R,114
491996,2,R,114,A,,A,,R,114
491996,3,R,114,A,,A,,R,114
492005,1,R,107,A,,A,,R,107
492005,2,R,107,A,,A,,R,107
492005,3,R,107,A,,A,,R,107
492023,1,R,248,R,0,R,0,R,248
492023,2,R,248,R,0,R,0,R,248
492023,3,R,248,R,0,R,0,R,248
492069,1,R,151,R,3,R,74,R,74
492069,2,R,151,R,3,R,74,R,74
492069,3,R,137,R,2,R,72,R,63
492069,11,R,14,R,1,R,2,R,11
492078,1,R,203,A,,A,,R,203
492078,2,R,203,A,,A,,R,203
492078,3,R,203,A,,A,,R,203
492096,1,R,10,A,,A,,R,10
492096,2,R,10,A,,A,,R,10
492096,3,R,10,A,,A,,R,10
492139,1,R,400,R,145,R,0,R,255
492139,2,R,400,R,145,R,0,R,255
492139,3,R,400,R,145,R,0,R,255
492148,1,R,24,A,,A,,R,24
492148,2,R,24,A,,A,,R,24
492148,3,R,24,A,,A,,R,24
492209,1,R,38,A,,A,,R,38
492209,12,R,38,A,,A,,R,38
492281,1,R,53,A,,A,,R,53
492281,2,R,53,A,,A,,R,53
492281,3,R,53,A,,A,,R,53
492360,1,R,33,A,,A,,R,33
492360,2,R,33,A,,A,,R,33
492360,3,R,33,A,,A,,R,33
492421,1,R,27,A,,A,,R,27
492421,2,R,27,A,,A,,R,27
492421,3,R,27,A,,A,,R,27
492449,1,R,1009,R,0,R,0,R,1009
492449,2,R,1009,R,0,R,0,R,1009
492449,3,R,1009,R,0,R,0,R,1009
492476,1,R,528,R,256,R,261,R,11
492476,2,R,528,R,256,R,261,R,11
492476,3,R,528,R,256,R,261,R,11
492607,1,R,239,R,20,R,168,R,51
492607,2,R,4,R,4,Z,0,R,0
492607,3,R,4,R,4,Z,0,R,0
492607,12,R,235,R,16,R,168,R,51
492652,1,R,63,A,,A,,R,63
492652,2,R,63,A,,A,,R,63
492652,3,R,63,A,,A,,R,63
492661,1,R,457,A,,A,,R,457
492661,2,R,457,A,,A,,R,457
492661,3,R,457,A,,A,,R,457
492689,1,R,1083,R,43,R,384,R,656
492689,2,R,372,R,41,R,322,R,9
492689,3,R,372,R,41,R,322,R,9
492689,12,R,711,R,2,R,62,R,647
492704,1,R,238,R,0,R,86,R,152
492704,12,R,238,R,0,R,86,R,152
492722,1,R,631,R,0,R,48,R,583
492722,2,R,631,R,0,R,48,R,583
492722,3,R,631,R,0,R,48,R,583
492731,1,R,283,A,,A,,R,283
492731,2,R,283,A,,A,,R,283
492731,3,R,283,A,,A,,R,283
492759,1,R,774,R,17,R,614,R,143
492759,2,R,774,R,17,R,614,R,143
492759,3,R,773,R,17,R,613,R,143
492759,11,R,1,R,0,R,1,R,0
492801,1,R,981,R,536,R,292,R,153
492801,2,R,981,R,536,R,292,R,153
492801,3,R,895,R,496,R,288,R,111
492801,11,R,86,R,40,R,4,R,42
492935,1,R,541,A,,A,,R,541
492935,2,R,541,A,,A,,R,541
492935,3,R,541,A,,A,,R,541
492953,1,R,136,A,,A,,R,136
492953,2,R,136,A,,A,,R,136
492953,3,R,136,A,,A,,R,136
492962,1,R,4076,R,3433,R,71,R,572
492962,2,R,4076,R,3433,R,71,R,572
492962,3,R,3810,R,3170,R,70,R,570
492962,11,R,266,R,263,R,1,R,2
493071,1,R,990,R,0,R,0,R,990
493071,2,R,990,R,0,R,0,R,990
493071,3,R,990,R,0,R,0,R,990
493080,1,R,793,R,201,R,184,R,408
493080,2,R,793,R,201,R,184,R,408
493080,3,R,793,R,201,R,184,R,408
493132,1,R,1570,A,,A,,R,1570
493132,2,R,1570,A,,A,,R,1570
493132,3,R,1570,A,,A,,R,1570
493150,1,R,275,A,,A,,R,275
493150,2,R,275,A,,A,,R,275
493150,3,R,275,A,,A,,R,275
493363,1,R,145,R,145,A,,A,
493363,2,R,34,R,34,A,,A,
493363,3,R,34,R,34,A,,A,
493363,12,R,111,R,111,A,,A,
493451,1,R,137,A,,A,,R,137
493451,2,R,137,A,,A,,R,137
493451,3,R,137,A,,A,,R,137
493479,1,R,28,A,,A,,R,28
493479,2,R,28,A,,A,,R,28
493479,3,R,28,A,,A,,R,28
493488,1,R,138,R,0,R,138,R,0
493488,2,R,138,R,0,R,138,R,0
493488,3,R,138,R,0,R,138,R,0
493512,1,R,233,R,121,R,106,R,6
493512,2,R,215,R,111,R,104,R,0
493512,3,R,215,R,111,R,104,R,0
493512,12,R,18,R,10,R,2,R,6
493521,1,R,134,R,134,A,,A,
493521,2,R,134,R,134,A,,A,
493521,3,R,134,R,134,A,,A,
493549,1,R,261,A,,A,,R,261
493549,2,R,261,A,,A,,R,261
493549,3,R,261,A,,A,,R,261
493567,1,R,103,A,,A,,R,103
493567,2,R,103,A,,A,,R,103
493567,3,R,103,A,,A,,R,103
493585,1,R,75,A,,A,,R,75
493585,2,R,75,A,,A,,R,75
493585,3,R,75,A,,A,,R,75
493594,1,R,62,A,,A,,R,62
493594,2,R,62,A,,A,,R,62
493594,3,R,62,A,,A,,R,62
493600,1,R,170,A,,A,,R,170
493600,2,R,170,A,,A,,R,170
493600,3,R,170,A,,A,,R,170
493619,1,R,28,R,1,R,27,R,0
493619,2,R,28,R,1,R,27,R,0
493619,3,R,28,R,1,R,27,R,0
493628,1,R,206,A,,A,,R,206
493628,2,R,206,A,,A,,R,206
493628,3,R,206,A,,A,,R,206
493637,1,R,74,A,,A,,R,74
493637,2,R,74,A,,A,,R,74
493637,3,R,74,A,,A,,R,74
493646,1,R,243,A,,A,,R,243
493646,2,R,243,A,,A,,R,243
493646,3,R,243,A,,A,,R,243
493664,1,R,82,A,,A,,R,82
493664,2,R,82,A,,A,,R,82
493664,3,R,82,A,,A,,R,82
493673,1,R,208,R,0,R,208,R,0
493673,2,R,5,R,0,R,5,R,0
493673,3,R,5,R,0,R,5,R,0
493673,12,R,203,Z,0,R,203,R,0
493682,1,R,213,R,0,R,213,R,0
493682,2,R,213,R,0,R,213,R,0
493682,3,R,213,R,0,R,213,R,0
493691,1,R,57,A,,A,,R,57
493691,2,R,57,A,,A,,R,57
493691,3,R,57,A,,A,,R,57
493707,1,R,94,A,,A,,R,94
493707,2,R,94,A,,A,,R,94
493707,3,R,94,A,,A,,R,94
493716,1,R,72,A,,A,,R,72
493716,2,R,72,A,,A,,R,72
493716,3,R,72,A,,A,,R,72
493743,1,R,429,A,,A,,R,429
493743,2,R,429,A,,A,,R,429
493743,3,R,429,A,,A,,R,429
493752,1,R,6,R,0,R,6,R,0
493752,2,R,6,R,0,R,6,R,0
493752,3,R,6,R,0,R,6,R,0
493761,1,R,239,A,,A,,R,239
493761,2,R,239,A,,A,,R,239
493761,3,R,239,A,,A,,R,239
493770,1,R,42,A,,A,,R,42
493770,2,R,42,A,,A,,R,42
493770,3,R,42,A,,A,,R,42
493798,1,R,111,A,,A,,R,111
493798,2,R,111,A,,A,,R,111
493798,3,R,111,A,,A,,R,111
493804,1,R,171,A,,A,,R,171
493804,2,R,171,A,,A,,R,171
493804,3,R,171,A,,A,,R,171
493813,1,R,395,A,,A,,R,395
493813,2,R,395,A,,A,,R,395
493813,3,R,395,A,,A,,R,395
493822,1,R,520,R,164,R,328,R,28
493822,2,R,520,R,164,R,328,R,28
493822,3,R,518,R,164,R,327,R,27
493822,11,R,2,R,0,R,1,R,1
493831,1,R,46,A,,A,,R,46
493831,2,R,46,A,,A,,R,46
493831,3,R,46,A,,A,,R,46
493868,1,R,89,A,,A,,R,89
493868,2,R,89,A,,A,,R,89
493868,3,R,89,A,,A,,R,89
493895,1,R,2631,R,2027,R,139,R,465
493895,2,R,1357,R,852,R,40,R,465
493895,3,R,1357,R,852,R,40,R,465
493895,12,R,1274,R,1175,R,99,R,0
493910,1,R,66,A,,A,,R,66
493910,2,R,66,A,,A,,R,66
493910,3,R,66,A,,A,,R,66
493947,1,R,628,A,,A,,R,628
493947,12,R,628,A,,A,,R,628
493956,1,R,45,R,20,R,0,R,25
493956,12,R,45,R,20,R,0,R,25
493974,1,R,90,R,16,R,19,R,55
493974,2,R,74,R,10,R,17,R,47
493974,3,R,73,R,10,R,17,R,46
493974,11,R,1,Z,0,Z,0,R,1
493974,12,R,16,R,6,R,2,R,8
493992,1,R,305,R,2,R,276,R,27
493992,2,R,305,R,2,R,276,R,27
493992,3,R,305,R,2,R,276,R,27
494010,1,R,131,R,36,R,55,R,40
494010,12,R,131,R,36,R,55,R,40
494029,1,R,34,A,,A,,R,34
494029,2,R,34,A,,A,,R,34
494029,3,R,34,A,,A,,R,34
494162,1,R,607,Z,0,R,607,R,0
494162,2,R,607,Z,0,R,607,R,0
494162,3,R,607,Z,0,R,607,R,0
494232,1,R,229,A,,A,,R,229
494232,2,R,229,A,,A,,R,229
494232,3,R,229,A,,A,,R,229
494250,1,R,1426,R,0,R,1426,R,0
494250,2,R,1426,R,0,R,1426,R,0
494250,3,R,1426,R,0,R,1426,R,0
494278,1,R,571,R,233,R,292,R,46
494278,2,R,571,R,233,R,292,R,46
494278,3,R,571,R,233,R,292,R,46
494287,1,R,850,R,313,R,474,R,63
494287,2,R,850,R,313,R,474,R,63
494287,3,R,850,R,313,R,474,R,63
494357,1,R,1949,A,,A,,R,1949
494357,2,R,1949,A,,A,,R,1949
494357,3,R,1949,A,,A,,R,1949
494436,1,R,487,R,0,R,352,R,135
494436,2,R,487,R,0,R,352,R,135
494436,3,R,487,R,0,R,352,R,135
494463,1,R,285,A,,A,,R,285
494463,2,R,285,A,,A,,R,285
494463,3,R,285,A,,A,,R,285
494472,1,R,20,A,,A,,R,20
494472,2,R,20,A,,A,,R,20
494472,3,R,20,A,,A,,R,20
494524,1,R,239,A,,A,,R,239
494524,2,R,239,A,,A,,R,239
494524,3,R,239,A,,A,,R,239
494542,1,R,61,A,,A,,R,61
494542,2,R,61,A,,A,,R,61
494542,3,R,61,A,,A,,R,61
494551,1,R,25,Z,0,R,25,R,0
494551,12,R,25,Z,0,R,25,R,0
494588,1,R,691,R,0,R,0,R,691
494588,2,R,691,R,0,R,0,R,691
494588,3,R,691,R,0,R,0,R,691
494597,1,R,172,R,33,R,63,R,76
494597,2,R,128,R,15,R,41,R,72
494597,3,R,93,R,15,R,35,R,43
494597,11,R,35,Z,0,R,6,R,29
494597,12,R,44,R,18,R,22,R,4
494603,1,R,3622,R,1972,R,428,R,1222
494603,2,R,547,R,194,R,82,R,271
494603,3,R,528,R,180,R,82,R,266
494603,11,R,19,R,14,R,0,R,5
494603,12,R,3075,R,1778,R,346,R,951
494621,1,R,299,Z,0,R,26,R,273
494621,2,R,295,Z,0,R,22,R,273
494621,3,R,295,Z,0,R,22,R,273
494621,12,R,4,Z,0,R,4,R,0
494630,1,R,47,A,,A,,R,47
494630,2,R,47,A,,A,,R,47
494630,3,R,47,A,,A,,R,47
494649,1,R,92,A,,A,,R,92
494649,2,R,92,A,,A,,R,92
494649,3,R,92,A,,A,,R,92
494658,1,R,89,A,,A,,R,89
494658,2,R,89,A,,A,,R,89
494658,3,R,89,A,,A,,R,89
494685,1,R,569,R,181,R,299,R,89
494685,2,R,569,R,181,R,299,R,89
494685,3,R,566,R,178,R,299,R,89
494685,11,R,3,R,3,Z,0,R,0
494694,1,R,168,R,1,R,101,R,66
494694,2,R,168,R,1,R,101,R,66
494694,3,R,168,R,1,R,101,R,66
494700,1,R,66,A,,A,,R,66
494700,2,R,66,A,,A,,R,66
494700,3,R,66,A,,A,,R,66
494719,1,R,237,A,,A,,R,237
494719,2,R,237,A,,A,,R,237
494719,3,R,237,A,,A,,R,237
494728,1,R,74,A,,A,,R,74
494728,2,R,74,A,,A,,R,74
494728,3,R,74,A,,A,,R,74
494737,1,R,211,A,,A,,R,211
494737,2,R,211,A,,A,,R,211
494737,3,R,211,A,,A,,R,211
494746,1,R,871,Z,0,R,871,R,0
494746,2,R,871,Z,0,R,871,R,0
494746,3,R,871,Z,0,R,871,R,0
494755,1,R,91,R,50,R,1,R,40
494755,2,R,91,R,50,R,1,R,40
494755,3,R,91,R,50,R,1,R,40
494764,1,R,419,A,,A,,R,419
494764,2,R,419,A,,A,,R,419
494764,3,R,419,A,,A,,R,419
494807,1,R,700,R,0,R,155,R,545
494807,2,R,71,R,0,R,34,R,37
494807,3,R,71,R,0,R,34,R,37
494807,12,R,629,R,0,R,121,R,508
494843,1,R,956,R,0,R,764,R,192
494843,2,R,956,R,0,R,764,R,192
494843,3,R,956,R,0,R,764,R,192
494852,1,R,1473,R,344,R,721,R,408
494852,2,R,1473,R,344,R,721,R,408
494852,3,R,1473,R,344,R,721,R,408
494898,1,R,93,A,,A,,R,93
494898,2,R,93,A,,A,,R,93
494898,3,R,93,A,,A,,R,93
494904,1,R,605,A,,A,,R,605
494904,2,R,605,A,,A,,R,605
494904,3,R,605,A,,A,,R,605
494959,1,R,166,R,39,R,4,R,123
494959,2,R,166,R,39,R,4,R,123
494959,3,R,106,R,35,R,3,R,68
494959,11,R,60,R,4,R,1,R,55
494986,1,R,48,R,0,R,0,R,48
494986,2,R,48,R,0,R,0,R,48
494986,3,R,48,R,0,R,0,R,48
494995,1,R,56,A,,A,,R,56
494995,2,R,56,A,,A,,R,56
494995,3,R,56,A,,A,,R,56
495013,1,R,382,A,,A,,R,382
495013,2,R,382,A,,A,,R,382
495013,3,R,381,A,,A,,R,381
495013,11,R,1,A,,A,,R,1
495031,1,R,94,A,,A,,R,94
495031,2,R,94,A,,A,,R,94
495031,3,R,94,A,,A,,R,94
495040,1,R,118,A,,A,,R,118
495040,2,R,118,A,,A,,R,118
495040,3,R,118,A,,A,,R,118
495059,1,R,69,A,,A,,R,69
495059,2,R,69,A,,A,,R,69
495059,3,R,69,A,,A,,R,69
495077,1,R,170,A,,A,,R,170
495077,2,R,170,A,,A,,R,170
495077,3,R,170,A,,A,,R,170
495101,1,R,88,A,,A,,R,88
495101,2,R,88,A,,A,,R,88
495101,3,R,88,A,,A,,R,88
495110,1,R,46,A,,A,,R,46
495110,2,R,46,A,,A,,R,46
495110,3,R,46,A,,A,,R,46
495129,1,R,334,A,,A,,R,334
495129,2,R,334,A,,A,,R,334
495129,3,R,334,A,,A,,R,334
495138,1,P,27,A,,A,,P,27
495138,2,P,27,A,,A,,P,27
495138,3,P,27,A,,A,,P,27
495147,1,R,142,R,0,R,68,R,74
495147,2,R,142,R,0,R,68,R,74
495147,3,R,142,R,0,R,68,R,74
495174,1,R,52,R,1,R,2,R,49
495174,2,R,52,R,1,R,2,R,49
495174,3,R,52,R,1,R,2,R,49
495183,1,R,180,R,0,R,179,R,1
495183,2,R,180,R,0,R,179,R,1
495183,3,R,180,R,0,R,179,R,1
495192,1,R,1035,Z,0,R,455,R,580
495192,12,R,1035,Z,0,R,455,R,580
495208,1,R,33,A,,A,,R,33
495208,2,R,33,A,,A,,R,33
495208,3,R,33,A,,A,,R,33
495217,1,R,58,A,,A,,R,58
495217,2,R,58,A,,A,,R,58
495217,3,R,58,A,,A,,R,58
495226,1,R,23,A,,A,,R,23
495226,2,R,23,A,,A,,R,23
495226,3,R,23,A,,A,,R,23
495235,1,R,36,A,,A,,R,36
495235,2,R,36,A,,A,,R,36
495235,3,R,36,A,,A,,R,36
495244,1,R,103,A,,A,,R,103
495244,2,R,103,A,,A,,R,103
495244,3,R,103,A,,A,,R,103
495253,1,R,65,A,,A,,R,65
495253,2,R,65,A,,A,,R,65
495253,3,R,65,A,,A,,R,65
495262,1,R,93,A,,A,,R,93
495262,2,R,93,A,,A,,R,93
495262,3,R,93,A,,A,,R,93
495271,1,R,217,R,157,R,58,R,2
495271,2,R,217,R,157,R,58,R,2
495271,3,R,189,R,133,R,55,R,1
495271,11,R,28,R,24,R,3,R,1
495280,1,R,41,R,5,R,0,R,36
495280,2,R,41,R,5,R,0,R,36
495280,3,R,33,R,2,R,0,R,31
495280,11,R,8,R,3,R,0,R,5
495299,1,R,201,A,,A,,R,201
495299,2,R,201,A,,A,,R,201
495299,3,R,201,A,,A,,R,201
495305,1,R,197,A,,A,,R,197
495305,2,R,197,A,,A,,R,197
495305,3,R,197,A,,A,,R,197
495314,1,R,570,A,,A,,R,570
495314,12,R,570,A,,A,,R,570
495341,1,R,78,A,,A,,R,78
495341,2,R,78,A,,A,,R,78
495341,3,R,78,A,,A,,R,78
495350,1,R,8,A,,A,,R,8
495350,2,R,8,A,,A,,R,8
495350,3,R,8,A,,A,,R,8
495369,1,R,123,A,,A,,R,123
495369,2,R,123,A,,A,,R,123
495369,3,R,123,A,,A,,R,123
495378,1,R,158,A,,A,,R,158
495378,2,R,158,A,,A,,R,158
495378,3,R,158,A,,A,,R,158
495387,1,R,59,A,,A,,R,59
495387,2,R,59,A,,A,,R,59
495387,3,R,59,A,,A,,R,59
495411,1,R,213,A,,A,,R,213
495411,2,R,213,A,,A,,R,213
495411,3,R,213,A,,A,,R,213
495420,1,R,421,Z,0,R,421,R,0
495420,2,R,421,Z,0,R,421,R,0
495420,3,R,421,Z,0,R,421,R,0
495439,1,R,531,Z,0,R,531,R,0
495439,2,R,531,Z,0,R,531,R,0
495439,3,R,531,Z,0,R,531,R,0
495448,1,R,729,Z,0,R,729,R,0
495448,2,R,729,Z,0,R,729,R,0
495448,3,R,729,Z,0,R,729,R,0
495457,1,R,1439,Z,0,R,1439,R,0
495457,2,R,1439,Z,0,R,1439,R,0
495457,3,R,1439,Z,0,R,1439,R,0
495518,1,R,149,A,,A,,R,149
495518,2,R,149,A,,A,,R,149
495518,3,R,149,A,,A,,R,149
495730,1,R,156,A,,A,,R,156
495730,2,R,156,A,,A,,R,156
495730,3,R,156,A,,A,,R,156
495776,1,R,56,A,,A,,R,56
495776,2,R,56,A,,A,,R,56
495776,3,R,56,A,,A,,R,56
495794,1,R,410,A,,A,,R,410
495794,2,R,410,A,,A,,R,410
495794,3,R,410,A,,A,,R,410
495837,1,R,423,R,0,R,290,R,133
495837,2,R,423,R,0,R,290,R,133
495837,3,R,423,R,0,R,290,R,133
495916,1,R,145,R,145,A,,A,
495916,2,R,145,R,145,A,,A,
495916,3,R,11,R,11,A,,A,
495916,11,R,134,R,134,A,,A,
495934,1,R,128,R,0,R,0,R,128
495934,2,R,128,R,0,R,0,R,128
495934,3,R,128,R,0,R,0,R,128
495952,1,R,427,R,0,R,55,R,372
495952,2,R,427,R,0,R,55,R,372
495952,3,R,379,R,0,R,55,R,324
495952,11,R,48,R,0,R,0,R,48
495961,1,R,223,R,0,R,67,R,156
495961,2,R,223,R,0,R,67,R,156
495961,3,R,223,R,0,R,67,R,156
495970,1,R,537,A,,A,,R,537
495970,2,R,537,A,,A,,R,537
495970,3,R,537,A,,A,,R,537
495998,1,R,146,R,0,R,0,R,146
495998,2,R,146,R,0,R,0,R,146
495998,3,R,146,R,0,R,0,R,146
496043,1,R,564,R,0,R,118,R,446
496043,12,R,564,R,0,R,118,R,446
496052,1,R,37,A,,A,,R,37
496052,2,R,37,A,,A,,R,37
496052,3,R,37,A,,A,,R,37
496061,1,R,449,R,0,R,0,R,449
496061,2,R,449,R,0,R,0,R,449
496061,3,R,449,R,0,R,0,R,449
496265,1,R,89,A,,A,,R,89
496265,2,R,89,A,,A,,R,89
496265,3,R,89,A,,A,,R,89
496283,1,R,356,R,14,R,258,R,84
496283,2,R,330,R,14,R,232,R,84
496283,3,R,316,Z,0,R,232,R,84
496283,11,R,14,R,14,Z,0,R,0
496283,12,R,26,Z,0,R,26,R,0
496326,1,R,741,R,25,R,650,R,66
496326,2,R,685,R,25,R,594,R,66
496326,3,R,660,Z,0,R,594,R,66
496326,11,R,25,R,25,Z,0,R,0
496326,12,R,56,Z,0,R,56,R,0
496371,1,R,28,A,,A,,R,28
496371,2,R,28,A,,A,,R,28
496371,3,R,28,A,,A,,R,28
496399,1,R,69,A,,A,,R,69
496399,2,R,69,A,,A,,R,69
496399,3,R,69,A,,A,,R,69
496405,1,R,45,R,45,R,0,R,0
496405,2,R,45,R,45,R,0,R,0
496405,3,R,45,R,45,R,0,R,0
496423,1,R,35,A,,A,,R,35
496423,2,R,35,A,,A,,R,35
496423,3,R,35,A,,A,,R,35
496469,1,R,217,R,216,R,1,R,0
496469,12,R,217,R,216,R,1,R,0
496478,1,R,109,A,,A,,R,109
496478,2,R,109,A,,A,,R,109
496478,3,R,109,A,,A,,R,109
496520,1,R,138,Z,0,R,35,R,103
496520,2,R,138,Z,0,R,35,R,103
496520,3,R,138,Z,0,R,35,R,103
496539,1,R,131,A,,A,,R,131
496539,2,R,131,A,,A,,R,131
496539,3,R,131,A,,A,,R,131
496575,1,R,121,A,,A,,R,121
496575,2,R,121,A,,A,,R,121
496575,3,R,121,A,,A,,R,121
496618,1,R,284,R,284,A,,A,
496618,2,R,284,R,284,A,,A,
496618,3,R,284,R,284,A,,A,
496627,1,R,1021,R,0,R,7,R,1014
496627,2,R,53,A,,A,,R,53
496627,3,R,53,A,,A,,R,53
496627,12,R,968,R,0,R,7,R,961
496636,1,R,334,R,0,R,56,R,278
496636,2,R,334,R,0,R,56,R,278
496636,3,R,334,R,0,R,56,R,278
496645,1,R,331,A,,A,,R,331
496645,2,R,331,A,,A,,R,331
496645,3,R,331,A,,A,,R,331
496654,1,R,79,R,0,R,51,R,28
496654,2,R,79,R,0,R,51,R,28
496654,3,R,79,R,0,R,51,R,28
496663,1,R,131,A,,A,,R,131
496663,2,R,131,A,,A,,R,131
496663,3,R,131,A,,A,,R,131
496672,1,R,51,A,,A,,R,51
496672,2,R,51,A,,A,,R,51
496672,3,R,51,A,,A,,R,51
496681,1,R,142,A,,A,,R,142
496681,2,R,142,A,,A,,R,142
496681,3,R,142,A,,A,,R,142
496690,1,R,64,A,,A,,R,64
496690,2,R,64,A,,A,,R,64
496690,3,R,64,A,,A,,R,64
496706,1,R,378,R,378,A,,A,
496706,2,R,373,R,373,A,,A,
496706,3,R,373,R,373,A,,A,
496706,12,R,5,R,5,A,,A,
496715,1,R,206,A,,A,,R,206
496715,2,R,206,A,,A,,R,206
496715,3,R,206,A,,A,,R,206
496724,1,R,31,A,,A,,R,31
496724,2,R,31,A,,A,,R,31
496724,3,R,31,A,,A,,R,31
496733,1,R,161,A,,A,,R,161
496733,2,R,161,A,,A,,R,161
496733,3,R,161,A,,A,,R,161
496751,1,R,297,A,,A,,R,297
496751,2,R,297,A,,A,,R,297
496751,3,R,297,A,,A,,R,297
496803,1,R,30,A,,A,,R,30
496803,2,R,30,A,,A,,R,30
496803,3,R,30,A,,A,,R,30
496894,1,R,44,A,,A,,R,44
496894,2,R,44,A,,A,,R,44
496894,3,R,44,A,,A,,R,44
496919,1,R,1302,A,,A,,R,1302
496919,2,R,1302,A,,A,,R,1302
496919,3,R,1302,A,,A,,R,1302
496955,1,R,1070,A,,A,,R,1070
496955,2,R,1070,A,,A,,R,1070
496955,3,R,1070,A,,A,,R,1070
496964,1,R,27,A,,A,,R,27
496964,2,R,27,A,,A,,R,27
496964,3,R,27,A,,A,,R,27
496973,1,R,491,R,138,R,321,R,32
496973,2,R,491,R,138,R,321,R,32
496973,3,R,491,R,138,R,321,R,32
496991,1,R,920,R,0,R,920,R,0
496991,2,R,920,R,0,R,920,R,0
496991,3,R,920,R,0,R,920,R,0
497000,1,R,155,Z,0,R,155,R,0
497000,2,R,155,Z,0,R,155,R,0
497000,3,R,155,Z,0,R,155,R,0
497037,1,R,1536,R,1536,A,,A,
497037,2,R,1536,R,1536,A,,A,
497037,3,R,1536,R,1536,A,,A,
497046,1,R,10714,R,5822,R,2138,R,2754
497046,2,R,10714,R,5822,R,2138,R,2754
497046,3,R,7130,R,4527,R,1589,R,1014
497046,11,R,3584,R,1295,R,549,R,1740
497073,1,R,863,A,,A,,R,863
497073,2,R,863,A,,A,,R,863
497073,3,R,863,A,,A,,R,863
497107,1,R,562,R,547,R,0,R,15
497107,2,R,191,R,191,R,0,R,0
497107,3,R,187,R,187,R,0,R,0
497107,11,R,4,R,4,R,0,R,0
497107,12,R,371,R,356,R,0,R,15
497116,1,R,1323,R,0,R,1323,R,0
497116,2,R,1323,R,0,R,1323,R,0
497116,3,R,1323,R,0,R,1323,R,0
497125,1,R,1108,R,0,R,1108,R,0
497125,2,R,1108,R,0,R,1108,R,0
497125,3,R,1108,R,0,R,1108,R,0
497161,1,R,400,A,,A,,R,400
497161,2,R,400,A,,A,,R,400
497161,3,R,400,A,,A,,R,400
497189,1,R,82,A,,A,,R,82
497189,2,R,82,A,,A,,R,82
497189,3,R,82,A,,A,,R,82
497198,1,R,389,Z,0,R,2,R,387
497198,2,R,389,Z,0,R,2,R,387
497198,3,R,389,Z,0,R,2,R,387
497204,1,R,120,A,,A,,R,120
497204,2,R,120,A,,A,,R,120
497204,3,R,120,A,,A,,R,120
497213,1,R,50,A,,A,,R,50
497213,2,R,50,A,,A,,R,50
497213,3,R,45,A,,A,,R,45
497213,11,R,5,A,,A,,R,5
497222,1,R,73,A,,A,,R,73
497222,2,R,73,A,,A,,R,73
497222,3,R,73,A,,A,,R,73
497268,1,R,399,Z,0,R,399,R,0
497268,2,R,399,Z,0,R,399,R,0
497268,3,R,399,Z,0,R,399,R,0
497277,1,R,991,R,81,R,910,R,0
497277,2,R,991,R,81,R,910,R,0
497277,3,R,991,R,81,R,910,R,0
497286,1,R,1439,A,,A,,R,1439
497286,2,R,1439,A,,A,,R,1439
497286,3,R,1439,A,,A,,R,1439
497301,1,R,522,A,,A,,R,522
497301,2,R,522,A,,A,,R,522
497301,3,R,522,A,,A,,R,522
497310,1,R,342,A,,A,,R,342
497310,2,R,342,A,,A,,R,342
497310,3,R,342,A,,A,,R,342
497329,1,R,627,Z,0,R,547,R,80
497329,2,R,627,Z,0,R,547,R,80
497329,3,R,627,Z,0,R,547,R,80
497338,1,R,657,Z,0,R,657,R,0
497338,2,R,657,Z,0,R,657,R,0
497338,3,R,657,Z,0,R,657,R,0
497356,1,R,74,A,,A,,R,74
497356,2,R,74,A,,A,,R,74
497356,3,R,74,A,,A,,R,74
497365,1,R,56,A,,A,,R,56
497365,2,R,56,A,,A,,R,56
497365,3,R,56,A,,A,,R,56
497374,1,R,280,R,0,R,278,R,2
497374,2,R,280,R,0,R,278,R,2
497374,3,R,280,R,0,R,278,R,2
497383,1,R,61,A,,A,,R,61
497383,2,R,61,A,,A,,R,61
497383,3,R,61,A,,A,,R,61
497392,1,R,160,A,,A,,R,160
497392,2,R,160,A,,A,,R,160
497392,3,R,160,A,,A,,R,160
497408,1,R,179,R,179,A,,A,
497408,2,R,157,R,157,A,,A,
497408,3,R,154,R,154,A,,A,
497408,11,R,3,R,3,A,,A,
497408,12,R,22,R,22,A,,A,
497417,1,R,62,A,,A,,R,62
497417,2,R,62,A,,A,,R,62
497417,3,R,62,A,,A,,R,62
497426,1,R,267,A,,A,,R,267
497426,2,R,267,A,,A,,R,267
497426,3,R,267,A,,A,,R,267
497435,1,R,111,A,,A,,R,111
497435,2,R,111,A,,A,,R,111
497435,3,R,111,A,,A,,R,111
497444,1,R,31,A,,A,,R,31
497444,2,R,31,A,,A,,R,31
497444,3,R,31,A,,A,,R,31
497453,1,R,11,A,,A,,R,11
497453,2,R,2,A,,A,,R,2
497453,3,R,2,A,,A,,R,2
497453,12,R,9,A,,A,,R,9
497462,1,R,157,R,87,R,38,R,32
497462,2,R,119,R,87,R,20,R,12
497462,3,R,6,R,0,R,6,R,0
497462,11,R,113,R,87,R,14,R,12
497462,12,R,38,R,0,R,18,R,20
497471,1,R,18,A,,A,,R,18
497471,2,R,18,A,,A,,R,18
497471,3,R,18,A,,A,,R,18
497480,1,R,1768,R,1768,A,,A,
497480,2,R,1636,R,1636,A,,A,
497480,3,R,1636,R,1636,A,,A,
497480,12,R,132,R,132,A,,A,
497499,1,R,49,R,0,R,0,R,49
497499,2,R,49,R,0,R,0,R,49
497499,3,R,49,R,0,R,0,R,49
497657,1,R,57,A,,A,,R,57
497657,2,R,57,A,,A,,R,57
497657,3,R,57,A,,A,,R,57
497675,1,R,42,A,,A,,R,42
497675,2,R,42,A,,A,,R,42
497675,3,R,42,A,,A,,R,42
497684,1,R,102,A,,A,,R,102
497684,2,R,102,A,,A,,R,102
497684,3,R,102,A,,A,,R,102
497693,1,R,227,A,,A,,R,227
497693,12,R,227,A,,A,,R,227
497718,1,R,95,R,74,R,17,R,4
497718,12,R,95,R,74,R,17,R,4
497736,1,R,121,A,,A,,R,121
497736,2,R,121,A,,A,,R,121
497736,3,R,121,A,,A,,R,121
497745,1,R,439,A,,A,,R,439
497745,2,R,439,A,,A,,R,439
497745,3,R,439,A,,A,,R,439
497824,1,R,349,R,349,A,,A,
497824,2,R,349,R,349,A,,A,
497824,3,R,347,R,347,A,,A,
497824,11,R,2,R,2,A,,A,
497833,1,R,235,R,0,R,68,R,167
497833,2,R,235,R,0,R,68,R,167
497833,3,R,233,R,0,R,68,R,165
497833,11,R,2,R,0,R,0,R,2
497888,1,R,204,A,,A,,R,204
497888,2,R,204,A,,A,,R,204
497888,3,R,204,A,,A,,R,204
497897,1,R,370,A,,A,,R,370
497897,2,R,370,A,,A,,R,370
497897,3,R,370,A,,A,,R,370
497912,1,R,93,Z,0,R,93,R,0
497912,2,R,93,Z,0,R,93,R,0
497912,3,R,93,Z,0,R,93,R,0
497949,1,R,1423,A,,A,,R,1423
497949,2,R,1423,A,,A,,R,1423
497949,3,R,1423,A,,A,,R,1423
497958,1,R,1006,A,,A,,R,1006
497958,2,R,1006,A,,A,,R,1006
497958,3,R,1006,A,,A,,R,1006
498003,1,R,456,A,,A,,R,456
498003,2,R,456,A,,A,,R,456
498003,3,R,456,A,,A,,R,456
498012,1,R,97,A,,A,,R,97
498012,2,R,97,A,,A,,R,97
498012,3,R,97,A,,A,,R,97
498030,1,R,872,A,,A,,R,872
498030,2,R,872,A,,A,,R,872
498030,3,R,872,A,,A,,R,872
498049,1,R,602,Z,0,R,602,R,0
498049,2,R,602,Z,0,R,602,R,0
498049,3,R,602,Z,0,R,602,R,0
498076,1,R,590,R,0,R,590,R,0
498076,2,R,590,R,0,R,590,R,0
498076,3,R,590,R,0,R,590,R,0
498085,1,R,899,R,0,R,899,R,0
498085,2,R,899,R,0,R,899,R,0
498085,3,R,899,R,0,R,899,R,0
498094,1,R,520,R,0,R,520,R,0
498094,2,R,520,R,0,R,520,R,0
498094,3,R,520,R,0,R,520,R,0
498100,1,R,899,R,0,R,899,R,0
498100,2,R,899,R,0,R,899,R,0
498100,3,R,899,R,0,R,899,R,0
498119,1,R,281,R,0,R,281,R,0
498119,2,R,281,R,0,R,281,R,0
498119,3,R,281,R,0,R,281,R,0
498289,1,R,71,R,69,R,0,R,2
498289,12,R,71,R,69,R,0,R,2
498298,1,R,121,A,,A,,R,121
498298,2,R,121,A,,A,,R,121
498298,3,R,121,A,,A,,R,121
498322,1,R,153,A,,A,,R,153
498322,2,R,153,A,,A,,R,153
498322,3,R,153,A,,A,,R,153
498331,1,R,183,A,,A,,R,183
498331,2,R,183,A,,A,,R,183
498331,3,R,183,A,,A,,R,183
498340,1,R,155,R,0,R,68,R,87
498340,2,R,155,R,0,R,68,R,87
498340,3,R,155,R,0,R,68,R,87
498359,1,R,150,A,,A,,R,150
498359,2,R,150,A,,A,,R,150
498359,3,R,150,A,,A,,R,150
498368,1,R,16,A,,A,,R,16
498368,2,R,16,A,,A,,R,16
498368,3,R,16,A,,A,,R,16
498386,1,R,132,A,,A,,R,132
498386,2,R,132,A,,A,,R,132
498386,3,R,132,A,,A,,R,132
498401,1,R,70,A,,A,,R,70
498401,2,R,70,A,,A,,R,70
498401,3,R,70,A,,A,,R,70
498410,1,R,84,A,,A,,R,84
498410,2,R,84,A,,A,,R,84
498410,3,R,84,A,,A,,R,84
498447,1,R,378,Z,0,R,378,R,0
498447,2,R,378,Z,0,R,378,R,0
498447,3,R,378,Z,0,R,378,R,0
498456,1,R,379,Z,0,R,379,R,0
498456,2,R,379,Z,0,R,379,R,0
498456,3,R,379,Z,0,R,379,R,0
498474,1,R,1174,R,0,R,1174,R,0
498474,2,R,1174,R,0,R,1174,R,0
498474,3,R,1174,R,0,R,1174,R,0
498483,1,R,214,R,0,R,214,R,0
498483,2,R,214,R,0,R,214,R,0
498483,3,R,214,R,0,R,214,R,0
498553,1,R,136,R,0,R,100,R,36
498553,2,R,136,R,0,R,100,R,36
498553,3,R,136,R,0,R,100,R,36
498562,1,R,12365,R,1704,R,8449,R,2212
498562,2,R,10876,R,840,R,7949,R,2087
498562,3,R,9903,R,468,R,7653,R,1782
498562,11,R,973,R,372,R,296,R,305
498562,12,R,1489,R,864,R,500,R,125
498571,1,R,13624,R,5027,R,6763,R,1834
498571,2,R,9288,R,1885,R,5797,R,1606
498571,3,R,8898,R,1557,R,5783,R,1558
498571,11,R,390,R,328,R,14,R,48
498571,12,R,4336,R,3142,R,966,R,228
498623,1,R,117,R,1,R,50,R,66
498623,2,R,117,R,1,R,50,R,66
498623,3,R,110,R,0,R,50,R,60
498623,11,R,7,R,1,R,0,R,6
498641,1,R,36,R,0,R,0,R,36
498641,2,R,36,R,0,R,0,R,36
498641,3,R,36,R,0,R,0,R,36
498669,1,R,73,A,,A,,R,73
498669,2,R,73,A,,A,,R,73
498669,3,R,73,A,,A,,R,73
498739,1,R,31,A,,A,,R,31
498739,2,R,31,A,,A,,R,31
498739,3,R,31,A,,A,,R,31
498748,1,R,32,A,,A,,R,32
498748,2,R,32,A,,A,,R,32
498748,3,R,32,A,,A,,R,32
498757,1,R,206,A,,A,,R,206
498757,2,R,206,A,,A,,R,206
498757,3,R,206,A,,A,,R,206
498766,1,R,62,A,,A,,R,62
498766,2,R,62,A,,A,,R,62
498766,3,R,62,A,,A,,R,62
498775,1,R,160,A,,A,,R,160
498775,2,R,160,A,,A,,R,160
498775,3,R,160,A,,A,,R,160
498784,1,R,38,A,,A,,R,38
498784,2,R,38,A,,A,,R,38
498784,3,R,38,A,,A,,R,38
498793,1,R,27,A,,A,,R,27
498793,2,R,27,A,,A,,R,27
498793,3,R,27,A,,A,,R,27
498809,1,R,177,A,,A,,R,177
498809,2,R,177,A,,A,,R,177
498809,3,R,177,A,,A,,R,177
498818,1,R,49,A,,A,,R,49
498818,2,R,49,A,,A,,R,49
498818,3,R,49,A,,A,,R,49
498827,1,R,70,A,,A,,R,70
498827,2,R,70,A,,A,,R,70
498827,3,R,70,A,,A,,R,70
498836,1,R,46,A,,A,,R,46
498836,2,R,46,A,,A,,R,46
498836,3,R,46,A,,A,,R,46
498845,1,R,68,A,,A,,R,68
498845,2,R,68,A,,A,,R,68
498845,3,R,68,A,,A,,R,68
498854,1,R,73,A,,A,,R,73
498854,2,R,73,A,,A,,R,73
498854,3,R,73,A,,A,,R,73
498863,1,R,105,A,,A,,R,105
498863,2,R,105,A,,A,,R,105
498863,3,R,105,A,,A,,R,105
498872,1,R,183,A,,A,,R,183
498872,2,R,183,A,,A,,R,183
498872,3,R,183,A,,A,,R,183
498881,1,R,45,A,,A,,R,45
498881,2,R,45,A,,A,,R,45
498881,3,R,45,A,,A,,R,45
498890,1,R,66,A,,A,,R,66
498890,2,R,66,A,,A,,R,66
498890,3,R,66,A,,A,,R,66
498906,1,R,108,A,,A,,R,108
498906,2,R,108,A,,A,,R,108
498906,3,R,108,A,,A,,R,108
498915,1,R,44,R,44,A,,A,
498915,12,R,44,R,44,A,,A,
498924,1,R,108,R,97,R,6,R,5
498924,2,R,51,R,49,R,0,R,2
498924,3,R,51,R,49,R,0,R,2
498924,12,R,57,R,48,R,6,R,3
498951,1,R,74,A,,A,,R,74
498951,2,R,74,A,,A,,R,74
498951,3,R,74,A,,A,,R,74
499033,1,R,25,A,,A,,R,25
499033,2,R,25,A,,A,,R,25
499033,3,R,25,A,,A,,R,25
499079,1,R,397,A,,A,,R,397
499079,2,R,397,A,,A,,R,397
499079,3,R,397,A,,A,,R,397
499103,1,R,24,A,,A,,R,24
499103,2,R,24,A,,A,,R,24
499103,3,R,24,A,,A,,R,24
499130,1,R,250,A,,A,,R,250
499130,2,R,250,A,,A,,R,250
499130,3,R,250,A,,A,,R,250
499149,1,R,223,R,193,R,30,R,0
499149,2,R,223,R,193,R,30,R,0
499149,3,R,223,R,193,R,30,R,0
499176,1,R,539,R,539,A,,A,
499176,2,R,539,R,539,A,,A,
499176,3,R,503,R,503,A,,A,
499176,11,R,36,R,36,A,,A,
499185,1,R,282,R,0,R,48,R,234
499185,2,R,282,R,0,R,48,R,234
499185,3,R,282,R,0,R,48,R,234
499255,1,R,112,A,,A,,R,112
499255,2,R,112,A,,A,,R,112
499255,3,R,112,A,,A,,R,112
499273,1,R,993,R,0,R,993,R,0
499273,2,R,993,R,0,R,993,R,0
499273,3,R,993,R,0,R,993,R,0
499282,1,R,315,R,0,R,315,R,0
499282,2,R,315,R,0,R,315,R,0
499282,3,R,315,R,0,R,315,R,0
499291,1,R,189,R,0,R,189,R,0
499291,2,R,189,R,0,R,189,R,0
499291,3,R,189,R,0,R,189,R,0
499307,1,R,102,R,0,R,102,R,0
499307,2,R,102,R,0,R,102,R,0
499307,3,R,102,R,0,R,102,R,0
499325,1,R,61,A,,A,,R,61
499325,2,R,61,A,,A,,R,61
499325,3,R,61,A,,A,,R,61
499334,1,R,124,A,,A,,R,124
499334,2,R,124,A,,A,,R,124
499334,3,R,124,A,,A,,R,124
499361,1,R,86,A,,A,,R,86
499361,2,R,86,A,,A,,R,86
499361,3,R,86,A,,A,,R,86
499370,1,R,139,Z,0,R,139,R,0
499370,2,R,139,Z,0,R,139,R,0
499370,3,R,139,Z,0,R,139,R,0
499389,1,R,347,Z,0,R,347,R,0
499389,2,R,347,Z,0,R,347,R,0
499389,3,R,347,Z,0,R,347,R,0
499398,1,R,92,Z,0,R,92,R,0
499398,2,R,92,Z,0,R,92,R,0
499398,3,R,92,Z,0,R,92,R,0
499404,1,R,175,Z,0,R,175,R,0
499404,2,R,175,Z,0,R,175,R,0
499404,3,R,175,Z,0,R,175,R,0
499413,1,R,364,Z,0,R,364,R,0
499413,2,R,364,Z,0,R,364,R,0
499413,3,R,364,Z,0,R,364,R,0
499422,1,R,105,R,0,R,105,R,0
499422,2,R,105,R,0,R,105,R,0
499422,3,R,105,R,0,R,105,R,0
499495,1,R,459,R,8,R,0,R,451
499495,2,R,459,R,8,R,0,R,451
499495,3,R,459,R,8,R,0,R,451
499529,1,R,27,R,0,R,0,R,27
499529,2,R,27,R,0,R,0,R,27
499529,3,R,27,R,0,R,0,R,27
499538,1,R,29,A,,A,,R,29
499538,2,R,29,A,,A,,R,29
499538,3,R,29,A,,A,,R,29
499547,1,R,292,A,,A,,R,292
499547,2,R,292,A,,A,,R,292
499547,3,R,292,A,,A,,R,292
499556,1,R,23,A,,A,,R,23
499556,2,R,23,A,,A,,R,23
499556,3,R,23,A,,A,,R,23
499608,1,R,37,A,,A,,R,37
499608,2,R,37,A,,A,,R,37
499608,3,R,37,A,,A,,R,37
499662,1,R,54,A,,A,,R,54
499662,2,R,54,A,,A,,R,54
499662,3,R,54,A,,A,,R,54
499671,1,R,72,R,0,R,72,R,0
499671,2,R,72,R,0,R,72,R,0
499671,3,R,72,R,0,R,72,R,0
499680,1,R,160,R,0,R,144,R,16
499680,2,R,160,R,0,R,144,R,16
499680,3,R,160,R,0,R,144,R,16
499705,1,R,923,A,,A,,R,923
499705,2,R,923,A,,A,,R,923
499705,3,R,923,A,,A,,R,923
499723,1,R,55,A,,A,,R,55
499723,2,R,55,A,,A,,R,55
499723,3,R,55,A,,A,,R,55
499732,1,R,44,R,44,R,0,R,0
499732,12,R,44,R,44,R,0,R,0
499769,1,R,204,R,0,R,0,R,204
499769,2,R,204,R,0,R,0,R,204
499769,3,R,204,R,0,R,0,R,204
499866,1,R,80,R,0,R,0,R,80
499866,2,R,80,R,0,R,0,R,80
499866,3,R,80,R,0,R,0,R,80
499875,1,R,617,R,0,R,0,R,617
499875,2,R,617,R,0,R,0,R,617
499875,3,R,617,R,0,R,0,R,617
499884,1,R,64,R,0,R,0,R,64
499884,2,R,64,R,0,R,0,R,64
499884,3,R,64,R,0,R,0,R,64
499893,1,R,68,R,0,R,0,R,68
499893,2,R,68,R,0,R,0,R,68
499893,3,R,68,R,0,R,0,R,68
499918,1,R,23,R,0,R,0,R,23
499918,2,R,23,R,0,R,0,R,23
499918,3,R,23,R,0,R,0,R,23
499927,1,R,13,R,0,Z,0,R,13
499927,2,R,13,R,0,Z,0,R,13
499927,3,R,13,R,0,Z,0,R,13
499936,1,R,42,R,0,R,0,R,42
499936,2,R,42,R,0,R,0,R,42
499936,3,R,42,R,0,R,0,R,42
499945,1,R,26,R,0,R,0,R,26
499945,2,R,26,R,0,R,0,R,26
499945,3,R,26,R,0,R,0,R,26
499954,1,R,186,R,0,R,0,R,186
499954,2,R,186,R,0,R,0,R,186
499954,3,R,186,R,0,R,0,R,186
499963,1,R,128,R,0,R,0,R,128
499963,2,R,128,R,0,R,0,R,128
499963,3,R,128,R,0,R,0,R,128
499972,1,R,12,R,0,R,0,R,12
499972,2,R,12,R,0,R,0,R,12
499972,3,R,12,R,0,R,0,R,12
499981,1,R,25,R,0,R,25,R,0
499981,12,R,25,R,0,R,25,R,0
499990,1,R,49,R,0,R,0,R,49
499990,2,R,49,R,0,R,0,R,49
499990,3,R,49,R,0,R,0,R,49
500005,1,R,33,R,0,R,0,R,33
500005,2,R,33,R,0,R,0,R,33
500005,3,R,33,R,0,R,0,R,33
500014,1,R,982,R,0,Z,0,R,982
500014,2,R,982,R,0,Z,0,R,982
500014,3,R,982,R,0,Z,0,R,982
500023,1,R,197,R,0,R,0,R,197
500023,2,R,197,R,0,R,0,R,197
500023,3,R,197,R,0,R,0,R,197
500041,1,R,97,R,0,R,0,R,97
500041,2,R,22,R,0,R,0,R,22
500041,3,R,22,R,0,R,0,R,22
500041,12,R,75,R,0,R,0,R,75
500087,1,R,5533,R,5533,R,0,R,0
500087,2,R,5533,R,5533,R,0,R,0
500087,3,R,292,R,292,R,0,R,0
500087,11,R,5241,R,5241,R,0,R,0
500096,1,R,323,R,0,R,0,R,323
500096,2,R,323,R,0,R,0,R,323
500096,3,R,323,R,0,R,0,R,323
500157,1,R,26,R,0,R,0,R,26
500157,2,R,26,R,0,R,0,R,26
500157,3,R,26,R,0,R,0,R,26
500342,1,R,119,R,119,Z,0,R,0
500342,2,R,119,R,119,Z,0,R,0
500342,3,R,119,R,119,Z,0,R,0
500379,1,R,19,R,19,R,0,R,0
500379,2,R,19,R,19,R,0,R,0
500379,3,R,19,R,19,R,0,R,0
500388,1,R,20,R,0,R,0,R,20
500388,2,R,20,R,0,R,0,R,20
500388,3,R,20,R,0,R,0,R,20
500397,1,R,399,R,0,R,0,R,399
500397,2,R,399,R,0,R,0,R,399
500397,3,R,399,R,0,R,0,R,399
500403,1,R,331,R,0,R,0,R,331
500403,2,R,331,R,0,R,0,R,331
500403,3,R,331,R,0,R,0,R,331
500412,1,R,15,R,0,R,0,R,15
500412,2,R,15,R,0,R,0,R,15
500412,3,R,15,R,0,R,0,R,15
500421,1,R,88,R,0,R,0,R,88
500421,2,R,88,R,0,R,0,R,88
500421,3,R,88,R,0,R,0,R,88
500430,1,R,94,R,35,R,0,R,59
500430,2,R,94,R,35,R,0,R,59
500430,3,R,94,R,35,R,0,R,59
500449,1,R,66,R,0,R,0,R,66
500449,2,R,66,R,0,R,0,R,66
500449,3,R,66,R,0,R,0,R,66
500467,1,R,38,R,0,R,0,R,38
500467,2,R,38,R,0,R,0,R,38
500467,3,R,38,R,0,R,0,R,38
500537,1,R,4,R,0,R,0,R,4
500537,2,R,4,R,0,R,0,R,4
500537,3,R,4,R,0,R,0,R,4
500555,1,R,90,R,0,R,0,R,90
500555,2,R,90,R,0,R,0,R,90
500555,3,R,90,R,0,R,0,R,90
