unitid,instnm,stabbr,cbsa,cbsatype,region,public,twoyear,size,rurality,awardlev,religious,focus,housing,research,msi,inst_num,selectivity,pell,online,evening,adult,parttime,tot_pop,pop_density,perc_ba,med_income,perc_pov,perc_unemployed,perc_white,perc_black,perc_hisp,perc_asian,i_perc_white,i_perc_black,i_perc_hisp,i_perc_asian,nonwhite,cbsa_id,L2_Predicted_Class,L2_Prob_Class1,L2_Prob_Class2,L2_Prob_Class3
100663,University of Alabama at Birmingham,AL,13820,1,5,1,0,4,2,3,0,2,1,3,0,10,1,2,2,0,1,1,11.84613,224.36489029485492,33.7,71498,9.9,2.7,60.92909667545434,28.272524444692067,5.977226317793237,1.5610161293181823,0.4819806403574088,0.27505584512285924,0.0763216679076694,0.08503350707371556,2,59,4,0.03716324457930721,3.627234368579655e-7,7.778150900002868e-5
100706,University of Alabama in Huntsville,AL,26620,1,5,1,0,2,2,3,0,1,1,2,0,7,2,1,1,1,1,1,5.16951,378.715694139191,42.9,85989,7,2.3,63.927915798596004,21.214776642273637,6.93914897156597,2.3303949503918164,0.6911239351470184,0.0952184666117065,0.0724100027480077,0.04108271503160209,0,246,4,0.09825327652055123,0.2642328527313123,0.0035727886820427004
100724,Alabama State University,AL,33860,1,5,1,0,1,2,1,0,4,1,1,1,6,1,3,1,0,0,0,3.86024,142.21264405847333,30.9,64010,13.4,2.9,45.68653762460365,44.461225208795305,4.293256377841792,2.26928895612708,0.020815986677768527,0.8839855675825701,0.011656952539550375,0.0019428254232583958,3,371,4,0.13266841060201143,0.19038801474105554,3.2485808563798046e-6
100751,The University of Alabama,AL,46220,1,5,1,0,4,2,3,0,2,1,3,0,3,1,1,2,1,0,1,2.78526,79.7319767529236,29.3,61517,11.9,3.4,56.26620136001665,34.06145207269699,5.051233996108083,1.3725828109404508,0.7186555012793673,0.11450337287741336,0.06952198185624564,0.014712723889276576,0,566,4,0.016205809864307558,0.09501676700008348,0.31009009215072275
100760,Central Alabama Community College,AL,10760,2,5,1,1,1,0,0,0,1,0,0,0,1,0,2,2,1,1,3,0.40938,57.133576521996254,20.3,59356,13.5,2.6,67.81962968391225,23.164297229957498,2.889735697884606,0.6351067467878254,0.6332225913621262,0.27973421926910297,0.04186046511627907,0.003986710963455149,1,14,4,0.012747153814510243,0.002413653399840767,0.20661035541625664
100830,Auburn University at Montgomery,AL,33860,1,5,1,0,2,2,2,0,1,1,0,0,6,1,2,2,1,2,2,3.86024,142.21264405847333,30.9,64010,13.4,2.9,45.68653762460365,44.461225208795305,4.293256377841792,2.26928895612708,0.39877488514548237,0.4450229709035222,0.017151607963246555,0.030627871362940276,2,371,4,0.13266841060201143,0.19038801474105554,3.2485808563798046e-6
100858,Auburn University,AL,12220,1,5,1,0,4,2,3,0,2,1,3,0,2,2,1,1,0,0,1,1.99825,164.29990409181264,40.4,63649,10.9,2.3,60.77567871887902,26.83247841861629,5.097960715626173,3.950456649568372,0.8255592922941951,0.04375639713408393,0.0432446264073695,0.0283667202807428,0,37,4,0.19060790730800709,0.08862227971815084,0.006953423169052557
101028,Chattahoochee Valley Community College,AL,17980,1,5,1,1,1,1,0,0,1,0,0,0,4,0,2,2,1,2,3,3.25615,116.87119623398846,28.1,59336,14.4,3.3,43.03149424934355,41.82792561767732,7.710946977258419,1.9271225219968366,0.326417704011065,0.5235131396957123,0.06846473029045644,0.008298755186721992,2,121,4,0.010516048460368006,0.1265173681126698,0.23911840403464843
101143,Enterprise State Community College,AL,21460,2,5,1,1,1,0,0,0,1,0,0,0,1,0,2,2,1,1,2,0.5492,80.8853078449954,22.5,68353,12,2.7,67.49271667880554,15.566278222869629,9.825200291332848,1.1398397669337217,0.603812467800103,0.22565687789799072,0.06697578567748583,0.01184956208140134,1,171,4,0.012641685616165977,0.001543586063645696,0.20686545758028818
101161,Coastal Alabama Community College,AL,19300,1,5,1,1,2,0,0,0,1,1,0,0,1,0,2,3,0,1,2,2.46989,155.35029818370037,33.7,78775,6.8,1.8,80.74286709124698,8.02626837632445,5.780014494572633,1.0206932292531246,0.6170865633074936,0.24903100775193798,0.04909560723514212,0.008397932816537468,1,142,4,0.013128900190837909,0.005552579079157343,0.2056877267712605
101189,Faulkner University,AL,33860,1,5,0,0,1,2,3,1,5,1,0,0,6,2,2,3,1,3,2,3.86024,142.21264405847333,30.9,64010,13.4,2.9,45.68653762460365,44.461225208795305,4.293256377841792,2.26928895612708,0.43214285714285716,0.42448979591836733,0.05459183673469388,0.009183673469387756,2,371,4,0.13266841060201143,0.19038801474105554,3.2485808563798046e-6
101240,Gadsden State Community College,AL,23460,1,5,1,1,2,2,0,0,2,1,0,1,1,0,2,2,1,2,2,1.03105,192.6679270627927,18.1,54563,11.9,3.3,76.1689539789535,14.708307065612725,5.230590175064255,0.6546724213180738,0.6643132220795892,0.18806161745827984,0.07210098416773641,0.008557980316645272,1,199,4,0.03631274510346822,0.19617890896325613,0.14965599474664382
101286,George C Wallace Community College-Dothan,AL,37120,2,5,1,1,1,2,0,0,2,0,0,0,1,0,2,2,1,2,3,0.49599,88.39394944614259,20.4,54963,14.6,3.2,66.08600979858464,20.288715498296337,7.12312748240892,1.1834916026532794,0.5104826913700634,0.34519746465138956,0.06923451974646513,0.009995124329595319,1,422,4,0.012644938799498833,0.001573022966685753,0.20685740189718127
101295,George C Wallace State Community College-Hanceville,AL,18980,2,5,1,1,2,0,0,0,2,1,0,0,1,0,2,2,1,2,2,0.90566,123.26152494718487,19.7,62656,11.2,2.2,89.47728728220304,0.9716670715279464,5.03831459929775,0.5498752291146788,0.7543951261966928,0.09643167972149695,0.09138381201044386,0.007136640557006092,0,136,4,0.012453708272390833,5.928999344794539e-7,0.20731957778014307
101301,George C Wallace State Community College-Selma,AL,42820,2,5,1,1,1,0,0,0,1,0,0,0,2,0,2,3,1,1,3,0.36858,37.65870180438172,17.5,35627,26,5.7,26.591242064138044,69.8735688317326,0.9767214715936839,0.6131640349449238,0.13036565977742448,0.8139904610492846,0.01192368839427663,0.006359300476947536,3,514,2,0.08220517286673641,0.5735241082829737,0.03874128213351604
101435,Huntingdon College,AL,33860,1,5,0,0,0,2,1,1,2,1,0,0,6,2,2,0,0,0,0,3.86024,142.21264405847333,30.9,64010,13.4,2.9,45.68653762460365,44.461225208795305,4.293256377841792,2.26928895612708,0.6580427446569179,0.20697412823397077,0.05736782902137233,0.0044994375703037125,1,371,4,0.13266841060201143,0.19038801474105554,3.2485808563798046e-6
101453,Heritage Christian University,AL,22520,1,5,0,0,0,2,1,1,8,1,0,0,3,1,2,3,0,3,3,1.53852,122.01080160303947,26.7,61891,10.5,2.2,80.226451394847,11.465564308556274,3.487767464836336,0.5674284377193667,0.8026315789473685,0.10526315789473684,0.05263157894736842,0,0,188,4,0.01990662356192446,1.1143398730735182e-6,0.08576774627217792
101462,J. F. Drake State Community and Technical College,AL,26620,1,5,1,1,1,2,0,0,2,0,0,1,7,0,2,2,1,2,3,5.16951,378.715694139191,42.9,85989,7,2.3,63.927915798596004,21.214776642273637,6.93914897156597,2.3303949503918164,0.21683440073193047,0.6358645928636779,0.06221408966148216,0.008234217749313814,3,246,4,0.09825327652055123,0.2642328527313123,0.0035727886820427004
101480,Jacksonville State University,AL,11500,1,5,1,0,2,1,3,0,2,1,0,0,1,1,2,2,0,1,1,1.1609,191.60133780709845,20.6,55029,12.9,3.3,69.3410285123611,21.553105349297958,4.641226634507709,0.805409596003101,0.5863346104725415,0.24469987228607917,0.05057471264367816,0.006385696040868455,1,26,4,0.03475671829840259,0.12881105926501366,0.1358992073548346
101505,Jefferson State Community College,AL,13820,1,5,1,1,2,2,0,0,1,0,0,0,10,0,2,3,1,2,3,11.84613,224.36489029485492,33.7,71498,9.9,2.7,60.92909667545434,28.272524444692067,5.977226317793237,1.5610161293181823,0.5525164113785558,0.26900984682713347,0.09504923413566739,0.02037746170678337,1,59,4,0.03716324457930721,3.627234368579655e-7,7.778150900002868e-5
101514,John C Calhoun State Community College,AL,26620,1,5,1,1,2,2,0,0,1,1,0,0,7,0,2,3,1,2,3,5.16951,378.715694139191,42.9,85989,7,2.3,63.927915798596004,21.214776642273637,6.93914897156597,2.3303949503918164,0.6097425654682646,0.17643142476697737,0.09798047048379938,0.02030625832223702,1,246,4,0.09825327652055123,0.2642328527313123,0.0035727886820427004
101569,Lawson State Community College,AL,13820,1,5,1,1,1,2,0,0,1,1,0,1,10,0,3,2,1,3,3,11.84613,224.36489029485492,33.7,71498,9.9,2.7,60.92909667545434,28.272524444692067,5.977226317793237,1.5610161293181823,0.09895694035838459,0.8093073014174913,0.04386199518587858,0.004011767852366943,3,59,4,0.03716324457930721,3.627234368579655e-7,7.778150900002868e-5
101709,University of Montevallo,AL,13820,1,5,1,0,1,0,1,0,1,1,0,0,10,2,2,2,0,0,1,11.84613,224.36489029485492,33.7,71498,9.9,2.7,60.92909667545434,28.272524444692067,5.977226317793237,1.5610161293181823,0.5912305516265912,0.16973125884016974,0.07001414427157002,0.0038896746817538895,1,59,4,0.03716324457930721,3.627234368579655e-7,7.778150900002868e-5
101736,Northwest Shoals Community College,AL,22520,1,5,1,1,1,2,0,0,1,0,0,0,3,0,1,2,1,1,3,1.53852,122.01080160303947,26.7,61891,10.5,2.2,80.226451394847,11.465564308556274,3.487767464836336,0.5674284377193667,0.7254901960784313,0.11564625850340136,0.0940376150460184,0.005202080832332933,0,188,4,0.01990662356192446,1.1143398730735182e-6,0.08576774627217792
101897,Northeast Alabama Community College,AL,42460,2,5,1,1,1,0,0,0,1,0,0,0,1,0,2,2,1,1,3,0.53053,49.21362577042519,15.9,51908,12.8,2.3,88.16089570806552,3.1327163402635105,3.5756696134054624,0.4768816089570807,0.7392166584035696,0.015369360436291522,0.15121467526028756,0.004462072384729797,0,508,4,0.012453666932988548,4.100948483731697e-7,0.20731967272058052
101912,Oakwood University,AL,26620,1,5,0,0,1,2,1,1,1,1,0,1,7,2,2,1,0,0,0,5.16951,378.715694139191,42.9,85989,7,2.3,63.927915798596004,21.214776642273637,6.93914897156597,2.3303949503918164,0.013960323291697281,0.6869948567229978,0.07788390889052167,0,3,246,4,0.09825327652055123,0.2642328527313123,0.0035727886820427004
102030,Bishop State Community College,AL,33660,1,5,1,1,1,2,0,0,1,0,0,1,5,0,2,2,1,2,3,4.1259,335.60829945421216,26,58880,11.9,3.1,54.81325286604135,35.74323177973291,3.452337671780702,2.1505610897016405,0.21661621257988564,0.6700302724520686,0.024890682811974436,0.01782711066263034,3,367,2,0.17067576715119645,0.5888327960449521,2.0522223941670358e-4
102049,Samford University,AL,13820,1,5,0,0,2,1,3,1,2,1,0,0,10,1,1,1,1,0,0,11.84613,224.36489029485492,33.7,71498,9.9,2.7,60.92909667545434,28.272524444692067,5.977226317793237,1.5610161293181823,0.8514649681528662,0.050955414012738856,0.046369426751592356,0.013248407643312102,0,59,4,0.03716324457930721,3.627234368579655e-7,7.778150900002868e-5
102067,Shelton State Community College,AL,46220,1,5,1,1,1,2,0,0,2,0,0,1,3,0,2,3,1,1,3,2.78526,79.7319767529236,29.3,61517,11.9,3.4,56.26620136001665,34.06145207269699,5.051233996108083,1.3725828109404508,0.4987787005373718,0.3971665852467025,0.05031753786028334,0.006595017098192477,1,566,4,0.016205809864307558,0.09501676700008348,0.31009009215072275
102076,Snead State Community College,AL,10700,2,5,1,1,1,0,0,0,1,1,0,0,1,0,2,3,1,1,3,0.99748,176.27882617494902,21.5,62571,12.3,2.2,76.44965312587722,2.484260336046838,17.23543329189558,0.600513293499619,0.66838576585869,0.08096957194430118,0.1933986591026302,0.007220216606498195,1,12,4,0.012997245827117535,0.004470255320783022,0.20600590420358103
102094,University of South Alabama,AL,33660,1,5,1,0,3,2,3,0,2,1,2,0,5,2,2,1,1,1,1,4.1259,335.60829945421216,26,58880,11.9,3.1,54.81325286604135,35.74323177973291,3.452337671780702,2.1505610897016405,0.5989010989010989,0.23024091293322063,0.0536770921386306,0.03793322062552832,1,367,2,0.17067576715119645,0.5888327960449521,2.0522223941670358e-4
102234,Spring Hill College,AL,33660,1,5,0,0,0,2,1,1,2,1,0,0,5,1,2,1,1,0,0,4.1259,335.60829945421216,26,58880,11.9,3.1,54.81325286604135,35.74323177973291,3.452337671780702,2.1505610897016405,0.5693989071038251,0.13989071038251366,0.09726775956284153,0.013114754098360656,1,367,2,0.17067576715119645,0.5888327960449521,2.0522223941670358e-4
102313,H Councill Trenholm State Community College,AL,33860,1,5,1,1,1,2,0,0,3,0,0,1,6,0,3,3,0,2,2,3.86024,142.21264405847333,30.9,64010,13.4,2.9,45.68653762460365,44.461225208795305,4.293256377841792,2.26928895612708,0.16982758620689656,0.7344827586206897,0.04482758620689655,0.008620689655172414,3,371,4,0.13266841060201143,0.19038801474105554,3.2485808563798046e-6
102368,Troy University,AL,45980,2,5,1,0,3,0,3,0,1,1,1,0,1,1,2,3,1,2,2,0.32987,49.08290857250597,28,48677,12.8,2,54.594234092218144,37.084305938703125,2.7344105253584745,1.8674023100009096,0.5082923576964747,0.3335277939828319,0.05067088924077007,0.00875072922743562,1,561,4,0.04251398104076315,0.16818834415782014,0.15983676005144742
102377,Tuskegee University,AL,12220,1,5,0,0,1,0,1,0,2,1,1,1,2,2,3,1,0,0,0,1.99825,164.29990409181264,40.4,63649,10.9,2.3,60.77567871887902,26.83247841861629,5.097960715626173,3.950456649568372,0.007986309184255563,0.8993154592127781,0.001426126640045636,0.0022818026240730175,3,37,4,0.19060790730800709,0.08862227971815084,0.006953423169052557
102429,Bevill State Community College,AL,13820,1,5,1,1,1,0,0,0,2,1,0,0,10,0,2,2,1,1,3,11.84613,224.36489029485492,33.7,71498,9.9,2.7,60.92909667545434,28.272524444692067,5.977226317793237,1.5610161293181823,0.7075624797143785,0.20642648490749757,0.03245699448231094,0.004219409282700422,0,59,4,0.03716324457930721,3.627234368579655e-7,7.778150900002868e-5
102553,University of Alaska Anchorage,AK,11260,1,8,1,0,3,2,1,0,2,1,1,0,5,0,1,3,1,3,2,4.01964,15.217607736246185,34.7,100505,5.8,3.1,60.22952304186444,3.787403847110687,8.338806460280026,7.502910708421649,0.48831720556997876,0.03870663205097947,0.113051687514751,0.11930611281567147,2,22,4,0.030660552886195364,0.13255608278930833,0.12750094161729256
102614,University of Alaska Fairbanks,AK,21820,1,8,1,0,2,2,2,0,1,1,2,0,1,0,1,3,1,3,2,0.9546,13.014628488651171,33.1,88267,2.8,3,66.78923109155667,3.8874921433060967,8.450659962287869,2.8472658705216847,0.5252842022736182,0.03488827910623285,0.09662877303018425,0.030968247745981968,1,176,4,0.028834667160896776,0.11624894653576863,0.1316541278369724
102632,University of Alaska Southeast,AK,27940,2,8,1,0,1,0,2,0,2,1,0,0,1,2,1,3,1,3,3,0.31794,11.762817979960529,41.2,101661,4.8,2.6,61.36377932943322,0.6447757438510411,7.061080707051645,7.152292885450084,0.5353356890459364,0.012367491166077738,0.09628975265017668,0.06537102473498234,1,267,4,0.02849958725128451,0.11427123305664318,0.1319390257911927
104151,Arizona State University Campus Immersion,AZ,38060,1,6,1,0,4,2,3,0,1,1,3,1,38,1,1,1,1,0,0,50.28754,345.1753869819712,35.3,88301,7.6,3,52.71450939934624,5.395988747908528,31.06594595798482,4.193881824404216,0.4328728920650137,0.04415588188301596,0.2610280767498947,0.08916873647362994,2,433,2,8.15027280611419e-5,0.9999184941930167,3.467910617002379e-58
104160,Arizona Western College,AZ,49740,1,6,1,1,2,2,0,0,1,1,0,1,1,0,2,2,1,2,3,2.11741,38.40187408348174,16.8,62876,13.4,3.5,28.973604545175473,1.5202535172687386,64.90807165357677,1.0220032964801338,0.12625212625212626,0.015309015309015309,0.7063882063882064,0.010395010395010396,3,620,2,0.09818093252769487,0.7048906135624047,1.2990241028035962e-4
104179,University of Arizona,AZ,46060,1,6,1,0,4,2,3,0,1,1,3,1,7,1,1,2,1,1,1,10.6049,115.41262580696052,36.8,70315,9.5,3.1,50.46487944252185,3.3479806504540353,36.408641288461,2.937510018953503,0.46175283068550865,0.04750724128851049,0.27841657157903976,0.047792504169226716,2,562,2,0.06749938730821761,0.7493457014419427,8.415322524792802e-4
104346,Central Arizona College,AZ,38060,1,6,1,1,2,0,0,0,1,1,0,1,38,0,2,2,1,2,3,50.28754,345.1753869819712,35.3,88301,7.6,3,52.71450939934624,5.395988747908528,31.06594595798482,4.193881824404216,0.29946112394149343,0.05912240184757506,0.4010777521170131,0.014934565050038491,2,433,2,8.15027280611419e-5,0.9999184941930167,3.467910617002379e-58
104425,Cochise County Community College District,AZ,43420,1,6,1,0,1,2,0,0,2,1,0,1,1,0,2,3,1,3,2,1.25566,20.220413033734403,28.1,59742,11.3,3.4,54.06320182214931,2.9323224439736872,34.66782409250912,1.8555978529219692,0.452271834489983,0.07306533979311249,0.3579939766924185,0.034699489328270265,2,522,2,0.08916208427354781,0.6304592053435798,0.021944510535731057
104577,Eastern Arizona College,AZ,40940,2,6,1,0,2,0,0,0,1,1,0,1,1,0,1,1,1,3,3,0.39232,8.48832661259865,14.6,67325,13.9,4.1,52.7401101141925,1.631321370309951,30.77844616639478,0.4944942903752039,0.5710370031978073,0.026724531749657377,0.24349017816354498,0.00867976244860667,1,485,2,0.09081859495275171,0.6443539404552506,0.017923555823091086
104586,Embry-Riddle Aeronautical University-Prescott,AZ,39150,1,6,0,0,1,2,1,0,1,1,0,0,3,1,1,1,0,0,0,2.4548,30.220614523077433,30.3,69613,7.4,2.1,77.43115528759981,0.5145021997718755,15.377220140133616,1.0526315789473684,0.5523186682520809,0.021105826397146255,0.1542806183115339,0.06510107015457789,1,452,4,0.050334552871012364,0.06968458678321149,0.014953754503013261
104708,Glendale Community College,AZ,38060,1,6,1,0,3,1,0,0,1,0,0,1,38,0,1,2,0,2,3,50.28754,345.1753869819712,35.3,88301,7.6,3,52.71450939934624,5.395988747908528,31.06594595798482,4.193881824404216,0.36824624873969514,0.0649427673328984,0.42927465749362437,0.044777889804875154,2,433,2,8.15027280611419e-5,0.9999184941930167,3.467910617002379e-58
104717,Grand Canyon University,AZ,38060,1,6,2,0,4,2,3,0,2,1,0,0,38,1,2,3,1,3,3,50.28754,345.1753869819712,35.3,88301,7.6,3,52.71450939934624,5.395988747908528,31.06594595798482,4.193881824404216,0.44889136533066903,0.18860239019329056,0.24181493294393422,0.02889751373784729,2,433,2,8.15027280611419e-5,0.9999184941930167,3.467910617002379e-58
105145,GateWay Community College,AZ,38060,1,6,1,0,2,2,0,0,6,0,0,1,38,0,1,3,0,3,3,50.28754,345.1753869819712,35.3,88301,7.6,3,52.71450939934624,5.395988747908528,31.06594595798482,4.193881824404216,0.2869407297341918,0.11144130757800892,0.4792801717021628,0.03615651312530956,2,433,2,8.15027280611419e-5,0.9999184941930167,3.467910617002379e-58
105154,Mesa Community College,AZ,38060,1,6,1,0,3,2,0,0,1,0,0,1,38,0,1,2,1,3,3,50.28754,345.1753869819712,35.3,88301,7.6,3,52.71450939934624,5.395988747908528,31.06594595798482,4.193881824404216,0.4383695500442045,0.0648643618258806,0.336466427806989,0.04513517286305895,2,433,2,8.15027280611419e-5,0.9999184941930167,3.467910617002379e-58
105206,Mohave Community College,AZ,29420,1,6,1,1,1,0,0,0,2,1,0,1,1,0,2,3,0,3,3,2.20517,16.540283999873253,15.2,57684,11.5,3.2,74.9493236349125,1.0080855444251464,17.099815433730733,1.1314320437880074,0.5858655616942909,0.017265193370165747,0.29765193370165743,0.013812154696132596,1,297,4,0.0427518296359555,0.24907884227544413,0.13409662700062708
105330,Northern Arizona University,AZ,22380,1,6,1,0,4,2,3,0,2,1,3,1,3,1,2,2,0,1,1,1.44508,7.762423220686378,40.3,72966,10.1,3.5,52.16251003404656,1.3805464057353227,15.450355689650399,1.741080078611565,0.5368361854262071,0.03137302161163333,0.2664497469269704,0.03796095444685466,1,185,4,0.020857170268420516,0.1543639256665952,0.28204700924255816
105349,Northland Pioneer College,AZ,43320,2,6,1,0,1,0,0,0,2,0,0,0,1,0,1,3,0,2,3,1.08415,10.896532616555758,19.1,54606,20,4.1,42.70903472766683,1.0459807222247843,10.871189411059355,0.3975464649725592,0.3395565927654609,0.0011668611435239206,0.15110851808634773,0.011085180863477246,2,520,4,0.01847520848216159,0.04951054274155056,0.192766635827192
105428,Phoenix College,AZ,38060,1,6,1,0,3,2,0,0,2,0,0,1,38,0,1,2,1,3,3,50.28754,345.1753869819712,35.3,88301,7.6,3,52.71450939934624,5.395988747908528,31.06594595798482,4.193881824404216,0.27000232360003096,0.09108512121446828,0.5126636201688483,0.03438928045852374,2,433,2,8.15027280611419e-5,0.9999184941930167,3.467910617002379e-58
105525,Pima Community College,AZ,46060,1,6,1,1,3,2,0,0,1,0,0,1,7,0,2,3,1,3,3,10.6049,115.41262580696052,36.8,70315,9.5,3.1,50.46487944252185,3.3479806504540353,36.408641288461,2.937510018953503,0.33365407745970654,0.0595621842675006,0.49333654077459704,0.025787827760404138,2,562,2,0.06749938730821761,0.7493457014419427,8.415322524792802e-4
105659,Refrigeration School Inc,AZ,38060,1,6,2,1,1,2,0,0,3,0,0,0,38,0,3,0,0,3,0,50.28754,345.1753869819712,35.3,88301,7.6,3,52.71450939934624,5.395988747908528,31.06594595798482,4.193881824404216,0.2763751127141569,0.1532912533814247,0.3642921550946799,0.013525698827772768,2,433,2,8.15027280611419e-5,0.9999184941930167,3.467910617002379e-58
105668,Rio Salado College,AZ,38060,1,6,1,0,3,2,0,0,1,0,0,1,38,0,0,3,1,2,3,50.28754,345.1753869819712,35.3,88301,7.6,3,52.71450939934624,5.395988747908528,31.06594595798482,4.193881824404216,0.438617052446528,0.10479539017482176,0.30989354429143473,0.04380310577204805,2,433,2,8.15027280611419e-5,0.9999184941930167,3.467910617002379e-58
105747,Scottsdale Community College,AZ,38060,1,6,1,0,2,0,0,0,1,0,0,1,38,0,1,2,0,2,3,50.28754,345.1753869819712,35.3,88301,7.6,3,52.71450939934624,5.395988747908528,31.06594595798482,4.193881824404216,0.5000557724484105,0.04617958728388176,0.29224762967094253,0.04060234244283324,1,433,2,8.15027280611419e-5,0.9999184941930167,3.467910617002379e-58
105792,South Mountain Community College,AZ,38060,1,6,1,0,1,2,0,0,1,0,0,1,38,0,2,3,1,2,3,50.28754,345.1753869819712,35.3,88301,7.6,3,52.71450939934624,5.395988747908528,31.06594595798482,4.193881824404216,0.19965012027115678,0.1417012901815001,0.5213207959763831,0.028427727968510823,3,433,2,8.15027280611419e-5,0.9999184941930167,3.467910617002379e-58
106148,Yavapai College,AZ,39150,1,6,1,0,2,2,0,0,1,1,0,0,3,0,1,3,1,3,3,2.4548,30.220614523077433,30.3,69613,7.4,2.1,77.43115528759981,0.5145021997718755,15.377220140133616,1.0526315789473684,0.6190948789202064,0.015680825724493846,0.2276697102024613,0.01131401349741961,1,452,4,0.050334552871012364,0.06968458678321149,0.014953754503013261
106245,University of Arkansas at Little Rock,AR,30780,1,5,1,0,2,2,3,0,2,1,2,0,11,2,2,3,1,3,2,7.58629,185.75278802869508,33.7,67154,10.3,2.7,63.105945066692684,23.50147437021258,7.242275209621567,1.5923461929348866,0.4964746345657782,0.27394668959587276,0.028890799656061908,0.018572656921754083,1,319,4,0.12508489972397296,0.14353073247798953,9.046583523095086e-13
106397,University of Arkansas,AR,22220,1,5,1,0,4,2,3,0,2,1,3,0,4,2,1,1,0,0,1,5.77726,220.21756552632405,35.9,81650,6.8,2.2,59.18238057487459,2.2687225432125264,18.203439000495045,3.462021788875695,0.7399658857520799,0.04271243081421659,0.11146308351028648,0.027917986563163574,0,183,4,0.06562320733633824,0.037559045902643556,0.015768917205911684
106412,University of Arkansas at Pine Bluff,AR,38220,2,5,1,0,1,0,1,0,1,1,1,1,3,2,3,1,0,1,1,0.72255,49.14450128000986,20,51605,14.3,3.8,41.52376998131617,51.74728392498788,2.55068853366549,0.7252093280741817,0.02446183953033268,0.898238747553816,0.02837573385518591,0.003424657534246575,3,436,2,0.2175807002862442,0.48917223414710354,2.0769574629883974e-4
106449,Arkansas State University-Beebe,AR,42620,2,5,1,1,1,0,0,0,1,1,0,0,2,0,2,2,0,2,2,0.77838,75.28102102407071,20.4,55249,14.1,3.3,85.0111770600478,4.167630206325959,4.950024409671369,0.6924638351447879,0.8172427493047278,0.0631704410011919,0.06793802145411204,0.004370282081843465,0,510,4,0.021557811349035592,2.430546529246159e-7,0.04313871951882108
106458,Arkansas State University,AR,27860,1,5,1,0,3,2,3,0,2,1,2,0,1,1,2,2,1,2,2,1.35792,92.66161540902854,26.5,56738,14.4,3.5,73.00945563803464,14.766702014846237,5.895045363497113,1.064127489100978,0.6333049000094778,0.1594161690834992,0.049189650270116576,0.009098663633778788,1,265,4,0.04942508458607355,0.19455658957205668,0.1740083351102451
106467,Arkansas Tech University,AR,40780,2,5,1,0,2,0,2,0,1,1,0,0,1,1,2,2,1,1,2,0.84265,48.39095250216225,22.3,57102,11.9,2.7,78.79665341482229,2.013884768290512,13.47059870646176,0.9209042900373822,0.7156017830609213,0.06523031203566122,0.11901931649331352,0.018573551263001486,0,482,4,0.033172934374225894,0.1296482941913599,0.13830968929917986
106546,Baptist Health College Little Rock,AR,30780,1,5,0,1,0,2,0,1,6,0,0,0,11,1,2,0,0,3,1,7.58629,185.75278802869508,33.7,67154,10.3,2.7,63.105945066692684,23.50147437021258,7.242275209621567,1.5923461929348866,0.5621621621621622,0.32972972972972975,0.05540540540540541,0.00945945945945946,1,319,4,0.12508489972397296,0.14353073247798953,9.046583523095086e-13
106704,University of Central Arkansas,AR,30780,1,5,1,0,3,2,3,0,2,1,1,0,11,1,2,1,0,0,1,7.58629,185.75278802869508,33.7,67154,10.3,2.7,63.105945066692684,23.50147437021258,7.242275209621567,1.5923461929348866,0.6429015801916138,0.17145701132263283,0.07602339181286549,0.02127659574468085,1,319,4,0.12508489972397296,0.14353073247798953,9.046583523095086e-13
106713,Central Baptist College,AR,30780,1,5,0,0,0,2,1,1,2,1,0,0,11,2,2,1,1,1,1,7.58629,185.75278802869508,33.7,67154,10.3,2.7,63.105945066692684,23.50147437021258,7.242275209621567,1.5923461929348866,0.5779092702169625,0.17159763313609466,0.09467455621301775,0.0039447731755424065,1,319,4,0.12508489972397296,0.14353073247798953,9.046583523095086e-13
106999,University of Arkansas Community College-Batesville,AR,12900,2,5,1,1,1,0,0,0,2,0,0,0,2,0,2,3,0,2,3,0.38175,49.986152234172756,18.1,56609,14.3,2.2,82.10870988867059,1.8336607727570402,8.859201047806156,0.8068107400130975,0.8018604651162791,0.026976744186046512,0.08,0.009302325581395349,0,47,4,0.01245380595299681,7.980547713581254e-7,0.20731938141623107
107044,Harding University,AR,42620,2,5,0,0,1,0,3,1,2,1,0,0,2,2,1,1,1,0,1,0.77838,75.28102102407071,20.4,55249,14.1,3.3,85.0111770600478,4.167630206325959,4.950024409671369,0.6924638351447879,0.7887082976903336,0.05332192757342458,0.04704875962360992,0.013686911890504704,0,510,4,0.021557811349035592,2.430546529246159e-7,0.04313871951882108
107071,Henderson State University,AR,11660,2,5,1,0,1,0,1,0,2,1,0,0,2,0,2,2,0,1,1,0.21125,24.394574935893743,26.2,52034,13.2,2.2,67.34674556213017,23.162130177514793,5.581065088757396,0.8094674556213018,0.5857487922705314,0.2723429951690821,0.06944444444444445,0.00966183574879227,1,28,4,0.05356833856860947,0.05981309004860592,0.0262180305622318
107080,Hendrix College,AR,30780,1,5,0,0,1,2,1,1,4,1,0,0,11,2,1,0,0,0,0,7.58629,185.75278802869508,33.7,67154,10.3,2.7,63.105945066692684,23.50147437021258,7.242275209621567,1.5923461929348866,0.6953762466001813,0.07071622846781506,0.08975521305530372,0.04079782411604715,0,319,4,0.12508489972397296,0.14353073247798953,9.046583523095086e-13
107141,John Brown University,AR,22220,1,5,0,0,1,0,2,0,2,1,0,0,4,1,1,2,0,0,1,5.77726,220.21756552632405,35.9,81650,6.8,2.2,59.18238057487459,2.2687225432125264,18.203439000495045,3.462021788875695,0.677977378576181,0.015968063872255488,0.12109115103127079,0.01929474384564205,0,183,4,0.06562320733633824,0.037559045902643556,0.015768917205911684
107318,Arkansas State University Mid-South,AR,32820,1,5,1,1,1,1,0,0,2,0,0,0,17,0,2,2,1,2,3,13.41924,269.8741064531906,31,66401,12.7,4.1,40.34177792483032,46.3369013446365,7.4920040181113094,2.2803824955809717,0.3037383177570093,0.6090342679127726,0.03426791277258567,0.001557632398753894,2,355,4,0.4216162088566813,0.04637734720248026,1.46014379927242e-13
107512,Ouachita Baptist University,AR,11660,2,5,0,0,1,0,1,1,2,1,0,0,2,2,1,1,0,0,1,0.21125,24.394574935893743,26.2,52034,13.2,2.2,67.34674556213017,23.162130177514793,5.581065088757396,0.8094674556213018,0.805952380952381,0.06369047619047619,0.06190476190476191,0.008333333333333333,0,28,4,0.05356833856860947,0.05981309004860592,0.0262180305622318
107521,Arkansas State University Three Rivers,AR,31680,2,5,1,1,1,0,0,0,6,0,0,0,1,0,1,1,1,1,3,0.3318,53.956143945435834,17.5,55405,9.5,1.9,80.58468957203134,11.127185051235685,4.104882459312839,0.03616636528028933,0.6277695716395865,0.27326440177252587,0.05465288035450517,0.005908419497784343,1,335,4,0.01251866580124009,4.0110609285097407e-4,0.2071714194053959
107637,Southeast Arkansas College,AR,38220,2,5,1,1,0,0,0,0,1,1,0,0,3,0,3,3,1,3,3,0.72255,49.14450128000986,20,51605,14.3,3.8,41.52376998131617,51.74728392498788,2.55068853366549,0.7252093280741817,0.19649960222752585,0.6133651551312649,0.15354017501988862,0.011137629276054098,3,436,2,0.2175807002862442,0.48917223414710354,2.0769574629883974e-4
107664,University of Arkansas-Pulaski Technical College,AR,30780,1,5,1,1,1,2,0,0,1,0,0,0,11,0,3,3,1,3,2,7.58629,185.75278802869508,33.7,67154,10.3,2.7,63.105945066692684,23.50147437021258,7.242275209621567,1.5923461929348866,0.34321719792438843,0.43884358784284655,0.12045959970348406,0.014825796886582653,2,319,4,0.12508489972397296,0.14353073247798953,9.046583523095086e-13
107974,South Arkansas College,AR,20980,2,5,1,1,1,0,0,0,6,0,0,0,1,0,2,3,1,2,3,0.379,36.47504469636677,19.1,55259,14.6,3.1,59.38258575197889,32.08970976253298,4.730870712401056,0.8575197889182058,0.48298816568047337,0.4031065088757396,0.0621301775147929,0.0014792899408284023,2,163,4,0.014156368628507051,0.013478431869246535,0.2032377475989508
107983,Southern Arkansas University Main Campus,AR,31620,2,5,1,0,1,0,2,0,1,1,0,0,1,1,2,2,0,1,1,0.22349,29.17376986032447,21.9,55334,17.1,1.8,58.15472728086269,34.39527495637389,3.4632422032305694,0.4027025817709965,0.6194029850746269,0.23588578844905905,0.055483452303698895,0.006489292667099286,1,334,4,0.03395356869139125,0.11348281959326997,0.12418256172389014
108092,University of Arkansas-Fort Smith,AR,22900,1,5,1,0,2,2,1,0,2,1,0,0,1,1,2,2,1,1,2,2.29899,127.71956846176472,21,58468,11.4,2.9,68.71887220040105,3.5619989647627874,12.139243754866268,2.8134093667219084,0.5854978354978355,0.04025974025974026,0.18484848484848485,0.048268398268398266,1,193,4,0.029226876873013875,0.11493572985343002,0.13054407168508733
108667,College of Alameda,CA,41860,1,8,1,1,2,1,0,0,1,0,0,1,36,0,1,3,1,3,3,46.45029,1880.7289412489185,52.9,136027,5.4,3.8,35.02985664890359,6.5815089636684725,23.200673235839865,27.828308499258025,0.1747836196873789,0.19506523704947681,0.2684407699263661,0.22606898333548636,3,499,2,1.0767877880280349e-6,0.9999989232071413,1.1505609338236225e-49
108807,Allan Hancock College,CA,42200,1,8,1,1,3,2,0,0,1,0,0,1,5,0,1,2,1,2,3,4.43701,162.29354712619283,36.8,98161,8.7,4,40.60932925551216,1.5084482568215982,48.228874850406015,5.155724237718644,0.2074792243767313,0.020036934441366575,0.6819021237303786,0.03333333333333333,3,503,2,0.22803574183631475,0.7423412181449991,1.0577842482628465e-11
108852,American Academy of Dramatic Arts-Los Angeles,CA,31080,1,8,0,1,0,2,0,0,4,1,0,0,135,1,1,0,0,2,0,129.74487,2673.43186481921,38,95958,9.2,4.4,27.695761689845614,5.973392242791565,44.974456408180146,16.688166553328852,0.3425414364640884,0.11049723756906077,0.11602209944751381,0.027624309392265192,2,324,2,4.88045109563549e-10,0.9999999995119424,1.519820505768976e-178
109208,American River College,CA,40900,1,8,1,1,4,1,0,0,1,0,0,1,20,0,1,3,0,3,3,24.26388,476.3991813276809,37.1,97188,7.8,3.8,47.565475925532105,6.455191832468674,22.7866276951584,14.868685469924841,0.3575357809583074,0.0714872433105165,0.31477286869943993,0.11845675171126323,2,484,2,4.211908562388775e-4,0.9995574158190782,1.2607960255121965e-20
109350,Antelope Valley Community College District,CA,31080,1,8,1,0,3,1,0,0,1,0,0,1,135,0,2,2,1,2,3,129.74487,2673.43186481921,38,95958,9.2,4.4,27.695761689845614,5.973392242791565,44.974456408180146,16.688166553328852,0.1293156702587686,0.147024504084014,0.6360079621113323,0.03267211201866978,3,324,2,4.88045109563549e-10,0.9999999995119424,1.519820505768976e-178
109785,Azusa Pacific University,CA,31080,1,8,0,0,2,1,3,1,2,1,2,1,135,1,2,1,1,2,1,129.74487,2673.43186481921,38,95958,9.2,4.4,27.695761689845614,5.973392242791565,44.974456408180146,16.688166553328852,0.2468916518650089,0.06986382474837181,0.3913558318531676,0.13854351687388988,3,324,2,4.88045109563549e-10,0.9999999995119424,1.519820505768976e-178
109819,Bakersfield College,CA,12540,1,8,1,0,4,2,0,0,1,0,0,1,7,0,2,2,0,2,3,9.15075,112.4906921887248,18.8,70210,15.3,5,29.555610195885585,4.806928393847499,56.46116438543288,5.051279949730896,0.23810475010986376,0.057169110303224004,0.6173544804442491,0.04007031281211298,3,41,2,0.03333053458114768,0.948492624252575,4.8284251179448976e-14
109907,Barstow Community College,CA,40140,1,8,1,1,1,0,0,0,1,0,0,1,38,0,2,3,1,3,2,46.75704,171.41298402907972,24.5,89662,9.3,4.1,27.99809397686423,6.705471518299704,53.116642969700386,7.4526531191880405,0.21827529796681466,0.19233465763028745,0.4323440056087871,0.05749006777284412,3,469,2,1.060481404962087e-4,0.9998938311884709,9.816394853840875e-41
110097,Biola University,CA,31080,1,8,0,0,2,1,3,1,1,1,1,0,135,2,1,1,0,1,1,129.74487,2673.43186481921,38,95958,9.2,4.4,27.695761689845614,5.973392242791565,44.974456408180146,16.688166553328852,0.39921392476137,0.03396967995508141,0.23441886580572713,0.12998315553060077,2,324,2,4.88045109563549e-10,0.9999999995119424,1.519820505768976e-178
110219,Bryan University,AZ,38060,1,6,2,0,1,2,0,0,2,0,0,0,38,0,3,3,1,3,0,50.28754,345.1753869819712,35.3,88301,7.6,3,52.71450939934624,5.395988747908528,31.06594595798482,4.193881824404216,0.4068565666750693,0.26796067557348124,0.10536929669775649,0.009579026972523318,2,433,2,8.15027280611419e-5,0.9999184941930167,3.467910617002379e-58
110246,Butte College,CA,17020,1,8,1,1,3,0,0,0,1,0,0,1,2,0,2,2,1,2,2,2.07929,127.05624612066626,31.9,67928,11.5,4.4,65.11838175531071,1.7448263589975426,20.035685257948625,5.513420446402377,0.48934418732278423,0.02442147626452026,0.3297356626726425,0.05387359370712522,2,107,2,0.06661889043300787,0.7381814654533968,0.0059262737007566004
110334,Cabrillo College,CA,42100,1,8,1,1,2,1,0,0,1,0,0,1,2,0,1,2,1,3,3,2.64926,595.1981448963872,43.9,111093,6,3.8,53.91354566935672,0.7217109683458777,35.2347447966602,4.659791790915199,0.41367492074372375,0.011995544512038386,0.4633707480078828,0.031788192956901724,2,502,2,0.1638347919426701,0.6771008413519114,3.8381567986358895e-4
110361,California Baptist University,CA,40140,1,8,0,0,3,2,3,1,2,1,0,1,38,1,2,2,1,1,1,46.75704,171.41298402907972,24.5,89662,9.3,4.1,27.99809397686423,6.705471518299704,53.116642969700386,7.4526531191880405,0.3103601108033241,0.0689196675900277,0.43091412742382273,0.05883656509695291,2,469,2,1.060481404962087e-4,0.9998938311884709,9.816394853840875e-41
110404,California Institute of Technology,CA,31080,1,8,0,0,1,2,3,0,7,1,3,0,135,3,1,0,0,0,0,129.74487,2673.43186481921,38,95958,9.2,4.4,27.695761689845614,5.973392242791565,44.974456408180146,16.688166553328852,0.19923371647509577,0.03639846743295019,0.1925287356321839,0.3524904214559387,3,324,2,4.88045109563549e-10,0.9999999995119424,1.519820505768976e-178
110413,California Lutheran University,CA,37100,1,8,0,0,1,2,3,1,1,1,0,1,6,1,2,1,1,0,0,8.37469,454.9534562589953,36.1,109797,6.6,3.6,41.948776611432784,1.6520014472177478,44.34301448770044,7.072739408861701,0.36231313926042485,0.03933910306845004,0.4142407553107789,0.05586152635719906,2,421,2,0.03505761404428043,0.9596126184762591,4.160852251324141e-12
110422,California Polytechnic State University-San Luis Obispo,CA,42020,1,8,1,0,4,1,2,0,1,1,1,0,3,3,1,1,0,0,0,2.81555,85.29793939828853,39.8,97446,6.4,3.2,64.50071922004582,1.0861110617818899,24.97487169469553,3.414608158263927,0.5016756327718493,0.006923009083693447,0.22912073375077166,0.14128230002645736,1,501,2,0.1611740064123611,0.6565650574635042,0.0027183389649513587
110486,California State University-Bakersfield,CA,12540,1,8,1,0,3,2,2,0,1,1,1,1,7,1,3,2,0,2,1,9.15075,112.4906921887248,18.8,70210,15.3,5,29.555610195885585,4.806928393847499,56.46116438543288,5.051279949730896,0.12698072805139185,0.04346895074946467,0.6874732334047109,0.06477516059957174,3,41,2,0.03333053458114768,0.948492624252575,4.8284251179448976e-14
110495,California State University-Stanislaus,CA,33700,1,8,1,0,2,1,2,0,1,1,0,1,3,1,3,2,0,2,1,5.5399,370.27701850088727,19.6,81468,10.8,4.9,36.252278922002205,2.5937291286846333,50.038267838769656,5.8681564649181395,0.1743157028195102,0.027474789051245112,0.6247170199629554,0.08973039720107018,3,368,2,0.05971555662875765,0.6662724441548885,0.003496369335249249
110510,California State University-San Bernardino,CA,40140,1,8,1,0,3,2,2,0,1,1,1,1,38,1,3,2,0,2,1,46.75704,171.41298402907972,24.5,89662,9.3,4.1,27.99809397686423,6.705471518299704,53.116642969700386,7.4526531191880405,0.10130270826191293,0.05370814764026968,0.7192892240886756,0.059307507713404185,3,469,2,1.060481404962087e-4,0.9998938311884709,9.816394853840875e-41
110529,California State Polytechnic University-Pomona,CA,31080,1,8,1,0,4,1,2,0,1,1,2,1,135,1,2,1,0,1,1,129.74487,2673.43186481921,38,95958,9.2,4.4,27.695761689845614,5.973392242791565,44.974456408180146,16.688166553328852,0.1309733160027525,0.025154828350791344,0.5446517317837756,0.22027677957030353,3,324,2,4.88045109563549e-10,0.9999999995119424,1.519820505768976e-178
110538,California State University-Chico,CA,17020,1,8,1,0,3,2,2,0,1,1,1,1,2,1,2,2,0,1,1,2.07929,127.05624612066626,31.9,67928,11.5,4.4,65.11838175531071,1.7448263589975426,20.035685257948625,5.513420446402377,0.4184352009054895,0.028862478777589132,0.382427843803056,0.05779569892473118,2,107,2,0.06661889043300787,0.7381814654533968,0.0059262737007566004
110547,California State University-Dominguez Hills,CA,31080,1,8,1,0,3,2,2,0,1,1,1,1,135,1,3,2,1,2,1,129.74487,2673.43186481921,38,95958,9.2,4.4,27.695761689845614,5.973392242791565,44.974456408180146,16.688166553328852,0.04554792094637671,0.12006800311680953,0.7088616561592407,0.06913650208967911,3,324,2,4.88045109563549e-10,0.9999999995119424,1.519820505768976e-178
110556,California State University-Fresno,CA,23420,1,8,1,0,4,2,2,0,1,1,2,1,11,1,3,1,0,1,1,11.77665,145.47532008102618,23.4,74468,14.3,5.4,26.75361838893064,3.9328671566192424,55.403956133535424,9.771539444578892,0.15095334329145066,0.030269747825322907,0.6207714612072753,0.11624637553817767,3,198,2,8.986010464665058e-4,0.9989644369967745,1.3239175792476844e-20
110565,California State University-Fullerton,CA,31080,1,8,1,0,4,1,2,0,1,1,2,1,135,1,2,1,0,1,1,129.74487,2673.43186481921,38,95958,9.2,4.4,27.695761689845614,5.973392242791565,44.974456408180146,16.688166553328852,0.14612878732211526,0.02373429348225439,0.542190217258187,0.2136086413402895,3,324,2,4.88045109563549e-10,0.9999999995119424,1.519820505768976e-178
110574,California State University-East Bay,CA,41860,1,8,1,0,3,1,2,0,1,1,1,1,36,1,2,3,0,3,1,46.45029,1880.7289412489185,52.9,136027,5.4,3.8,35.02985664890359,6.5815089636684725,23.200673235839865,27.828308499258025,0.15320665083135393,0.09331523583305056,0.4063454360366474,0.21903630810994232,3,499,2,1.0767877880280349e-6,0.9999989232071413,1.1505609338236225e-49
110583,California State University-Long Beach,CA,31080,1,8,1,0,4,2,2,0,1,1,2,1,135,2,3,1,0,1,1,129.74487,2673.43186481921,38,95958,9.2,4.4,27.695761689845614,5.973392242791565,44.974456408180146,16.688166553328852,0.1493310315062581,0.03711696158826068,0.5107898144151921,0.20996978851963746,3,324,2,4.88045109563549e-10,0.9999999995119424,1.519820505768976e-178
110592,California State University-Los Angeles,CA,31080,1,8,1,0,4,2,2,0,1,1,2,1,135,1,3,1,0,2,1,129.74487,2673.43186481921,38,95958,9.2,4.4,27.695761689845614,5.973392242791565,44.974456408180146,16.688166553328852,0.04197033353339621,0.04076995627197119,0.7688845065592044,0.10130326674097574,3,324,2,4.88045109563549e-10,0.9999999995119424,1.519820505768976e-178
110608,California State University-Northridge,CA,31080,1,8,1,0,4,2,2,0,1,1,1,1,135,1,3,1,0,1,1,129.74487,2673.43186481921,38,95958,9.2,4.4,27.695761689845614,5.973392242791565,44.974456408180146,16.688166553328852,0.1902693310165074,0.052408845043580614,0.566772231719963,0.08926319329615201,3,324,2,4.88045109563549e-10,0.9999999995119424,1.519820505768976e-178
110617,California State University-Sacramento,CA,40900,1,8,1,0,4,2,2,0,1,1,2,1,20,1,2,1,0,2,1,24.26388,476.3991813276809,37.1,97188,7.8,3.8,47.565475925532105,6.455191832468674,22.7866276951584,14.868685469924841,0.22120181766182592,0.06654167593504719,0.3815818742254282,0.20642537100003178,3,484,2,4.211908562388775e-4,0.9995574158190782,1.2607960255121965e-20
110635,University of California-Berkeley,CA,41860,1,8,1,0,4,2,3,0,1,1,3,0,36,3,1,1,1,0,0,46.45029,1880.7289412489185,52.9,136027,5.4,3.8,35.02985664890359,6.5815089636684725,23.200673235839865,27.828308499258025,0.1947846587315278,0.021649128859755045,0.2202001035018113,0.34997987464780633,3,499,2,1.0767877880280349e-6,0.9999989232071413,1.1505609338236225e-49
110644,University of California-Davis,CA,40900,1,8,1,0,4,1,3,0,1,1,3,0,20,2,2,1,0,0,0,24.26388,476.3991813276809,37.1,97188,7.8,3.8,47.565475925532105,6.455191832468674,22.7866276951584,14.868685469924841,0.20336760542393087,0.017642676203248397,0.24708687229921025,0.3116078080762927,3,484,2,4.211908562388775e-4,0.9995574158190782,1.2607960255121965e-20
110653,University of California-Irvine,CA,31080,1,8,1,0,4,2,3,0,1,1,3,1,135,3,2,1,0,0,0,129.74487,2673.43186481921,38,95958,9.2,4.4,27.695761689845614,5.973392242791565,44.974456408180146,16.688166553328852,0.12880872972185345,0.019687206553767444,0.26257164135608585,0.38215199300586083,3,324,2,4.88045109563549e-10,0.9999999995119424,1.519820505768976e-178
110662,University of California-Los Angeles,CA,31080,1,8,1,0,4,2,3,0,1,1,3,0,135,3,1,1,0,0,0,129.74487,2673.43186481921,38,95958,9.2,4.4,27.695761689845614,5.973392242791565,44.974456408180146,16.688166553328852,0.250421464696974,0.03437437494642398,0.232962825385033,0.2945681058376432,3,324,2,4.88045109563549e-10,0.9999999995119424,1.519820505768976e-178
110671,University of California-Riverside,CA,40140,1,8,1,0,4,2,3,0,1,1,3,1,38,1,2,1,1,0,0,46.75704,171.41298402907972,24.5,89662,9.3,4.1,27.99809397686423,6.705471518299704,53.116642969700386,7.4526531191880405,0.10733253736259211,0.0346247272427848,0.40265140598624893,0.35291695829387787,3,469,2,1.060481404962087e-4,0.9998938311884709,9.816394853840875e-41
110680,University of California-San Diego,CA,41740,1,8,1,0,4,2,3,0,1,1,3,0,28,3,2,1,0,0,0,32.88774,781.0957594252355,43.2,106268,6.9,3.9,42.408143581772414,4.35490550582071,34.63488217797879,12.080793633128941,0.1819715933061454,0.018225284770074533,0.25391646744480384,0.34048657010265787,3,497,2,3.5503139928722206e-4,0.999644646696276,9.524339239529187e-32
110705,University of California-Santa Barbara,CA,42200,1,8,1,0,4,1,3,0,1,1,3,1,5,3,1,1,0,0,0,4.43701,162.29354712619283,36.8,98161,8.7,4,40.60932925551216,1.5084482568215982,48.228874850406015,5.155724237718644,0.3160655471069003,0.020534298377587117,0.26182246980848206,0.1848493473752694,2,503,2,0.22803574183631475,0.7423412181449991,1.0577842482628465e-11
110714,University of California-Santa Cruz,CA,42100,1,8,1,0,3,2,3,0,1,1,3,1,2,2,2,1,0,0,0,2.64926,595.1981448963872,43.9,111093,6,3.8,53.91354566935672,0.7217109683458777,35.2347447966602,4.659791790915199,0.30750856786789904,0.019316647626960223,0.28481669955343236,0.24467753660816285,2,502,2,0.1638347919426701,0.6771008413519114,3.8381567986358895e-4
111188,California State University Maritime Academy,CA,46700,1,8,1,0,0,2,1,0,2,1,0,0,3,1,1,0,0,1,0,4.51918,549.9549708495127,28.8,100401,7.3,3.9,33.20536026447276,12.323917170814175,29.640996818006805,15.922136316765432,0.47038724373576307,0.029612756264236904,0.22209567198177677,0.11161731207289294,2,573,2,0.22244324112662103,0.4977313490008998,6.341676644409741e-6
111434,Canada College,CA,41860,1,8,1,1,2,1,0,0,1,0,0,1,36,0,1,1,1,3,3,46.45029,1880.7289412489185,52.9,136027,5.4,3.8,35.02985664890359,6.5815089636684725,23.200673235839865,27.828308499258025,0.253796867584243,0.029663028001898434,0.40056953013763646,0.18889416231608921,3,499,2,1.0767877880280349e-6,0.9999989232071413,1.1505609338236225e-49
111461,College of the Canyons,CA,31080,1,8,1,1,3,1,0,0,1,0,0,1,135,0,1,3,1,3,3,129.74487,2673.43186481921,38,95958,9.2,4.4,27.695761689845614,5.973392242791565,44.974456408180146,16.688166553328852,0.2522042093287827,0.05937144482366325,0.5102389078498294,0.09012372013651877,3,324,2,4.88045109563549e-10,0.9999999995119424,1.519820505768976e-178
111638,Casa Loma College-Los Angeles,CA,31080,1,8,0,0,0,2,0,0,3,0,0,1,135,2,2,1,1,3,0,129.74487,2673.43186481921,38,95958,9.2,4.4,27.695761689845614,5.973392242791565,44.974456408180146,16.688166553328852,0.27884615384615385,0.0733173076923077,0.5300480769230769,0.07932692307692307,2,324,2,4.88045109563549e-10,0.9999999995119424,1.519820505768976e-178
111887,Cerritos College,CA,31080,1,8,1,1,4,1,0,0,1,0,0,0,135,0,2,3,1,3,2,129.74487,2673.43186481921,38,95958,9.2,4.4,27.695761689845614,5.973392242791565,44.974456408180146,16.688166553328852,0.12861540800425678,0.06909657557675497,0.6620044848162365,0.07738208353920413,3,324,2,4.88045109563549e-10,0.9999999995119424,1.519820505768976e-178
111920,Chabot College,CA,41860,1,8,1,1,3,1,0,0,1,0,0,1,36,0,1,3,1,3,3,46.45029,1880.7289412489185,52.9,136027,5.4,3.8,35.02985664890359,6.5815089636684725,23.200673235839865,27.828308499258025,0.1793137991485099,0.08577510643626346,0.4026421237165039,0.22345354370147757,3,499,2,1.0767877880280349e-6,0.9999989232071413,1.1505609338236225e-49
111939,Chaffey College,CA,40140,1,8,1,1,4,1,0,0,1,0,0,1,38,0,1,3,1,3,3,46.75704,171.41298402907972,24.5,89662,9.3,4.1,27.99809397686423,6.705471518299704,53.116642969700386,7.4526531191880405,0.15343826980084338,0.06859838837626822,0.6199741138157071,0.07891111018329089,3,469,2,1.060481404962087e-4,0.9998938311884709,9.816394853840875e-41
111948,Chapman University,CA,31080,1,8,0,0,2,2,3,1,1,1,2,0,135,2,1,1,0,0,0,129.74487,2673.43186481921,38,95958,9.2,4.4,27.695761689845614,5.973392242791565,44.974456408180146,16.688166553328852,0.4827107521453811,0.022463402322059567,0.18891973750630994,0.1635537607269056,2,324,2,4.88045109563549e-10,0.9999999995119424,1.519820505768976e-178
112075,Concordia University-Irvine,CA,31080,1,8,0,0,1,2,3,1,2,1,0,1,135,2,1,1,1,1,0,129.74487,2673.43186481921,38,95958,9.2,4.4,27.695761689845614,5.973392242791565,44.974456408180146,16.688166553328852,0.3811881188118812,0.028602860286028604,0.2480748074807481,0.22277227722772278,2,324,2,4.88045109563549e-10,0.9999999995119424,1.519820505768976e-178
112084,San Diego Christian College,CA,41740,1,8,0,0,0,1,1,1,4,1,0,0,28,3,2,3,0,3,1,32.88774,781.0957594252355,43.2,106268,6.9,3.9,42.408143581772414,4.35490550582071,34.63488217797879,12.080793633128941,0.30327868852459017,0.09016393442622951,0.3524590163934426,0.01639344262295082,2,497,2,3.5503139928722206e-4,0.999644646696276,9.524339239529187e-32
112172,Citrus College,CA,31080,1,8,1,1,3,1,0,0,2,0,0,1,135,0,2,3,1,2,2,129.74487,2673.43186481921,38,95958,9.2,4.4,27.695761689845614,5.973392242791565,44.974456408180146,16.688166553328852,0.15004935834155972,0.04261270154656137,0.6356531753866403,0.09838762750904903,3,324,2,4.88045109563549e-10,0.9999999995119424,1.519820505768976e-178
112190,City College of San Francisco,CA,41860,1,8,1,1,3,2,0,0,1,0,0,0,36,0,1,2,1,3,3,46.45029,1880.7289412489185,52.9,136027,5.4,3.8,35.02985664890359,6.5815089636684725,23.200673235839865,27.828308499258025,0.22982813865423826,0.07261453955307727,0.2718571844700595,0.301485581124381,3,499,2,1.0767877880280349e-6,0.9999989232071413,1.1505609338236225e-49
112260,Claremont McKenna College,CA,31080,1,8,0,0,1,1,1,0,4,1,1,0,135,3,1,0,0,0,0,129.74487,2673.43186481921,38,95958,9.2,4.4,27.695761689845614,5.973392242791565,44.974456408180146,16.688166553328852,0.36845827439886847,0.04950495049504951,0.15063649222065065,0.15417256011315417,2,324,2,4.88045109563549e-10,0.9999999995119424,1.519820505768976e-178
112385,Coastline Community College,CA,31080,1,8,1,1,2,2,0,0,1,0,0,1,135,0,0,3,1,3,3,129.74487,2673.43186481921,38,95958,9.2,4.4,27.695761689845614,5.973392242791565,44.974456408180146,16.688166553328852,0.27239164143838146,0.08631765487705825,0.3102709887026508,0.21679096212065274,2,324,2,4.88045109563549e-10,0.9999999995119424,1.519820505768976e-178
112561,Columbia College,CA,43760,2,8,1,1,1,0,0,0,1,0,0,0,1,0,1,3,0,3,3,0.54498,24.538570120207574,24.6,77404,7.9,4.1,77.96065910675621,1.7817167602480823,13.574810084773754,1.4734485669198871,0.6594415870683321,0.04371785451873622,0.23328434974283616,0.018736223365172666,1,528,4,0.016359586404621086,0.03211667279742763,0.1978796596999155
112686,Compton College,CA,31080,1,8,1,1,2,1,0,0,1,0,0,1,135,0,1,2,0,3,3,129.74487,2673.43186481921,38,95958,9.2,4.4,27.695761689845614,5.973392242791565,44.974456408180146,16.688166553328852,0.032583065380493034,0.3408360128617363,0.5153269024651661,0.025509110396570205,3,324,2,4.88045109563549e-10,0.9999999995119424,1.519820505768976e-178
112826,Contra Costa College,CA,41860,1,8,1,1,2,1,0,0,1,0,0,1,36,0,1,3,1,3,3,46.45029,1880.7289412489185,52.9,136027,5.4,3.8,35.02985664890359,6.5815089636684725,23.200673235839865,27.828308499258025,0.13266649118188997,0.14530139510397472,0.43327191366148987,0.17965254014214266,3,499,2,1.0767877880280349e-6,0.9999989232071413,1.1505609338236225e-49
113096,Cosumnes River College,CA,40900,1,8,1,1,3,2,0,0,1,0,0,1,20,0,1,3,0,3,3,24.26388,476.3991813276809,37.1,97188,7.8,3.8,47.565475925532105,6.455191832468674,22.7866276951584,14.868685469924841,0.23568730020342923,0.09168846265620459,0.2911459846943718,0.23152184442507023,3,484,2,4.211908562388775e-4,0.9995574158190782,1.2607960255121965e-20
113111,Crafton Hills College,CA,40140,1,8,1,0,2,1,0,0,1,0,0,1,38,0,1,3,0,2,3,46.75704,171.41298402907972,24.5,89662,9.3,4.1,27.99809397686423,6.705471518299704,53.116642969700386,7.4526531191880405,0.28204134366925065,0.04664082687338501,0.537984496124031,0.06989664082687339,2,469,2,1.060481404962087e-4,0.9998938311884709,9.816394853840875e-41
113193,Cuesta College,CA,42020,1,8,1,1,3,0,0,0,1,0,0,1,3,0,1,3,1,2,3,2.81555,85.29793939828853,39.8,97446,6.4,3.2,64.50071922004582,1.0861110617818899,24.97487169469553,3.414608158263927,0.49932467532467534,0.02535064935064935,0.3431688311688312,0.03449350649350649,1,501,2,0.1611740064123611,0.6565650574635042,0.0027183389649513587
113218,Cuyamaca College,CA,41740,1,8,1,1,2,1,0,0,1,0,0,0,28,0,1,3,1,3,3,32.88774,781.0957594252355,43.2,106268,6.9,3.9,42.408143581772414,4.35490550582071,34.63488217797879,12.080793633128941,0.4929078014184397,0.03975363941769317,0.3236282194848824,0.04889884285181038,2,497,2,3.5503139928722206e-4,0.999644646696276,9.524339239529187e-32
113236,Cypress College,CA,31080,1,8,1,0,3,2,0,0,1,0,0,1,135,0,2,2,1,2,2,129.74487,2673.43186481921,38,95958,9.2,4.4,27.695761689845614,5.973392242791565,44.974456408180146,16.688166553328852,0.12444597939331146,0.039141196108904625,0.5338744028089564,0.21424048811373972,3,324,2,4.88045109563549e-10,0.9999999995119424,1.519820505768976e-178
113333,De Anza College,CA,41940,1,8,1,1,3,2,0,0,1,0,0,1,14,0,1,3,1,2,2,19.69337,734.8998188077436,55.5,162111,4.4,3.3,27.280297887055386,2.146052199293468,26.292452739170596,39.02536742060907,0.19391603464710513,0.028844958348874798,0.261511044800862,0.3839777860665589,3,500,2,3.1248236769001385e-4,0.9996868862359936,6.370343643703146e-28
113573,College of the Desert,CA,40140,1,8,1,1,3,2,0,0,2,0,0,1,38,0,2,3,1,2,3,46.75704,171.41298402907972,24.5,89662,9.3,4.1,27.99809397686423,6.705471518299704,53.116642969700386,7.4526531191880405,0.18003013720358474,0.02688555793480847,0.7141724165278769,0.02672694107383615,3,469,2,1.060481404962087e-4,0.9998938311884709,9.816394853840875e-41
113582,Design Institute of San Diego,CA,41740,1,8,2,0,0,2,1,0,4,0,0,0,28,0,3,1,1,3,1,32.88774,781.0957594252355,43.2,106268,6.9,3.9,42.408143581772414,4.35490550582071,34.63488217797879,12.080793633128941,0.47619047619047616,0.09523809523809523,0.19047619047619047,0.08571428571428572,2,497,2,3.5503139928722206e-4,0.999644646696276,9.524339239529187e-32
113634,Diablo Valley College,CA,41860,1,8,1,1,3,1,0,0,1,0,0,1,36,0,1,3,1,2,2,46.45029,1880.7289412489185,52.9,136027,5.4,3.8,35.02985664890359,6.5815089636684725,23.200673235839865,27.828308499258025,0.29139703083365054,0.06119147316330415,0.3015797487628474,0.19656452226874763,2,499,2,1.0767877880280349e-6,0.9999989232071413,1.1505609338236225e-49
113856,East Los Angeles College,CA,31080,1,8,1,1,4,1,0,0,1,0,0,1,135,0,1,3,1,3,3,129.74487,2673.43186481921,38,95958,9.2,4.4,27.695761689845614,5.973392242791565,44.974456408180146,16.688166553328852,0.15963283167894118,0.06709360657487459,0.5978012594727292,0.06446792613939588,3,324,2,4.88045109563549e-10,0.9999999995119424,1.519820505768976e-178
113980,El Camino Community College District,CA,31080,1,8,1,1,4,1,0,0,1,0,0,1,135,0,1,2,1,2,3,129.74487,2673.43186481921,38,95958,9.2,4.4,27.695761689845614,5.973392242791565,44.974456408180146,16.688166553328852,0.1370759982825247,0.1312437383712609,0.4374552740804351,0.10673393444969229,3,324,2,4.88045109563549e-10,0.9999999995119424,1.519820505768976e-178
114266,Evergreen Valley College,CA,41940,1,8,1,1,2,2,0,0,1,0,0,1,14,0,1,3,0,3,3,19.69337,734.8998188077436,55.5,162111,4.4,3.3,27.280297887055386,2.146052199293468,26.292452739170596,39.02536742060907,0.1273615635179153,0.033794788273615636,0.41498371335504886,0.3492671009771987,3,500,2,3.1248236769001385e-4,0.9996868862359936,6.370343643703146e-28
114716,Foothill College,CA,41940,1,8,1,0,3,1,0,0,1,0,0,1,14,0,0,3,1,3,3,19.69337,734.8998188077436,55.5,162111,4.4,3.3,27.280297887055386,2.146052199293468,26.292452739170596,39.02536742060907,0.27839598997493736,0.030225563909774437,0.2868671679197995,0.2808521303258145,2,500,2,3.1248236769001385e-4,0.9996868862359936,6.370343643703146e-28
114789,Fresno City College,CA,23420,1,8,1,0,4,2,0,0,2,0,0,1,11,0,2,3,1,3,3,11.77665,145.47532008102618,23.4,74468,14.3,5.4,26.75361838893064,3.9328671566192424,55.403956133535424,9.771539444578892,0.15521372269870481,0.047258585367547484,0.6545018924268203,0.10239938886766901,3,198,2,8.986010464665058e-4,0.9989644369967745,1.3239175792476844e-20
114813,Fresno Pacific University,CA,23420,1,8,0,0,1,2,2,1,2,1,0,1,11,2,3,2,1,3,2,11.77665,145.47532008102618,23.4,74468,14.3,5.4,26.75361838893064,3.9328671566192424,55.403956133535424,9.771539444578892,0.2005249343832021,0.05354330708661417,0.6204724409448819,0.046719160104986876,3,198,2,8.986010464665058e-4,0.9989644369967745,1.3239175792476844e-20
114859,Fullerton College,CA,31080,1,8,1,1,3,1,0,0,1,0,0,1,135,0,1,3,1,2,2,129.74487,2673.43186481921,38,95958,9.2,4.4,27.695761689845614,5.973392242791565,44.974456408180146,16.688166553328852,0.15228318282501277,0.03326801840177202,0.5798688021809507,0.14721417617992844,3,324,2,4.88045109563549e-10,0.9999999995119424,1.519820505768976e-178
114938,Gavilan College,CA,41940,1,8,1,1,2,0,0,0,2,0,0,1,14,0,1,2,1,3,3,19.69337,734.8998188077436,55.5,162111,4.4,3.3,27.280297887055386,2.146052199293468,26.292452739170596,39.02536742060907,0.218798955613577,0.025195822454308094,0.5609660574412533,0.057571801566579636,3,500,2,3.1248236769001385e-4,0.9996868862359936,6.370343643703146e-28
115001,Glendale Community College,CA,31080,1,8,1,1,3,2,0,0,1,0,0,1,135,0,2,3,0,3,2,129.74487,2673.43186481921,38,95958,9.2,4.4,27.695761689845614,5.973392242791565,44.974456408180146,16.688166553328852,0.5346337296219833,0.03039794974015804,0.28582615505090053,0.08129849789990745,1,324,2,4.88045109563549e-10,0.9999999995119424,1.519820505768976e-178
115126,Golden West College,CA,31080,1,8,1,1,3,1,0,0,1,0,0,1,135,0,1,3,1,2,3,129.74487,2673.43186481921,38,95958,9.2,4.4,27.695761689845614,5.973392242791565,44.974456408180146,16.688166553328852,0.24032006509798604,0.02163151827490337,0.3223028412558486,0.29673831965823555,3,324,2,4.88045109563549e-10,0.9999999995119424,1.519820505768976e-178
115296,Grossmont College,CA,41740,1,8,1,1,3,1,0,0,1,0,0,0,28,0,1,3,1,3,3,32.88774,781.0957594252355,43.2,106268,6.9,3.9,42.408143581772414,4.35490550582071,34.63488217797879,12.080793633128941,0.39707688528617047,0.047285679194301156,0.3750921149594694,0.06626136084500123,2,497,2,3.5503139928722206e-4,0.999644646696276,9.524339239529187e-32
115755,California State Polytechnic University-Humboldt,CA,21700,2,8,1,0,2,0,1,0,4,1,1,1,2,1,2,1,0,2,1,1.34541,37.70743006619447,33.1,61160,10.9,5.1,69.50669312700217,1.2910562579436753,14.151076623482805,2.9946261734341206,0.5060200668896321,0.028093645484949834,0.2976588628762542,0.030100334448160536,1,174,4,0.11705983160629399,0.302389976900329,0.03756823368860761
115861,Imperial Valley College,CA,20940,1,8,1,1,2,0,0,0,1,1,0,1,1,0,3,2,1,2,2,1.80202,43.15669616835948,16.1,57681,17.3,6.6,9.108112007635876,1.9550282460794,85.95132129499117,1.2541481226623457,0.039308855291576676,0.011339092872570195,0.9061555075593952,0.005075593952483802,3,162,2,0.09820382594947474,0.7050786599450826,7.458365488573719e-5
116439,Irvine Valley College,CA,31080,1,8,1,1,3,2,0,0,1,0,0,0,135,0,1,3,1,2,2,129.74487,2673.43186481921,38,95958,9.2,4.4,27.695761689845614,5.973392242791565,44.974456408180146,16.688166553328852,0.28626998991499786,0.02348364788935312,0.2393026941362916,0.3123469240743409,2,324,2,4.88045109563549e-10,0.9999999995119424,1.519820505768976e-178
117052,Reedley College,CA,23420,1,8,1,1,2,0,0,0,1,1,0,1,11,0,1,3,1,1,3,11.77665,145.47532008102618,23.4,74468,14.3,5.4,26.75361838893064,3.9328671566192424,55.403956133535424,9.771539444578892,0.17316473480857042,0.03126097646645592,0.690317293057019,0.06615150450766889,3,198,2,8.986010464665058e-4,0.9989644369967745,1.3239175792476844e-20
117104,Life Pacific University,CA,31080,1,8,0,0,0,1,1,1,2,1,0,1,135,1,3,3,0,2,1,129.74487,2673.43186481921,38,95958,9.2,4.4,27.695761689845614,5.973392242791565,44.974456408180146,16.688166553328852,0.35730337078651686,0.0696629213483146,0.4337078651685393,0.04269662921348315,2,324,2,4.88045109563549e-10,0.9999999995119424,1.519820505768976e-178
117140,University of La Verne,CA,31080,1,8,0,0,2,1,3,0,2,1,0,1,135,2,3,1,1,2,1,129.74487,2673.43186481921,38,95958,9.2,4.4,27.695761689845614,5.973392242791565,44.974456408180146,16.688166553328852,0.1677715451300357,0.07853136155022948,0.6223865374808771,0.049974502804691484,3,324,2,4.88045109563549e-10,0.9999999995119424,1.519820505768976e-178
117195,Lake Tahoe Community College,CA,40900,1,8,1,1,1,0,0,0,1,1,0,1,20,0,1,3,1,3,3,24.26388,476.3991813276809,37.1,97188,7.8,3.8,47.565475925532105,6.455191832468674,22.7866276951584,14.868685469924841,0.4537826143962239,0.045627376425855515,0.24977055198636422,0.08129015340238625,2,484,2,4.211908562388775e-4,0.9995574158190782,1.2607960255121965e-20
117247,Laney College,CA,41860,1,8,1,1,2,2,0,0,1,0,0,1,36,0,1,3,1,3,3,46.45029,1880.7289412489185,52.9,136027,5.4,3.8,35.02985664890359,6.5815089636684725,23.200673235839865,27.828308499258025,0.19131708157464036,0.21517787923163062,0.25738651046601774,0.2050994917736239,3,499,2,1.0767877880280349e-6,0.9999989232071413,1.1505609338236225e-49
117274,Lassen Community College,CA,45000,2,8,1,1,1,0,0,0,1,1,0,0,1,0,1,3,0,3,3,0.30356,6.684328591740898,13.1,67403,9.9,3.4,61.30254315456581,6.1108182896297265,22.56884965081038,1.9633680326788774,0.4358974358974359,0.08994708994708994,0.3032153032153032,0.04110704110704111,2,546,4,0.048311176040723054,0.2948361980850586,0.12065762635821034
117645,Long Beach City College,CA,31080,1,8,1,1,4,2,0,0,1,0,0,1,135,0,2,2,0,3,2,129.74487,2673.43186481921,38,95958,9.2,4.4,27.695761689845614,5.973392242791565,44.974456408180146,16.688166553328852,0.13303648652977546,0.12070346285677676,0.5794599096646058,0.0931223371880706,3,324,2,4.88045109563549e-10,0.9999999995119424,1.519820505768976e-178
117690,Los Angeles Harbor College,CA,31080,1,8,1,1,2,2,0,0,1,0,0,1,135,0,1,3,1,3,3,129.74487,2673.43186481921,38,95958,9.2,4.4,27.695761689845614,5.973392242791565,44.974456408180146,16.688166553328852,0.1852212748680471,0.11043442955745027,0.5475436459602111,0.08493706861550954,3,324,2,4.88045109563549e-10,0.9999999995119424,1.519820505768976e-178
117706,Los Angeles Pierce College,CA,31080,1,8,1,1,3,2,0,0,1,0,0,1,135,0,1,3,1,2,3,129.74487,2673.43186481921,38,95958,9.2,4.4,27.695761689845614,5.973392242791565,44.974456408180146,16.688166553328852,0.2926925935100322,0.05791429279167699,0.4805548674758484,0.0817934109487243,2,324,2,4.88045109563549e-10,0.9999999995119424,1.519820505768976e-178
117715,Los Angeles Southwest College,CA,31080,1,8,1,1,2,1,0,0,1,0,0,1,135,0,1,3,1,3,3,129.74487,2673.43186481921,38,95958,9.2,4.4,27.695761689845614,5.973392242791565,44.974456408180146,16.688166553328852,0.18039265680775116,0.3020142784293728,0.41560428352881185,0.04092299847016828,3,324,2,4.88045109563549e-10,0.9999999995119424,1.519820505768976e-178
117724,Los Angeles Trade Technical College,CA,31080,1,8,1,1,3,2,0,0,2,0,0,1,135,0,2,2,1,3,3,129.74487,2673.43186481921,38,95958,9.2,4.4,27.695761689845614,5.973392242791565,44.974456408180146,16.688166553328852,0.09798764450425103,0.14802128570554773,0.6717230411645972,0.0332742063734785,3,324,2,4.88045109563549e-10,0.9999999995119424,1.519820505768976e-178
117733,Los Angeles Valley College,CA,31080,1,8,1,0,3,2,0,0,1,0,0,1,135,0,1,3,0,3,3,129.74487,2673.43186481921,38,95958,9.2,4.4,27.695761689845614,5.973392242791565,44.974456408180146,16.688166553328852,0.3296141558122389,0.06419267633325142,0.4859670680756943,0.05588596706807569,2,324,2,4.88045109563549e-10,0.9999999995119424,1.519820505768976e-178
117788,Los Angeles City College,CA,31080,1,8,1,1,3,2,0,0,1,0,0,1,135,0,1,3,1,3,3,129.74487,2673.43186481921,38,95958,9.2,4.4,27.695761689845614,5.973392242791565,44.974456408180146,16.688166553328852,0.2193485608931681,0.09710130082966302,0.49288128648980845,0.0994059203113797,3,324,2,4.88045109563549e-10,0.9999999995119424,1.519820505768976e-178
117867,Los Angeles Mission College,CA,31080,1,8,1,0,3,2,0,0,1,0,0,1,135,0,1,3,1,3,3,129.74487,2673.43186481921,38,95958,9.2,4.4,27.695761689845614,5.973392242791565,44.974456408180146,16.688166553328852,0.17366438833868042,0.05970149253731343,0.6530199469940019,0.054052169061235875,3,324,2,4.88045109563549e-10,0.9999999995119424,1.519820505768976e-178
117894,Los Medanos College,CA,41860,1,8,1,1,2,1,0,0,1,0,0,1,36,0,1,2,1,2,3,46.45029,1880.7289412489185,52.9,136027,5.4,3.8,35.02985664890359,6.5815089636684725,23.200673235839865,27.828308499258025,0.18906810035842295,0.13142174432497014,0.44932297889287137,0.12982875348466746,3,499,2,1.0767877880280349e-6,0.9999989232071413,1.1505609338236225e-49
117946,Loyola Marymount University,CA,31080,1,8,0,0,3,2,3,1,1,1,2,0,135,2,1,1,1,0,0,129.74487,2673.43186481921,38,95958,9.2,4.4,27.695761689845614,5.973392242791565,44.974456408180146,16.688166553328852,0.39515589455372674,0.0777465542620099,0.2447477585976181,0.10089656095276328,2,324,2,4.88045109563549e-10,0.9999999995119424,1.519820505768976e-178
118347,College of Marin,CA,41860,1,8,1,1,1,1,0,0,1,0,0,0,36,0,1,2,0,3,3,46.45029,1880.7289412489185,52.9,136027,5.4,3.8,35.02985664890359,6.5815089636684725,23.200673235839865,27.828308499258025,0.4670863309352518,0.03273381294964029,0.3420863309352518,0.06366906474820144,2,499,2,1.0767877880280349e-6,0.9999989232071413,1.1505609338236225e-49
118684,Mendocino College,CA,46380,2,8,1,1,1,0,0,0,2,0,0,1,2,0,1,3,0,3,3,0.90244,25.733953354128822,25.2,68092,10.6,5.1,61.13425823323434,0.6050263729444617,27.637294446168166,2.099862594743141,0.39944713199723564,0.022805805114029024,0.3648928818244644,0.0340935268371343,2,569,2,0.0931800939622719,0.6637633947484898,0.012216674788829145
118718,Merced College,CA,32900,1,8,1,1,3,2,0,0,1,0,0,1,2,0,2,3,1,2,2,2.90201,149.74221381991117,15.3,65510,15.7,6.2,23.199437631159093,2.568909135392366,63.38124265595225,7.076474581410815,0.17917191319161543,0.040811791719131914,0.6452855344048589,0.07695726242500556,3,357,2,0.2224869827434964,0.497749475307048,1.1668568061063748e-5
118772,Merritt College,CA,41860,1,8,1,1,2,2,0,0,2,0,0,1,36,0,1,3,1,3,3,46.45029,1880.7289412489185,52.9,136027,5.4,3.8,35.02985664890359,6.5815089636684725,23.200673235839865,27.828308499258025,0.18701214223764093,0.22885949696444058,0.279163052905464,0.18408499566348654,3,499,2,1.0767877880280349e-6,0.9999989232071413,1.1505609338236225e-49
118912,MiraCosta College,CA,41740,1,8,1,0,3,1,0,0,1,0,0,1,28,0,1,3,0,3,2,32.88774,781.0957594252355,43.2,106268,6.9,3.9,42.408143581772414,4.35490550582071,34.63488217797879,12.080793633128941,0.3530500255232261,0.036753445635528334,0.4184532924961715,0.0776544155181215,2,497,2,3.5503139928722206e-4,0.999644646696276,9.524339239529187e-32
118930,Mission College,CA,41940,1,8,1,1,2,2,0,0,1,0,0,1,14,0,1,3,0,3,3,19.69337,734.8998188077436,55.5,162111,4.4,3.3,27.280297887055386,2.146052199293468,26.292452739170596,39.02536742060907,0.12967986977753662,0.0385241454150841,0.3465002712967987,0.35995659251220835,3,500,2,3.1248236769001385e-4,0.9996868862359936,6.370343643703146e-28
118976,Modesto Junior College,CA,33700,1,8,1,0,3,2,0,0,1,0,0,1,3,0,2,3,0,2,3,5.5399,370.27701850088727,19.6,81468,10.8,4.9,36.252278922002205,2.5937291286846333,50.038267838769656,5.8681564649181395,0.31539805340653854,0.035088594958822064,0.559021712003993,0.06204142750187173,2,368,2,0.05971555662875765,0.6662724441548885,0.003496369335249249
119067,Monterey Peninsula College,CA,41500,1,8,1,1,2,1,0,0,1,0,0,1,4,0,1,2,0,3,3,4.37613,133.34875720983075,28.2,97230,9.5,3,26.860947915167056,2.0461000930045494,61.58180858429708,5.513090333239643,0.32863534675615214,0.028523489932885907,0.46868008948545864,0.06789709172259507,2,492,2,0.06746699320517205,0.7434882485458322,0.0032924352792398927
119137,Moorpark College,CA,37100,1,8,1,0,3,1,0,0,1,0,0,1,6,0,1,3,1,2,3,8.37469,454.9534562589953,36.1,109797,6.6,3.6,41.948776611432784,1.6520014472177478,44.34301448770044,7.072739408861701,0.35260115606936415,0.02227133628017681,0.43216592995579733,0.08285163776493257,2,421,2,0.03505761404428043,0.9596126184762591,4.160852251324141e-12
119164,Mt San Antonio College,CA,31080,1,8,1,1,4,1,0,0,2,0,0,1,135,0,2,2,1,2,3,129.74487,2673.43186481921,38,95958,9.2,4.4,27.695761689845614,5.973392242791565,44.974456408180146,16.688166553328852,0.08607729847983396,0.0402198911763056,0.6378246480058338,0.18839400908733944,3,324,2,4.88045109563549e-10,0.9999999995119424,1.519820505768976e-178
119216,Mt San Jacinto Community College District,CA,40140,1,8,1,1,3,1,0,0,1,0,0,1,38,0,2,1,1,2,2,46.75704,171.41298402907972,24.5,89662,9.3,4.1,27.99809397686423,6.705471518299704,53.116642969700386,7.4526531191880405,0.22009730719206128,0.05939592465918397,0.5154872585384652,0.07326942530950431,3,469,2,1.060481404962087e-4,0.9998938311884709,9.816394853840875e-41
119331,Napa Valley College,CA,34900,1,8,1,1,1,2,0,0,1,1,0,1,2,0,1,3,0,2,3,1.34869,179.35297811145972,39.8,111471,5.4,3.3,48.55007451675329,1.6994268512408337,36.365658527904856,8.063380020612595,0.24483133841131666,0.044831338411316646,0.4707290533188248,0.13601741022850924,3,389,2,0.09815962503530316,0.7047153985952576,1.8140032879079002e-4
119605,National University,CA,41740,1,8,0,0,4,2,3,0,2,0,0,1,28,0,1,3,1,3,2,32.88774,781.0957594252355,43.2,106268,6.9,3.9,42.408143581772414,4.35490550582071,34.63488217797879,12.080793633128941,0.2936621916952857,0.17302528879175771,0.329503590384015,0.06968467062129254,2,497,2,3.5503139928722206e-4,0.999644646696276,9.524339239529187e-32
120254,Occidental College,CA,31080,1,8,0,0,1,2,1,0,4,1,1,0,135,2,1,0,0,0,0,129.74487,2673.43186481921,38,95958,9.2,4.4,27.695761689845614,5.973392242791565,44.974456408180146,16.688166553328852,0.4785276073619632,0.041922290388548056,0.17229038854805726,0.13241308793456033,2,324,2,4.88045109563549e-10,0.9999999995119424,1.519820505768976e-178
120290,Ohlone College,CA,41860,1,8,1,1,2,2,0,0,1,0,0,0,36,0,1,3,1,2,3,46.45029,1880.7289412489185,52.9,136027,5.4,3.8,35.02985664890359,6.5815089636684725,23.200673235839865,27.828308499258025,0.2039382373351839,0.03148854961832061,0.24661693268563498,0.3383934767522554,3,499,2,1.0767877880280349e-6,0.9999989232071413,1.1505609338236225e-49
120342,Orange Coast College,CA,31080,1,8,1,1,3,2,0,0,1,1,0,1,135,0,1,2,1,2,3,129.74487,2673.43186481921,38,95958,9.2,4.4,27.695761689845614,5.973392242791565,44.974456408180146,16.688166553328852,0.2899737876802097,0.019191162703613554,0.3555045871559633,0.21723460026212318,2,324,2,4.88045109563549e-10,0.9999999995119424,1.519820505768976e-178
120403,Otis College of Art and Design,CA,31080,1,8,0,0,1,2,1,0,4,1,0,0,135,1,2,0,1,1,0,129.74487,2673.43186481921,38,95958,9.2,4.4,27.695761689845614,5.973392242791565,44.974456408180146,16.688166553328852,0.22282608695652173,0.059006211180124224,0.21583850931677018,0.17391304347826086,3,324,2,4.88045109563549e-10,0.9999999995119424,1.519820505768976e-178
120421,Oxnard College,CA,37100,1,8,1,1,2,2,0,0,1,0,0,1,6,0,2,3,1,2,3,8.37469,454.9534562589953,36.1,109797,6.6,3.6,41.948776611432784,1.6520014472177478,44.34301448770044,7.072739408861701,0.15822986310092327,0.01995118327496551,0.703491457073119,0.057518836888464396,3,421,2,0.03505761404428043,0.9596126184762591,4.160852251324141e-12
120883,University of the Pacific,CA,44700,1,8,0,0,2,2,3,0,1,1,0,1,5,2,2,0,1,0,0,7.97334,572.6996570859819,22.7,92179,9.8,4.7,26.80545417604166,6.58644934243366,42.5368791497666,18.19024398809031,0.16147058823529412,0.032058823529411765,0.2638235294117647,0.3452941176470588,3,543,2,0.22263195643873854,0.497668353792445,3.1950857206580895e-6
120971,Palomar College,CA,41740,1,8,1,1,3,1,0,0,1,0,0,1,28,0,1,2,1,3,3,32.88774,781.0957594252355,43.2,106268,6.9,3.9,42.408143581772414,4.35490550582071,34.63488217797879,12.080793633128941,0.3350667360027734,0.032717975385682094,0.4790691627665107,0.06348587276824406,2,497,2,3.5503139928722206e-4,0.999644646696276,9.524339239529187e-32
121044,Pasadena City College,CA,31080,1,8,1,1,4,2,0,0,1,0,0,1,135,0,2,2,1,2,3,129.74487,2673.43186481921,38,95958,9.2,4.4,27.695761689845614,5.973392242791565,44.974456408180146,16.688166553328852,0.19683717928029693,0.038663869614329514,0.44628045828626756,0.23056317573019203,3,324,2,4.88045109563549e-10,0.9999999995119424,1.519820505768976e-178
121150,Pepperdine University,CA,31080,1,8,0,0,2,1,3,1,2,1,2,0,135,2,1,1,1,0,0,129.74487,2673.43186481921,38,95958,9.2,4.4,27.695761689845614,5.973392242791565,44.974456408180146,16.688166553328852,0.4435567010309278,0.03865979381443299,0.18762886597938144,0.1479381443298969,2,324,2,4.88045109563549e-10,0.9999999995119424,1.519820505768976e-178
121257,Pitzer College,CA,31080,1,8,0,0,1,1,1,0,4,1,0,0,135,3,1,0,0,0,0,129.74487,2673.43186481921,38,95958,9.2,4.4,27.695761689845614,5.973392242791565,44.974456408180146,16.688166553328852,0.48384424192212094,0.045567522783761395,0.1275890637945319,0.11847555923777962,2,324,2,4.88045109563549e-10,0.9999999995119424,1.519820505768976e-178
121309,Point Loma Nazarene University,CA,41740,1,8,0,0,1,2,2,1,2,1,0,0,28,1,1,2,1,1,1,32.88774,781.0957594252355,43.2,106268,6.9,3.9,42.408143581772414,4.35490550582071,34.63488217797879,12.080793633128941,0.5154249126891735,0.0229918509895227,0.2791036088474971,0.06431897555296857,1,497,2,3.5503139928722206e-4,0.999644646696276,9.524339239529187e-32
121619,Santa Ana College,CA,31080,1,8,1,0,4,2,0,0,1,0,0,0,135,0,1,3,0,3,3,129.74487,2673.43186481921,38,95958,9.2,4.4,27.695761689845614,5.973392242791565,44.974456408180146,16.688166553328852,0.18658624715103675,0.01753849574740119,0.48804825170937793,0.08296736894769026,3,324,2,4.88045109563549e-10,0.9999999995119424,1.519820505768976e-178
121691,University of Redlands,CA,40140,1,8,0,0,1,2,2,0,1,1,0,1,38,1,2,1,1,1,0,46.75704,171.41298402907972,24.5,89662,9.3,4.1,27.99809397686423,6.705471518299704,53.116642969700386,7.4526531191880405,0.3613636363636364,0.05181818181818182,0.43681818181818183,0.05045454545454545,2,469,2,1.060481404962087e-4,0.9998938311884709,9.816394853840875e-41
121707,College of the Redwoods,CA,21700,2,8,1,1,1,0,0,0,1,1,0,1,2,0,2,2,1,3,3,1.34541,37.70743006619447,33.1,61160,10.9,5.1,69.50669312700217,1.2910562579436753,14.151076623482805,2.9946261734341206,0.511608623548922,0.03731343283582089,0.2332089552238806,0.030472636815920398,1,174,4,0.11705983160629399,0.302389976900329,0.03756823368860761
121886,Rio Hondo College,CA,31080,1,8,1,0,3,0,0,0,1,0,0,1,135,0,1,2,1,3,3,129.74487,2673.43186481921,38,95958,9.2,4.4,27.695761689845614,5.973392242791565,44.974456408180146,16.688166553328852,0.13277482631794033,0.02280343277482632,0.6471597874948917,0.0491622394769105,3,324,2,4.88045109563549e-10,0.9999999995119424,1.519820505768976e-178
121901,Riverside City College,CA,40140,1,8,1,1,4,2,0,0,1,0,0,1,38,0,2,3,1,2,3,46.75704,171.41298402907972,24.5,89662,9.3,4.1,27.99809397686423,6.705471518299704,53.116642969700386,7.4526531191880405,0.13405981733369918,0.07400729097252166,0.6687311355885697,0.06471718082395829,3,469,2,1.060481404962087e-4,0.9998938311884709,9.816394853840875e-41
122180,Sacramento City College,CA,40900,1,8,1,1,3,2,0,0,1,0,0,1,20,0,1,3,0,3,3,24.26388,476.3991813276809,37.1,97188,7.8,3.8,47.565475925532105,6.455191832468674,22.7866276951584,14.868685469924841,0.27465714822468534,0.09442043960172834,0.31410858538418185,0.1626902122863047,2,484,2,4.211908562388775e-4,0.9995574158190782,1.2607960255121965e-20
122205,Saddleback College,CA,31080,1,8,1,1,4,1,0,0,1,0,0,1,135,0,1,3,1,2,3,129.74487,2673.43186481921,38,95958,9.2,4.4,27.695761689845614,5.973392242791565,44.974456408180146,16.688166553328852,0.43745835129943944,0.02512641605581906,0.28963976323938695,0.13837168280349654,2,324,2,4.88045109563549e-10,0.9999999995119424,1.519820505768976e-178
122339,San Diego City College,CA,41740,1,8,1,1,3,2,0,0,1,0,0,0,28,0,1,3,1,3,3,32.88774,781.0957594252355,43.2,106268,6.9,3.9,42.408143581772414,4.35490550582071,34.63488217797879,12.080793633128941,0.24880139883806193,0.0894015454904394,0.4571041795927576,0.11923966382762705,3,497,2,3.5503139928722206e-4,0.999644646696276,9.524339239529187e-32
122375,San Diego Mesa College,CA,41740,1,8,1,0,3,2,0,0,1,0,0,1,28,0,1,3,1,3,3,32.88774,781.0957594252355,43.2,106268,6.9,3.9,42.408143581772414,4.35490550582071,34.63488217797879,12.080793633128941,0.2866508903285875,0.06730806532955735,0.3996198161151414,0.14947433758777204,2,497,2,3.5503139928722206e-4,0.999644646696276,9.524339239529187e-32
122384,San Diego Miramar College,CA,41740,1,8,1,1,3,2,0,0,1,0,0,1,28,0,1,3,1,3,3,32.88774,781.0957594252355,43.2,106268,6.9,3.9,42.408143581772414,4.35490550582071,34.63488217797879,12.080793633128941,0.326302729528536,0.05500413564929694,0.3411910669975186,0.17509305210918114,2,497,2,3.5503139928722206e-4,0.999644646696276,9.524339239529187e-32
122409,San Diego State University,CA,41740,1,8,1,0,4,2,3,0,1,1,3,1,28,3,2,1,1,1,1,32.88774,781.0957594252355,43.2,106268,6.9,3.9,42.408143581772414,4.35490550582071,34.63488217797879,12.080793633128941,0.33902439024390246,0.03752771618625277,0.3661308203991131,0.13151330376940132,2,497,2,3.5503139928722206e-4,0.999644646696276,9.524339239529187e-32
122436,University of San Diego,CA,41740,1,8,0,0,2,2,3,1,1,1,2,0,28,2,1,0,0,0,0,32.88774,781.0957594252355,43.2,106268,6.9,3.9,42.408143581772414,4.35490550582071,34.63488217797879,12.080793633128941,0.4526138279932546,0.04519392917369309,0.25531197301854974,0.07166947723440135,2,497,2,3.5503139928722206e-4,0.999644646696276,9.524339239529187e-32
122597,San Francisco State University,CA,41860,1,8,1,0,4,2,2,0,1,1,2,1,36,1,2,1,0,1,1,46.45029,1880.7289412489185,52.9,136027,5.4,3.8,35.02985664890359,6.5815089636684725,23.200673235839865,27.828308499258025,0.15439672801635992,0.06552858540055126,0.39463857028540944,0.23961945407664267,3,499,2,1.0767877880280349e-6,0.9999989232071413,1.1505609338236225e-49
122612,University of San Francisco,CA,41860,1,8,0,0,2,2,3,1,2,1,2,0,36,2,1,1,1,0,0,46.45029,1880.7289412489185,52.9,136027,5.4,3.8,35.02985664890359,6.5815089636684725,23.200673235839865,27.828308499258025,0.2338972023422251,0.07774886141834743,0.2176317501626545,0.2641509433962264,3,499,2,1.0767877880280349e-6,0.9999989232071413,1.1505609338236225e-49
122658,San Joaquin Delta College,CA,44700,1,8,1,1,4,2,0,0,1,0,0,1,5,0,1,3,0,2,2,7.97334,572.6996570859819,22.7,92179,9.8,4.7,26.80545417604166,6.58644934243366,42.5368791497666,18.19024398809031,0.14480173604261196,0.07531071217202603,0.49107318997829946,0.17478792661274414,3,543,2,0.22263195643873854,0.497668353792445,3.1950857206580895e-6
122728,William Jessup University,CA,40900,1,8,0,0,1,1,2,1,2,1,0,0,20,1,2,2,1,1,1,24.26388,476.3991813276809,37.1,97188,7.8,3.8,47.565475925532105,6.455191832468674,22.7866276951584,14.868685469924841,0.4435763888888889,0.06076388888888889,0.25,0.04600694444444445,2,484,2,4.211908562388775e-4,0.9995574158190782,1.2607960255121965e-20
122746,San Jose City College,CA,41940,1,8,1,1,2,2,0,0,1,0,0,1,14,0,1,3,0,3,3,19.69337,734.8998188077436,55.5,162111,4.4,3.3,27.280297887055386,2.146052199293468,26.292452739170596,39.02536742060907,0.12857142857142856,0.04691358024691358,0.4910934744268078,0.2392416225749559,3,500,2,3.1248236769001385e-4,0.9996868862359936,6.370343643703146e-28
122755,San Jose State University,CA,41940,1,8,1,0,4,2,3,0,1,1,2,1,14,1,2,1,0,1,1,19.69337,734.8998188077436,55.5,162111,4.4,3.3,27.280297887055386,2.146052199293468,26.292452739170596,39.02536742060907,0.12699941522479447,0.035740084620412095,0.32207354408173094,0.3861924254411613,3,500,2,3.1248236769001385e-4,0.9996868862359936,6.370343643703146e-28
122791,College of San Mateo,CA,41860,1,8,1,1,2,2,0,0,1,0,0,1,36,0,1,3,1,3,3,46.45029,1880.7289412489185,52.9,136027,5.4,3.8,35.02985664890359,6.5815089636684725,23.200673235839865,27.828308499258025,0.24769137826874946,0.028307586087857082,0.3349443341676016,0.23353758522482093,3,499,2,1.0767877880280349e-6,0.9999989232071413,1.1505609338236225e-49
122889,Santa Barbara City College,CA,42200,1,8,1,1,3,2,0,0,1,0,0,1,5,0,1,3,1,2,2,4.43701,162.29354712619283,36.8,98161,8.7,4,40.60932925551216,1.5084482568215982,48.228874850406015,5.155724237718644,0.3991685456595265,0.025789177001127397,0.3757046223224352,0.05700394588500564,2,503,2,0.22803574183631475,0.7423412181449991,1.0577842482628465e-11
122977,Santa Monica College,CA,31080,1,8,1,0,4,2,0,0,1,0,0,1,135,0,1,3,1,3,2,129.74487,2673.43186481921,38,95958,9.2,4.4,27.695761689845614,5.973392242791565,44.974456408180146,16.688166553328852,0.2649218106995885,0.09392592592592593,0.39381069958847736,0.09283950617283951,3,324,2,4.88045109563549e-10,0.9999999995119424,1.519820505768976e-178
123013,Santa Rosa Junior College,CA,42220,1,8,1,1,3,2,0,0,1,0,0,1,2,0,1,2,1,3,3,4.8504,307.89606014061974,38.5,104674,5.1,3.6,57.92635658914729,1.481321128154379,30.001237011380503,4.348095002474023,0.4198276715856195,0.021194414182430423,0.3923937803307913,0.0419926710904229,2,504,2,0.06818141501912672,0.7482485993312115,8.016489777356459e-4
123217,College of the Sequoias,CA,47300,1,8,1,1,3,2,0,0,1,0,0,1,3,0,2,2,0,2,2,4.78693,99.23360722969349,16.6,71300,14.7,5.7,25.454101062685268,1.3073096953579852,66.6347742707748,3.509556229148954,0.17874569460390355,0.020809414466130886,0.7149110218140069,0.03487370838117107,3,581,2,0.09818193580422038,0.7048988427996132,1.2747832729579245e-4
123299,Shasta College,CA,39820,1,8,1,0,2,1,0,0,1,1,0,0,3,0,2,3,1,3,3,1.81436,48.054228973013885,23.8,72636,8.3,3.5,75.30644414559404,0.8278401199320973,11.765030093256023,3.4000970039022027,0.6050361389601305,0.022965726276521332,0.19678246677547215,0.043949638610398696,1,461,4,0.03687318112646623,0.04431076910744601,0.05228404364285748
123341,Sierra College,CA,40900,1,8,1,1,3,1,0,0,1,1,0,0,20,0,1,3,1,2,3,24.26388,476.3991813276809,37.1,97188,7.8,3.8,47.565475925532105,6.455191832468674,22.7866276951584,14.868685469924841,0.5441380044723672,0.03599190714513896,0.23304227451815568,0.08305824725801299,1,484,2,4.211908562388775e-4,0.9995574158190782,1.2607960255121965e-20
123457,Simpson University,CA,39820,1,8,0,0,0,2,1,1,2,1,0,0,3,1,2,1,1,2,1,1.81436,48.054228973013885,23.8,72636,8.3,3.5,75.30644414559404,0.8278401199320973,11.765030093256023,3.4000970039022027,0.47810650887573963,0.03905325443786982,0.2698224852071006,0.04260355029585799,2,461,4,0.03687318112646623,0.04431076910744601,0.05228404364285748
123554,Saint Mary's College of California,CA,41860,1,8,0,0,1,1,2,1,1,1,0,1,36,1,1,1,1,0,0,46.45029,1880.7289412489185,52.9,136027,5.4,3.8,35.02985664890359,6.5815089636684725,23.200673235839865,27.828308499258025,0.37222715173025733,0.055900621118012424,0.2990239574090506,0.09982253771073647,2,499,2,1.0767877880280349e-6,0.9999989232071413,1.1505609338236225e-49
123563,Solano Community College,CA,46700,1,8,1,0,2,1,0,0,1,0,0,1,3,0,1,3,0,3,3,4.51918,549.9549708495127,28.8,100401,7.3,3.9,33.20536026447276,12.323917170814175,29.640996818006805,15.922136316765432,0.21976509451275464,0.1536061662690402,0.363919985318407,0.1419526518627271,3,573,2,0.22244324112662103,0.4977313490008998,6.341676644409741e-6
123572,Sonoma State University,CA,42220,1,8,1,0,2,1,2,0,1,1,1,1,2,1,2,1,0,1,1,4.8504,307.89606014061974,38.5,104674,5.1,3.6,57.92635658914729,1.481321128154379,30.001237011380503,4.348095002474023,0.4085106382978723,0.02825531914893617,0.41038297872340423,0.04970212765957447,2,504,2,0.06818141501912672,0.7482485993312115,8.016489777356459e-4
123800,Southwestern College,CA,41740,1,8,1,1,4,2,0,0,1,0,0,1,28,0,2,2,1,3,2,32.88774,781.0957594252355,43.2,106268,6.9,3.9,42.408143581772414,4.35490550582071,34.63488217797879,12.080793633128941,0.1334048948046372,0.046328896522112493,0.6536281665951051,0.10120223271790468,3,497,2,3.5503139928722206e-4,0.999644646696276,9.524339239529187e-32
123961,University of Southern California,CA,31080,1,8,0,0,4,2,3,0,1,1,3,0,135,3,1,1,0,3,0,129.74487,2673.43186481921,38,95958,9.2,4.4,27.695761689845614,5.973392242791565,44.974456408180146,16.688166553328852,0.27483763990603843,0.06945787849477224,0.18488323891115102,0.24872184606881304,2,324,2,4.88045109563549e-10,0.9999999995119424,1.519820505768976e-178
124113,Taft College,CA,12540,1,8,1,0,1,0,0,0,1,1,0,1,7,0,1,2,1,3,3,9.15075,112.4906921887248,18.8,70210,15.3,5,29.555610195885585,4.806928393847499,56.46116438543288,5.051279949730896,0.15111452728670255,0.03674096848578017,0.682859338970023,0.011837048424289008,3,41,2,0.03333053458114768,0.948492624252575,4.8284251179448976e-14
125028,Ventura College,CA,37100,1,8,1,1,3,2,0,0,1,0,0,1,6,0,1,3,1,2,3,8.37469,454.9534562589953,36.1,109797,6.6,3.6,41.948776611432784,1.6520014472177478,44.34301448770044,7.072739408861701,0.21799421661409044,0.02109621451104101,0.630717665615142,0.05711093585699264,3,421,2,0.03505761404428043,0.9596126184762591,4.160852251324141e-12
125170,Berkeley City College,CA,41860,1,8,1,1,2,2,0,0,1,0,0,1,36,0,1,3,1,3,3,46.45029,1880.7289412489185,52.9,136027,5.4,3.8,35.02985664890359,6.5815089636684725,23.200673235839865,27.828308499258025,0.22249546984209165,0.171110535852964,0.27271550608335493,0.1933730261454828,3,499,2,1.0767877880280349e-6,0.9999989232071413,1.1505609338236225e-49
125462,Coalinga College,CA,23420,1,8,1,1,1,0,0,0,1,1,0,1,11,0,1,3,1,2,3,11.77665,145.47532008102618,23.4,74468,14.3,5.4,26.75361838893064,3.9328671566192424,55.403956133535424,9.771539444578892,0.14665523156089194,0.049170954831332186,0.7149799885648942,0.024585477415666093,3,198,2,8.986010464665058e-4,0.9989644369967745,1.3239175792476844e-20
125471,West Los Angeles College,CA,31080,1,8,1,0,2,1,0,0,1,0,0,1,135,0,1,3,1,3,3,129.74487,2673.43186481921,38,95958,9.2,4.4,27.695761689845614,5.973392242791565,44.974456408180146,16.688166553328852,0.21390338994250974,0.19011431969867176,0.45774135994184895,0.05669728408114716,3,324,2,4.88045109563549e-10,0.9999999995119424,1.519820505768976e-178
125499,West Valley College,CA,41940,1,8,1,1,2,1,0,0,1,0,0,1,14,0,1,3,1,2,3,19.69337,734.8998188077436,55.5,162111,4.4,3.3,27.280297887055386,2.146052199293468,26.292452739170596,39.02536742060907,0.28618421052631576,0.029166666666666667,0.3101973684210526,0.2387061403508772,2,500,2,3.1248236769001385e-4,0.9996868862359936,6.370343643703146e-28
125727,Westmont College,CA,42200,1,8,0,0,1,1,1,1,4,1,0,0,5,1,1,0,0,0,0,4.43701,162.29354712619283,36.8,98161,8.7,4,40.60932925551216,1.5084482568215982,48.228874850406015,5.155724237718644,0.5117994100294986,0.024336283185840708,0.2359882005899705,0.06268436578171091,1,503,2,0.22803574183631475,0.7423412181449991,1.0577842482628465e-11
125897,Woodbury University,CA,31080,1,8,0,0,0,2,1,0,2,1,0,1,135,1,2,1,1,2,0,129.74487,2673.43186481921,38,95958,9.2,4.4,27.695761689845614,5.973392242791565,44.974456408180146,16.688166553328852,0.40757749712973596,0.04822043628013777,0.2973593570608496,0.12169919632606199,2,324,2,4.88045109563549e-10,0.9999999995119424,1.519820505768976e-178
126119,Yuba College,CA,49700,1,8,1,1,2,1,0,0,1,0,0,1,1,0,2,3,0,2,3,1.83364,148.50871474473314,19.5,78179,11.2,4.1,44.51364499029253,2.600837678061124,31.922841997338626,13.039637006173512,0.27078757452149355,0.031377470975839344,0.39331659868214625,0.14951364919987448,2,619,2,0.09617482544008434,0.6883954605718678,0.004978357551203167
126182,Adams State University,CO,10480,2,7,1,0,1,0,2,0,1,1,0,1,1,0,2,3,1,2,2,0.27718,8.561102562084411,29.4,51237,12.5,2.4,44.407965942708714,1.3240493542102605,49.46965870553431,0.9199797965221156,0.3827476038338658,0.08945686900958466,0.32523961661341855,0.008306709265175719,2,8,2,0.08034104741350359,0.5537512686151443,0.03399926532947819
126207,Aims Community College,CO,24540,1,7,1,0,2,2,0,0,1,0,0,0,2,0,1,2,1,1,3,3.50396,87.92966820845392,33.2,97097,6.5,3.3,62.040091781869656,1.2859735841733353,30.964394570714276,1.6007602826516285,0.473633748801534,0.02444870565675935,0.400287631831256,0.013902205177372963,2,214,4,0.023152413182903772,0.18267031209048895,0.2682671476340985
126289,Arapahoe Community College,CO,19740,1,7,1,0,3,1,0,0,1,0,0,0,22,0,1,2,1,1,3,30.02721,359.8361155218858,49.4,105762,5.5,3.2,60.77231284558239,5.3785549839628795,23.943749685701736,4.338531618488697,0.5956565223603372,0.04372053150450064,0.1881697385340763,0.04086298042577511,1,147,5,0.0030922445963373294,0.21301927544276325,5.986107987396572e-25
126359,Bel-Rea Institute of Animal Technology,CO,19740,1,7,2,1,0,1,0,0,3,0,0,0,22,0,2,0,0,2,0,30.02721,359.8361155218858,49.4,105762,5.5,3.2,60.77231284558239,5.3785549839628795,23.943749685701736,4.338531618488697,0.5769230769230769,0.03365384615384615,0.2980769230769231,0.02403846153846154,1,147,5,0.0030922445963373294,0.21301927544276325,5.986107987396572e-25
126562,University of Colorado Denver/Anschutz Medical Campus,CO,19740,1,7,1,0,4,2,3,0,1,1,3,1,22,2,1,2,1,1,2,30.02721,359.8361155218858,49.4,105762,5.5,3.2,60.77231284558239,5.3785549839628795,23.943749685701736,4.338531618488697,0.3787928759894459,0.06901385224274406,0.27630277044854884,0.10314973614775726,2,147,5,0.0030922445963373294,0.21301927544276325,5.986107987396572e-25
126580,University of Colorado Colorado Springs,CO,17820,1,7,1,0,3,2,2,0,1,1,2,0,9,1,1,2,1,2,1,7.67824,286.12175213177255,41.7,90144,5.4,3.3,66.14927379191064,5.321922732292817,18.37869095000938,2.7179405697138925,0.595689740788559,0.053629953322077664,0.20389313735226935,0.03783891151057702,1,118,4,0.033804354691934956,0.1577381073420614,1.1209969422257355e-4
126614,University of Colorado Boulder,CO,14500,1,7,1,0,4,2,3,0,1,1,3,0,3,1,1,1,0,0,1,3.28961,452.85974656031726,64.2,103994,3.9,3.2,74.53679919504135,0.7569286328774536,14.733053462264522,4.6516152370645765,0.6760704105321931,0.019248288224749478,0.1361779658526551,0.06144758882129948,0,70,4,0.058193204022796666,0.13881761156509376,0.0637831762764929
126711,Colorado Mountain College,CO,40090,2,7,1,0,2,0,0,0,1,1,0,1,1,0,1,2,0,2,3,0.79464,20.28112050576122,40.8,95635,5,2.3,65.54162891372194,0.5826537803281989,28.078123426960637,1.0344306855934764,0.5812417437252312,0.011889035667107,0.33157199471598414,0.010039630118890357,1,468,2,0.07580163765341809,0.5208775189328257,0.054217251144972674
126818,Colorado State University-Fort Collins,CO,22660,1,7,1,0,4,2,3,0,1,1,3,0,2,1,1,1,0,1,1,3.67368,141.52697090242154,53,93765,4.7,3.2,79.2243744691971,0.9842991224058709,12.935530585135341,2.1923520829250234,0.6990005657175183,0.02485385630775033,0.1567791815953234,0.029115594946256835,0,191,4,0.09178361340094751,0.31450726058045814,6.146501014427967e-13
126827,Colorado Technical University-Colorado Springs,CO,17820,1,7,2,0,4,2,3,0,5,0,0,0,9,0,3,3,1,3,2,7.67824,286.12175213177255,41.7,90144,5.4,3.3,66.14927379191064,5.321922732292817,18.37869095000938,2.7179405697138925,0.29161719810040704,0.21069369063772048,0.001505257801899593,0.008798337856173677,2,118,4,0.033804354691934956,0.1577381073420614,1.1209969422257355e-4
126863,Community College of Aurora,CO,19740,1,7,1,1,2,2,0,0,1,0,0,1,22,0,1,2,1,1,3,30.02721,359.8361155218858,49.4,105762,5.5,3.2,60.77231284558239,5.3785549839628795,23.943749685701736,4.338531618488697,0.25991884580703334,0.24504057709648333,0.33385933273219115,0.059738503155996395,3,147,5,0.0030922445963373294,0.21301927544276325,5.986107987396572e-25
126942,Community College of Denver,CO,19740,1,7,1,0,2,2,0,0,1,0,0,1,22,0,2,2,0,2,3,30.02721,359.8361155218858,49.4,105762,5.5,3.2,60.77231284558239,5.3785549839628795,23.943749685701736,4.338531618488697,0.3468177625510607,0.12702595862432467,0.36645144287784953,0.05797865331400712,2,147,5,0.0030922445963373294,0.21301927544276325,5.986107987396572e-25
126951,Lincoln College of Technology-Denver,CO,19740,1,7,2,1,1,2,0,0,3,0,0,0,22,0,2,0,1,3,0,30.02721,359.8361155218858,49.4,105762,5.5,3.2,60.77231284558239,5.3785549839628795,23.943749685701736,4.338531618488697,0.39384116693679094,0.0902215018908698,0.39384116693679094,0.019448946515397084,2,147,5,0.0030922445963373294,0.21301927544276325,5.986107987396572e-25
127060,University of Denver,CO,19740,1,7,0,0,3,2,3,0,1,1,3,0,22,1,1,2,1,1,1,30.02721,359.8361155218858,49.4,105762,5.5,3.2,60.77231284558239,5.3785549839628795,23.943749685701736,4.338531618488697,0.6757136172204025,0.029792544064888474,0.14022773358290438,0.03821556699422867,0,147,5,0.0030922445963373294,0.21301927544276325,5.986107987396572e-25
127556,Colorado Mesa University,CO,24300,1,7,1,0,2,2,1,0,2,1,0,0,2,1,1,1,0,1,1,1.58601,47.64622651748125,32.3,73658,6.6,3.3,78.38538218548433,0.5844855959294077,15.459549435375566,0.8764131373698778,0.6456293500058983,0.017341040462427744,0.21245723723015217,0.014037985136251032,1,210,4,0.11023412802336534,0.08934968392546527,0.021813496012903923
127565,Metropolitan State University of Denver,CO,19740,1,7,1,0,3,2,2,0,2,0,0,1,22,1,2,2,1,2,2,30.02721,359.8361155218858,49.4,105762,5.5,3.2,60.77231284558239,5.3785549839628795,23.943749685701736,4.338531618488697,0.4314405594405594,0.08223776223776223,0.3583216783216783,0.04397202797202797,2,147,5,0.0030922445963373294,0.21301927544276325,5.986107987396572e-25
127617,Morgan Community College,CO,22820,2,7,1,0,1,0,0,0,2,0,0,1,1,0,1,2,1,2,3,0.2952,23.053760788995945,17.8,73278,9.7,3.4,54.63414634146342,1.9884823848238482,38.44173441734418,0.6808943089430894,0.39819004524886875,0.08597285067873303,0.47398190045248867,0.01583710407239819,2,192,2,0.08530095548797034,0.5989849647485002,0.03125887287011313
127653,Naropa University,CO,14500,1,7,0,0,1,2,2,0,1,1,0,0,3,0,3,3,1,3,1,3.28961,452.85974656031726,64.2,103994,3.9,3.2,74.53679919504135,0.7569286328774536,14.733053462264522,4.6516152370645765,0.6564705882352941,0.023529411764705882,0.1223529411764706,0.023529411764705882,1,70,4,0.058193204022796666,0.13881761156509376,0.0637831762764929
127732,Northeastern Junior College,CO,44540,2,7,1,1,1,0,0,0,1,1,0,0,1,0,1,1,1,3,2,0.20892,11.362999816418885,20.1,51829,12,3.1,75.52651732720659,3.6281830365690215,17.212330078498947,0.6078881868657859,0.6679960119641076,0.02991026919242273,0.17647058823529413,0.0019940179461615153,1,540,4,0.014547651874606795,0.017204318824504326,0.20225970630966314
127741,University of Northern Colorado,CO,24540,1,7,1,0,2,2,3,0,1,1,2,1,2,1,1,1,0,1,1,3.50396,87.92966820845392,33.2,97097,6.5,3.3,62.040091781869656,1.2859735841733353,30.964394570714276,1.6007602826516285,0.5996464159434266,0.042269366763098684,0.2610093217614915,0.022018643522982963,1,214,4,0.023152413182903772,0.18267031209048895,0.2682671476340985
127820,Pikes Peak State College,CO,17820,1,7,1,0,3,1,0,0,1,0,0,0,9,0,2,2,1,3,2,7.67824,286.12175213177255,41.7,90144,5.4,3.3,66.14927379191064,5.321922732292817,18.37869095000938,2.7179405697138925,0.5232238226250202,0.08731186276096456,0.24971678265091438,0.03382424340508173,1,118,4,0.033804354691934956,0.1577381073420614,1.1209969422257355e-4
127884,Pueblo Community College,CO,39380,1,7,1,0,2,2,0,0,2,0,0,1,2,0,1,2,1,3,3,1.69356,70.96146138296174,25.6,64010,11.1,2.6,50.959517229977095,1.8529015801034505,42.14022532416921,0.7935945582087437,0.47551963048498846,0.0325635103926097,0.3990762124711316,0.012702078521939953,2,455,2,0.05660834256551238,0.617570098446688,0.008401472556700913
127909,Red Rocks Community College,CO,19740,1,7,1,0,2,1,0,0,1,0,0,0,22,0,1,2,1,2,3,30.02721,359.8361155218858,49.4,105762,5.5,3.2,60.77231284558239,5.3785549839628795,23.943749685701736,4.338531618488697,0.6287109117297797,0.0283678585565378,0.21335268505079827,0.0353608655495448,1,147,5,0.0030922445963373294,0.21301927544276325,5.986107987396572e-25
127918,Regis University,CO,19740,1,7,0,0,1,2,3,1,2,1,0,1,22,1,2,3,1,2,2,30.02721,359.8361155218858,49.4,105762,5.5,3.2,60.77231284558239,5.3785549839628795,23.943749685701736,4.338531618488697,0.4590437980608492,0.06686726847208292,0.31795386158475425,0.06285523236375794,2,147,5,0.0030922445963373294,0.21301927544276325,5.986107987396572e-25
128106,Colorado State University Pueblo,CO,39380,1,7,1,0,2,2,1,0,2,1,1,1,2,1,1,2,1,1,2,1.69356,70.96146138296174,25.6,64010,11.1,2.6,50.959517229977095,1.8529015801034505,42.14022532416921,0.7935945582087437,0.4035038146369031,0.06301215032495056,0.36083639446171234,0.022322690025430914,2,455,2,0.05660834256551238,0.617570098446688,0.008401472556700913
128498,Albertus Magnus College,CT,35300,1,1,0,0,1,2,2,1,2,1,0,0,5,2,3,3,1,2,0,5.70598,1553.697665666768,42,88197,7.1,3.9,58.46112324263317,13.012839161721562,19.547912891387632,4.4898509984262125,0.32737030411449014,0.3148479427549195,0.24329159212880144,0.014311270125223614,2,392,4,0.15885043512275052,0.04193092769983326,0.003017937628674602
128744,University of Bridgeport,CT,14860,1,1,0,0,1,2,3,0,2,1,0,1,5,1,3,2,1,3,1,9.5633,1422.4537988503446,50.9,114565,6.3,4.1,56.29719866573254,10.011711438520177,22.64406637876047,5.3092551734234,0.25349544072948327,0.3331306990881459,0.2899696048632219,0.04437689969604863,3,78,4,0.15878240297945487,0.011528288859828354,3.0242677463127385e-4
128771,Central Connecticut State University,CT,25540,1,1,1,0,2,1,2,0,2,1,0,0,10,2,2,1,1,1,1,11.53112,794.4433467888126,42.7,95118,6.6,3.3,62.89822671171578,10.431597277627844,16.176659335780048,5.575954460624813,0.5394176136363636,0.13671875,0.19957386363636365,0.050544507575757576,1,228,1,0.8839079838915069,0.0036562657171485334,1.8532616638888144e-20
128902,Connecticut College,CT,35980,1,1,0,0,1,2,1,0,4,1,0,0,5,3,1,0,0,0,0,2.79971,468.07031158091445,35.8,86586,7.8,3.1,70.59516878533849,4.888363437641756,15.04120069578635,3.7486025338338615,0.6869346733668342,0.043718592964824124,0.11457286432160804,0.035678391959798994,0,402,4,0.21754011943149987,0.004689993328858694,2.704250689960297e-9
129020,University of Connecticut,CT,25540,1,1,1,0,4,0,3,0,1,1,3,1,10,2,1,1,0,0,0,11.53112,794.4433467888126,42.7,95118,6.6,3.3,62.89822671171578,10.431597277627844,16.176659335780048,5.575954460624813,0.5042085395092588,0.0730500433607101,0.16114880375452736,0.12921491608427282,1,228,1,0.8839079838915069,0.0036562657171485334,1.8532616638888144e-20
129154,Goodwin University,CT,25540,1,1,0,0,1,2,0,0,6,0,0,0,10,0,3,3,1,3,3,11.53112,794.4433467888126,42.7,95118,6.6,3.3,62.89822671171578,10.431597277627844,16.176659335780048,5.575954460624813,0.35678059536934953,0.28269018743109153,0.24035281146637266,0.02822491730981257,2,228,1,0.8839079838915069,0.0036562657171485334,1.8532616638888144e-20
129215,Eastern Connecticut State University,CT,35980,1,1,1,0,1,0,1,0,4,1,0,0,5,1,1,1,0,0,1,2.79971,468.07031158091445,35.8,86586,7.8,3.1,70.59516878533849,4.888363437641756,15.04120069578635,3.7486025338338615,0.6447778092272856,0.08944240022643646,0.13840928389470705,0.02349278233795641,1,402,4,0.21754011943149987,0.004689993328858694,2.704250689960297e-9
129242,Fairfield University,CT,14860,1,1,0,0,2,1,3,1,2,1,0,0,5,3,0,1,1,0,0,9.5633,1422.4537988503446,50.9,114565,6.3,4.1,56.29719866573254,10.011711438520177,22.64406637876047,5.3092551734234,0.8082891376939697,0.01296405421331762,0.07621292476920055,0.02023178157532901,0,78,4,0.15878240297945487,0.011528288859828354,3.0242677463127385e-4
129367,Connecticut State Community College,CT,25540,1,1,1,1,4,2,0,0,2,0,0,1,10,0,2,2,1,3,3,11.53112,794.4433467888126,42.7,95118,6.6,3.3,62.89822671171578,10.431597277627844,16.176659335780048,5.575954460624813,0.39038196618659987,0.17337507827175955,0.31646837820914214,0.04125234815278647,2,228,1,0.8839079838915069,0.0036562657171485334,1.8532616638888144e-20
129525,University of Hartford,CT,25540,1,1,0,0,2,2,3,0,1,1,0,0,10,1,2,1,1,0,0,11.53112,794.4433467888126,42.7,95118,6.6,3.3,62.89822671171578,10.431597277627844,16.176659335780048,5.575954460624813,0.5056980056980057,0.16666666666666666,0.17165242165242164,0.03917378917378917,1,228,1,0.8839079838915069,0.0036562657171485334,1.8532616638888144e-20
129774,Mitchell College,CT,35980,1,1,0,0,0,2,1,0,4,1,0,0,5,1,2,1,0,1,1,2.79971,468.07031158091445,35.8,86586,7.8,3.1,70.59516878533849,4.888363437641756,15.04120069578635,3.7486025338338615,0.5413870246085011,0.14317673378076062,0.20134228187919462,0.013422818791946308,1,402,4,0.21754011943149987,0.004689993328858694,2.704250689960297e-9
129941,University of New Haven,CT,35300,1,1,0,0,2,1,2,0,2,1,1,0,5,2,2,1,1,0,0,5.70598,1553.697665666768,42,88197,7.1,3.9,58.46112324263317,13.012839161721562,19.547912891387632,4.4898509984262125,0.5333861700019814,0.10917376659401624,0.20764810778680404,0.030909451159104418,1,392,4,0.15885043512275052,0.04193092769983326,0.003017937628674602
130183,Post University,CT,47930,1,1,2,0,3,2,3,0,2,1,0,0,2,0,3,3,1,3,2,4.54969,1102.195571887628,33.8,86191,8.7,3.9,59.8117673951412,10.554785051289208,19.929269906301307,3.7835544839318724,0.4151226158038147,0.36045640326975475,0.12118528610354223,0.009502724795640327,2,591,4,0.18092149111905767,0.13339294478649702,5.767355662574862e-4
130226,Quinnipiac University,CT,35300,1,1,0,0,2,1,3,0,2,1,0,0,5,2,1,1,0,0,0,5.70598,1553.697665666768,42,88197,7.1,3.9,58.46112324263317,13.012839161721562,19.547912891387632,4.4898509984262125,0.7307751343054489,0.04481964696853415,0.11588641596316193,0.035303146584804296,0,392,4,0.15885043512275052,0.04193092769983326,0.003017937628674602
130253,Sacred Heart University,CT,14860,1,1,0,0,3,1,3,1,2,1,1,0,5,2,1,1,1,0,0,9.5633,1422.4537988503446,50.9,114565,6.3,4.1,56.29719866573254,10.011711438520177,22.64406637876047,5.3092551734234,0.7589010372862349,0.036725539669189795,0.13106251752172693,0.017241379310344827,0,78,4,0.15878240297945487,0.011528288859828354,3.0242677463127385e-4
130314,University of Saint Joseph,CT,25540,1,1,0,0,1,2,3,1,2,1,0,0,10,1,2,1,1,0,1,11.53112,794.4433467888126,42.7,95118,6.6,3.3,62.89822671171578,10.431597277627844,16.176659335780048,5.575954460624813,0.5760992108229989,0.10597519729425028,0.17361894024802707,0.05411499436302142,1,228,1,0.8839079838915069,0.0036562657171485334,1.8532616638888144e-20
130493,Southern Connecticut State University,CT,35300,1,1,1,0,2,2,3,0,1,1,2,0,5,1,2,1,1,1,1,5.70598,1553.697665666768,42,88197,7.1,3.9,58.46112324263317,13.012839161721562,19.547912891387632,4.4898509984262125,0.4346744696415508,0.20087783467446965,0.24506217995610827,0.038771031455742504,2,392,4,0.15885043512275052,0.04193092769983326,0.003017937628674602
130590,Trinity College,CT,25540,1,1,0,0,1,2,1,0,4,1,1,0,10,3,1,0,0,0,0,11.53112,794.4433467888126,42.7,95118,6.6,3.3,62.89822671171578,10.431597277627844,16.176659335780048,5.575954460624813,0.6088129496402878,0.05575539568345324,0.09037769784172661,0.045863309352517985,1,228,1,0.8839079838915069,0.0036562657171485334,1.8532616638888144e-20
130697,Wesleyan University,CT,25540,1,1,0,0,1,2,1,0,4,1,1,0,10,3,1,2,0,0,1,11.53112,794.4433467888126,42.7,95118,6.6,3.3,62.89822671171578,10.431597277627844,16.176659335780048,5.575954460624813,0.5498281786941581,0.056232427366447985,0.10246797875663854,0.08997188378631678,1,228,1,0.8839079838915069,0.0036562657171485334,1.8532616638888144e-20
130776,Western Connecticut State University,CT,14860,1,1,1,0,1,2,1,0,2,1,0,1,5,1,2,1,1,1,1,9.5633,1422.4537988503446,50.9,114565,6.3,4.1,56.29719866573254,10.011711438520177,22.64406637876047,5.3092551734234,0.4891649048625793,0.09117336152219874,0.28990486257928116,0.04466173361522199,2,78,4,0.15878240297945487,0.011528288859828354,3.0242677463127385e-4
130794,Yale University,CT,35300,1,1,0,0,3,2,3,0,1,1,3,0,5,3,1,0,0,0,0,5.70598,1553.697665666768,42,88197,7.1,3.9,58.46112324263317,13.012839161721562,19.547912891387632,4.4898509984262125,0.32624518338804054,0.08748394462680177,0.15798487227058655,0.22691594120165548,2,392,4,0.15885043512275052,0.04193092769983326,0.003017937628674602
130934,Delaware State University,DE,20100,1,2,1,0,2,2,2,0,2,1,2,1,2,2,2,1,0,0,1,1.87604,320.11000577896533,27.5,74477,7.9,3.5,56.54357049956291,26.40135604784546,8.110701264365366,2.494616319481461,0.07147183525136282,0.7526751463759338,0.08419139915202907,0.010498687664041995,3,154,4,0.05267070295044417,0.19405707080776297,0.16994399164373997
130943,University of Delaware,DE,37980,1,2,1,0,4,1,3,0,1,1,3,0,65,2,1,1,0,0,0,62.72014,1362.526683049549,42.2,91289,8.2,3.9,58.452962636881864,19.472628728188425,10.764708114490816,6.472657745980796,0.6717326809972415,0.06469577889970332,0.09909956800083276,0.05501483370634466,1,432,4,2.6951417364527627e-4,9.237153694531293e-16,1.990244638474015e-45
130989,Goldey-Beacom College,DE,37980,1,2,0,0,1,1,2,0,5,1,0,0,65,1,2,2,1,1,1,62.72014,1362.526683049549,42.2,91289,8.2,3.9,58.452962636881864,19.472628728188425,10.764708114490816,6.472657745980796,0.3849431818181818,0.22301136363636365,0.16761363636363635,0.015625,2,432,4,2.6951417364527627e-4,9.237153694531293e-16,1.990244638474015e-45
131113,Wilmington University,DE,37980,1,2,0,0,3,1,3,0,2,0,0,0,65,0,1,3,1,3,3,62.72014,1362.526683049549,42.2,91289,8.2,3.9,58.452962636881864,19.472628728188425,10.764708114490816,6.472657745980796,0.456897307726037,0.23300885731824958,0.16513198281154082,0.031219854424274315,2,432,4,2.6951417364527627e-4,9.237153694531293e-16,1.990244638474015e-45
131399,University of the District of Columbia,DC,47900,1,2,1,0,1,2,0,0,2,0,1,1,42,0,2,1,0,3,2,63.18377,1047.1802189984844,54.4,126684,5.6,3.3,41.06570405659555,24.18943978809748,18.036973735502013,10.792739971040032,0.03284950343773873,0.5704099821746881,0.25770308123249297,0.013496307613954673,3,590,1,0.9472972929019546,0.0526294215034272,2.414900657154856e-26
131450,Gallaudet University,DC,47900,1,2,0,0,1,2,3,0,1,1,1,0,42,2,3,1,0,2,1,63.18377,1047.1802189984844,54.4,126684,5.6,3.3,41.06570405659555,24.18943978809748,18.036973735502013,10.792739971040032,0.4183564567769477,0.1728922091782284,0.23585912486659552,0.05016008537886873,2,590,1,0.9472972929019546,0.0526294215034272,2.414900657154856e-26
131469,George Washington University,DC,47900,1,2,0,0,4,2,3,0,1,1,3,0,42,2,1,1,0,0,0,63.18377,1047.1802189984844,54.4,126684,5.6,3.3,41.06570405659555,24.18943978809748,18.036973735502013,10.792739971040032,0.4879449908608234,0.07894507790060057,0.13221342153364088,0.1474453825398207,2,590,1,0.9472972929019546,0.0526294215034272,2.414900657154856e-26
131496,Georgetown University,DC,47900,1,2,0,0,4,2,3,1,1,1,3,0,42,3,1,1,1,0,0,63.18377,1047.1802189984844,54.4,126684,5.6,3.3,41.06570405659555,24.18943978809748,18.036973735502013,10.792739971040032,0.4811135799241929,0.051757940138543984,0.0648281270422167,0.15109136060645667,2,590,1,0.9472972929019546,0.0526294215034272,2.414900657154856e-26
131520,Howard University,DC,47900,1,2,0,0,3,2,3,0,1,1,3,1,42,2,2,1,0,0,1,63.18377,1047.1802189984844,54.4,126684,5.6,3.3,41.06570405659555,24.18943978809748,18.036973735502013,10.792739971040032,0.002760171744019628,0.7158045389490901,0.06910652218360254,0.03066857493355142,3,590,1,0.9472972929019546,0.0526294215034272,2.414900657154856e-26
132471,Barry University,FL,33100,1,5,0,0,2,1,3,1,2,1,0,1,54,1,2,1,1,1,2,62.49291,1233.2893766984143,36.7,76527,9.8,3.2,27.40245253421548,19.262265111354232,46.74187839868555,2.493578871587193,0.10974643423137877,0.3763866877971474,0.3478605388272583,0.013074484944532488,3,360,1,0.5386944681626634,0.46095198633318446,2.262704342640269e-63
132602,Bethune-Cookman University,FL,19660,1,5,0,0,1,2,1,1,4,1,0,1,6,1,3,0,0,0,0,7.0615,444.87281666566906,28.9,71277,7.5,2.2,68.46392409544715,10.048714862281386,15.466685548396233,2.05069744388586,0.006870229007633588,0.5683206106870229,0.03435114503816794,7.633587786259542e-4,3,146,4,0.04702972826624166,0.01702567203643371,6.906824087478504e-4
132693,Eastern Florida State College,FL,37340,1,5,1,0,3,2,0,0,1,1,0,0,2,0,1,3,0,2,3,6.3278,623.4488565841481,34.2,78476,7.2,2.7,70.20702297797023,9.399949429501564,12.208508486361769,2.4232750719049276,0.5810611643330877,0.12254974207811349,0.18187177597641857,0.024392041267501843,1,425,4,0.05201919071647087,0.11749328805408744,0.06727797626803513
132709,Broward College,FL,33100,1,5,1,0,4,2,0,0,1,0,0,1,54,0,2,2,1,2,3,62.49291,1233.2893766984143,36.7,76527,9.8,3.2,27.40245253421548,19.262265111354232,46.74187839868555,2.493578871587193,0.12282529136872924,0.34587016496818873,0.36734981138449413,0.029136872923821857,3,360,1,0.5386944681626634,0.46095198633318446,2.262704342640269e-63
132851,College of Central Florida,FL,36100,1,5,1,0,2,2,0,0,1,0,0,0,3,0,2,2,1,2,2,4.00078,251.8694302133181,23.4,61010,10,2.4,65.48997945400646,11.58499092676928,17.028929358775038,1.7299126670299294,0.5680903744970597,0.11405137728257506,0.20612813370473537,0.02522438873413804,1,403,4,0.030703857739521067,0.024066966622676704,3.9253645376458487e-7
132903,University of Central Florida,FL,36740,1,5,1,0,4,1,3,0,1,1,3,1,18,2,2,2,1,1,1,27.93746,800.0327766541411,36.7,78533,8.8,3.4,41.891639397425536,14.983430848760051,33.27600290076478,4.426171885346771,0.4291850544277729,0.09642541924095323,0.31167990585466315,0.07434539570461901,2,413,2,0.029656022915085022,0.9687040184899887,2.994362683776872e-26
133386,Daytona State College,FL,19660,1,5,1,0,3,2,0,0,1,1,0,0,6,0,2,3,1,3,2,7.0615,444.87281666566906,28.9,71277,7.5,2.2,68.46392409544715,10.048714862281386,15.466685548396233,2.05069744388586,0.5235225955967555,0.14808806488991888,0.22626496716879105,0.02402471996910004,1,146,4,0.04702972826624166,0.01702567203643371,6.906824087478504e-4
133492,Eckerd College,FL,45300,1,5,0,0,1,2,1,1,4,1,0,0,18,1,1,0,0,0,0,33.04691,1313.5226940327348,34.9,74392,8.3,2.8,58.36718168203926,11.226707731524673,21.76385023592221,3.827680106854166,0.7547547547547547,0.026026026026026026,0.1011011011011011,0.01951951951951952,0,550,4,0.12147790433415886,8.405157036734581e-4,2.494267566217848e-13
133508,Florida SouthWestern State College,FL,15980,1,5,1,0,3,1,0,0,1,1,0,1,4,0,2,3,1,2,2,8.17666,1046.7417436775459,31.2,76107,8.1,2.2,62.01150592051034,7.626952814474369,24.737362199235385,1.6862630952002406,0.3386516060713025,0.14020472996823155,0.3779032827391458,0.01906106600776562,2,88,2,0.0783993862385828,0.7839087457079962,6.957331558934199e-14
133553,Embry-Riddle Aeronautical University-Daytona Beach,FL,19660,1,5,0,0,3,2,2,0,2,1,2,0,6,2,1,1,0,0,1,7.0615,444.87281666566906,28.9,71277,7.5,2.2,68.46392409544715,10.048714862281386,15.466685548396233,2.05069744388586,0.5682515337423313,0.046267893660531696,0.15247955010224948,0.04856850715746421,1,146,4,0.04702972826624166,0.01702567203643371,6.906824087478504e-4
133650,Florida Agricultural and Mechanical University,FL,45220,1,5,1,0,2,2,3,0,2,1,2,1,3,3,3,1,1,1,1,3.9173,163.95175964263527,41.4,65261,11.3,3.4,53.15191586041406,31.034130651213847,8.234753529216553,2.769509611211804,0.03161298048137948,0.892348221769848,0.0531672853550473,0.002514668901927913,3,549,2,0.11734779374968421,0.7404462887304715,0.0024655884800566705
133702,Florida State College at Jacksonville,FL,27260,1,5,1,0,4,2,0,0,1,1,0,0,10,0,2,3,1,3,3,16.8396,525.9456388718772,36.5,79643,8.6,2.6,58.8326919879332,20.078921114515786,11.108755552388418,4.146357395662605,0.4197694862277789,0.28536823598359057,0.0911115452236765,0.030201211174057434,2,257,2,0.198492640579567,0.6039151382513877,3.3934666581366853e-7
133711,Flagler College,FL,27260,1,5,0,0,1,1,1,0,2,1,0,0,10,1,1,1,0,0,0,16.8396,525.9456388718772,36.5,79643,8.6,2.6,58.8326919879332,20.078921114515786,11.108755552388418,4.146357395662605,0.7203791469194313,0.030410742496050552,0.1334913112164297,0.009478672985781991,0,257,2,0.198492640579567,0.6039151382513877,3.3934666581366853e-7
133809,Florida College,FL,45300,1,5,0,0,0,1,0,1,1,1,0,0,18,2,1,2,0,0,1,33.04691,1313.5226940327348,34.9,74392,8.3,2.8,58.36718168203926,11.226707731524673,21.76385023592221,3.827680106854166,0.7296849087893864,0.03316749585406302,0.1044776119402985,0.01990049751243781,0,550,4,0.12147790433415886,8.405157036734581e-4,2.494267566217848e-13
133872,AdventHealth University,FL,36740,1,5,0,0,1,2,3,1,6,1,0,1,18,0,2,3,1,3,2,27.93746,800.0327766541411,36.7,78533,8.8,3.4,41.891639397425536,14.983430848760051,33.27600290076478,4.426171885346771,0.33474833232261975,0.16919345057610674,0.3444511825348696,0.04063068526379624,2,413,2,0.029656022915085022,0.9687040184899887,2.994362683776872e-26
133881,Florida Institute of Technology,FL,37340,1,5,0,0,2,2,3,0,7,1,2,0,2,2,1,0,0,0,1,6.3278,623.4488565841481,34.2,78476,7.2,2.7,70.20702297797023,9.399949429501564,12.208508486361769,2.4232750719049276,0.5345291479820627,0.04992526158445441,0.16203288490284007,0.026307922272047833,1,425,4,0.05201919071647087,0.11749328805408744,0.06727797626803513
133960,The College of the Florida Keys,FL,28580,2,5,1,0,1,0,0,0,2,0,0,0,1,0,1,3,0,3,2,0.8186,83.27283517974764,38.6,87738,7.1,1.8,63.72098705106279,6.756657708282433,24.593207915954068,1.0481309552895188,0.43587786259541983,0.10763358778625955,0.3450381679389313,0.007633587786259542,2,279,4,0.021560787203105825,0.074711703606931,0.1853200694141369
133979,Florida Memorial University,FL,33100,1,5,0,0,1,1,1,1,2,1,0,1,54,1,3,0,1,1,0,62.49291,1233.2893766984143,36.7,76527,9.8,3.2,27.40245253421548,19.262265111354232,46.74187839868555,2.493578871587193,0.03081232492997199,0.7675070028011205,0.03571428571428571,0.0014005602240896359,3,360,1,0.5386944681626634,0.46095198633318446,2.262704342640269e-63
134097,Florida State University,FL,45220,1,5,1,0,4,2,3,0,1,1,3,0,3,3,1,1,0,0,1,3.9173,163.95175964263527,41.4,65261,11.3,3.4,53.15191586041406,31.034130651213847,8.234753529216553,2.769509611211804,0.5794560306394183,0.07603004099219055,0.23224918464438526,0.03698273540588253,1,549,2,0.11734779374968421,0.7404462887304715,0.0024655884800566705
134130,University of Florida,FL,23540,1,5,1,0,4,2,3,0,1,1,3,0,3,3,1,1,1,0,1,3.49923,149.3103044371881,41.8,61468,10.9,2.5,61.525821394992604,16.65795046338766,12.040077388454032,5.008244670970471,0.4973991129606308,0.051524941137819635,0.24571538082461808,0.11714942780485134,1,200,4,0.04243420918801364,0.07054594127276849,0.0735842506561194
134237,Full Sail University,FL,36740,1,5,2,0,4,1,2,0,1,0,0,0,18,0,2,3,0,3,0,27.93746,800.0327766541411,36.7,78533,8.8,3.4,41.891639397425536,14.983430848760051,33.27600290076478,4.426171885346771,0.36255816592895246,0.3180966973101805,0.1843718079673136,0.01631483373056407,2,413,2,0.029656022915085022,0.9687040184899887,2.994362683776872e-26
134343,Gulf Coast State College,FL,37460,1,5,1,0,2,2,0,0,1,0,0,0,1,0,1,2,1,2,2,2.11922,157.76238931187666,27.4,71514,8.5,2.3,73.07499929219242,10.255188229631656,8.534743915214088,1.866724549598437,0.6751824817518248,0.13310433662516102,0.08243881494203521,0.029841133533705454,0,426,4,0.012454005722472659,3.4788391174186278e-6,0.20731883347002275
134495,Hillsborough Community College,FL,45300,1,5,1,0,4,2,0,0,1,1,0,1,18,0,2,3,0,2,2,33.04691,1313.5226940327348,34.9,74392,8.3,2.8,58.36718168203926,11.226707731524673,21.76385023592221,3.827680106854166,0.3094320776255708,0.18503852739726026,0.3766409817351598,0.03314069634703196,2,550,4,0.12147790433415886,8.405157036734581e-4,2.494267566217848e-13
134608,Indian River State College,FL,38940,1,5,1,0,3,1,0,0,1,0,0,1,4,0,2,3,1,2,2,5.22676,468.4748301691445,30,74514,8.1,3.1,58.442323734014956,15.855137790906795,20.00933656796945,1.753667664097835,0.3219610476830087,0.1364002686366689,0.46326393552719947,0.011954331766286097,2,449,2,0.09744173014433853,0.6988125294836101,0.0019164427241903322
135160,Florida Gateway College,FL,29380,2,5,1,0,1,0,0,0,1,1,0,0,1,0,2,3,1,3,2,0.71789,90.03143427391996,16.8,59205,11.4,2.9,70.26285364052988,16.0888158352951,7.888395158032567,0.9625430079817242,0.6741643236488597,0.19525148391127772,0.08528584817244611,0.008122461730709154,1,296,4,0.014565357706192264,0.01735533172433549,0.202216566036758
135188,Lake-Sumter State College,FL,36740,1,5,1,0,2,1,0,0,1,0,0,1,18,0,2,3,1,2,3,27.93746,800.0327766541411,36.7,78533,8.8,3.4,41.891639397425536,14.983430848760051,33.27600290076478,4.426171885346771,0.4680619141050796,0.13756267713102246,0.2923479398299542,0.03924133420536298,2,413,2,0.029656022915085022,0.9687040184899887,2.994362683776872e-26
135391,State College of Florida-Manatee-Sarasota,FL,35840,1,5,1,0,2,1,0,0,1,0,0,0,6,0,2,3,1,2,2,8.89339,684.7452576598271,38.3,80859,5.8,2.1,74.02621497539184,5.677587511623802,14.350883071584628,2.059057344837008,0.5408831607859709,0.09666173674202409,0.24910204944010142,0.037396999788717515,1,400,4,0.024592129851301502,0.010367395755115746,0.01091939953696677
135717,Miami Dade College,FL,33100,1,5,1,0,4,2,0,0,1,0,0,1,54,0,3,3,1,2,2,62.49291,1233.2893766984143,36.7,76527,9.8,3.2,27.40245253421548,19.262265111354232,46.74187839868555,2.493578871587193,0.03798071577208394,0.1623115657712897,0.6917859355392117,0.00859371276984417,3,360,1,0.5386944681626634,0.46095198633318446,2.262704342640269e-63
135726,University of Miami,FL,33100,1,5,0,0,3,1,3,0,1,1,3,0,54,3,1,1,1,0,0,62.49291,1233.2893766984143,36.7,76527,9.8,3.2,27.40245253421548,19.262265111354232,46.74187839868555,2.493578871587193,0.4749391009079501,0.08282276518786447,0.24337491695578356,0.047759651583376396,2,360,1,0.5386944681626634,0.46095198633318446,2.262704342640269e-63
136172,University of North Florida,FL,27260,1,5,1,0,3,2,3,0,1,1,2,0,10,2,2,2,1,1,1,16.8396,525.9456388718772,36.5,79643,8.6,2.6,58.8326919879332,20.078921114515786,11.108755552388418,4.146357395662605,0.5664926671638081,0.12453392990305742,0.16157096694009446,0.05754412130251056,1,257,2,0.198492640579567,0.6039151382513877,3.3934666581366853e-7
136233,Northwest Florida State College,FL,18880,1,5,1,0,1,1,0,0,1,0,0,0,1,0,1,3,1,2,2,2.99547,152.19883991079328,34.9,81993,7.2,2.4,72.55656040621338,7.713313770460061,10.591326235949618,2.656678250825413,0.6207513416815742,0.10263864042933811,0.13036672629695886,0.027728085867620753,1,135,4,0.014132048347612593,0.013801126576659212,0.20326325957762537
136330,Palm Beach Atlantic University,FL,33100,1,5,0,0,1,2,3,1,2,1,0,0,54,1,1,1,1,0,1,62.49291,1233.2893766984143,36.7,76527,9.8,3.2,27.40245253421548,19.262265111354232,46.74187839868555,2.493578871587193,0.5130434782608696,0.10359168241965974,0.17618147448015123,0.0223062381852552,1,360,1,0.5386944681626634,0.46095198633318446,2.262704342640269e-63
136358,Palm Beach State College,FL,33100,1,5,1,0,4,1,0,0,1,0,0,1,54,0,2,3,1,2,3,62.49291,1233.2893766984143,36.7,76527,9.8,3.2,27.40245253421548,19.262265111354232,46.74187839868555,2.493578871587193,0.24403126980773293,0.30893020635256,0.351257130783858,0.02383970702162124,3,360,1,0.5386944681626634,0.46095198633318446,2.262704342640269e-63
136400,Pasco-Hernando State College,FL,45300,1,5,1,0,2,1,0,0,1,0,0,0,18,0,1,0,1,2,2,33.04691,1313.5226940327348,34.9,74392,8.3,2.8,58.36718168203926,11.226707731524673,21.76385023592221,3.827680106854166,0.5188163396590544,0.07237053715020907,0.2537793502733998,0.02498123726814624,1,550,4,0.12147790433415886,8.405157036734581e-4,2.494267566217848e-13
136473,Pensacola State College,FL,37860,1,5,1,0,2,2,0,0,1,0,0,0,3,0,2,3,1,3,2,5.24395,314.1220467384207,30.6,75967,9.1,3,68.03173180522316,14.991943096330058,6.931416203434434,2.4786658911698245,0.5642073564207356,0.21574532157453216,0.09905355990535598,0.023338352333835233,1,430,4,0.018737177012865674,0.05166599472683841,0.19213340488798947
136516,Polk State College,FL,29460,1,5,1,0,3,2,0,0,1,0,0,1,6,0,2,3,0,2,3,7.90694,439.70560861635914,23.5,65978,11,2.8,50.781718338573455,14.079530134287094,29.19473272846386,1.77957591685279,0.40884551495016613,0.19487126245847175,0.30045681063122925,0.025851328903654484,2,298,2,0.09813641519846261,0.596107682281794,0.002798942344886948
136950,Rollins College,FL,36740,1,5,0,0,1,1,2,0,1,1,0,0,18,2,1,0,1,0,0,27.93746,800.0327766541411,36.7,78533,8.8,3.4,41.891639397425536,14.983430848760051,33.27600290076478,4.426171885346771,0.5825568393589265,0.05963473723443906,0.18225866567275437,0.03242638837122624,1,413,2,0.029656022915085022,0.9687040184899887,2.994362683776872e-26
137032,Saint Leo University,FL,45300,1,5,0,0,2,0,3,1,1,1,0,0,18,1,2,3,1,3,2,33.04691,1313.5226940327348,34.9,74392,8.3,2.8,58.36718168203926,11.226707731524673,21.76385023592221,3.827680106854166,0.21583453797397975,0.16624040920716113,0.1364394529078172,0.00978538863560547,3,550,4,0.12147790433415886,8.405157036734581e-4,2.494267566217848e-13
137078,St Petersburg College,FL,45300,1,5,1,0,4,2,0,0,1,0,0,0,18,0,2,3,1,3,3,33.04691,1313.5226940327348,34.9,74392,8.3,2.8,58.36718168203926,11.226707731524673,21.76385023592221,3.827680106854166,0.5439446366782007,0.14467738652554446,0.19503358436800325,0.041156116425809075,1,550,4,0.12147790433415886,8.405157036734581e-4,2.494267566217848e-13
137096,Santa Fe College,FL,23540,1,5,1,0,3,1,0,0,1,0,0,0,3,0,1,2,1,2,2,3.49923,149.3103044371881,41.8,61468,10.9,2.5,61.525821394992604,16.65795046338766,12.040077388454032,5.008244670970471,0.501127620058371,0.12775271955425843,0.22167683735738922,0.040328999734677635,1,200,4,0.04243420918801364,0.07054594127276849,0.0735842506561194
137209,Seminole State College of Florida,FL,36740,1,5,1,0,3,2,0,0,1,0,0,1,18,0,1,3,1,3,3,27.93746,800.0327766541411,36.7,78533,8.8,3.4,41.891639397425536,14.983430848760051,33.27600290076478,4.426171885346771,0.4017565112053301,0.1665657177468201,0.3115687462144155,0.03513022410660206,2,413,2,0.029656022915085022,0.9687040184899887,2.994362683776872e-26
137281,Saint Johns River State College,FL,37260,2,5,1,0,2,0,0,0,1,0,0,0,1,0,1,3,0,1,3,0.75164,103.1916884371698,14.5,47934,17.4,3.5,69.30179341173967,14.722473524559629,11.203501676334415,0.5268479591293704,0.6140416047548292,0.12852897473997027,0.150074294205052,0.027303120356612184,1,424,4,0.014475801469737223,0.01662773408797977,0.20243245406633006
137315,South Florida State College,FL,42700,1,5,1,0,1,1,0,0,1,0,0,1,1,0,2,2,0,2,2,1.05702,103.86729447868221,20.5,54897,10.9,2.8,63.10476622958885,9.289322813191804,22.199201528826322,1.5117973169854875,0.3695652173913043,0.12525879917184266,0.42374051069703245,0.019668737060041408,2,512,2,0.08251955258290009,0.5761140995416427,0.03798115305516543
137351,University of South Florida,FL,45300,1,5,1,0,4,2,3,0,1,1,3,0,18,2,1,2,1,1,1,33.04691,1313.5226940327348,34.9,74392,8.3,2.8,58.36718168203926,11.226707731524673,21.76385023592221,3.827680106854166,0.44377393243177743,0.08334545102030924,0.2356405409335466,0.08327274489845378,2,550,4,0.12147790433415886,8.405157036734581e-4,2.494267566217848e-13
137546,Stetson University,FL,19660,1,5,0,0,1,2,3,0,1,1,0,0,6,2,2,0,1,0,0,7.0615,444.87281666566906,28.9,71277,7.5,2.2,68.46392409544715,10.048714862281386,15.466685548396233,2.05069744388586,0.5006252605252188,0.12088370154230929,0.1992496873697374,0.01625677365568987,1,146,4,0.04702972826624166,0.01702567203643371,6.906824087478504e-4
137759,Tallahassee State College,FL,45220,1,5,1,0,3,2,0,0,1,0,0,1,3,0,2,3,1,1,2,3.9173,163.95175964263527,41.4,65261,11.3,3.4,53.15191586041406,31.034130651213847,8.234753529216553,2.769509611211804,0.36680150245593757,0.28799479919098525,0.2701531349321005,0.012713088702687085,2,549,2,0.11734779374968421,0.7404462887304715,0.0024655884800566705
138187,Valencia College,FL,36740,1,5,1,0,4,2,0,0,1,0,0,1,18,0,2,3,1,2,2,27.93746,800.0327766541411,36.7,78533,8.8,3.4,41.891639397425536,14.983430848760051,33.27600290076478,4.426171885346771,0.22446753658826796,0.1774679728711379,0.4345972315868798,0.04087177249831436,3,413,2,0.029656022915085022,0.9687040184899887,2.994362683776872e-26
138275,Warner University,FL,29460,1,5,0,0,0,0,1,1,2,1,0,0,6,2,3,2,0,1,1,7.90694,439.70560861635914,23.5,65978,11,2.8,50.781718338573455,14.079530134287094,29.19473272846386,1.77957591685279,0.41656662665066024,0.2737094837935174,0.2112845138055222,0.007202881152460984,2,298,2,0.09813641519846261,0.596107682281794,0.002798942344886948
138309,Rasmussen University-Florida,FL,36100,1,5,2,0,1,2,0,0,6,0,0,0,3,0,3,2,1,3,2,4.00078,251.8694302133181,23.4,61010,10,2.4,65.48997945400646,11.58499092676928,17.028929358775038,1.7299126670299294,0.3530179918746373,0.2539175856065003,0.1967498549042368,0.032791642484039464,2,403,4,0.030703857739521067,0.024066966622676704,3.9253645376458487e-7
138558,Abraham Baldwin Agricultural College,GA,45700,2,5,1,0,1,0,1,0,2,1,0,0,1,1,2,2,1,1,2,0.50377,92.21362409208234,19,49785,15.8,2.5,53.04603291184469,30.76403914484785,11.713678861385155,1.0699327073863072,0.7705096756609431,0.08967020986644862,0.10248023984736986,0.00872172254020169,0,556,4,0.030630430097048415,0.11447543418666939,0.1286679475371738
138600,Agnes Scott College,GA,12060,1,5,0,0,1,1,1,1,4,1,0,0,42,2,2,0,1,0,0,62.56377,712.1271698222058,42.2,89724,8,3.4,42.76842651905408,33.267864132867956,12.42343611965839,6.576953402903948,0.3982494529540481,0.31838074398249455,0.13676148796498905,0.044857768052516414,2,34,2,0.026171251060412504,0.9727961255520519,1.238234901231096e-58
138682,Albany Technical College,GA,10500,1,5,1,1,1,2,0,0,2,0,0,0,2,0,3,3,1,3,2,1.46018,91.77916722560481,23.1,56906,15.6,4.3,39.75126354285088,52.551740196414144,3.129751126573436,1.0923310824692845,0.15101560200176625,0.7868707683249926,0.02737709743891669,0.004415660877244628,3,9,2,0.05392532268714526,0.9056081801728314,5.0576120354891585e-5
138716,Albany State University,GA,10500,1,5,1,0,2,2,0,0,2,1,0,1,2,0,3,3,1,1,1,1.46018,91.77916722560481,23.1,56906,15.6,4.3,39.75126354285088,52.551740196414144,3.129751126573436,1.0923310824692845,0.07281976744186046,0.8190406976744186,0.043313953488372095,0.003633720930232558,3,9,2,0.05392532268714526,0.9056081801728314,5.0576120354891585e-5
138840,Atlanta Technical College,GA,12060,1,5,1,1,1,2,0,0,2,0,0,0,42,0,3,3,1,3,3,62.56377,712.1271698222058,42.2,89724,8,3.4,42.76842651905408,33.267864132867956,12.42343611965839,6.576953402903948,0.032806804374240585,0.8383961117861483,0.061968408262454436,0.009518023491292021,3,34,2,0.026171251060412504,0.9727961255520519,1.238234901231096e-58
138956,Augusta Technical College,GA,12260,1,5,1,1,1,2,0,0,3,0,0,0,7,0,2,2,1,3,2,6.24181,179.32634886919803,29.5,69344,11.9,3.7,51.61916174955662,34.69698693167527,6.6080191482919215,2.0583772976107895,0.30184117537660404,0.551794681048912,0.0691835596057281,0.014878184861446904,2,38,4,0.008903299561316873,0.13526956573940174,3.062426560067198e-12
139144,Berry College,GA,40660,1,5,0,0,1,1,1,0,1,1,0,0,4,2,1,0,0,0,0,0.99693,195.54044276183006,25.9,65565,12.2,2.5,68.7771458377218,13.558624978684561,12.42113287793526,1.4574744465509113,0.7196467991169978,0.09050772626931568,0.10066225165562914,0.027373068432671083,0,478,4,0.002272259455985476,2.9553080065571e-4,5.896743576996057e-4
139199,Brenau University,GA,23580,1,5,0,0,1,2,3,0,2,1,0,0,3,1,2,2,1,2,2,2.12705,541.9664436416612,27.3,80901,8.9,2.2,57.93610869514115,6.666039820408547,29.13988857807762,2.203521308854987,0.43112701252236135,0.26565295169946335,0.1815742397137746,0.018783542039355994,2,201,2,0.04606126435764783,0.5039818569848674,0.05284829868776938
139250,College of Coastal Georgia,GA,15260,1,5,1,0,1,2,1,0,4,1,0,0,1,1,2,2,0,2,2,1.15074,88.91483438883012,28.3,66623,11.9,2,66.54848184646401,21.117715556945964,6.527104298103829,1.0827815145037107,0.5868725868725869,0.2177012177012177,0.08108108108108109,0.015741015741015742,1,81,4,0.029065865831284465,0.11503063393196389,0.13074070936206295
139278,West Georgia Technical College,GA,12060,1,5,1,1,2,0,0,0,2,0,0,0,42,0,2,3,1,2,3,62.56377,712.1271698222058,42.2,89724,8,3.4,42.76842651905408,33.267864132867956,12.42343611965839,6.576953402903948,0.463623395149786,0.36547788873038517,0.10328102710413695,0.010413694721825963,2,34,2,0.026171251060412504,0.9727961255520519,1.238234901231096e-58
139311,Clayton  State University,GA,12060,1,5,1,0,2,1,2,0,2,1,0,0,42,2,3,3,1,2,2,62.56377,712.1271698222058,42.2,89724,8,3.4,42.76842651905408,33.267864132867956,12.42343611965839,6.576953402903948,0.09551730660109703,0.6578399848685454,0.11424248155853982,0.052203518063173825,3,34,2,0.026171251060412504,0.9727961255520519,1.238234901231096e-58
139357,Columbus Technical College,GA,17980,1,5,1,1,1,2,0,0,3,0,0,0,4,0,3,3,1,3,3,3.25615,116.87119623398846,28.1,59336,14.4,3.3,43.03149424934355,41.82792561767732,7.710946977258419,1.9271225219968366,0.3038355477563299,0.5292053146151918,0.09024818250188017,0.010779644021057909,2,121,4,0.010516048460368006,0.1265173681126698,0.23911840403464843
139366,Columbus State University,GA,17980,1,5,1,0,2,2,3,0,1,1,0,0,4,1,2,2,1,2,2,3.25615,116.87119623398846,28.1,59336,14.4,3.3,43.03149424934355,41.82792561767732,7.710946977258419,1.9271225219968366,0.4140780413159908,0.37964804896710025,0.09227237949502679,0.025707727620504973,2,121,4,0.010516048460368006,0.1265173681126698,0.23911840403464843
139384,Georgia Northwestern Technical College,GA,40660,1,5,1,1,2,2,0,0,2,0,0,0,4,0,2,3,1,2,3,0.99693,195.54044276183006,25.9,65565,12.2,2.5,68.7771458377218,13.558624978684561,12.42113287793526,1.4574744465509113,0.6224299065420561,0.0983857264231096,0.2367034834324554,0.005437553101104503,1,478,4,0.002272259455985476,2.9553080065571e-4,5.896743576996057e-4
139393,Covenant College,GA,16860,1,5,0,0,1,1,1,1,4,1,0,0,6,1,1,0,0,0,1,5.75812,275.1503278697644,31.9,72161,9.2,2.8,75.54844289455586,11.745847603037102,6.431960431529736,1.6489757073489264,0.871331828442438,0.012415349887133182,0.03611738148984198,0.030474040632054177,0,105,4,0.029521398382212922,0.0034558343400174466,5.235071100976708e-4
139463,Dalton State College,GA,19140,1,5,1,0,2,2,1,0,2,1,0,1,1,0,3,2,1,1,2,1.4416,227.04534079092187,18.7,67846,11.4,3.1,62.30646503884573,2.587402885682575,31.281908990011097,1.1376248612652609,0.5215500197706603,0.04329774614472123,0.36338473705021745,0.016805061289047053,1,139,4,0.028558817969352945,0.11363284951065646,0.13240759802194949
139658,Emory University,GA,12060,1,5,0,0,3,2,3,1,1,1,3,0,42,3,1,1,1,0,0,62.56377,712.1271698222058,42.2,89724,8,3.4,42.76842651905408,33.267864132867956,12.42343611965839,6.576953402903948,0.3114040870138431,0.09255108767303889,0.11786420566908372,0.25115359261700726,2,34,2,0.026171251060412504,0.9727961255520519,1.238234901231096e-58
139700,Georgia Highlands College,GA,40660,1,5,1,0,2,1,0,0,1,0,0,0,4,0,2,3,1,2,2,0.99693,195.54044276183006,25.9,65565,12.2,2.5,68.7771458377218,13.558624978684561,12.42113287793526,1.4574744465509113,0.5503698485382177,0.1782317717506164,0.19742867206762946,0.013032758013384995,1,478,4,0.002272259455985476,2.9553080065571e-4,5.896743576996057e-4
139719,Fort Valley State University,GA,47580,1,5,1,0,1,0,1,0,4,1,1,1,2,2,3,2,1,0,1,1.98209,376.5091291826833,31.1,79345,9.5,3.2,50.18944649334793,33.56658880272843,7.843236179991826,2.591708751873023,0.015574067366896052,0.9239406012314378,0.024990945309670408,0.0021731256791017745,3,586,4,0.1218917256499957,0.24835205182589987,0.021626869100853843
139755,Georgia Institute of Technology-Main Campus,GA,12060,1,5,1,0,4,2,3,0,7,1,3,0,42,3,1,1,1,0,1,62.56377,712.1271698222058,42.2,89724,8,3.4,42.76842651905408,33.267864132867956,12.42343611965839,6.576953402903948,0.3615257901781118,0.08241531967466283,0.08565839596417173,0.32302069391537114,2,34,2,0.026171251060412504,0.9727961255520519,1.238234901231096e-58
139764,Georgia Southwestern State University,GA,11140,2,5,1,0,1,0,2,0,2,1,0,0,2,1,2,3,0,2,2,0.33574,51.66933461942903,21.5,43688,17.4,2.9,44.42127837016739,45.100375290403285,5.590635610889379,1.1258712098647763,0.5383177570093458,0.34542056074766353,0.047850467289719624,0.015327102803738318,1,19,4,0.006617590316316723,0.02375337819595865,0.23965544876443545
139861,Georgia College & State University,GA,33300,2,5,1,0,2,0,2,0,2,1,0,0,2,1,1,1,0,0,0,0.43642,168.69780426192278,24.4,54403,14.7,2.9,51.42981531552174,41.33632739104532,2.875670225929151,1.7391503597451996,0.81873459326212,0.03549712407559573,0.06885784716516023,0.015612161051766639,0,362,4,0.03905038235864256,0.04346215850326269,0.039798714930267744
139931,Georgia Southern University,GA,44340,2,5,1,0,4,0,3,0,2,1,2,0,2,1,2,2,0,1,1,0.9344,108.79595468461801,30.1,57446,12.8,4.6,60.70526541095891,28.069349315068493,5.982448630136986,1.3955479452054795,0.5728638973319824,0.2549392097264438,0.0831644714623438,0.018743667679837893,1,537,4,0.008838115438131363,0.0010934841533037955,0.3543830099454873
139940,Georgia State University,GA,12060,1,5,1,0,4,2,3,0,1,1,3,0,42,2,3,2,1,1,1,62.56377,712.1271698222058,42.2,89724,8,3.4,42.76842651905408,33.267864132867956,12.42343611965839,6.576953402903948,0.1672074271579556,0.4310450062642552,0.14314626232773298,0.160878923190594,3,34,2,0.026171251060412504,0.9727961255520519,1.238234901231096e-58
139959,University of Georgia,GA,12020,1,5,1,0,4,2,3,0,1,1,3,0,3,3,1,1,0,0,0,2.20197,214.81910433860065,43.2,65608,10.3,2.8,64.38007783938927,18.153290008492394,9.620476209939282,3.7057725582092402,0.6643502228477598,0.06192821956368754,0.07793807178043631,0.1282840722495895,1,33,4,0.029263744981776946,0.005245895262011942,0.08088015646160343
139986,Southern Crescent Technical College,GA,12060,1,5,1,1,2,0,0,0,2,0,0,0,42,0,2,3,1,3,3,62.56377,712.1271698222058,42.2,89724,8,3.4,42.76842651905408,33.267864132867956,12.42343611965839,6.576953402903948,0.3041303646337528,0.5614714424007744,0.07566957082929977,0.013391416585995483,2,34,2,0.026171251060412504,0.9727961255520519,1.238234901231096e-58
140012,Gwinnett Technical College,GA,12060,1,5,1,1,3,1,0,0,3,0,0,0,42,0,2,3,1,3,3,62.56377,712.1271698222058,42.2,89724,8,3.4,42.76842651905408,33.267864132867956,12.42343611965839,6.576953402903948,0.20953907060043359,0.403713827881987,0.24083325478367423,0.06899802054859082,3,34,2,0.026171251060412504,0.9727961255520519,1.238234901231096e-58
140234,LaGrange College,GA,29300,2,5,0,0,0,0,2,1,2,1,0,0,2,2,2,1,1,0,0,1.04522,103.42881525597095,20.7,54888,12.9,3.1,53.87478234247336,36.75972522531142,4.484223417079658,1.6312355293622394,0.6026936026936027,0.265993265993266,0.06734006734006734,0.010101010101010102,1,294,4,0.11203297186576756,0.08869698620690439,0.019246268503887293
140243,Lanier Technical College,GA,23580,1,5,1,1,2,2,0,0,3,0,0,1,3,0,1,3,1,2,3,2.12705,541.9664436416612,27.3,80901,8.9,2.2,57.93610869514115,6.666039820408547,29.13988857807762,2.203521308854987,0.5592929466277673,0.0943881928951433,0.27097992105714774,0.02831645786854299,1,201,2,0.04606126435764783,0.5039818569848674,0.05284829868776938
140252,Life University,GA,12060,1,5,0,0,1,2,3,0,1,1,0,0,42,1,2,2,0,1,1,62.56377,712.1271698222058,42.2,89724,8,3.4,42.76842651905408,33.267864132867956,12.42343611965839,6.576953402903948,0.31449407474931634,0.27529626253418416,0.16681859617137648,0.02917046490428441,2,34,2,0.026171251060412504,0.9727961255520519,1.238234901231096e-58
140331,Chattahoochee Technical College,GA,12060,1,5,1,1,3,1,0,0,3,0,0,0,42,0,2,3,1,2,3,62.56377,712.1271698222058,42.2,89724,8,3.4,42.76842651905408,33.267864132867956,12.42343611965839,6.576953402903948,0.39455209210895814,0.3206028269212768,0.19095759618084807,0.02630347280726388,2,34,2,0.026171251060412504,0.9727961255520519,1.238234901231096e-58
140447,Mercer University,GA,31420,1,5,0,0,2,2,3,0,1,1,2,0,4,2,2,2,1,2,1,2.34943,136.31025904253764,24.3,59526,15.5,3.6,45.97540680079849,44.595923266494424,4.009908786386485,1.7238223739375083,0.41663294212869284,0.3322541481181708,0.08356940509915015,0.08033184945366248,2,331,4,0.0177083644460056,0.10766158177527521,0.2050108138033081
140678,North Georgia Technical College,GA,18460,2,5,1,1,1,0,0,0,2,1,0,0,2,0,2,2,0,2,3,0.47793,172.6209908403188,24.6,67309,9.2,1.5,75.3917937773314,3.215952126880506,16.071391207917475,2.3078693532525683,0.7802973977695167,0.06617100371747212,0.10223048327137546,0.008178438661710037,0,128,4,0.015565634564780302,1.6451375035013603e-7,0.11622307282014202
140696,Oglethorpe University,GA,12060,1,5,0,0,1,1,1,0,4,1,0,0,42,1,2,0,1,0,0,62.56377,712.1271698222058,42.2,89724,8,3.4,42.76842651905408,33.267864132867956,12.42343611965839,6.576953402903948,0.296472184531886,0.2028493894165536,0.2856173677069199,0.036635006784260515,2,34,2,0.026171251060412504,0.9727961255520519,1.238234901231096e-58
140818,Piedmont University,GA,18460,2,5,0,0,1,0,2,1,2,1,0,0,2,1,2,2,1,1,0,0.47793,172.6209908403188,24.6,67309,9.2,1.5,75.3917937773314,3.215952126880506,16.071391207917475,2.3078693532525683,0.6698956780923994,0.12742175856929955,0.11400894187779434,0.013412816691505217,1,128,4,0.015565634564780302,1.6451375035013603e-7,0.11622307282014202
140872,Reinhardt University,GA,12060,1,5,0,0,1,0,1,1,2,1,0,0,42,2,2,1,1,1,0,62.56377,712.1271698222058,42.2,89724,8,3.4,42.76842651905408,33.267864132867956,12.42343611965839,6.576953402903948,0.5647058823529412,0.2244343891402715,0.09230769230769231,0.009954751131221719,1,34,2,0.026171251060412504,0.9727961255520519,1.238234901231096e-58
140942,Savannah Technical College,GA,42340,1,5,1,1,1,2,0,0,3,0,0,0,3,0,3,2,1,3,3,4.18285,310.04466833768964,35.8,77180,8.2,3.7,52.68871702308234,31.484275075606345,8.00937160070287,2.6297859115196576,0.2894736842105263,0.527376910016978,0.10908319185059423,0.014431239388794566,2,506,4,0.04277962379867229,0.1076910942930166,0.03937164581138346
140951,Savannah College of Art and Design,GA,42340,1,5,0,0,3,2,2,0,4,1,0,0,3,1,1,1,0,0,1,4.18285,310.04466833768964,35.8,77180,8.2,3.7,52.68871702308234,31.484275075606345,8.00937160070287,2.6297859115196576,0.5164099564567493,0.12692532657438096,0.07389354650029245,0.06135049067394554,1,506,4,0.04277962379867229,0.1076910942930166,0.03937164581138346
140960,Savannah State University,GA,42340,1,5,1,0,1,2,1,0,2,1,0,1,3,0,3,2,0,1,1,4.18285,310.04466833768964,35.8,77180,8.2,3.7,52.68871702308234,31.484275075606345,8.00937160070287,2.6297859115196576,0.030303030303030304,0.8544137022397892,0.047760210803689064,0,3,506,4,0.04277962379867229,0.1076910942930166,0.03937164581138346
140988,Shorter University,GA,40660,1,5,0,0,1,2,2,1,2,1,0,0,4,1,2,2,0,1,1,0.99693,195.54044276183006,25.9,65565,12.2,2.5,68.7771458377218,13.558624978684561,12.42113287793526,1.4574744465509113,0.6079258010118044,0.20826306913996628,0.09021922428330523,0.00927487352445194,1,478,4,0.002272259455985476,2.9553080065571e-4,5.896743576996057e-4
141006,South Georgia Technical College,GA,11140,2,5,1,1,1,0,0,0,2,1,0,0,2,0,3,2,1,2,2,0.33574,51.66933461942903,21.5,43688,17.4,2.9,44.42127837016739,45.100375290403285,5.590635610889379,1.1258712098647763,0.3567937438905181,0.5391006842619745,0.05229716520039101,0.0039100684261974585,2,19,4,0.006617590316316723,0.02375337819595865,0.23965544876443545
141255,Wiregrass Georgia Technical College,GA,46660,1,5,1,1,1,0,0,0,3,0,0,0,2,0,2,3,1,2,3,1.50188,93.4365342489164,25.5,57085,15.1,2.7,52.07206967267691,34.89493168562069,7.459983487362505,1.8230484459477454,0.41246221808881656,0.4401302022785399,0.1011392699372239,0.006045105789351314,2,572,4,0.010617125349108102,0.06699974434115913,0.23451003785797844
141264,Valdosta State University,GA,46660,1,5,1,0,3,2,3,0,2,1,0,0,2,2,3,3,1,1,1,1.50188,93.4365342489164,25.5,57085,15.1,2.7,52.07206967267691,34.89493168562069,7.459983487362505,1.8230484459477454,0.4439979909593169,0.37769964841788045,0.10647915620291311,0.013309894525364139,2,572,4,0.010617125349108102,0.06699974434115913,0.23451003785797844
141334,University of West Georgia,GA,12060,1,5,1,0,3,0,3,0,2,1,0,0,42,2,2,2,0,1,2,62.56377,712.1271698222058,42.2,89724,8,3.4,42.76842651905408,33.267864132867956,12.42343611965839,6.576953402903948,0.49019607843137253,0.3292483660130719,0.09313725490196079,0.011554621848739496,2,34,2,0.026171251060412504,0.9727961255520519,1.238234901231096e-58
141565,University of Hawaii at Hilo,HI,25900,2,8,1,0,1,0,1,0,4,1,1,0,2,2,2,2,1,1,1,2.05769,51.07919871646666,31.4,78639,10.3,3.4,29.944257881410707,0.7727111469657724,11.665022428062537,20.214415193736667,0.2054185200161747,0.01293974929235746,0.16336433481601295,0.1306105944197331,3,237,2,0.07330314467603119,0.5815010715659071,0.014844074340441988
141574,University of Hawaii at Manoa,HI,46520,1,8,1,0,4,2,3,0,1,1,3,0,13,1,1,1,1,1,1,10.01146,1666.3946715231784,38.5,106195,6.1,2.8,17.161033455659812,2.194784776645964,9.42320101164066,41.610714121616624,0.21041046225560014,0.016120678492813675,0.14184902240062153,0.32196037809141526,3,570,2,0.005919433789484656,0.9921689335755728,1.2594340872652337e-8
141644,Hawaii Pacific University,HI,46520,1,8,0,0,1,2,2,0,2,1,1,0,13,1,1,2,1,1,2,10.01146,1666.3946715231784,38.5,106195,6.1,2.8,17.161033455659812,2.194784776645964,9.42320101164066,41.610714121616624,0.2898891501511589,0.07826671145448438,0.22606650990930466,0.15754114880752434,2,570,2,0.005919433789484656,0.9921689335755728,1.2594340872652337e-8
141680,Honolulu Community College,HI,46520,1,8,1,1,1,2,0,0,3,0,0,0,13,0,1,3,0,3,3,10.01146,1666.3946715231784,38.5,106195,6.1,2.8,17.161033455659812,2.194784776645964,9.42320101164066,41.610714121616624,0.08044444444444444,0.03155555555555556,0.15511111111111112,0.3377777777777778,3,570,2,0.005919433789484656,0.9921689335755728,1.2594340872652337e-8
141796,Kapiolani Community College,HI,46520,1,8,1,1,2,2,0,0,1,0,0,0,13,0,1,3,1,3,3,10.01146,1666.3946715231784,38.5,106195,6.1,2.8,17.161033455659812,2.194784776645964,9.42320101164066,41.610714121616624,0.10090681072737796,0.01659270692649045,0.12386648659077754,0.35269149141423883,3,570,2,0.005919433789484656,0.9921689335755728,1.2594340872652337e-8
141802,Kauai Community College,HI,28180,2,8,1,1,1,0,0,0,1,0,0,0,1,0,1,3,1,2,3,0.73731,118.95172628997202,30.1,97668,7.1,2.5,28.692137635458625,0.7812182121495708,10.584421749332032,30.01586849493429,0.12682926829268293,0.01097560975609756,0.1548780487804878,0.26707317073170733,3,273,2,0.09439173838327657,0.673733579815149,0.009287839350070137
141811,Leeward Community College,HI,46520,1,8,1,1,2,1,0,0,1,0,0,0,13,0,1,3,0,2,3,10.01146,1666.3946715231784,38.5,106195,6.1,2.8,17.161033455659812,2.194784776645964,9.42320101164066,41.610714121616624,0.07839433293978748,0.025737898465171192,0.1652892561983471,0.3395513577331759,3,570,2,0.005919433789484656,0.9921689335755728,1.2594340872652337e-8
141839,University of Hawaii Maui College,HI,27980,1,8,1,0,1,2,0,0,1,0,0,0,1,0,1,3,1,2,3,1.64589,140.25106217140691,31,97109,6.3,3.5,29.030494139948598,0.831161256220039,10.598521164840907,27.73089331607823,0.1397530864197531,0.012345679012345678,0.15851851851851853,0.3022222222222222,3,268,2,0.09439173838327657,0.673733579815149,0.009287839350070137
141981,University of Hawaii-West Oahu,HI,46520,1,8,1,0,1,1,1,0,2,0,0,0,13,1,2,3,1,3,2,10.01146,1666.3946715231784,38.5,106195,6.1,2.8,17.161033455659812,2.194784776645964,9.42320101164066,41.610714121616624,0.08057851239669421,0.0203168044077135,0.15082644628099173,0.3515840220385675,3,570,2,0.005919433789484656,0.9921689335755728,1.2594340872652337e-8
141990,Windward Community College,HI,46520,1,8,1,1,1,1,0,0,1,0,0,0,13,0,1,3,1,3,3,10.01146,1666.3946715231784,38.5,106195,6.1,2.8,17.161033455659812,2.194784776645964,9.42320101164066,41.610714121616624,0.14177978883861236,0.008295625942684766,0.1832579185520362,0.12745098039215685,3,570,2,0.005919433789484656,0.9921689335755728,1.2594340872652337e-8
142115,Boise State University,ID,14260,1,7,1,0,4,2,2,0,2,1,2,0,7,1,1,2,1,1,2,8.11115,68.93360935226842,37.1,85987,6.1,2.1,76.50986604858744,1.0252553583647201,14.999352742829315,2.040031314918353,0.6991920127631105,0.02120323194894756,0.15341464669857444,0.028305285368740673,0,66,4,0.022137975387384472,0.011320124416502998,0.09864370472562647
142179,College of Eastern Idaho,ID,26820,1,7,1,1,1,2,0,0,2,0,0,0,2,0,2,2,1,1,3,1.65361,31.82389182808761,31.7,80291,7.1,2.7,81.40976409189591,0.2781792562938057,13.654973058943764,0.6960528782481964,0.7107709130672498,0.009294696555494806,0.19737561509021323,0.007654455986878075,0,249,4,0.0124537702123206,3.5782104728573613e-7,0.2073194849944248
142276,Idaho State University,ID,38540,1,7,1,0,3,2,3,0,2,1,2,0,1,0,1,2,1,1,2,0.89454,80.40889689653949,30.6,66499,7.8,2.7,80.32284749703759,0.8205334585373487,9.914592975160417,1.5091555436313635,0.7081074569328997,0.011685339115769184,0.1546801590169859,0.012287676183592338,0,443,4,0.049258514726552224,0.19386569483994714,0.1736213250585264
142285,University of Idaho,ID,34140,2,7,1,0,3,0,3,0,1,1,3,0,2,1,1,1,0,1,1,0.41049,38.15434016924086,43,65424,10.1,4.2,84.46734390606349,0.9768812882165218,5.164559428975127,2.0536432068990718,0.734479706663295,0.013528891136679731,0.10595524086483753,0.015046149955746617,0,376,4,0.051426692471561744,0.1977292014939472,0.1737330428331175
142328,Lewis-Clark State College,ID,30300,1,7,1,0,1,2,1,0,2,1,0,0,1,1,1,2,1,2,2,0.65164,43.89933949159704,26.3,72475,8.3,1.9,86.01221533361979,0.40820084709348714,4.470259652568903,0.9575839420538949,0.7519237816049835,0.010626603151337486,0.09344082081348479,0.010626603151337486,0,312,4,0.029682262587399852,0.11434815581138018,0.13013359976490108
142443,North Idaho College,ID,17660,1,7,1,1,1,2,0,0,1,1,0,0,1,0,1,2,0,2,3,1.81996,147.03416028123075,30,81861,5.6,2,85.61451900041759,0.34561199147234006,5.658366117936658,0.6725422536759049,0.7745418848167539,0.010143979057591623,0.08736910994764398,0.00981675392670157,0,116,4,0.012453704316214438,1.0825202058286762e-6,0.2073195563146337
142461,Northwest Nazarene University,ID,14260,1,7,0,0,1,1,2,1,2,1,0,0,7,2,2,1,1,1,1,8.11115,68.93360935226842,37.1,85987,6.1,2.1,76.50986604858744,1.0252553583647201,14.999352742829315,2.040031314918353,0.7223607647547797,0.015793848711554447,0.15295095594347466,0.014131338320864505,0,66,4,0.022137975387384472,0.011320124416502998,0.09864370472562647
142522,Brigham Young University-Idaho,ID,39940,2,7,0,0,4,0,1,1,4,1,0,0,1,1,1,3,0,3,2,0.68561,29.384628614191204,35.4,61940,11.8,5,83.32433890987588,0.8561718761394962,10.357200157523955,1.212059334023716,0.5626279773884737,0.04615061516652374,0.18806769456938344,0.016206093911339016,1,463,4,0.03107478255515031,0.11943225403150139,0.12752389275668097
142559,College of Southern Idaho,ID,46300,1,7,1,0,3,2,0,0,2,1,0,1,1,0,1,2,1,1,3,1.18907,47.1992323884695,21.6,68810,9,2,71.36753933746542,0.6643847712918499,22.526007720319242,0.8964989445533064,0.6143701682582993,0.015234197362437472,0.2901318781264211,0.010459299681673489,1,567,4,0.05912681301405639,0.3837689859665528,0.09451778194878256
143118,Aurora University,IL,16980,1,3,0,0,2,1,3,0,2,1,0,1,71,1,2,2,1,1,1,93.71595,1353.6634887507412,41.6,90887,8.1,4.1,49.31818969983231,15.69979283142304,24.078430619334277,7.278174099499606,0.39303595812471553,0.06440600819299044,0.41670459717797,0.03413746017296313,2,106,2,2.0857054032759834e-5,0.999979142945989,7.502532897136216e-97
143215,Southwestern Illinois College,IL,41180,1,3,1,1,2,1,0,0,1,0,0,0,32,0,1,2,1,2,3,28.1085,357.4542758616538,38.2,80196,7.1,2.7,70.57801021043456,17.06924951527118,3.940160449686038,2.9002259103118275,0.5726572528883184,0.2503209242618742,0.0662387676508344,0.009884467265725288,1,488,5,1.7016254104290031e-6,1.1660740054093254e-24,2.3048914129312328e-18
143279,Black Hawk College,IL,19340,1,3,1,1,1,2,0,0,1,0,0,0,7,0,1,2,0,2,3,3.81503,168.07054158019127,29.9,72738,8.4,2.8,75.3307313441834,7.4657342144098475,9.726529018120434,2.369312954288695,0.588013698630137,0.12773972602739725,0.1695205479452055,0.0273972602739726,1,143,4,0.006331967263364435,0.0013277704983913313,0.07682221163891807
143358,Bradley University,IL,37900,1,3,0,0,1,2,3,0,2,1,0,0,5,1,2,1,0,0,0,3.65202,147.99592697286062,31.8,71857,7.8,3,79.36320173493026,9.145897339006906,4.288311674087217,2.685363168876403,0.6275756804884254,0.10557110150089036,0.1419486135843297,0.042737216993131516,1,431,4,0.0645314329016034,0.008398170505548716,5.111987258376589e-4
143613,Carl Sandburg College,IL,23660,2,3,1,1,1,0,0,0,1,0,0,0,2,0,2,3,1,2,2,0.49046,68.46602348559084,21,57030,8.4,2.8,79.94535741956531,7.972107817151246,6.444970028136851,1.2580026913509768,0.6583806818181818,0.109375,0.1612215909090909,0.009943181818181818,1,202,4,0.02097250561480697,0.0031805946929254697,1.3102861096351092e-4
144157,City Colleges of Chicago-Kennedy-King College,IL,16980,1,3,1,1,1,2,0,0,1,0,0,0,71,0,2,3,1,3,3,93.71595,1353.6634887507412,41.6,90887,8.1,4.1,49.31818969983231,15.69979283142304,24.078430619334277,7.278174099499606,0.029213483146067417,0.6970786516853933,0.2152808988764045,0.0035955056179775282,3,106,2,2.0857054032759834e-5,0.999979142945989,7.502532897136216e-97
144166,City Colleges of Chicago-Malcolm X College,IL,16980,1,3,1,1,2,2,0,0,1,0,0,1,71,0,2,3,1,3,3,93.71595,1353.6634887507412,41.6,90887,8.1,4.1,49.31818969983231,15.69979283142304,24.078430619334277,7.278174099499606,0.05695313497637594,0.3754309794406845,0.4986591750734261,0.027710381815860042,3,106,2,2.0857054032759834e-5,0.999979142945989,7.502532897136216e-97
144175,City Colleges of Chicago-Olive-Harvey College,IL,16980,1,3,1,1,1,2,0,0,1,0,0,1,71,0,2,2,1,3,2,93.71595,1353.6634887507412,41.6,90887,8.1,4.1,49.31818969983231,15.69979283142304,24.078430619334277,7.278174099499606,0.022988505747126436,0.6940760389036251,0.22281167108753316,0.004420866489832007,3,106,2,2.0857054032759834e-5,0.999979142945989,7.502532897136216e-97
144184,City Colleges of Chicago-Harry S Truman College,IL,16980,1,3,1,1,2,2,0,0,1,0,0,1,71,0,1,2,1,3,3,93.71595,1353.6634887507412,41.6,90887,8.1,4.1,49.31818969983231,15.69979283142304,24.078430619334277,7.278174099499606,0.18996763754045307,0.2682847896440129,0.37928802588996763,0.09158576051779935,3,106,2,2.0857054032759834e-5,0.999979142945989,7.502532897136216e-97
144193,City Colleges of Chicago-Richard J Daley College,IL,16980,1,3,1,1,2,2,0,0,1,0,0,1,71,0,1,2,1,3,3,93.71595,1353.6634887507412,41.6,90887,8.1,4.1,49.31818969983231,15.69979283142304,24.078430619334277,7.278174099499606,0.208476821192053,0.1332450331125828,0.6294039735099338,0.007682119205298013,3,106,2,2.0857054032759834e-5,0.999979142945989,7.502532897136216e-97
144209,City Colleges of Chicago-Harold Washington College,IL,16980,1,3,1,1,2,2,0,0,1,0,0,1,71,0,2,3,1,2,3,93.71595,1353.6634887507412,41.6,90887,8.1,4.1,49.31818969983231,15.69979283142304,24.078430619334277,7.278174099499606,0.1121771217712177,0.27804428044280444,0.4680811808118081,0.06642066420664207,3,106,2,2.0857054032759834e-5,0.999979142945989,7.502532897136216e-97
144218,City Colleges of Chicago-Wilbur Wright College,IL,16980,1,3,1,1,2,2,0,0,1,0,0,1,71,0,1,2,1,3,3,93.71595,1353.6634887507412,41.6,90887,8.1,4.1,49.31818969983231,15.69979283142304,24.078430619334277,7.278174099499606,0.19228576857305718,0.07847235417062512,0.6083982519475585,0.07125213756412692,3,106,2,2.0857054032759834e-5,0.999979142945989,7.502532897136216e-97
144351,Concordia University-Chicago,IL,16980,1,3,0,0,1,1,3,1,2,1,0,1,71,1,2,2,0,1,1,93.71595,1353.6634887507412,41.6,90887,8.1,4.1,49.31818969983231,15.69979283142304,24.078430619334277,7.278174099499606,0.4221260815822003,0.14215080346106304,0.3405438813349815,0.024721878862793572,2,106,2,2.0857054032759834e-5,0.999979142945989,7.502532897136216e-97
144564,Danville Area Community College,IL,19180,2,3,1,1,1,0,0,0,1,0,0,0,2,0,1,2,0,2,2,0.72386,80.57927200302927,19.2,56877,12.8,3.5,76.72892548282817,14.663056392120023,5.578426767606995,0.8827673859586108,0.5757097791798107,0.24921135646687698,0.07570977917981073,0.008937960042060988,1,140,4,0.013022740487319748,0.004679665566341055,0.20594430335638275
144740,DePaul University,IL,16980,1,3,0,0,4,2,3,1,2,1,2,0,71,1,2,1,1,1,0,93.71595,1353.6634887507412,41.6,90887,8.1,4.1,49.31818969983231,15.69979283142304,24.078430619334277,7.278174099499606,0.45256929706090426,0.08142002701138337,0.24252363496044763,0.12135828670654061,2,106,2,2.0857054032759834e-5,0.999979142945989,7.502532897136216e-97
144865,College of DuPage,IL,16980,1,3,1,1,4,1,0,0,1,0,0,0,71,0,1,2,1,2,3,93.71595,1353.6634887507412,41.6,90887,8.1,4.1,49.31818969983231,15.69979283142304,24.078430619334277,7.278174099499606,0.4317070921331735,0.0895969750069169,0.27220326477912016,0.10997878815825879,2,106,2,2.0857054032759834e-5,0.999979142945989,7.502532897136216e-97
144892,Eastern Illinois University,IL,16660,2,3,1,0,2,0,2,0,1,1,0,0,2,2,1,1,1,1,2,0.46777,92.0314601325625,26.9,56478,11.6,3.7,87.96203262287021,3.561579408683755,3.8672852042670542,1.098830621886825,0.5680082559339525,0.1867905056759546,0.0998968008255934,0.014035087719298246,1,101,4,0.01473084027619901,9.054442174225514e-7,0.19661107663778943
144944,Elgin Community College,IL,16980,1,3,1,1,3,2,0,0,1,0,0,1,71,0,1,2,0,2,3,93.71595,1353.6634887507412,41.6,90887,8.1,4.1,49.31818969983231,15.69979283142304,24.078430619334277,7.278174099499606,0.3727115716753022,0.04812895797351756,0.42774899251583187,0.06954519286125503,2,106,2,2.0857054032759834e-5,0.999979142945989,7.502532897136216e-97
144962,Elmhurst University,IL,16980,1,3,0,0,1,1,2,1,2,1,0,1,71,2,2,1,1,1,0,93.71595,1353.6634887507412,41.6,90887,8.1,4.1,49.31818969983231,15.69979283142304,24.078430619334277,7.278174099499606,0.4667306461932182,0.05182341650671785,0.3055022392834293,0.08445297504798464,2,106,2,2.0857054032759834e-5,0.999979142945989,7.502532897136216e-97
144971,Eureka College,IL,37900,1,3,0,0,0,0,1,1,2,1,0,0,5,1,2,1,0,0,0,3.65202,147.99592697286062,31.8,71857,7.8,3,79.36320173493026,9.145897339006906,4.288311674087217,2.685363168876403,0.6757741347905283,0.12386156648451731,0.0947176684881603,0.0018214936247723133,0,431,4,0.0645314329016034,0.008398170505548716,5.111987258376589e-4
145372,Greenville University,IL,41180,1,3,0,0,1,0,2,1,2,1,0,0,32,1,2,2,0,1,0,28.1085,357.4542758616538,38.2,80196,7.1,2.7,70.57801021043456,17.06924951527118,3.940160449686038,2.9002259103118275,0.5858480749219563,0.1383975026014568,0.07804370447450572,0.008324661810613945,1,488,5,1.7016254104290031e-6,1.1660740054093254e-24,2.3048914129312328e-18
145521,Highland Community College,IL,23300,2,3,1,1,1,0,0,0,1,0,0,0,1,0,2,2,1,2,2,0.43768,77.56891730951395,20.7,64043,8.9,2.6,78.92524218607203,8.455949552184244,5.613690367391701,0.8248035094132699,0.6891002194586686,0.14118507681053402,0.07315288953913679,0.005120702267739576,0,195,4,0.012453698015609029,6.549147439290797e-7,0.2073195966091747
145600,University of Illinois Chicago,IL,16980,1,3,1,0,4,2,3,0,1,1,3,1,71,1,2,1,1,1,1,93.71595,1353.6634887507412,41.6,90887,8.1,4.1,49.31818969983231,15.69979283142304,24.078430619334277,7.278174099499606,0.23171470613693412,0.08088808101791742,0.36258980351423875,0.20341036960096945,3,106,2,2.0857054032759834e-5,0.999979142945989,7.502532897136216e-97
145619,Benedictine University,IL,16980,1,3,0,0,1,1,3,1,2,1,0,0,71,1,2,1,1,0,0,93.71595,1353.6634887507412,41.6,90887,8.1,4.1,49.31818969983231,15.69979283142304,24.078430619334277,7.278174099499606,0.41749502982107356,0.08846918489065607,0.213220675944334,0.20377733598409542,2,106,2,2.0857054032759834e-5,0.999979142945989,7.502532897136216e-97
145637,University of Illinois Urbana-Champaign,IL,16580,1,3,1,0,4,2,3,0,1,1,3,0,2,2,1,1,0,0,0,2.38842,124.33928882707902,43.3,65528,7,2.6,66.18601418510983,11.81324892606828,7.631404861791477,10.05225211646193,0.3861749590557407,0.05650307787880499,0.13870220816626194,0.22914666516067092,2,99,4,0.03399182460714542,0.028604756148806927,0.07810347882093818
145682,Illinois Central College,IL,37900,1,3,1,1,2,1,0,0,1,0,0,0,5,0,1,2,0,2,3,3.65202,147.99592697286062,31.8,71857,7.8,3,79.36320173493026,9.145897339006906,4.288311674087217,2.685363168876403,0.6661985018726592,0.16807116104868913,0.06569912609238451,0.017166042446941324,1,431,4,0.0645314329016034,0.008398170505548716,5.111987258376589e-4
145691,Illinois College,IL,27300,2,3,0,0,0,0,1,1,1,1,0,0,1,1,2,2,0,1,0,0.37958,46.304467929398875,22.4,66353,7.7,2.8,88.23699878813426,4.362716686864429,2.7583118183255175,0.7692712998577376,0.7061068702290076,0.09255725190839695,0.09541984732824428,0.007633587786259542,0,258,4,0.10803671886956175,0.09002680698635167,0.024710790292735346
145813,Illinois State University,IL,14010,1,3,1,0,4,1,2,0,2,1,2,0,3,1,2,1,0,0,0,1.71556,144.98740179613858,47.2,79905,7.1,2,76.24507449462567,8.36753013593229,6.448040290051062,5.191307794539393,0.6622291961935615,0.11697712087467099,0.13742660457582506,0.027687791050820004,1,62,4,0.019575436063661578,0.013739997610264653,0.22585603028702664
145831,Illinois Valley Community College,IL,36837,2,3,1,1,1,0,0,0,1,0,0,0,1,0,1,2,0,2,2,1.47181,68.00377593330228,20.8,72230,9.8,3.1,82.9373356615324,1.9887077815750676,10.793512749607626,0.8404617443827669,0.7090690208667737,0.026484751203852328,0.18499197431781703,0.007624398073836276,0,415,4,0.012453706288734562,7.429357962107158e-7,0.20731957667709475
146205,John A Logan College,IL,32060,2,3,1,1,1,0,0,0,1,0,0,0,1,0,2,2,1,2,2,0.66876,159.14883644177968,26.2,65604,9.7,2.9,87.88803158083618,4.282552784257431,2.911358334828638,1.3981099348047132,0.703862660944206,0.13161659513590845,0.04792560801144492,0.009656652360515022,0,343,4,0.012453698015609029,6.549147439290797e-7,0.2073195966091747
146278,John Wood Community College,IL,39500,2,3,1,1,1,0,0,0,1,0,0,0,4,0,2,2,1,2,2,0.74678,54.90347219271798,26.2,65360,8.6,2.6,90.24210610889418,2.9580331556817265,1.9563994750796752,0.649454993438496,0.8490790255496138,0.046939988116458706,0.032679738562091505,0.009506833036244802,0,457,4,0.03008164254670908,1.5303076769135233e-7,0.00708343839825579
146296,Joliet Junior College,IL,16980,1,3,1,1,3,1,0,0,1,0,0,1,71,0,1,2,0,1,3,93.71595,1353.6634887507412,41.6,90887,8.1,4.1,49.31818969983231,15.69979283142304,24.078430619334277,7.278174099499606,0.5032248157248157,0.10641891891891891,0.28915847665847666,0.03386056511056511,1,106,2,2.0857054032759834e-5,0.999979142945989,7.502532897136216e-97
146339,Judson University,IL,16980,1,3,0,0,0,2,2,1,2,1,0,0,71,2,2,1,1,0,0,93.71595,1353.6634887507412,41.6,90887,8.1,4.1,49.31818969983231,15.69979283142304,24.078430619334277,7.278174099499606,0.3997599039615846,0.12845138055222088,0.30732292917166865,0.02040816326530612,2,106,2,2.0857054032759834e-5,0.999979142945989,7.502532897136216e-97
146348,Kankakee Community College,IL,28100,1,3,1,1,1,2,0,0,1,0,0,0,2,0,2,1,0,2,2,1.06635,157.62979923419738,21.2,71281,8.7,3,67.95048530032354,14.27298729310264,12.681577343273783,0.9827917663056219,0.5427331887201735,0.15227765726681128,0.22039045553145337,0.006941431670281995,1,271,4,0.012736672239299971,0.0022939705305374163,0.2066380938885189
146366,Kaskaskia College,IL,41180,1,3,1,1,1,0,0,0,2,0,0,0,32,0,1,2,0,1,3,28.1085,357.4542758616538,38.2,80196,7.1,2.7,70.57801021043456,17.06924951527118,3.940160449686038,2.9002259103118275,0.8229426433915212,0.07564422277639235,0.03906899418121363,0.007481296758104738,0,488,5,1.7016254104290031e-6,1.1660740054093254e-24,2.3048914129312328e-18
146418,Kishwaukee College,IL,16980,1,3,1,1,1,0,0,0,1,0,0,1,71,0,1,2,1,2,2,93.71595,1353.6634887507412,41.6,90887,8.1,4.1,49.31818969983231,15.69979283142304,24.078430619334277,7.278174099499606,0.5112382509194933,0.15038823048630975,0.256640784634246,0.013485901103391908,1,106,2,2.0857054032759834e-5,0.999979142945989,7.502532897136216e-97
146427,Knox College,IL,23660,2,3,0,0,1,0,1,0,4,1,0,0,2,2,2,0,0,0,0,0.49046,68.46602348559084,21,57030,8.4,2.8,79.94535741956531,7.972107817151246,6.444970028136851,1.2580026913509768,0.4819863680623174,0.06037000973709834,0.12950340798442064,0.03894839337877313,2,202,4,0.02097250561480697,0.0031805946929254697,1.3102861096351092e-4
146472,College of Lake County,IL,16980,1,3,1,1,3,1,0,0,1,0,0,1,71,0,1,2,1,3,3,93.71595,1353.6634887507412,41.6,90887,8.1,4.1,49.31818969983231,15.69979283142304,24.078430619334277,7.278174099499606,0.33724247226624404,0.07820919175911252,0.4432646592709984,0.055229793977812996,2,106,2,2.0857054032759834e-5,0.999979142945989,7.502532897136216e-97
146481,Lake Forest College,IL,16980,1,3,0,0,1,1,1,0,4,1,0,0,71,2,2,0,0,0,0,93.71595,1353.6634887507412,41.6,90887,8.1,4.1,49.31818969983231,15.69979283142304,24.078430619334277,7.278174099499606,0.4648038688876948,0.03439011284255777,0.1891456206340677,0.06286942504030091,2,106,2,2.0857054032759834e-5,0.999979142945989,7.502532897136216e-97
146506,Lake Land College,IL,16660,2,3,1,1,1,0,0,0,1,0,0,0,2,0,1,2,1,2,2,0.46777,92.0314601325625,26.9,56478,11.6,3.7,87.96203262287021,3.561579408683755,3.8672852042670542,1.098830621886825,0.7300079176563737,0.14667458432304037,0.060174188440221696,0.00395882818685669,0,101,4,0.01473084027619901,9.054442174225514e-7,0.19661107663778943
146603,Lewis and Clark Community College,IL,41180,1,3,1,1,1,1,0,0,1,0,0,0,32,0,1,1,0,1,3,28.1085,357.4542758616538,38.2,80196,7.1,2.7,70.57801021043456,17.06924951527118,3.940160449686038,2.9002259103118275,0.7661230541141586,0.10971089696071164,0.03669384729429207,0.006300963676797628,0,488,5,1.7016254104290031e-6,1.1660740054093254e-24,2.3048914129312328e-18
146612,Lewis University,IL,16980,1,3,0,0,2,1,2,1,2,1,0,0,71,2,2,2,1,1,1,93.71595,1353.6634887507412,41.6,90887,8.1,4.1,49.31818969983231,15.69979283142304,24.078430619334277,7.278174099499606,0.5010491956166939,0.07600839356493355,0.2611331312660294,0.08183725810212171,1,106,2,2.0857054032759834e-5,0.999979142945989,7.502532897136216e-97
146685,Lincoln Land Community College,IL,44100,1,3,1,1,2,0,0,0,1,0,0,0,3,0,2,2,1,2,3,2.07042,175.07046618354576,36.1,75895,8.4,3.2,78.3609122786681,11.835279798301794,2.861738198046773,2.1406284715178563,0.687066358299235,0.15317559153175592,0.050880626223091974,0.017256715886852875,0,532,4,0.00467640396466985,1.6597886315505775e-6,0.24902833169604516
146700,Lincoln College of Technology-Melrose Park,IL,16980,1,3,2,1,1,1,0,0,3,0,0,0,71,0,3,0,1,2,0,93.71595,1353.6634887507412,41.6,90887,8.1,4.1,49.31818969983231,15.69979283142304,24.078430619334277,7.278174099499606,0.08013120899718838,0.33270852858481725,0.5332708528584817,0.011715089034676664,3,106,2,2.0857054032759834e-5,0.999979142945989,7.502532897136216e-97
146719,Loyola University Chicago,IL,16980,1,3,0,0,3,2,3,1,1,1,3,0,71,1,1,1,1,0,1,93.71595,1353.6634887507412,41.6,90887,8.1,4.1,49.31818969983231,15.69979283142304,24.078430619334277,7.278174099499606,0.48939519469759735,0.07406793703396852,0.22228666114333057,0.13098591549295774,2,106,2,2.0857054032759834e-5,0.999979142945989,7.502532897136216e-97
147004,McHenry County College,IL,16980,1,3,1,1,2,0,0,0,1,0,0,0,71,0,1,2,1,1,3,93.71595,1353.6634887507412,41.6,90887,8.1,4.1,49.31818969983231,15.69979283142304,24.078430619334277,7.278174099499606,0.615666056876767,0.022617661732912023,0.24829536005321803,0.02727423914851156,1,106,2,2.0857054032759834e-5,0.999979142945989,7.502532897136216e-97
147013,McKendree University,IL,41180,1,3,0,0,1,1,2,1,2,1,0,0,32,2,2,2,1,1,0,28.1085,357.4542758616538,38.2,80196,7.1,2.7,70.57801021043456,17.06924951527118,3.940160449686038,2.9002259103118275,0.559368191721133,0.11220043572984749,0.056100217864923745,0.0054466230936819175,1,488,5,1.7016254104290031e-6,1.1660740054093254e-24,2.3048914129312328e-18
147129,Methodist College,IL,37900,1,3,0,0,0,2,1,0,6,1,0,0,5,3,3,2,1,3,2,3.65202,147.99592697286062,31.8,71857,7.8,3,79.36320173493026,9.145897339006906,4.288311674087217,2.685363168876403,0.6060606060606061,0.2537878787878788,0.04734848484848485,0.026515151515151516,1,431,4,0.0645314329016034,0.008398170505548716,5.111987258376589e-4
147244,Millikin University,IL,19500,1,3,0,0,1,2,1,0,2,1,0,0,2,2,2,1,1,1,1,1.01849,175.43589172928571,24.4,62666,9.7,3.9,73.2957613722275,16.233836365600055,2.8620801382438708,1.53560663334937,0.6609836065573771,0.18295081967213114,0.04721311475409836,0.018360655737704918,1,145,4,0.022689276163861113,0.0032736974404971677,0.04502629934406872
147378,Moraine Valley Community College,IL,16980,1,3,1,1,3,1,0,0,1,0,0,1,71,0,1,2,1,1,2,93.71595,1353.6634887507412,41.6,90887,8.1,4.1,49.31818969983231,15.69979283142304,24.078430619334277,7.278174099499606,0.4604072398190045,0.097696421225833,0.29545454545454547,0.03290826820238585,2,106,2,2.0857054032759834e-5,0.999979142945989,7.502532897136216e-97
147411,Morton College,IL,16980,1,3,1,1,1,1,0,0,1,0,0,1,71,0,2,1,1,2,3,93.71595,1353.6634887507412,41.6,90887,8.1,4.1,49.31818969983231,15.69979283142304,24.078430619334277,7.278174099499606,0.050361881785283474,0.03287092882991556,0.8256936067551267,0.009951749095295536,3,106,2,2.0857054032759834e-5,0.999979142945989,7.502532897136216e-97
147660,North Central College,IL,16980,1,3,0,0,1,2,1,1,2,1,0,0,71,1,1,1,1,0,0,93.71595,1353.6634887507412,41.6,90887,8.1,4.1,49.31818969983231,15.69979283142304,24.078430619334277,7.278174099499606,0.6129163281884646,0.057676685621445976,0.17749796913078797,0.042648253452477664,1,106,2,2.0857054032759834e-5,0.999979142945989,7.502532897136216e-97
147679,North Park University,IL,16980,1,3,0,0,1,2,2,1,2,1,0,1,71,2,2,1,0,0,0,93.71595,1353.6634887507412,41.6,90887,8.1,4.1,49.31818969983231,15.69979283142304,24.078430619334277,7.278174099499606,0.29944640161046804,0.09562154001006543,0.34574735782586813,0.0805234021137393,2,106,2,2.0857054032759834e-5,0.999979142945989,7.502532897136216e-97
147776,Northeastern Illinois University,IL,16980,1,3,1,0,2,2,2,0,1,1,0,1,71,2,3,2,0,3,2,93.71595,1353.6634887507412,41.6,90887,8.1,4.1,49.31818969983231,15.69979283142304,24.078430619334277,7.278174099499606,0.16765027322404372,0.09814207650273224,0.5215300546448087,0.07846994535519125,3,106,2,2.0857054032759834e-5,0.999979142945989,7.502532897136216e-97
147800,Oakton College,IL,16980,1,3,1,1,2,2,0,0,1,0,0,0,71,0,1,2,1,3,3,93.71595,1353.6634887507412,41.6,90887,8.1,4.1,49.31818969983231,15.69979283142304,24.078430619334277,7.278174099499606,0.4112176414189837,0.07622243528283797,0.19031639501438158,0.21975071907957813,2,106,2,2.0857054032759834e-5,0.999979142945989,7.502532897136216e-97
147916,Parkland College,IL,16580,1,3,1,1,2,2,0,0,1,0,0,0,2,0,1,2,0,2,3,2.38842,124.33928882707902,43.3,65528,7,2.6,66.18601418510983,11.81324892606828,7.631404861791477,10.05225211646193,0.5731043150397989,0.15228320067029744,0.11541684122329283,0.04775869291998324,1,99,4,0.03399182460714542,0.028604756148806927,0.07810347882093818
148007,Prairie State College,IL,16980,1,3,1,1,1,1,0,0,1,0,0,1,71,0,2,2,1,3,3,93.71595,1353.6634887507412,41.6,90887,8.1,4.1,49.31818969983231,15.69979283142304,24.078430619334277,7.278174099499606,0.12155388471177944,0.5791979949874687,0.20075187969924813,0.007017543859649123,3,106,2,2.0857054032759834e-5,0.999979142945989,7.502532897136216e-97
148131,Quincy University,IL,39500,2,3,0,0,1,0,1,1,2,1,0,0,4,2,2,1,1,0,0,0.74678,54.90347219271798,26.2,65360,8.6,2.6,90.24210610889418,2.9580331556817265,1.9563994750796752,0.649454993438496,0.6707202993451824,0.11038353601496725,0.07202993451824134,0.014967259120673527,1,457,4,0.03008164254670908,1.5303076769135233e-7,0.00708343839825579
148256,Rend Lake College,IL,34500,2,3,1,1,1,0,0,0,1,0,0,0,1,0,2,2,1,1,2,0.3655,63.984233079574196,18.2,63118,10.6,3.4,83.63885088919288,5.846785225718194,2.8180574555403557,0.960328317373461,0.8619808306709266,0.0645367412140575,0.0268370607028754,0.006389776357827476,0,381,4,0.012454110378731486,7.149770549077425e-7,0.20731883902610615
148292,Richland Community College,IL,19500,1,3,1,1,1,2,0,0,1,0,0,0,2,0,2,2,1,2,3,1.01849,175.43589172928571,24.4,62666,9.7,3.9,73.2957613722275,16.233836365600055,2.8620801382438708,1.53560663334937,0.5801910507792861,0.2911010558069382,0.05027652086475616,0.016591251885369532,1,145,4,0.022689276163861113,0.0032736974404971677,0.04502629934406872
148380,Rock Valley College,IL,40420,1,3,1,1,2,2,0,0,1,0,0,0,5,0,1,2,0,2,2,3.36522,423.9386180068578,25,68033,10.4,4.5,64.42193972459452,10.106917229779926,17.135581031849327,2.582000582428489,0.5221896045587981,0.10930754619236746,0.26592989121049904,0.032636850284924884,1,474,4,0.04689876311031671,0.01350967331908268,1.2019250995929406e-9
148405,Rockford University,IL,40420,1,3,0,0,1,2,2,0,2,1,0,0,5,1,2,1,1,1,0,3.36522,423.9386180068578,25,68033,10.4,4.5,64.42193972459452,10.106917229779926,17.135581031849327,2.582000582428489,0.4381044487427466,0.16344294003868473,0.21083172147001933,0.02611218568665377,2,474,4,0.04689876311031671,0.01350967331908268,1.2019250995929406e-9
148487,Roosevelt University,IL,16980,1,3,0,0,1,2,3,0,2,1,0,1,71,1,3,1,1,2,1,93.71595,1353.6634887507412,41.6,90887,8.1,4.1,49.31818969983231,15.69979283142304,24.078430619334277,7.278174099499606,0.2717203184492904,0.2166839736933195,0.3440636898580824,0.04569055036344756,2,106,2,2.0857054032759834e-5,0.999979142945989,7.502532897136216e-97
148496,Dominican University,IL,16980,1,3,0,0,1,1,2,1,1,1,0,1,71,1,3,1,1,0,0,93.71595,1353.6634887507412,41.6,90887,8.1,4.1,49.31818969983231,15.69979283142304,24.078430619334277,7.278174099499606,0.18959731543624161,0.051593959731543626,0.6837248322147651,0.03229865771812081,3,106,2,2.0857054032759834e-5,0.999979142945989,7.502532897136216e-97
148627,Saint Xavier University,IL,16980,1,3,0,0,1,2,2,1,2,1,0,1,71,1,3,1,1,0,0,93.71595,1353.6634887507412,41.6,90887,8.1,4.1,49.31818969983231,15.69979283142304,24.078430619334277,7.278174099499606,0.2999050933248972,0.12053147738057576,0.5112306232204998,0.020879468522619425,2,106,2,2.0857054032759834e-5,0.999979142945989,7.502532897136216e-97
148654,University of Illinois Springfield,IL,44100,1,3,1,0,1,2,2,0,1,1,1,0,3,1,2,3,1,3,2,2.07042,175.07046618354576,36.1,75895,8.4,3.2,78.3609122786681,11.835279798301794,2.861738198046773,2.1406284715178563,0.6163760424564063,0.13078089461713419,0.10576194086429112,0.04245640636846096,1,532,4,0.00467640396466985,1.6597886315505775e-6,0.24902833169604516
148672,Sauk Valley Community College,IL,19940,2,3,1,1,1,0,0,0,1,0,0,0,1,0,2,2,0,2,2,0.33869,46.73077655320173,19.4,70292,7.4,2.9,83.43027547314654,5.299831704508548,7.570344562874605,0.7174702530337477,0.7245879120879121,0.03777472527472527,0.17445054945054944,0.01098901098901099,0,151,4,0.012453691856162652,4.509931453929979e-7,0.20731962238591864
148876,St. Augustine College,IL,16980,1,3,0,0,0,2,0,0,2,0,0,1,71,0,3,0,0,3,2,93.71595,1353.6634887507412,41.6,90887,8.1,4.1,49.31818969983231,15.69979283142304,24.078430619334277,7.278174099499606,0.011088709677419355,0.06350806451612903,0.7681451612903226,0.020161290322580645,3,106,2,2.0857054032759834e-5,0.999979142945989,7.502532897136216e-97
148991,Spoon River College,IL,15900,2,3,1,1,1,0,0,0,1,0,0,0,1,0,1,3,1,2,2,0.3302,38.143272688128754,18.5,60599,8.8,3.6,91.74742580254392,2.8104179285281647,2.5136281041792854,0.30284675953967294,0.8458333333333333,0.08020833333333334,0.03854166666666667,0.009375,0,86,4,0.012453838347532354,2.1012891689969266e-6,0.20731923736369104
149222,Southern Illinois University-Carbondale,IL,16060,2,3,1,0,3,0,3,0,2,1,3,0,1,1,2,2,1,1,1,0.53064,90.929951089094,36.3,48763,11.2,4.2,71.29127091813659,13.932232775516356,5.297376752600633,3.7124981154831898,0.6485975066785397,0.1709706144256456,0.09917631344612644,0.017920747996438113,1,90,4,0.050296614139794166,0.19788494846602672,0.1757980549555742
149231,Southern Illinois University Edwardsville,IL,41180,1,3,1,0,3,1,3,0,1,1,1,0,32,1,2,1,0,1,1,28.1085,357.4542758616538,38.2,80196,7.1,2.7,70.57801021043456,17.06924951527118,3.940160449686038,2.9002259103118275,0.6631205673758865,0.14863221884498481,0.06271529888551165,0.02441742654508612,1,488,5,1.7016254104290031e-6,1.1660740054093254e-24,2.3048914129312328e-18
149310,Taylor Business Institute,IL,16980,1,3,2,1,0,2,0,0,5,0,0,0,71,1,0,0,0,3,0,93.71595,1353.6634887507412,41.6,90887,8.1,4.1,49.31818969983231,15.69979283142304,24.078430619334277,7.278174099499606,0,0.05303030303030303,0.030303030303030304,0,3,106,2,2.0857054032759834e-5,0.999979142945989,7.502532897136216e-97
149365,South Suburban College,IL,16980,1,3,1,1,1,1,0,0,1,0,0,1,71,0,1,2,0,2,3,93.71595,1353.6634887507412,41.6,90887,8.1,4.1,49.31818969983231,15.69979283142304,24.078430619334277,7.278174099499606,0.12809315866084425,0.5855167394468704,0.20487627365356623,0.015283842794759825,3,106,2,2.0857054032759834e-5,0.999979142945989,7.502532897136216e-97
149532,Triton College,IL,16980,1,3,1,1,2,1,0,0,1,0,0,1,71,0,1,1,1,3,3,93.71595,1353.6634887507412,41.6,90887,8.1,4.1,49.31818969983231,15.69979283142304,24.078430619334277,7.278174099499606,0.2735154753503377,0.13821957858655107,0.45740498034076016,0.02318782135295897,2,106,2,2.0857054032759834e-5,0.999979142945989,7.502532897136216e-97
149727,Waubonsee Community College,IL,16980,1,3,1,1,2,0,0,0,1,0,0,1,71,0,1,2,1,2,3,93.71595,1353.6634887507412,41.6,90887,8.1,4.1,49.31818969983231,15.69979283142304,24.078430619334277,7.278174099499606,0.417098790054514,0.08669059965430129,0.4230820369631698,0.03523467623986172,2,106,2,2.0857054032759834e-5,0.999979142945989,7.502532897136216e-97
149772,Western Illinois University,IL,31380,2,3,1,0,2,0,2,0,2,1,1,0,1,2,1,2,1,1,1,0.2692,45.68096144227556,31.4,52795,9.9,4.9,85.17830609212481,5.646359583952452,3.5066864784546805,2.0839524517087664,0.560826594788859,0.2086253369272237,0.1275831087151842,0.012758310871518418,1,330,4,0.04724057250069259,0.18123585035518938,0.165434810547756
149842,William Rainey Harper College,IL,16980,1,3,1,1,3,1,0,0,1,0,0,1,71,0,1,2,1,2,3,93.71595,1353.6634887507412,41.6,90887,8.1,4.1,49.31818969983231,15.69979283142304,24.078430619334277,7.278174099499606,0.43606965174129353,0.055058043117744614,0.3132669983416252,0.12902155887230515,2,106,2,2.0857054032759834e-5,0.999979142945989,7.502532897136216e-97
150136,Ball State University,IN,34620,1,3,1,0,4,2,3,0,2,1,2,0,1,1,2,1,1,0,1,1.1228,286.34861783849925,26.2,58127,11.5,3.5,84.29194869967938,5.181688635553972,3.2570359814748846,1.636978981118632,0.7255388005233079,0.1045927150037871,0.07519107622392068,0.02217172760448943,0,383,4,0.05270892119182648,0.19755446554072548,0.17139077149455462
150145,Bethel University,IN,43780,1,3,0,0,1,2,1,1,2,1,0,0,7,1,2,2,1,1,1,3.2456,342.39687278390915,31.5,67217,9.1,3.2,71.32333004683264,10.95945279763372,9.586825240325364,2.4118807000246485,0.6829477292202228,0.05826906598114824,0.09854327335047129,0.016281062553556127,0,529,4,0.020292233640420595,1.955846205518625e-4,3.362667342959013e-13
150163,Butler University,IN,26900,1,3,0,0,2,2,3,0,2,1,0,0,16,1,1,1,1,0,0,21.30055,521.3122639314072,38.5,79852,7.7,2.7,67.40262575379509,14.98886178995378,8.907047001133774,3.95266788885733,0.7878450578806767,0.04541406945681211,0.07034728406055209,0.0396260017809439,0,251,4,0.29715169781802964,0.030672587754793413,1.5484268542631128e-34
150172,Calumet College of Saint Joseph,IN,16980,1,3,0,0,0,1,2,1,1,1,0,1,71,0,3,2,1,2,1,93.71595,1353.6634887507412,41.6,90887,8.1,4.1,49.31818969983231,15.69979283142304,24.078430619334277,7.278174099499606,0.2706645056726094,0.2917341977309562,0.34846029173419774,0.009724473257698542,2,106,2,2.0857054032759834e-5,0.999979142945989,7.502532897136216e-97
150534,University of Evansville,IN,21780,1,3,0,0,1,2,1,1,2,1,0,0,2,1,1,1,1,0,1,2.70494,263.2759971800629,29.3,68232,7.8,2.3,83.68725369139426,6.093665663563702,3.270312835035158,1.369346455004547,0.7204648160103292,0.04712717882504842,0.06068431245965139,0.0342156229825694,0,175,4,0.1546507087035097,0.041371956210222716,0.004527050014530341
150604,Franklin College,IN,26900,1,3,0,0,0,1,1,1,1,1,0,0,16,2,2,0,0,0,0,21.30055,521.3122639314072,38.5,79852,7.7,2.7,67.40262575379509,14.98886178995378,8.907047001133774,3.95266788885733,0.7957110609480813,0.07110609480812641,0.05756207674943566,0.014672686230248307,0,251,4,0.29715169781802964,0.030672587754793413,1.5484268542631128e-34
150677,Grace College and Theological Seminary,IN,47700,2,3,0,0,1,0,2,1,2,1,0,0,1,1,1,1,0,0,1,0.80442,151.36433298167404,25.1,75317,6.8,1.8,85.23656796200989,0.5581661321200369,9.718803610054449,1.39106436935929,0.80526638089406,0.030006123698714023,0.07287201469687692,0.017758726270667484,0,589,4,0.11205440588750097,0.08872695079857772,0.01928829980262534
150941,Huntington University,IN,26540,2,3,0,0,1,0,3,1,2,1,0,0,1,1,1,1,0,0,2,0.36798,96.16890669881458,21.3,66301,5.6,2.2,92.85287243871949,0.6984075221479428,3.163215392140877,0.6304690472308278,0.7782026768642447,0.04684512428298279,0.06118546845124283,0.014340344168260038,0,244,4,0.11206972296214822,0.08875134881493012,0.01931799642267094
150987,Ivy Tech Community College,IN,26900,1,3,1,1,4,2,0,0,2,0,0,0,16,0,1,2,1,2,3,21.30055,521.3122639314072,38.5,79852,7.7,2.7,67.40262575379509,14.98886178995378,8.907047001133774,3.95266788885733,0.6594119323192987,0.16266163719996202,0.040773958941098254,0.0229718177994274,1,251,4,0.29715169781802964,0.030672587754793413,1.5484268542631128e-34
151102,Purdue University Fort Wayne,IN,23060,1,3,1,0,2,2,2,0,2,1,1,0,5,1,1,1,1,1,1,4.55416,334.6543552150934,30.2,71213,9.1,2.9,72.86788342965552,9.104862367593585,8.233790644158308,4.60128761396174,0.6859211855843719,0.07527787133715055,0.1066015493432132,0.05641630178511283,0,194,4,0.16345493275157646,0.16793738187204732,0.0036414457151986985
151111,Indiana University-Indianapolis,IN,26900,1,3,1,0,4,2,3,0,2,1,3,0,16,1,2,2,1,1,1,21.30055,521.3122639314072,38.5,79852,7.7,2.7,67.40262575379509,14.98886178995378,8.907047001133774,3.95266788885733,0.5863168894021888,0.11593246438981467,0.14040587361821483,0.07127536710113842,1,251,4,0.29715169781802964,0.030672587754793413,1.5484268542631128e-34
151263,University of Indianapolis,IN,26900,1,3,0,0,2,2,3,1,2,1,0,0,16,2,2,1,0,0,1,21.30055,521.3122639314072,38.5,79852,7.7,2.7,67.40262575379509,14.98886178995378,8.907047001133774,3.95266788885733,0.5723606168446026,0.1465005931198102,0.099644128113879,0.04122182680901542,1,251,4,0.29715169781802964,0.030672587754793413,1.5484268542631128e-34
151290,Indiana Institute of Technology,IN,23060,1,3,0,0,1,2,2,0,2,1,0,0,5,2,2,1,1,0,1,4.55416,334.6543552150934,30.2,71213,9.1,2.9,72.86788342965552,9.104862367593585,8.233790644158308,4.60128761396174,0.49002064693737096,0.1486579490708878,0.0653819683413627,0.02477632484514797,2,194,4,0.16345493275157646,0.16793738187204732,0.0036414457151986985
151306,University of Southern Indiana,IN,21780,1,3,1,0,2,1,2,0,2,1,0,0,2,1,1,1,0,0,2,2.70494,263.2759971800629,29.3,68232,7.8,2.3,83.68725369139426,6.093665663563702,3.270312835035158,1.369346455004547,0.8356022746855075,0.038256074444252976,0.04790625538514561,0.019989660520420473,0,175,4,0.1546507087035097,0.041371956210222716,0.004527050014530341
151324,Indiana State University,IN,45460,1,3,1,0,2,2,3,0,2,1,0,0,3,1,2,2,0,1,1,1.68719,115.14126672364335,22.9,56594,11.6,2.9,87.36419727475862,4.1305365726444565,2.704496826083606,1.432559462775384,0.665053242981607,0.17507951873876365,0.07135942469921172,0.016318628128889505,1,552,4,0.025865866420542727,0.04135836127621256,1.6165893926963274e-4
151333,Indiana University-Kokomo,IN,29020,1,3,1,0,1,2,1,0,2,0,0,0,1,1,2,2,1,1,1,0.83752,285.7706595755253,20.8,64027,8.8,3.4,82.63802655458974,7.320422198872863,4.104976597573789,1.4041455726430414,0.7594126506024096,0.056852409638554216,0.11408132530120482,0.011295180722891566,0,289,4,0.03799117922096072,0.11220285141506951,0.11876431118945838
151342,Indiana University-South Bend,IN,43780,1,3,1,0,1,2,1,0,2,1,0,0,7,1,2,2,1,2,1,3.2456,342.39687278390915,31.5,67217,9.1,3.2,71.32333004683264,10.95945279763372,9.586825240325364,2.4118807000246485,0.594855305466238,0.08957280661460726,0.21566375746440056,0.01975195222783647,1,529,4,0.020292233640420595,1.955846205518625e-4,3.362667342959013e-13
151351,Indiana University-Bloomington,IN,14020,1,3,1,0,4,2,3,0,2,1,3,1,1,1,1,1,1,0,0,1.62569,208.4704909417077,44.3,65543,7.9,3.2,82.61169103580633,3.1026825532543105,4.348307487897447,5.991917278201871,0.6605553341304636,0.0456755679553607,0.08601036269430051,0.09900358708648864,1,63,4,0.12762842998219232,0.1872758537286964,0.034504044272964635
151360,Indiana University-Northwest,IN,16980,1,3,1,0,1,1,1,0,2,0,0,1,71,2,2,2,1,2,1,93.71595,1353.6634887507412,41.6,90887,8.1,4.1,49.31818969983231,15.69979283142304,24.078430619334277,7.278174099499606,0.44469970462750247,0.1798490318345914,0.2934033475549721,0.029865441417787988,2,106,2,2.0857054032759834e-5,0.999979142945989,7.502532897136216e-97
151379,Indiana University-Southeast,IN,31140,1,3,1,0,1,1,1,0,4,1,0,0,13,1,2,3,1,2,1,13.72558,346.53444055968015,32.9,73863,8.9,3,72.3504580498602,13.323662825177514,7.006771298553503,2.1964827715841517,0.7934543454345434,0.06573157315731573,0.06133113311331133,0.022277227722772276,0,325,2,0.08462995435660976,0.4532637560786125,8.616063700716227e-11
151388,Indiana University-East,IN,39980,2,3,1,0,1,0,1,0,1,0,0,0,2,2,2,3,1,3,2,0.66397,165.26759582481498,20.5,55692,13.7,3.2,85.68610027561486,3.7712547253640976,3.9610223353464766,0.9066674699158095,0.7305979643765903,0.07061068702290077,0.07188295165394402,0.028944020356234095,0,465,4,0.028092905696721484,0.11138769173496103,0.13384138977469728
151661,Lincoln College of Technology-Indianapolis,IN,26900,1,3,2,1,1,2,0,0,3,0,0,0,16,0,3,0,1,2,0,21.30055,521.3122639314072,38.5,79852,7.7,2.7,67.40262575379509,14.98886178995378,8.907047001133774,3.95266788885733,0.4433113377324535,0.3101379724055189,0.17276544691061788,0.022195560887822437,2,251,4,0.29715169781802964,0.030672587754793413,1.5484268542631128e-34
151777,Manchester University,IN,47340,2,3,0,0,1,0,3,1,2,1,0,0,1,2,2,1,0,0,0,0.30844,74.76626569746271,23.1,66806,7.2,2.1,92.20918168849695,0.9207625470107639,3.1837634548048244,0.42147581377253274,0.5546875,0.07366071428571429,0.08482142857142858,0.0033482142857142855,1,582,4,0.11201274664491442,0.08866192534721215,0.01920747741893421
151962,Mid-America College of Funeral Service,IN,31140,1,3,0,0,0,1,0,0,3,0,0,0,13,0,3,3,0,3,2,13.72558,346.53444055968015,32.9,73863,8.9,3,72.3504580498602,13.323662825177514,7.006771298553503,2.1964827715841517,0.7966101694915254,0.13771186440677965,0.0211864406779661,0,0,325,2,0.08462995435660976,0.4532637560786125,8.616063700716227e-11
152080,University of Notre Dame,IN,43780,1,3,0,0,3,1,3,1,1,1,3,0,7,3,1,0,1,0,0,3.2456,342.39687278390915,31.5,67217,9.1,3.2,71.32333004683264,10.95945279763372,9.586825240325364,2.4118807000246485,0.6125055530875166,0.04686805864060418,0.13571745890715237,0.058862727676588185,1,529,4,0.020292233640420595,1.955846205518625e-4,3.362667342959013e-13
152318,Rose-Hulman Institute of Technology,IN,45460,1,3,0,0,1,2,1,0,7,1,0,0,3,1,1,0,0,0,0,1.68719,115.14126672364335,22.9,56594,11.6,2.9,87.36419727475862,4.1305365726444565,2.704496826083606,1.432559462775384,0.6931263858093126,0.03325942350332594,0.050997782705099776,0.07716186252771619,0,552,4,0.025865866420542727,0.04135836127621256,1.6165893926963274e-4
152381,Saint Mary-of-the-Woods College,IN,45460,1,3,0,0,1,0,2,1,2,1,0,0,3,2,3,3,0,2,1,1.68719,115.14126672364335,22.9,56594,11.6,2.9,87.36419727475862,4.1305365726444565,2.704496826083606,1.432559462775384,0.7299196787148594,0.11044176706827309,0.060240963855421686,0.013052208835341365,0,552,4,0.025865866420542727,0.04135836127621256,1.6165893926963274e-4
152390,Saint Mary's College,IN,43780,1,3,0,0,1,1,1,1,4,1,0,0,7,1,1,1,0,0,0,3.2456,342.39687278390915,31.5,67217,9.1,3.2,71.32333004683264,10.95945279763372,9.586825240325364,2.4118807000246485,0.7684797768479776,0.023709902370990237,0.1401673640167364,0.010460251046025104,0,529,4,0.020292233640420595,1.955846205518625e-4,3.362667342959013e-13
152567,Trine University,IN,11420,2,3,0,0,1,0,1,0,1,1,0,0,2,1,1,1,0,0,2,0.34726,112.46107733898569,25.6,74911,6.9,4.4,91.37821804987617,0.656568565340091,4.454875309566319,0.6680873121004435,0.8352059925093633,0.04452767374115689,0.03870162297128589,0.015397419891801914,0,24,4,0.05121127595709935,0.06239509861385457,0.023923733880159944
152600,Valparaiso University,IN,16980,1,3,0,0,1,1,2,1,1,1,0,0,71,1,1,1,0,0,0,93.71595,1353.6634887507412,41.6,90887,8.1,4.1,49.31818969983231,15.69979283142304,24.078430619334277,7.278174099499606,0.6864081806561568,0.06433745206646783,0.1146144013634427,0.032807839795483594,0,106,2,2.0857054032759834e-5,0.999979142945989,7.502532897136216e-97
152637,Vincennes University,IN,47180,2,3,1,0,3,0,0,0,2,1,0,0,1,0,0,1,1,0,3,0.36007,69.80391854747803,19.1,61237,9.9,1.9,89.44371927680729,1.6774516066320437,2.9883078290332437,0.8609437053906185,0.727468736524364,0.08645968089693834,0.09271237602414834,0.014661492022423459,0,578,4,0.012514648417012357,1.0343493865977327e-4,0.20719979306223496
152673,Wabash College,IN,18820,2,3,0,0,0,0,1,0,4,1,0,0,1,2,1,0,0,0,0,0.38312,75.91768325173804,20.4,71479,5.5,2.1,88.99822509918563,0.8665692211317603,6.178220922948423,0.5455209855919816,0.7276995305164319,0.04107981220657277,0.11737089201877934,0.017605633802816902,0,134,4,0.10211127399566515,0.07317915280035361,6.932850842017591e-6
152992,Briar Cliff University,IA,43580,1,4,0,0,0,2,3,1,2,1,0,0,4,0,3,2,0,1,1,1.44682,90.54342990516106,24.6,75192,9.7,2.8,65.94531455191385,4.970210530681079,20.746879363016824,2.2960700017970446,0.5294888597640891,0.06946264744429882,0.145478374836173,0.007863695937090432,1,524,4,0.011487108957360543,0.0023755508383316863,0.05124195723020957
153001,Buena Vista University,IA,44740,2,4,0,0,1,0,2,1,2,1,0,0,1,1,2,3,0,2,1,0.20753,36.0985072213206,22.2,71719,4.8,3.8,52.07921746253553,3.2718161229701734,29.364429239146144,9.458873415891677,0.7914634146341464,0.029878048780487804,0.11890243902439024,0.00853658536585366,0,544,4,0.029204916984554036,0.11498733805145832,0.130554279891448
153108,Central College,IA,37800,2,4,0,0,1,0,1,1,1,1,0,0,1,1,1,0,0,0,0,0.33642,60.671944018999056,32.1,78680,6.2,1.4,93.31490398906129,0.4191189584448011,2.297723084239938,1.4059806194637656,0.8699261992619927,0.02214022140221402,0.043357933579335796,0.008302583025830259,0,429,4,0.10228602655692672,0.07345239653532022,3.458078590345478e-4
153126,Clarke University,IA,20220,1,4,0,0,0,2,3,1,2,1,0,0,5,2,2,1,0,0,1,0.9903,162.79834832720175,33.4,77630,5.8,2.4,88.25406442492174,2.918307583560537,3.2656770675552864,1.3389881853983643,0.5390243902439025,0.1329268292682927,0.11341463414634147,0.015853658536585366,1,155,4,0.2288530249968357,0.0466934016539548,1.5824209303799003e-10
153144,Coe College,IA,16300,1,4,0,0,1,2,1,1,4,1,0,0,4,2,2,0,0,0,0,2.76624,137.71065325629388,32.9,78080,6.2,2.2,84.16767887095841,5.108739661056163,3.807334143096767,2.0522442015154145,0.6304176516942475,0.10007880220646179,0.12450748620961387,0.02206461780929866,1,95,4,0.021465299812980506,0.004277814973197725,6.447071174758459e-5
153214,Des Moines Area Community College,IA,19780,1,4,1,1,4,1,0,0,1,1,0,0,6,0,1,2,1,1,3,7.3112,202.377376619957,39.7,85890,6.3,2.8,77.37854251012146,5.610159754896597,8.71006127585075,4.2179122442280335,0.6642663569492838,0.1091753774680604,0.10600077429345722,0.042198993418505616,1,148,4,0.0351721517240704,0.0510800273998267,0.03642764928968159
153241,Divine Word College,IA,20220,1,4,0,0,0,0,1,1,8,1,0,0,5,0,1,0,0,3,1,0.9903,162.79834832720175,33.4,77630,5.8,2.4,88.25406442492174,2.918307583560537,3.2656770675552864,1.3389881853983643,0.014285714285714285,0,0.014285714285714285,0.07142857142857142,3,155,4,0.2288530249968357,0.0466934016539548,1.5824209303799003e-10
153311,Eastern Iowa Community College District,IA,19340,1,4,1,1,2,2,0,0,1,1,0,0,7,0,1,3,1,2,3,3.81503,168.07054158019127,29.9,72738,8.4,2.8,75.3307313441834,7.4657342144098475,9.726529018120434,2.369312954288695,0.6429539295392954,0.12782294489611562,0.1375338753387534,0.018970189701897018,1,143,4,0.006331967263364435,0.0013277704983913313,0.07682221163891807
153445,Hawkeye Community College,IA,47940,1,4,1,1,2,0,0,0,2,0,0,0,4,0,1,2,1,1,3,1.68637,112.19218770468018,31,70811,7.7,2.8,81.4186685009814,7.315713633425642,4.511465455386421,2.2539537586650615,0.7179748555895344,0.10839279646619096,0.06591913013931362,0.018008834522595992,0,592,4,0.020441852222700677,4.090489907614525e-7,0.04108982898723017
153472,Indian Hills Community College,IA,36900,2,4,1,1,1,0,0,0,2,1,0,0,1,0,1,2,0,1,2,0.35362,81.88633829623477,19.6,64766,11.6,2.6,75.64617385894464,2.9806006447599116,13.426842373168938,1.6373508285730445,0.6943138093202224,0.0675502351432236,0.09705002137665669,0.020949123557075674,0,417,4,0.012455118324344894,1.5245836960252347e-6,0.20731694036164164
153630,Iowa Western Community College,IA,36540,1,4,1,1,2,1,0,0,1,1,0,0,11,0,1,3,1,1,2,9.82064,225.9871860169547,39.3,84829,6.6,2.4,72.39222698317013,7.162364163639029,12.274963749816713,3.2981557210120727,0.6046628227625972,0.14916019052394083,0.10930057658561043,0.01203309100025069,1,409,4,0.006513395337160021,0.0408877086277386,0.23725932993620447
153658,University of Iowa,IA,26980,1,4,1,0,4,2,3,0,1,1,3,0,1,1,1,1,0,0,0,1.792,151.62981336410311,51.1,75088,7,2.5,76.56194196428572,6.7890625,6.865513392857143,4.969866071428571,0.743039929406574,0.03053165673946614,0.09199205823957644,0.04623869402161924,0,252,4,0.12884873092765667,0.1871084418950829,0.03227441475302709
153737,Kirkwood Community College,IA,16300,1,4,1,1,3,2,0,0,2,0,0,0,4,0,1,2,1,1,3,2.76624,137.71065325629388,32.9,78080,6.2,2.2,84.16767887095841,5.108739661056163,3.807334143096767,2.0522442015154145,0.6411509229098805,0.15830618892508144,0.07687296416938111,0.016612377850162865,1,95,4,0.021465299812980506,0.004277814973197725,6.447071174758459e-5
153825,Loras College,IA,20220,1,4,0,0,1,2,1,1,2,1,0,0,5,1,1,0,0,0,0,0.9903,162.79834832720175,33.4,77630,5.8,2.4,88.25406442492174,2.918307583560537,3.2656770675552864,1.3389881853983643,0.7397379912663755,0.0445414847161572,0.08471615720524017,0.010480349344978166,0,155,4,0.2288530249968357,0.0466934016539548,1.5824209303799003e-10
153977,Mercy College of Health Sciences,IA,19780,1,4,0,0,0,2,1,1,6,0,0,0,6,1,2,2,1,3,2,7.3112,202.377376619957,39.7,85890,6.3,2.8,77.37854251012146,5.610159754896597,8.71006127585075,4.2179122442280335,0.6533646322378717,0.13145539906103287,0.1267605633802817,0.054773082942097026,1,148,4,0.0351721517240704,0.0510800273998267,0.03642764928968159
154004,Morningside University,IA,43580,1,4,0,0,1,2,2,1,2,1,0,0,4,2,2,1,1,0,0,1.44682,90.54342990516106,24.6,75192,9.7,2.8,65.94531455191385,4.970210530681079,20.746879363016824,2.2960700017970446,0.5857988165680473,0.04142011834319527,0.08875739644970414,0.01267962806424345,1,524,4,0.011487108957360543,0.0023755508383316863,0.05124195723020957
154022,Ashford University,CA,41740,1,8,2,0,4,2,3,0,2,0,0,0,28,0,2,3,1,3,0,32.88774,781.0957594252355,43.2,106268,6.9,3.9,42.408143581772414,4.35490550582071,34.63488217797879,12.080793633128941,0.38949343339587245,0.2902871987299755,0.21232501082407274,0.025285033915427912,2,497,2,3.5503139928722206e-4,0.999644646696276,9.524339239529187e-32
154059,North Iowa Area Community College,IA,32380,2,4,1,1,1,0,0,0,1,1,0,0,1,0,1,2,0,1,2,0.49982,51.61160205470214,23.3,68926,5.8,1.8,88.98403425233083,1.7446280661037972,5.311912288423833,1.0643831779440598,0.7550066755674232,0.05941255006675567,0.102803738317757,0.00801068090787717,0,349,4,0.012454188182757224,8.034671055612453e-7,0.20731869338233871
154095,University of Northern Iowa,IA,47940,1,4,1,0,2,2,2,0,2,1,1,0,4,1,1,1,0,1,1,1.68637,112.19218770468018,31,70811,7.7,2.8,81.4186685009814,7.315713633425642,4.511465455386421,2.2539537586650615,0.8298161174873504,0.0335678143897322,0.06281624089843268,0.0167839071948661,0,592,4,0.020441852222700677,4.090489907614525e-7,0.04108982898723017
154235,Saint Ambrose University,IA,19340,1,4,0,0,1,2,3,1,2,1,0,0,7,1,2,1,1,1,0,3.81503,168.07054158019127,29.9,72738,8.4,2.8,75.3307313441834,7.4657342144098475,9.726529018120434,2.369312954288695,0.6826966292134832,0.06831460674157304,0.10921348314606742,0.01887640449438202,0,143,4,0.006331967263364435,0.0013277704983913313,0.07682221163891807
154350,Simpson College,IA,19780,1,4,0,0,1,0,1,1,1,1,0,0,6,1,2,1,1,0,0,7.3112,202.377376619957,39.7,85890,6.3,2.8,77.37854251012146,5.610159754896597,8.71006127585075,4.2179122442280335,0.7550675675675675,0.036317567567567564,0.1089527027027027,0.019425675675675675,0,148,4,0.0351721517240704,0.0510800273998267,0.03642764928968159
154527,Wartburg College,IA,47940,1,4,0,0,1,0,1,1,1,1,0,0,4,1,1,1,0,0,0,1.68637,112.19218770468018,31,70811,7.7,2.8,81.4186685009814,7.315713633425642,4.511465455386421,2.2539537586650615,0.8046289993192648,0.04424778761061947,0.04288631722260041,0.005445881552076242,0,592,4,0.020441852222700677,4.090489907614525e-7,0.04108982898723017
154572,Western Iowa Tech Community College,IA,43580,1,4,1,1,2,2,0,0,2,1,0,0,4,0,1,3,1,1,3,1.44682,90.54342990516106,24.6,75192,9.7,2.8,65.94531455191385,4.970210530681079,20.746879363016824,2.2960700017970446,0.5315028901734105,0.07138728323699423,0.21820809248554912,0.015317919075144508,1,524,4,0.011487108957360543,0.0023755508383316863,0.05124195723020957
154697,Barton County Community College,KS,24460,2,4,1,1,2,0,0,0,1,1,0,0,1,0,1,3,0,3,3,0.25097,28.033285515573233,21.7,58851,10.7,2.4,78.93772164003666,0.633541857592541,16.667330756664143,0.1992269992429374,0.5470925470925471,0.1567021567021567,0.1263991263991264,0.028119028119028118,1,212,4,0.0236103433116738,0.09173620927544388,0.18035565865330497
154712,Benedictine College,KS,11860,2,4,0,0,1,0,1,1,2,1,0,0,1,1,1,0,1,0,0,0.16208,37.59035817289033,21.8,61112,7.2,2.9,86.70409674234946,3.4982724580454096,3.751233958538993,0.31465942744323794,0.752463539613717,0.023649980291683092,0.13086322428064642,0.015372487189594008,0,31,4,0.10694386640332826,0.08074051210275866,0.009377513659289646
154749,Bethel College-North Newton,KS,48620,1,4,0,0,0,0,1,1,2,1,0,0,9,1,2,1,0,0,0,6.52622,157.32880276470786,31.8,70655,9,3.1,68.66884659113545,6.4492156255841815,14.808878646444649,3.629972633469298,0.5263157894736842,0.16764132553606237,0.16764132553606237,0.015594541910331383,1,604,1,0.5113567270857822,0.2888645854089564,3.5139987639513747e-19
154855,Central Christian College of Kansas,KS,32700,2,4,0,0,0,0,1,1,2,1,0,1,3,2,3,2,0,2,1,0.30205,33.6251861812461,34.3,78851,6,1.2,89.12431716603211,1.7480549577884457,5.59178943883463,0.3873530872372124,0.47651006711409394,0.14541387024608501,0.22371364653243847,0.017897091722595078,2,353,4,0.056690306574259615,0.06096790488123385,0.022041654089019685
154952,Cowley County Community College,KS,11680,2,4,1,1,1,0,0,0,1,1,0,0,2,0,2,3,1,2,2,0.34411,30.567501718825355,24.5,57878,11.7,2.2,76.85623783092616,2.382958937549039,12.158902676469733,1.5460172619220598,0.6118314424635333,0.07698541329011345,0.130064829821718,0.011345218800648298,1,29,4,0.005213518528157409,0.004355778132613275,0.24543358371411128
154998,Dodge City Community College,KS,19980,2,4,1,1,1,0,0,0,1,1,0,1,1,0,1,2,1,1,2,0.34074,31.025135711374666,20.7,70781,11.7,3.6,35.40822914832423,2.353700768914715,59.07730234196161,0.9303281094089335,0.29601518026565465,0.10373181530676787,0.49588867805186593,0.011385199240986717,2,152,2,0.08509024939519001,0.5972479754741785,0.03176843830066063
155052,Flint Hills Technical College,KS,21380,2,4,1,1,1,0,0,0,3,0,0,1,2,0,0,3,1,0,3,0.34747,21.441732258133396,26.6,59354,7.6,1.3,69.59737531297667,1.3785362765130804,23.012058594986616,1.758425187785996,0.6617647058823529,0.012254901960784314,0.27205882352941174,0.012254901960784314,1,170,2,0.07109756357931063,0.4803928148094907,0.06570121753348548
155089,Friends University,KS,48620,1,4,0,0,1,2,2,0,2,1,0,0,9,2,2,1,1,1,2,6.52622,157.32880276470786,31.8,70655,9,3.1,68.66884659113545,6.4492156255841815,14.808878646444649,3.629972633469298,0.5098684210526315,0.11348684210526316,0.20559210526315788,0.015625,1,604,1,0.5113567270857822,0.2888645854089564,3.5139987639513747e-19
155104,Garden City Community College,KS,23780,2,4,1,1,1,0,0,0,1,1,0,1,1,0,1,2,0,1,2,0.38084,29.250441761022547,19,73009,8.5,2.8,37.005041487238735,4.390295137065435,53.16143262262367,3.8598886671568113,0.264774044032445,0.10428736964078796,0.48899188876013905,0.019698725376593278,3,205,2,0.09768726862635244,0.7008233575322151,0.0013235925215059968
155140,Haskell Indian Nations University,KS,29940,1,4,1,0,0,2,0,0,1,1,0,1,4,1,3,1,0,1,0,1.20302,263.95671833029115,53.2,69746,5.3,2.9,76.02118003025718,4.167844258615816,7.181925487523067,4.32079267177603,0,0,0,0,3,307,4,0.2860667719910685,0.12832197059675318,6.117710799879432e-17
155177,Hesston College,KS,48620,1,4,0,0,0,0,0,1,1,1,0,0,9,0,2,0,0,1,0,6.52622,157.32880276470786,31.8,70655,9,3.1,68.66884659113545,6.4492156255841815,14.808878646444649,3.629972633469298,0.4968944099378882,0.08385093167701864,0.16459627329192547,0.012422360248447204,1,604,1,0.5113567270857822,0.2888645854089564,3.5139987639513747e-19
155195,Hutchinson Community College,KS,26740,2,4,1,1,2,0,0,0,1,1,0,0,1,0,1,2,0,2,3,0.61553,49.03419325528867,20.4,60645,8.5,2.4,82.04311731353468,2.701736714701152,10.37804818611603,0.5068802495410459,0.5929895065862916,0.07970529135967849,0.13016298280866265,0.008260772493860237,1,248,4,0.01517607231686388,0.02238569758863019,0.20074000556907398
155292,Kansas City Kansas Community College,KS,28140,1,4,1,1,2,2,0,0,1,1,0,1,20,0,1,2,1,2,3,22.18142,305.675097182773,39.8,83460,6.8,2.7,69.21301702055143,11.586453887983728,10.940823445929071,2.9573399719224467,0.36517498565691336,0.219162363740677,0.2607573149741824,0.0387263339070568,2,272,4,0.07515614746401443,0.07457876622622062,7.854356368245922e-18
155317,University of Kansas,KS,29940,1,4,1,0,4,2,3,0,1,1,3,0,4,1,1,1,1,0,1,1.20302,263.95671833029115,53.2,69746,5.3,2.9,76.02118003025718,4.167844258615816,7.181925487523067,4.32079267177603,0.6832721552176193,0.04514468227105878,0.10420937216951899,0.062163321733326976,0,307,4,0.2860667719910685,0.12832197059675318,6.117710799879432e-17
155399,Kansas State University,KS,31740,1,4,1,0,4,2,3,0,2,1,3,0,3,1,1,2,1,1,1,1.33965,73.00362631631856,40.4,65469,10.4,2.4,71.26861493673721,7.5706341208524615,11.081252565968724,3.0388534318665323,0.7871580692469553,0.029713702735446025,0.0948798061595358,0.01938404641969011,0,337,4,0.009312671257732032,0.0021846594348165797,0.35253581800955636
155414,Kansas Wesleyan University,KS,41460,2,4,0,0,1,0,1,1,2,1,0,0,2,2,2,1,0,1,0,0.59487,41.28252799701377,29,65745,9,3.1,79.28118748634155,3.101517978718039,11.829475347554927,1.5431943113621462,0.5678137651821862,0.11842105263157894,0.19331983805668015,0.008097165991902834,1,491,4,0.11203071944443187,0.08874199960311226,0.019329597004659402
155487,Manhattan Area Technical College,KS,31740,1,4,1,1,0,2,0,0,3,0,0,0,3,0,1,1,1,1,3,1.33965,73.00362631631856,40.4,65469,10.4,2.4,71.26861493673721,7.5706341208524615,11.081252565968724,3.0388534318665323,0.6965065502183406,0.09388646288209607,0.14410480349344978,0.006550218340611353,0,337,4,0.009312671257732032,0.0021846594348165797,0.35253581800955636
155511,McPherson College,KS,32700,2,4,0,0,0,0,1,1,2,1,0,0,3,1,2,0,1,0,0,0.30205,33.6251861812461,34.3,78851,6,1.2,89.12431716603211,1.7480549577884457,5.59178943883463,0.3873530872372124,0.49515738498789347,0.12590799031476999,0.162227602905569,0.01694915254237288,2,353,4,0.056690306574259615,0.06096790488123385,0.022041654089019685
155627,Ottawa University-Ottawa,KS,36840,2,4,0,0,0,0,1,1,2,1,0,0,1,1,2,1,0,0,0,0.26106,45.658074148600015,24.6,77207,6.2,2,88.90676472841493,1.0648892974795066,4.841798820194591,0.6128859266069103,0.5338189386056191,0.14776274713839752,0.16545265348595214,0.014568158168574402,1,416,4,0.11107549568723224,0.08720472831945818,0.017388948770381368
155681,Pittsburg State University,KS,38260,2,4,1,0,2,0,2,0,2,1,1,0,1,1,2,1,0,1,1,0.39008,66.14095237257267,32.2,52844,14.1,2.6,83.39315012305168,1.4996923707957344,7.526661197703036,1.6791427399507792,0.7829078801331854,0.0341842397336293,0.07613762486126525,0.008435072142064372,0,437,4,0.05342002038797685,0.19194296371138644,0.16753844134754767
155812,University of Saint Mary,KS,28140,1,4,0,0,1,0,3,1,2,1,0,0,20,1,2,1,1,1,1,22.18142,305.675097182773,39.8,83460,6.8,2.7,69.21301702055143,11.586453887983728,10.940823445929071,2.9573399719224467,0.4835978835978836,0.13968253968253969,0.2306878306878307,0.013756613756613757,2,272,4,0.07515614746401443,0.07457876622622062,7.854356368245922e-18
155858,Seward County Community College,KS,30580,2,4,1,1,1,0,0,0,1,1,0,1,1,0,1,1,1,1,2,0.21486,33.59009503538346,11.4,63827,9.7,3.4,25.09541096527972,2.9042166992460205,67.42064600204785,2.387601228707065,0.22339622641509435,0.03547169811320755,0.5924528301886792,0.015849056603773583,3,316,2,0.09787957865857042,0.7021564617830358,8.767352599043077e-4
155900,Southwestern College,KS,11680,2,4,0,0,1,0,1,1,2,1,0,0,2,1,2,3,0,3,2,0.34411,30.567501718825355,24.5,57878,11.7,2.2,76.85623783092616,2.382958937549039,12.158902676469733,1.5460172619220598,0.4223512336719884,0.1690856313497823,0.14731494920174165,0.03193033381712627,2,29,4,0.005213518528157409,0.004355778132613275,0.24543358371411128
156082,Washburn University,KS,45820,1,4,1,0,2,2,3,0,2,1,0,0,2,0,2,2,1,1,1,2.32468,71.91142304448508,30.1,69888,7.6,2.3,75.17593819364386,5.149956122993273,11.578797942082351,1.0818693325532975,0.6110518455301899,0.08683592916577769,0.14508214209515682,0.013868145935566461,1,558,4,0.054754342922833064,0.19293061479436346,5.498869032015131e-10
156107,Wichita State University-Campus of Applied Sciences and Technology,KS,48620,1,4,1,1,2,2,0,0,3,0,0,1,9,0,1,2,1,2,3,6.52622,157.32880276470786,31.8,70655,9,3.1,68.66884659113545,6.4492156255841815,14.808878646444649,3.629972633469298,0.47008100339691666,0.15312255030049648,0.2521557355631043,0.049124640710739485,2,604,1,0.5113567270857822,0.2888645854089564,3.5139987639513747e-19
156125,Wichita State University,KS,48620,1,4,1,0,3,2,3,0,2,1,2,0,9,1,2,2,0,2,2,6.52622,157.32880276470786,31.8,70655,9,3.1,68.66884659113545,6.4492156255841815,14.808878646444649,3.629972633469298,0.5664646119696064,0.06181166225561342,0.16912831896183728,0.0751301972167677,1,604,1,0.5113567270857822,0.2888645854089564,3.5139987639513747e-19
156213,Asbury University,KY,30460,1,5,0,0,1,0,1,0,2,1,0,0,6,2,1,2,0,1,1,5.2256,355.49112901698203,42,71966,8.9,3,73.7716243110839,10.459851500306184,8.087875076546235,3.06510257195346,0.7704117236566643,0.040474528960223306,0.06699232379623168,0.0104675505931612,0,314,4,0.07026263284363611,0.020532345408721207,0.0019897829081991234
156231,Ashland Community and Technical College,KY,26580,1,5,1,1,1,2,0,0,1,0,0,0,8,0,2,3,0,2,2,3.70729,127.15726006468658,23.5,60078,12.1,2.6,92.8187436105619,1.9264745946500004,1.3640691718209257,0.6845971046235929,0.9263715110683349,0.016843118383060636,0.010587102983638113,0.003368623676612127,0,245,3,0.001071541512628043,4.426972289212309e-12,0.5039696452397818
156286,Bellarmine University,KY,31140,1,5,0,0,1,2,3,1,2,1,0,0,13,1,2,1,0,0,0,13.72558,346.53444055968015,32.9,73863,8.9,3,72.3504580498602,13.323662825177514,7.006771298553503,2.1964827715841517,0.6972402597402597,0.10349025974025974,0.08157467532467533,0.03206168831168831,0,325,2,0.08462995435660976,0.4532637560786125,8.616063700716227e-11
156295,Berea College,KY,40080,2,5,0,0,1,0,1,0,4,1,0,0,2,3,3,0,0,0,0,1.25967,125.01910623583389,28.8,60368,13.4,3.1,89.55281938920511,3.080171791024634,2.9563298324164267,0.8383147967324777,0.4396493594066082,0.19082939986513822,0.1638570465273095,0.03843560350640594,2,467,4,0.05684199512588994,0.06365291986919934,1.986062470620693e-5
156338,Southcentral Kentucky Community and Technical College,KY,14540,1,5,1,1,2,2,0,0,1,0,0,0,2,0,2,3,1,2,3,1.86959,115.80919059916532,27.3,63328,11.1,3.1,78.29096218957098,6.9378847768762135,6.149476623216855,3.853786124230446,0.7308001070377308,0.10248862724110248,0.08241905271608242,0.03612523414503613,0,71,4,0.008655566839659293,5.574254043529974e-6,0.3522128261600453
156356,Brescia University,KY,36980,1,5,0,0,0,2,1,1,2,1,0,0,3,3,2,2,1,2,1,1.12762,158.61358413556624,25.5,68002,11,2.8,85.63611855057555,3.752150547170146,4.092690800092229,1.9518986892747558,0.601010101010101,0.1026936026936027,0.04208754208754209,0.03198653198653199,1,418,4,0.009407532719634137,1.947177474508412e-7,0.06936863146200861
156392,Bluegrass Community and Technical College,KY,30460,1,5,1,1,3,2,0,0,1,0,0,0,6,0,2,3,1,2,3,5.2256,355.49112901698203,42,71966,8.9,3,73.7716243110839,10.459851500306184,8.087875076546235,3.06510257195346,0.6629437574790586,0.14808536098923017,0.10171519744714799,0.030115676106900677,1,314,4,0.07026263284363611,0.020532345408721207,0.0019897829081991234
156541,University of the Cumberlands,KY,18340,2,5,0,0,4,0,3,1,2,1,0,0,2,1,3,3,0,3,1,1.49689,86.66314730962365,17.2,46363,22.3,2.7,94.2821449805931,1.2171903079050563,1.768333010441649,0.24183473735545027,0.7537928045080191,0.05909550642970669,0.009680681982372489,0.009247218610027452,0,127,4,0.029184147884931424,0.11618664378846023,0.13050010124369896
156620,Eastern Kentucky University,KY,40080,2,5,1,0,3,0,2,0,2,1,0,0,2,1,2,2,0,2,1,1.25967,125.01910623583389,28.8,60368,13.4,3.1,89.55281938920511,3.080171791024634,2.9563298324164267,0.8383147967324777,0.7915316808558728,0.07360807654637233,0.05447148346266858,0.01205454682438032,0,467,4,0.05684199512588994,0.06365291986919934,1.986062470620693e-5
156648,Elizabethtown Community and Technical College,KY,21060,1,5,1,1,2,2,0,0,1,0,0,0,1,0,2,3,1,2,2,1.27049,143.5672700694439,23.7,67534,10.7,3.5,76.33432770033609,9.636439483978622,6.119686105360924,1.9205188549299879,0.7762028348971851,0.08325014973048513,0.06308644440007985,0.010580954282291874,0,165,4,0.012453978925627348,3.3303240247730688e-6,0.20731889222623912
156745,Georgetown College,KY,30460,1,5,0,0,1,0,2,1,1,1,0,0,6,1,2,0,0,0,0,5.2256,355.49112901698203,42,71966,8.9,3,73.7716243110839,10.459851500306184,8.087875076546235,3.06510257195346,0.7463054187192119,0.08702791461412152,0.07389162561576355,0.005747126436781609,0,314,4,0.07026263284363611,0.020532345408721207,0.0019897829081991234
156851,Henderson Community College,KY,25775,2,5,1,1,1,0,0,0,1,0,0,0,1,0,2,2,1,2,3,0.57122,74.34013414809145,18.5,59053,12.3,1.6,84.5961275865691,7.189874304121004,4.213788032631911,0.36063163054514896,0.7472426470588235,0.11672794117647059,0.0625,0.0055147058823529415,0,232,4,0.012453684614022657,9.062197185937094e-7,0.20731960472710717
156860,Hopkinsville Community College,KY,17300,1,5,1,1,1,0,0,0,1,0,0,0,4,0,2,3,1,3,3,3.34564,155.03156119598017,27.7,68967,9.8,2.9,62.74703793594051,17.581987302877774,10.075202352913044,2.0934709054172,0.5377756921633036,0.24636320976067574,0.12482402627874238,0.018770530267480056,1,110,4,0.010204435776825695,0.0269756316391071,0.3249604827537851
156921,Jefferson Community and Technical College,KY,31140,1,5,1,1,3,2,0,0,1,0,0,0,13,0,1,3,1,2,3,13.72558,346.53444055968015,32.9,73863,8.9,3,72.3504580498602,13.323662825177514,7.006771298553503,2.1964827715841517,0.491273432449903,0.2594268476621418,0.1436112906701142,0.04158586511527688,2,325,2,0.08462995435660976,0.4532637560786125,8.616063700716227e-11
157076,Kentucky Wesleyan College,KY,36980,1,5,0,0,0,2,1,1,1,1,0,0,3,2,3,2,0,1,0,1.12762,158.61358413556624,25.5,68002,11,2.8,85.63611855057555,3.752150547170146,4.092690800092229,1.9518986892747558,0.59613196814562,0.14675767918088736,0.034129692832764506,0.020477815699658702,1,418,4,0.009407532719634137,1.947177474508412e-7,0.06936863146200861
157085,University of Kentucky,KY,30460,1,5,1,0,4,2,3,0,2,1,3,0,6,1,1,1,1,0,0,5.2256,355.49112901698203,42,71966,8.9,3,73.7716243110839,10.459851500306184,8.087875076546235,3.06510257195346,0.7596045551245151,0.06803487256496893,0.06419722187460894,0.03674967671964293,0,314,4,0.07026263284363611,0.020532345408721207,0.0019897829081991234
157289,University of Louisville,KY,31140,1,5,1,0,4,2,3,0,1,1,3,0,13,1,2,2,1,1,1,13.72558,346.53444055968015,32.9,73863,8.9,3,72.3504580498602,13.323662825177514,7.006771298553503,2.1964827715841517,0.6236303299730762,0.16116711539665643,0.08233673533279068,0.052845782981654245,1,325,2,0.08462995435660976,0.4532637560786125,8.616063700716227e-11
157304,Madisonville Community College,KY,31580,2,5,1,1,1,0,0,0,2,0,0,0,1,0,2,3,1,3,3,0.45119,83.21666211905779,16.9,56815,13.4,3.3,86.92568540969437,5.751457257474677,2.7682351115937855,0.585119351049447,0.8361897170187326,0.0693503387803906,0.04424073335990435,0.005978477481068154,0,333,4,0.012459932299183069,1.7235509956491297e-5,0.2073067346493316
157401,Murray State University,KY,34660,2,5,1,0,3,0,3,0,2,1,1,0,1,1,2,2,1,1,1,0.38224,99.3186018699397,31.2,52706,10.6,2.6,86.86688991209711,3.971326915027208,3.67831728756802,1.844390958560067,0.7725571725571726,0.06223146223146223,0.031046431046431046,0.008038808038808038,0,384,4,0.050088422822768326,0.19703705149548872,0.17532715770414561
157438,Gateway Community and Technical College,KY,17140,1,5,1,1,2,1,0,0,1,0,0,0,23,0,2,3,0,2,3,22.70706,517.8129395283128,37.1,81120,7.9,2.9,75.83491654137524,11.401255820876855,4.578708119853473,2.941552098774566,0.7652519893899205,0.10795755968169761,0.05994694960212202,0.010875331564986738,0,109,4,2.8660648106650414e-4,1.1669078719558012e-14,1.5341241899466e-7
157447,Northern Kentucky University,KY,17140,1,5,1,0,3,1,3,0,2,1,1,0,23,2,1,2,1,1,2,22.70706,517.8129395283128,37.1,81120,7.9,2.9,75.83491654137524,11.401255820876855,4.578708119853473,2.941552098774566,0.7627100032941693,0.0781816185351927,0.04765564950038432,0.017788514329636542,0,109,4,2.8660648106650414e-4,1.1669078719558012e-14,1.5341241899466e-7
157483,West Kentucky Community and Technical College,KY,37140,1,5,1,1,2,2,0,0,1,0,0,0,1,0,2,2,1,3,3,1.02748,83.1661624935182,24.7,64160,10.8,1.9,84.10188032857087,7.62058628878421,3.123175146961498,0.6296959551524117,0.7783830275229358,0.09575688073394495,0.0676605504587156,0.008027522935779817,0,423,4,0.012454409539074285,6.874740622113573e-6,0.20731785180351217
157535,University of Pikeville,KY,38210,2,5,0,0,1,0,3,1,2,1,0,0,4,0,2,1,0,0,1,0.91951,77.95613551469012,16.9,43214,19.7,2.7,94.46553055431697,0.5959695925003535,1.132124718600124,0.49809137475394505,0.8119935170178282,0.0640194489465154,0.02674230145867099,0.008914100486223663,0,435,4,0.021558216078499736,6.640329942563193e-7,0.0431407176702392
157553,Big Sandy Community and Technical College,KY,38210,2,5,1,1,1,0,0,0,1,0,0,0,4,0,2,3,1,2,2,0.91951,77.95613551469012,16.9,43214,19.7,2.7,94.46553055431697,0.5959695925003535,1.132124718600124,0.49809137475394505,0.9446366782006921,0.007909045971329708,0.01730103806228374,0.003954522985664854,0,435,4,0.021558216078499736,6.640329942563193e-7,0.0431407176702392
157711,Somerset Community College,KY,43700,2,5,1,1,2,0,0,0,1,0,0,0,1,0,2,3,1,2,2,0.65897,100.13227545443553,18.1,51898,15.6,2.6,92.26823679378424,0.8331183513665266,3.0957403220176944,0.8118730746467974,0.9134865134865134,0.013186813186813187,0.034165834165834165,0.005194805194805195,0,527,4,0.012453978925627348,3.3303240247730688e-6,0.20731889222623912
157757,Spalding University,KY,31140,1,5,0,0,1,2,3,1,6,1,0,0,13,1,2,2,0,1,1,13.72558,346.53444055968015,32.9,73863,8.9,3,72.3504580498602,13.323662825177514,7.006771298553503,2.1964827715841517,0.6100443131462334,0.2658788774002954,0.06499261447562776,0.007385524372230428,1,325,2,0.08462995435660976,0.4532637560786125,8.616063700716227e-11
157951,Western Kentucky University,KY,14540,1,5,1,0,3,2,2,0,2,1,1,0,2,1,2,2,0,1,1,1.86959,115.80919059916532,27.3,63328,11.1,3.1,78.29096218957098,6.9378847768762135,6.149476623216855,3.853786124230446,0.7458370502527505,0.09210526315789473,0.061626523936961046,0.031147784716027357,0,71,4,0.008655566839659293,5.574254043529974e-6,0.3522128261600453
158477,Centenary College of Louisiana,LA,43340,1,5,0,0,0,2,1,1,4,1,0,0,6,2,2,0,0,0,0,3.86819,149.02850319840496,26.1,55925,15,4.3,49.82666311634124,39.25479358563049,5.2841251334603525,1.2853556831489663,0.55625,0.2296875,0.1046875,0.0265625,1,521,2,0.22586068697223893,0.45344405403340027,1.217448864636047e-7
158662,Delgado Community College,LA,35380,1,5,1,1,3,2,0,0,2,0,0,0,13,0,3,3,1,3,3,9.81662,416.21392081329884,33.4,62655,13.7,4.2,41.46722599020845,37.43915930330399,13.08434063863122,3.1372305335237582,0.29595552999808317,0.5092326368922113,0.11226119736758035,0.020382084211871446,2,393,4,0.07643155616256932,0.08472801493706762,6.612178212848682e-8
158884,Nunez Community College,LA,35380,1,5,1,1,1,1,0,0,2,0,0,0,13,0,2,2,1,2,2,9.81662,416.21392081329884,33.4,62655,13.7,4.2,41.46722599020845,37.43915930330399,13.08434063863122,3.1372305335237582,0.30641925777331996,0.5646940822467402,0.06519558676028084,0.014042126379137413,2,393,4,0.07643155616256932,0.08472801493706762,6.612178212848682e-8
159009,Grambling State University,LA,40820,2,5,1,0,2,0,1,0,4,1,0,1,2,2,3,3,0,1,1,0.48174,102.14226584408983,36.2,39172,20.7,1.9,52.73383983061402,36.880890106696555,3.6907875617553034,1.2911529040561298,0.004990236493816446,0.9069212410501193,0.01540464308960729,8.678672163159037e-4,3,483,4,0.023295151500017725,0.12718119090160004,0.21641498227864162
159197,ITI Technical College,LA,12940,1,5,2,1,0,1,0,0,3,0,0,0,10,0,3,0,1,3,0,8.75313,200.40086903199287,30.4,69599,11.8,4,53.29053721354533,33.876110602721546,6.557539988552666,2.0325300778121655,0.46867167919799496,0.45614035087719296,0.03508771929824561,0.013784461152882205,2,48,2,0.15090417667225686,0.3901330712583721,8.654327581656301e-17
159391,Louisiana State University and Agricultural & Mechanical College,LA,12940,1,5,1,0,4,2,3,0,1,1,3,0,10,2,1,1,1,0,1,8.75313,200.40086903199287,30.4,69599,11.8,4,53.29053721354533,33.876110602721546,6.557539988552666,2.0325300778121655,0.600096587250483,0.18779781068898904,0.1034771410173857,0.047102382485511914,1,48,2,0.15090417667225686,0.3901330712583721,8.654327581656301e-17
159407,Louisiana State University-Eunice,LA,29180,1,5,1,1,1,0,0,0,2,1,0,0,6,0,2,3,1,2,2,4.13428,145.89821456447223,27.6,60892,13.8,3.3,65.86733361068916,22.738663080391266,5.570498369728224,1.5475487872132512,0.6168674698795181,0.2849397590361446,0.01716867469879518,0.00963855421686747,1,291,3,0.004663226348467724,0.002335740922772353,0.4695449963658139
159647,Louisiana Tech University,LA,40820,2,5,1,0,3,0,2,0,2,1,2,0,2,1,1,1,0,0,1,0.48174,102.14226584408983,36.2,39172,20.7,1.9,52.73383983061402,36.880890106696555,3.6907875617553034,1.2911529040561298,0.7133818789542796,0.1145994986271935,0.04727229318371732,0.017906171660498984,0,483,4,0.023295151500017725,0.12718119090160004,0.21641498227864162
159656,Loyola University New Orleans,LA,35380,1,5,0,0,1,2,3,1,1,1,0,0,13,1,2,1,1,0,1,9.81662,416.21392081329884,33.4,62655,13.7,4.2,41.46722599020845,37.43915930330399,13.08434063863122,3.1372305335237582,0.4505697566984909,0.20357252848783491,0.21250384970742223,0.028333846627656298,2,393,4,0.07643155616256932,0.08472801493706762,6.612178212848682e-8
159939,University of New Orleans,LA,35380,1,5,1,0,2,2,3,0,1,1,2,0,13,2,2,1,1,1,1,9.81662,416.21392081329884,33.4,62655,13.7,4.2,41.46722599020845,37.43915930330399,13.08434063863122,3.1372305335237582,0.4120734908136483,0.23319200484554814,0.1518271754492227,0.08600847970926712,2,393,4,0.07643155616256932,0.08472801493706762,6.612178212848682e-8
159966,Nicholls State University,LA,26380,1,5,1,0,2,2,1,0,2,1,0,0,2,1,2,2,1,1,1,2.02438,88.10534671282655,19.9,64038,12.2,2.6,68.70943202363192,15.669488929943984,6.606467165255535,0.8540886592438179,0.6394387853161637,0.191043628675764,0.0613107822410148,0.016336728810301748,1,240,4,0.03167964173214791,0.11420019742385137,0.12723441981325992
159993,University of Louisiana at Monroe,LA,33740,1,5,1,0,2,2,3,0,2,1,1,0,3,1,2,2,0,1,2,2.23674,78.81880029821708,24.6,51660,19.3,3.9,56.14823358995681,37.00743045682556,3.5623273156468787,0.8418501926911487,0.5709291628334867,0.25041398344066235,0.03311867525298988,0.013247470101195952,1,369,4,0.01640583285471842,0.09681175748672909,0.26385383835692167
160074,Franciscan Missionaries of Our Lady University,LA,12940,1,5,0,0,1,2,3,1,6,0,0,0,10,1,2,1,0,2,2,8.75313,200.40086903199287,30.4,69599,11.8,4,53.29053721354533,33.876110602721546,6.557539988552666,2.0325300778121655,0.6426364572605562,0.23789907312049433,0.0607621009268795,0.030895983522142123,1,48,2,0.15090417667225686,0.3901330712583721,8.654327581656301e-17
160579,SOWELA Technical Community College,LA,29340,1,5,1,1,1,2,0,0,3,0,0,0,2,0,2,2,1,2,2,2.44027,81.33571767339419,23.4,66700,12.4,3.2,66.76761178066361,21.750871829756544,4.890032660320374,1.2678924873067325,0.6199047114875595,0.24801482265749072,0.05240868184224457,0.008470089994706194,1,295,4,0.012776563650243673,0.002618159064513825,0.20654165000301947
160621,Southern University and A & M College,LA,12940,1,5,1,0,2,2,3,0,1,1,2,1,10,3,3,1,1,1,1,8.75313,200.40086903199287,30.4,69599,11.8,4,53.29053721354533,33.876110602721546,6.557539988552666,2.0325300778121655,0.007526881720430108,0.9477726574500768,0.00783410138248848,0.0026113671274961598,3,48,2,0.15090417667225686,0.3901330712583721,8.654327581656301e-17
160630,Southern University at New Orleans,LA,35380,1,5,1,0,1,2,2,0,2,1,0,1,13,1,2,3,1,2,2,9.81662,416.21392081329884,33.4,62655,13.7,4.2,41.46722599020845,37.43915930330399,13.08434063863122,3.1372305335237582,0.019388516032811335,0.9209545115585384,0.024608501118568233,7.457121551081282e-4,3,393,4,0.07643155616256932,0.08472801493706762,6.612178212848682e-8
160649,Southern University at Shreveport,LA,43340,1,5,1,1,1,2,0,0,2,1,0,1,6,0,3,3,0,3,2,3.86819,149.02850319840496,26.1,55925,15,4.3,49.82666311634124,39.25479358563049,5.2841251334603525,1.2853556831489663,0.06997824510514866,0.8970268310369833,0.006889050036258158,0.006163886874546773,3,521,2,0.22586068697223893,0.45344405403340027,1.217448864636047e-7
160658,University of Louisiana at Lafayette,LA,29180,1,5,1,0,3,2,2,0,1,1,3,0,6,1,2,1,0,1,1,4.13428,145.89821456447223,27.6,60892,13.8,3.3,65.86733361068916,22.738663080391266,5.570498369728224,1.5475487872132512,0.5763535575973878,0.2729136608702255,0.053155137064317716,0.02262890120738097,1,291,3,0.004663226348467724,0.002335740922772353,0.4695449963658139
160667,Northshore Technical Community College,LA,43640,1,5,1,1,2,0,0,0,2,0,0,0,2,0,1,1,1,1,3,2.72421,322.2899542467965,37.7,81202,8.8,3,72.3930974484346,12.021833852749971,8.225136828658583,1.3372684191013176,0.525499655410062,0.37801516195727086,0.053756030323914544,0.003790489317711923,1,525,4,0.01289316717536397,0.003590297116069646,0.20625919300843543
160755,Tulane University of Louisiana,LA,35380,1,5,0,0,3,2,3,0,1,1,3,0,13,3,1,1,1,0,1,9.81662,416.21392081329884,33.4,62655,13.7,4.2,41.46722599020845,37.43915930330399,13.08434063863122,3.1372305335237582,0.6467094897588171,0.07308205066052599,0.10616894921827658,0.055629620652042175,1,393,4,0.07643155616256932,0.08472801493706762,6.612178212848682e-8
160977,Bates College,ME,30340,1,1,0,0,1,2,1,0,4,1,0,0,3,3,1,0,0,0,0,1.13423,242.3806360184606,23.4,67873,8.7,2.8,87.15604418856846,5.536795887959232,2.1997302134487713,1.1690750553238762,0.6264873254009312,0.04397309881013968,0.08639420589756855,0.06466632177961718,1,313,4,0.019529985206507155,1.5513263599087507e-7,1.497079660570094e-6
161004,Bowdoin College,ME,38860,1,1,0,0,1,0,1,0,4,1,1,0,9,3,1,0,0,0,0,5.62843,270.4192773834068,45.9,92175,4.4,2.2,87.74684947667467,2.3281803273737083,2.5122458660763303,1.6604985759794473,0.5333665338645418,0.053286852589641436,0.1344621513944223,0.10806772908366534,1,447,4,0.0014399585847687908,2.7237417576172976e-13,6.612128616055672e-10
161077,Central Maine Community College,ME,30340,1,1,1,1,1,2,0,0,2,1,0,0,3,0,2,2,0,1,3,1.13423,242.3806360184606,23.4,67873,8.7,2.8,87.15604418856846,5.536795887959232,2.1997302134487713,1.1690750553238762,0.7511606313834726,0.09873104302073661,0.03775920767564222,0.007428040854224698,0,313,4,0.019529985206507155,1.5513263599087507e-7,1.497079660570094e-6
161138,Eastern Maine Community College,ME,12620,1,1,1,1,1,2,0,0,2,1,0,0,4,0,2,2,0,2,2,1.5471,45.540631854316736,30.1,66356,8.5,2.2,91.1382586775257,1.1014155516773318,2.0832525370047184,1.0606942020554586,0.8428300094966762,0.015194681861348529,0.03751187084520418,0.012345679012345678,0,43,4,0.0031548051067293134,4.6044933562837446e-7,0.3955533331597227
161217,University of Maine at Augusta,ME,12300,2,1,1,0,1,0,1,0,2,1,0,0,3,0,2,3,0,3,3,1.26808,146.1812774295295,31.9,69077,6.8,2.4,91.79152734843228,0.851681281938048,2.256166803356255,0.8903223771370891,0.799410029498525,0.03746312684365782,0.04837758112094395,0.00855457227138643,0,39,4,0.02276607805943257,0.0024089116435668393,0.04221260807024571
161253,University of Maine,ME,12620,1,1,1,0,3,1,2,0,1,1,3,0,4,1,1,2,0,1,1,1.5471,45.540631854316736,30.1,66356,8.5,2.2,91.1382586775257,1.1014155516773318,2.0832525370047184,1.0606942020554586,0.8263032907384372,0.018771909985299106,0.04726902634852426,0.017301820649100984,0,43,4,0.0031548051067293134,4.6044933562837446e-7,0.3955533331597227
161457,University of New England,ME,38860,1,1,0,0,2,1,3,0,2,1,2,0,9,1,1,3,0,2,2,5.62843,270.4192773834068,45.9,92175,4.4,2.2,87.74684947667467,2.3281803273737083,2.5122458660763303,1.6604985759794473,0.8462222222222222,0.017333333333333333,0.04088888888888889,0.028444444444444446,0,447,4,0.0014399585847687908,2.7237417576172976e-13,6.612128616055672e-10
161509,Maine College of Art & Design,ME,38860,1,1,0,0,0,2,1,0,4,1,0,0,9,1,1,0,0,0,0,5.62843,270.4192773834068,45.9,92175,4.4,2.2,87.74684947667467,2.3281803273737083,2.5122458660763303,1.6604985759794473,0.7382075471698113,0.01650943396226415,0.06132075471698113,0.025943396226415096,0,447,4,0.0014399585847687908,2.7237417576172976e-13,6.612128616055672e-10
161545,Southern Maine Community College,ME,38860,1,1,1,1,2,2,0,0,2,1,0,0,9,0,2,2,1,2,2,5.62843,270.4192773834068,45.9,92175,4.4,2.2,87.74684947667467,2.3281803273737083,2.5122458660763303,1.6604985759794473,0.7457308475638414,0.11295629014569951,0.04856650477831741,0.02177659407801974,0,447,4,0.0014399585847687908,2.7237417576172976e-13,6.612128616055672e-10
161554,University of Southern Maine,ME,38860,1,1,1,0,2,2,3,0,2,1,1,0,9,1,1,2,1,1,2,5.62843,270.4192773834068,45.9,92175,4.4,2.2,87.74684947667467,2.3281803273737083,2.5122458660763303,1.6604985759794473,0.7585496497733828,0.08178821590440874,0.045529460238978164,0.02533992583436341,0,447,4,0.0014399585847687908,2.7237417576172976e-13,6.612128616055672e-10
161563,Thomas College,ME,12300,2,1,0,0,1,0,2,0,2,1,0,0,3,1,1,1,0,0,2,1.26808,146.1812774295295,31.9,69077,6.8,2.4,91.79152734843228,0.851681281938048,2.256166803356255,0.8903223771370891,0.7724039829302988,0.05405405405405406,0.02418207681365576,0.007112375533428165,0,39,4,0.02276607805943257,0.0024089116435668393,0.04221260807024571
161688,Allegany College of Maryland,MD,19060,2,2,1,1,1,0,0,0,2,1,0,0,3,0,2,3,0,3,3,0.94306,125.72783654178959,21.9,62091,11.3,2.8,87.70597841070557,5.248870697516595,1.7602273450257673,0.7814985260746931,0.6837129351095832,0.1757627847013322,0.047271164589600345,0.011602922217447357,0,137,4,7.504361967698737e-4,2.65235372323956e-9,0.36596427846849333
161767,Anne Arundel Community College,MD,12580,1,2,1,1,3,1,0,0,2,0,0,0,26,0,1,3,1,2,3,28.49436,1095.3176922801579,44,99470,6.7,3,52.18194056648403,28.448050772152804,8.140804004722337,5.931103558739344,0.46889058653764537,0.2144130379424497,0.11764705882352941,0.04634581105169341,2,42,4,0.001431104925068159,3.6311551846083747e-9,6.417649568757216e-17
161864,Baltimore City Community College,MD,12580,1,2,1,1,1,2,0,0,2,0,0,0,26,0,2,2,0,3,3,28.49436,1095.3176922801579,44,99470,6.7,3,52.18194056648403,28.448050772152804,8.140804004722337,5.931103558739344,0.07708077080770807,0.6742517425174251,0.04038540385403854,0.006765067650676507,3,42,4,0.001431104925068159,3.6311551846083747e-9,6.417649568757216e-17
161873,University of Baltimore,MD,12580,1,2,1,0,1,2,3,0,2,0,1,0,26,1,2,2,1,3,2,28.49436,1095.3176922801579,44,99470,6.7,3,52.18194056648403,28.448050772152804,8.140804004722337,5.931103558739344,0.2606019151846785,0.4945280437756498,0.08344733242134063,0.041723666210670314,3,42,4,0.001431104925068159,3.6311551846083747e-9,6.417649568757216e-17
162061,Capitol Technology University,MD,47900,1,2,0,0,1,1,3,0,2,1,0,0,42,2,2,1,1,2,1,63.18377,1047.1802189984844,54.4,126684,5.6,3.3,41.06570405659555,24.18943978809748,18.036973735502013,10.792739971040032,0.3125,0.353125,0.06875,0.078125,2,590,1,0.9472972929019546,0.0526294215034272,2.414900657154856e-26
162104,Cecil College,MD,37980,1,2,1,1,1,0,0,0,2,0,0,0,65,0,1,2,1,2,3,62.72014,1362.526683049549,42.2,91289,8.2,3.9,58.452962636881864,19.472628728188425,10.764708114490816,6.472657745980796,0.7142857142857143,0.11688311688311688,0.089728453364817,0.012987012987012988,0,432,4,2.6951417364527627e-4,9.237153694531293e-16,1.990244638474015e-45
162122,College of Southern Maryland,MD,47900,1,2,1,1,2,0,0,0,1,0,0,0,42,0,1,2,0,2,2,63.18377,1047.1802189984844,54.4,126684,5.6,3.3,41.06570405659555,24.18943978809748,18.036973735502013,10.792739971040032,0.44745303773904216,0.29785073616517177,0.08918598747673041,0.03655440852936199,2,590,1,0.9472972929019546,0.0526294215034272,2.414900657154856e-26
162168,Chesapeake College,MD,12580,1,2,1,1,1,0,0,0,2,0,0,0,26,0,1,3,1,1,3,28.49436,1095.3176922801579,44,99470,6.7,3,52.18194056648403,28.448050772152804,8.140804004722337,5.931103558739344,0.6560350218886805,0.1357098186366479,0.09505941213258287,0.016885553470919325,1,42,4,0.001431104925068159,3.6311551846083747e-9,6.417649568757216e-17
162210,Washington Adventist University,MD,47900,1,2,0,0,0,1,1,1,2,1,0,0,42,2,2,1,1,2,1,63.18377,1047.1802189984844,54.4,126684,5.6,3.3,41.06570405659555,24.18943978809748,18.036973735502013,10.792739971040032,0.044326241134751775,0.4397163120567376,0.2322695035460993,0.024822695035460994,3,590,1,0.9472972929019546,0.0526294215034272,2.414900657154856e-26
162283,Coppin State University,MD,12580,1,2,1,0,1,2,1,0,2,1,0,1,26,2,3,1,1,2,1,28.49436,1095.3176922801579,44,99470,6.7,3,52.18194056648403,28.448050772152804,8.140804004722337,5.931103558739344,0.013520540821632865,0.828393135725429,0.044201768070722826,0.0062402496099844,3,42,4,0.001431104925068159,3.6311551846083747e-9,6.417649568757216e-17
162584,Frostburg State University,MD,19060,2,2,1,0,1,0,2,0,1,1,0,0,3,1,2,2,0,1,1,0.94306,125.72783654178959,21.9,62091,11.3,2.8,87.70597841070557,5.248870697516595,1.7602273450257673,0.7814985260746931,0.5878182404125041,0.24492426683854335,0.07089912987431518,0.012568482114083145,1,137,4,7.504361967698737e-4,2.65235372323956e-9,0.36596427846849333
162690,Hagerstown Community College,MD,25180,1,2,1,1,2,1,0,0,2,0,0,0,3,0,1,2,1,1,3,3.02649,300.24545626324505,24.2,78802,8.3,2.7,77.15934960961378,8.946998007592954,6.906019844770675,1.2830044044421096,0.5947052401746725,0.1471069868995633,0.1195414847161572,0.028657205240174673,1,224,4,0.001772652468468234,3.585857208875788e-8,0.3283092364048092
162706,Harford Community College,MD,12580,1,2,1,1,2,0,0,0,2,0,0,0,26,0,1,3,1,2,3,28.49436,1095.3176922801579,44,99470,6.7,3,52.18194056648403,28.448050772152804,8.140804004722337,5.931103558739344,0.5938624338624339,0.20761904761904762,0.08042328042328042,0.039153439153439155,1,42,4,0.001431104925068159,3.6311551846083747e-9,6.417649568757216e-17
163028,Lincoln College of Technology-Columbia,MD,12580,1,2,2,1,1,2,0,0,3,0,0,0,26,0,3,0,1,3,1,28.49436,1095.3176922801579,44,99470,6.7,3,52.18194056648403,28.448050772152804,8.140804004722337,5.931103558739344,0.16417910447761194,0.48220436280137774,0.2468427095292767,0.029276693455797934,3,42,4,0.001431104925068159,3.6311551846083747e-9,6.417649568757216e-17
163046,Loyola University Maryland,MD,12580,1,2,0,0,1,2,2,1,1,1,0,0,26,1,1,1,1,0,0,28.49436,1095.3176922801579,44,99470,6.7,3,52.18194056648403,28.448050772152804,8.140804004722337,5.931103558739344,0.6262376237623762,0.11361386138613862,0.13712871287128714,0.04108910891089109,1,42,4,0.001431104925068159,3.6311551846083747e-9,6.417649568757216e-17
163204,University of Maryland Global Campus,MD,47900,1,2,1,0,4,1,3,0,1,0,0,0,42,0,1,3,1,3,3,63.18377,1047.1802189984844,54.4,126684,5.6,3.3,41.06570405659555,24.18943978809748,18.036973735502013,10.792739971040032,0.31489583751455064,0.2616170941543237,0.18068210706592275,0.04992038962255315,2,590,1,0.9472972929019546,0.0526294215034272,2.414900657154856e-26
163268,University of Maryland-Baltimore County,MD,12580,1,2,1,0,3,1,3,0,1,1,3,0,26,2,2,1,1,1,1,28.49436,1095.3176922801579,44,99470,6.7,3,52.18194056648403,28.448050772152804,8.140804004722337,5.931103558739344,0.30653890515482213,0.23733475290568717,0.09475645461804631,0.23440688492591608,2,42,4,0.001431104925068159,3.6311551846083747e-9,6.417649568757216e-17
163286,University of Maryland-College Park,MD,47900,1,2,1,0,4,1,3,0,1,1,3,0,42,2,1,1,0,0,0,63.18377,1047.1802189984844,54.4,126684,5.6,3.3,41.06570405659555,24.18943978809748,18.036973735502013,10.792739971040032,0.39623055007670394,0.13146113146113145,0.10885695501080117,0.23740646817569894,2,590,1,0.9472972929019546,0.0526294215034272,2.414900657154856e-26
163295,Maryland Institute College of Art,MD,12580,1,2,0,0,1,2,2,0,4,1,0,0,26,1,1,0,0,1,0,28.49436,1095.3176922801579,44,99470,6.7,3,52.18194056648403,28.448050772152804,8.140804004722337,5.931103558739344,0.3166431593794076,0.11212976022566996,0.10930888575458392,0.09943582510578279,2,42,4,0.001431104925068159,3.6311551846083747e-9,6.417649568757216e-17
163338,University of Maryland Eastern Shore,MD,41540,1,2,1,0,1,0,3,0,2,1,1,1,3,1,3,1,1,1,1,1.29736,186.89212713581395,27.4,73802,9.1,3.8,56.5818277116606,28.76610963803416,6.634241844977493,2.110439662082999,0.07765726681127982,0.7626898047722342,0.04511930585683297,0.009978308026030369,3,493,4,0.035630319816209566,0.0011658604253156752,0.021161334087810735
163453,Morgan State University,MD,12580,1,2,1,0,3,2,2,0,1,1,2,1,26,1,3,1,1,1,0,28.49436,1095.3176922801579,44,99470,6.7,3,52.18194056648403,28.448050772152804,8.140804004722337,5.931103558739344,0.007259528130671506,0.7116606170598911,0.05195099818511797,0.003289473684210526,3,42,4,0.001431104925068159,3.6311551846083747e-9,6.417649568757216e-17
163578,Notre Dame of Maryland University,MD,12580,1,2,0,0,1,2,3,1,6,1,0,0,26,1,2,2,1,2,1,28.49436,1095.3176922801579,44,99470,6.7,3,52.18194056648403,28.448050772152804,8.140804004722337,5.931103558739344,0.2845138055222089,0.3217286914765906,0.11044417767106843,0.04921968787515006,2,42,4,0.001431104925068159,3.6311551846083747e-9,6.417649568757216e-17
163657,Prince George's Community College,MD,47900,1,2,1,1,3,1,0,0,1,0,0,0,42,0,2,3,1,2,3,63.18377,1047.1802189984844,54.4,126684,5.6,3.3,41.06570405659555,24.18943978809748,18.036973735502013,10.792739971040032,0.04053930946524551,0.632139928942334,0.19686617472897877,0.030791655279220186,3,590,1,0.9472972929019546,0.0526294215034272,2.414900657154856e-26
163851,Salisbury University,MD,41540,1,2,1,0,2,1,2,0,1,1,1,0,3,1,1,1,0,0,0,1.29736,186.89212713581395,27.4,73802,9.1,3.8,56.5818277116606,28.76610963803416,6.634241844977493,2.110439662082999,0.6849032667300983,0.13907389787503965,0.07532508721852205,0.030764351411354265,0,493,4,0.035630319816209566,0.0011658604253156752,0.021161334087810735
163912,St. Mary's College of Maryland,MD,30500,1,2,1,0,1,0,1,0,4,1,0,0,1,2,1,0,0,0,0,2.09439,366.30992685489025,36.7,126256,4.2,2.1,71.78319224213256,13.377642177435911,5.698556620304719,2.2884945019790965,0.7034777303233679,0.11287370347773032,0.0835875533862111,0.02867602196461257,0,315,4,0.10213445739587852,0.07321538300680777,5.189185472528931e-5
164076,Towson University,MD,12580,1,2,1,0,3,2,2,0,2,1,1,0,26,1,2,1,0,1,1,28.49436,1095.3176922801579,44,99470,6.7,3,52.18194056648403,28.448050772152804,8.140804004722337,5.931103558739344,0.41076534903280065,0.32559573871600783,0.10967199327165686,0.06991869918699187,2,42,4,0.001431104925068159,3.6311551846083747e-9,6.417649568757216e-17
164313,Wor-Wic Community College,MD,41540,1,2,1,1,1,0,0,0,2,0,0,0,3,0,2,2,0,3,3,1.29736,186.89212713581395,27.4,73802,9.1,3.8,56.5818277116606,28.76610963803416,6.634241844977493,2.110439662082999,0.49725174056430926,0.31916452913155,0.07511909124221326,0.01942103334554782,1,493,4,0.035630319816209566,0.0011658604253156752,0.021161334087810735
164447,American International College,MA,44140,1,1,0,0,1,2,3,0,2,1,0,0,9,1,2,1,1,1,1,4.62815,750.0993452628339,29.3,71306,12,3.6,59.30296122640796,7.61168069314953,27.04925294124002,2.5020796646608257,0.32763045337895635,0.26518391787852863,0.23781009409751924,0.011120615911035072,2,533,4,0.027784314492346238,0.011448509284433393,1.6845777828342493e-4
164465,Amherst College,MA,11200,1,1,0,0,1,2,1,0,4,1,1,0,5,3,1,0,0,0,0,1.62028,307.3161346320436,51.6,87001,5.8,3.1,80.33858345471153,2.480435480287358,7.383908954007949,5.275014195077394,0.3600198906016907,0.11287916459472899,0.1531576330183988,0.15464942814520138,2,20,4,0.2151310792304045,0.006980434954282258,1.2265542364792731e-18
164492,Anna Maria College,MA,49340,1,1,0,0,1,0,2,1,2,1,0,0,10,2,2,2,1,1,1,8.67788,574.4363079022299,39.7,95939,6.9,3.5,70.29792990914831,4.753926074110266,13.709339147349354,5.315699226078259,0.4860710854947166,0.13256484149855907,0.1344860710854947,0.013448607108549471,2,614,4,0.007717768352995469,7.009479334651213e-4,7.190506853210783e-7
164580,Babson College,MA,14460,1,1,0,0,1,1,2,0,5,1,0,0,57,3,1,1,0,0,0,49.53354,1420.8683029995955,51.9,115863,5.8,3.4,65.49976036439148,6.80936593669663,12.399255130967825,8.73012508292361,0.30348090571138897,0.04629942548158161,0.16323082122338628,0.12943562014193985,2,69,1,0.842611452213971,5.2969969450076396e-5,3.4812296071243284e-25
164632,Bay Path University,MA,44140,1,1,0,0,1,1,3,0,2,1,0,0,9,1,3,3,1,3,2,4.62815,750.0993452628339,29.3,71306,12,3.6,59.30296122640796,7.61168069314953,27.04925294124002,2.5020796646608257,0.45961820851688695,0.12922173274596183,0.26064610866372984,0.022026431718061675,2,533,4,0.027784314492346238,0.011448509284433393,1.6845777828342493e-4
164739,Bentley University,MA,14460,1,1,0,0,2,2,2,0,5,1,0,0,57,2,1,0,1,0,0,49.53354,1420.8683029995955,51.9,115863,5.8,3.4,65.49976036439148,6.80936593669663,12.399255130967825,8.73012508292361,0.5474089160443539,0.039149128762163386,0.12604661688164742,0.10183299389002037,1,69,1,0.842611452213971,5.2969969450076396e-5,3.4812296071243284e-25
164775,Berkshire Community College,MA,38340,1,1,1,1,1,0,0,0,2,0,0,0,4,0,2,2,1,3,3,1.2943,139.64144646641637,40,76013,6.7,3.2,84.7655103144557,2.5573669164799506,5.864946303020938,1.8990960364675888,0.6648936170212766,0.09640957446808511,0.13497340425531915,0.012632978723404254,1,439,4,0.026558443473022608,7.025557330287727e-4,2.4815646259980293e-7
165015,Brandeis University,MA,14460,1,1,0,0,2,2,3,0,1,1,3,0,57,2,1,0,0,0,0,49.53354,1420.8683029995955,51.9,115863,5.8,3.4,65.49976036439148,6.80936593669663,12.399255130967825,8.73012508292361,0.4216929847268962,0.057209422728449394,0.08206057468288895,0.17577012684442142,2,69,1,0.842611452213971,5.2969969450076396e-5,3.4812296071243284e-25
165024,Bridgewater State University,MA,14460,1,1,1,0,2,1,2,0,1,1,0,0,57,1,2,1,1,1,1,49.53354,1420.8683029995955,51.9,115863,5.8,3.4,65.49976036439148,6.80936593669663,12.399255130967825,8.73012508292361,0.6872071227741331,0.10824742268041238,0.1018041237113402,0.022844423617619493,0,69,1,0.842611452213971,5.2969969450076396e-5,3.4812296071243284e-25
165033,Bristol Community College,MA,39300,1,1,1,1,2,1,0,0,1,0,0,0,16,0,2,3,1,3,3,16.84071,1061.1628132968578,35.3,87040,7.6,3.7,70.53942500048989,4.614710424916764,15.10055098627077,3.1027789208412235,0.5621716287215411,0.13193228254524225,0.1342673671920607,0.01882661996497373,1,453,1,0.8398943780874277,0.0012430818219288362,4.3556336456227904e-26
165112,Bunker Hill Community College,MA,14460,1,1,1,1,2,2,0,0,2,0,0,1,57,0,2,2,1,3,2,49.53354,1420.8683029995955,51.9,115863,5.8,3.4,65.49976036439148,6.80936593669663,12.399255130967825,8.73012508292361,0.1633678919258561,0.23761650434600481,0.29071106922190804,0.07938003979474291,3,69,1,0.842611452213971,5.2969969450076396e-5,3.4812296071243284e-25
165167,Cambridge College,MA,14460,1,1,0,0,1,2,2,0,5,0,0,1,57,0,2,3,1,3,3,49.53354,1420.8683029995955,51.9,115863,5.8,3.4,65.49976036439148,6.80936593669663,12.399255130967825,8.73012508292361,0.31537450722733246,0.31011826544021026,0.27726675427069647,0.03153745072273324,2,69,1,0.842611452213971,5.2969969450076396e-5,3.4812296071243284e-25
165194,Cape Cod Community College,MA,12700,1,1,1,1,1,2,0,0,2,0,0,0,2,0,2,2,1,3,3,2.31668,587.6913694355596,48.2,95241,4.2,2.9,85.1636825111798,2.780271768220039,3.6953744151112797,1.4684807569452838,0.6364541832669323,0.11752988047808766,0.1387782204515272,0.0249003984063745,1,44,4,0.012923481142314732,0.0038540063395298614,0.2061847995866459
165334,Clark University,MA,49340,1,1,0,0,1,2,3,0,1,1,2,0,10,3,1,1,1,0,0,8.67788,574.4363079022299,39.7,95939,6.9,3.5,70.29792990914831,4.753926074110266,13.709339147349354,5.315699226078259,0.6252622744439782,0.059588753671842215,0.11833822912295426,0.0692404532102392,1,614,4,0.007717768352995469,7.009479334651213e-4,7.190506853210783e-7
165574,Dean College,MA,14460,1,1,0,0,1,1,1,0,2,1,0,0,57,2,2,1,1,0,0,49.53354,1420.8683029995955,51.9,115863,5.8,3.4,65.49976036439148,6.80936593669663,12.399255130967825,8.73012508292361,0.6290189612530915,0.12118713932399011,0.11541632316570487,0.01483924154987634,1,69,1,0.842611452213971,5.2969969450076396e-5,3.4812296071243284e-25
165662,Emerson College,MA,14460,1,1,0,0,2,2,2,0,4,1,0,0,57,2,1,0,0,0,0,49.53354,1420.8683029995955,51.9,115863,5.8,3.4,65.49976036439148,6.80936593669663,12.399255130967825,8.73012508292361,0.5502471169686985,0.0506001412096964,0.10990821369734055,0.05718992704165686,1,69,1,0.842611452213971,5.2969969450076396e-5,3.4812296071243284e-25
165671,Emmanuel College,MA,14460,1,1,0,0,1,2,1,1,4,1,0,0,57,1,1,1,1,0,0,49.53354,1420.8683029995955,51.9,115863,5.8,3.4,65.49976036439148,6.80936593669663,12.399255130967825,8.73012508292361,0.6710114702815433,0.07038581856100104,0.14129301355578727,0.0443169968717414,1,69,1,0.842611452213971,5.2969969450076396e-5,3.4812296071243284e-25
165820,Fitchburg State University,MA,49340,1,1,1,0,2,1,2,0,2,1,0,0,10,1,2,2,1,2,1,8.67788,574.4363079022299,39.7,95939,6.9,3.5,70.29792990914831,4.753926074110266,13.709339147349354,5.315699226078259,0.6109345200254291,0.135092180546726,0.16306420851875397,0.030197075651621105,1,614,4,0.007717768352995469,7.009479334651213e-4,7.190506853210783e-7
165866,Framingham State University,MA,14460,1,1,1,0,1,2,2,0,1,1,0,0,57,1,2,2,0,1,1,49.53354,1420.8683029995955,51.9,115863,5.8,3.4,65.49976036439148,6.80936593669663,12.399255130967825,8.73012508292361,0.5269978401727862,0.16450683945284378,0.2084233261339093,0.03635709143268539,1,69,1,0.842611452213971,5.2969969450076396e-5,3.4812296071243284e-25
165936,Gordon College,MA,14460,1,1,0,0,1,0,1,1,4,1,0,0,57,2,1,1,0,0,0,49.53354,1420.8683029995955,51.9,115863,5.8,3.4,65.49976036439148,6.80936593669663,12.399255130967825,8.73012508292361,0.6046863189720333,0.0582010582010582,0.11564625850340136,0.031746031746031744,1,69,1,0.842611452213971,5.2969969450076396e-5,3.4812296071243284e-25
165981,Greenfield Community College,MA,24640,2,1,1,1,1,0,0,0,1,0,0,0,1,0,2,3,0,3,3,0.70944,101.46319845067764,40.6,74907,7.1,3.4,87.45912268831755,1.2643775372124493,5.411310329273793,2.024131709517366,0.7031454783748362,0.06290956749672345,0.1343381389252949,0.033420707732634336,0,216,4,0.012454153477776326,3.2493931968388282e-6,0.20731856741643992
166027,Harvard University,MA,14460,1,1,0,0,4,2,3,0,1,1,3,0,57,3,1,2,1,1,1,49.53354,1420.8683029995955,51.9,115863,5.8,3.4,65.49976036439148,6.80936593669663,12.399255130967825,8.73012508292361,0.32896706586826346,0.09231536926147704,0.1188872255489022,0.2218063872255489,2,69,1,0.842611452213971,5.2969969450076396e-5,3.4812296071243284e-25
166124,College of the Holy Cross,MA,49340,1,1,0,0,1,2,1,1,4,1,0,0,10,3,1,0,0,0,0,8.67788,574.4363079022299,39.7,95939,6.9,3.5,70.29792990914831,4.753926074110266,13.709339147349354,5.315699226078259,0.7139817629179331,0.04042553191489362,0.11580547112462006,0.034650455927051675,0,614,4,0.007717768352995469,7.009479334651213e-4,7.190506853210783e-7
166133,Holyoke Community College,MA,44140,1,1,1,1,1,0,0,0,1,0,0,0,9,0,2,3,1,3,3,4.62815,750.0993452628339,29.3,71306,12,3.6,59.30296122640796,7.61168069314953,27.04925294124002,2.5020796646608257,0.5037537537537538,0.07257257257257257,0.3253253253253253,0.028028028028028028,1,533,4,0.027784314492346238,0.011448509284433393,1.6845777828342493e-4
166391,Lasell University,MA,14460,1,1,0,0,1,2,2,0,2,1,0,0,57,1,2,1,0,0,1,49.53354,1420.8683029995955,51.9,115863,5.8,3.4,65.49976036439148,6.80936593669663,12.399255130967825,8.73012508292361,0.6161858974358975,0.10256410256410256,0.13782051282051283,0.027243589743589744,1,69,1,0.842611452213971,5.2969969450076396e-5,3.4812296071243284e-25
166629,University of Massachusetts-Amherst,MA,11200,1,1,1,0,4,2,3,0,1,1,3,0,5,2,1,1,1,0,0,1.62028,307.3161346320436,51.6,87001,5.8,3.1,80.33858345471153,2.480435480287358,7.383908954007949,5.275014195077394,0.5822609384280341,0.04537715303900218,0.08786378934864383,0.13363690358344882,1,20,4,0.2151310792304045,0.006980434954282258,1.2265542364792731e-18
166638,University of Massachusetts-Boston,MA,14460,1,1,1,0,3,2,3,0,1,1,3,0,57,1,2,1,0,1,1,49.53354,1420.8683029995955,51.9,115863,5.8,3.4,65.49976036439148,6.80936593669663,12.399255130967825,8.73012508292361,0.31255872220482306,0.18454431569057314,0.1973849044785468,0.16019417475728157,2,69,1,0.842611452213971,5.2969969450076396e-5,3.4812296071243284e-25
166647,Massachusetts Bay Community College,MA,14460,1,1,1,1,1,1,0,0,2,0,0,0,57,0,1,3,1,3,3,49.53354,1420.8683029995955,51.9,115863,5.8,3.4,65.49976036439148,6.80936593669663,12.399255130967825,8.73012508292361,0.39160357880247765,0.17825189263592567,0.2590043587978894,0.05849965588437715,2,69,1,0.842611452213971,5.2969969450076396e-5,3.4812296071243284e-25
166656,MCPHS University,MA,14460,1,1,0,0,2,2,3,0,6,1,0,0,57,1,2,1,0,1,0,49.53354,1420.8683029995955,51.9,115863,5.8,3.4,65.49976036439148,6.80936593669663,12.399255130967825,8.73012508292361,0.313979086406164,0.12383048981838195,0.1414419372592185,0.20170610897083105,2,69,1,0.842611452213971,5.2969969450076396e-5,3.4812296071243284e-25
166674,Massachusetts College of Art and Design,MA,14460,1,1,1,0,1,2,1,0,4,1,0,0,57,1,2,1,0,1,1,49.53354,1420.8683029995955,51.9,115863,5.8,3.4,65.49976036439148,6.80936593669663,12.399255130967825,8.73012508292361,0.5365344467640919,0.04279749478079332,0.14665970772442588,0.06993736951983298,1,69,1,0.842611452213971,5.2969969450076396e-5,3.4812296071243284e-25
166683,Massachusetts Institute of Technology,MA,14460,1,1,0,0,3,2,3,0,7,1,3,0,57,3,1,0,0,0,0,49.53354,1420.8683029995955,51.9,115863,5.8,3.4,65.49976036439148,6.80936593669663,12.399255130967825,8.73012508292361,0.20524392864818397,0.0851063829787234,0.14420803782505912,0.3365570599613153,3,69,1,0.842611452213971,5.2969969450076396e-5,3.4812296071243284e-25
166823,Massasoit Community College,MA,14460,1,1,1,1,2,1,0,0,2,0,0,0,57,0,1,3,1,3,3,49.53354,1420.8683029995955,51.9,115863,5.8,3.4,65.49976036439148,6.80936593669663,12.399255130967825,8.73012508292361,0.4255104103497069,0.34505761067313523,0.1210834849403679,0.024459268243379826,2,69,1,0.842611452213971,5.2969969450076396e-5,3.4812296071243284e-25
166850,Merrimack College,MA,14460,1,1,0,0,2,1,2,1,2,1,0,0,57,2,1,1,1,0,0,49.53354,1420.8683029995955,51.9,115863,5.8,3.4,65.49976036439148,6.80936593669663,12.399255130967825,8.73012508292361,0.7648998822143699,0.04075382803297998,0.0994110718492344,0.018610129564193167,0,69,1,0.842611452213971,5.2969969450076396e-5,3.4812296071243284e-25
166887,Middlesex Community College,MA,14460,1,1,1,1,2,1,0,0,2,0,0,0,57,0,1,2,1,2,3,49.53354,1420.8683029995955,51.9,115863,5.8,3.4,65.49976036439148,6.80936593669663,12.399255130967825,8.73012508292361,0.4633317144244779,0.10539096648858669,0.22017160433867572,0.1290270357778857,2,69,1,0.842611452213971,5.2969969450076396e-5,3.4812296071243284e-25
166939,Mount Holyoke College,MA,11200,1,1,0,0,1,1,1,0,4,1,1,0,5,3,1,0,0,0,0,1.62028,307.3161346320436,51.6,87001,5.8,3.1,80.33858345471153,2.480435480287358,7.383908954007949,5.275014195077394,0.5074818298418128,0.05344164172723386,0.09277469003847798,0.07139803334758443,1,20,4,0.2151310792304045,0.006980434954282258,1.2265542364792731e-18
166957,Mount Wachusett Community College,MA,49340,1,1,1,1,1,1,0,0,2,0,0,0,10,0,2,2,1,3,3,8.67788,574.4363079022299,39.7,95939,6.9,3.5,70.29792990914831,4.753926074110266,13.709339147349354,5.315699226078259,0.5657380890393127,0.1210622233793283,0.22494142150481644,0.020827909398594115,1,614,4,0.007717768352995469,7.009479334651213e-4,7.190506853210783e-7
167288,Massachusetts College of Liberal Arts,MA,38340,1,1,1,0,0,0,1,0,4,1,0,0,4,1,2,1,1,1,1,1.2943,139.64144646641637,40,76013,6.7,3.2,84.7655103144557,2.5573669164799506,5.864946303020938,1.8990960364675888,0.7051442910915935,0.08281053952321205,0.09410288582183186,0.01631116687578419,0,439,4,0.026558443473022608,7.025557330287727e-4,2.4815646259980293e-7
167376,Northern Essex Community College,MA,14460,1,1,1,1,1,1,0,0,2,0,0,1,57,0,2,2,1,3,3,49.53354,1420.8683029995955,51.9,115863,5.8,3.4,65.49976036439148,6.80936593669663,12.399255130967825,8.73012508292361,0.3746429356185454,0.06020654801142606,0.4856075587782905,0.024390243902439025,2,69,1,0.842611452213971,5.2969969450076396e-5,3.4812296071243284e-25
167394,College of Our Lady of the Elms,MA,44140,1,1,0,0,1,1,2,1,2,1,0,0,9,1,2,2,1,2,1,4.62815,750.0993452628339,29.3,71306,12,3.6,59.30296122640796,7.61168069314953,27.04925294124002,2.5020796646608257,0.4666030534351145,0.13072519083969467,0.25095419847328243,0.02385496183206107,2,533,4,0.027784314492346238,0.011448509284433393,1.6845777828342493e-4
167525,Quincy College,MA,14460,1,1,1,0,1,1,0,0,2,0,0,0,57,0,2,3,1,3,2,49.53354,1420.8683029995955,51.9,115863,5.8,3.4,65.49976036439148,6.80936593669663,12.399255130967825,8.73012508292361,0.420268972142171,0.21229586935638808,0.1042267050912584,0.07588856868395773,2,69,1,0.842611452213971,5.2969969450076396e-5,3.4812296071243284e-25
167534,Quinsigamond Community College,MA,49340,1,1,1,1,2,2,0,0,2,0,0,0,10,0,2,2,1,3,3,8.67788,574.4363079022299,39.7,95939,6.9,3.5,70.29792990914831,4.753926074110266,13.709339147349354,5.315699226078259,0.4263730057885077,0.16433714527742482,0.2431173231681491,0.05110828744882112,2,614,4,0.007717768352995469,7.009479334651213e-4,7.190506853210783e-7
167598,Regis College,MA,14460,1,1,0,0,1,1,3,1,6,1,0,0,57,2,2,2,0,2,1,49.53354,1420.8683029995955,51.9,115863,5.8,3.4,65.49976036439148,6.80936593669663,12.399255130967825,8.73012508292361,0.38256658595641646,0.08151735270379339,0.1791767554479419,0.03954802259887006,2,69,1,0.842611452213971,5.2969969450076396e-5,3.4812296071243284e-25
167835,Smith College,MA,11200,1,1,0,0,1,2,1,0,4,1,1,0,5,3,1,0,0,0,0,1.62028,307.3161346320436,51.6,87001,5.8,3.1,80.33858345471153,2.480435480287358,7.383908954007949,5.275014195077394,0.5172678434382195,0.052187260168841135,0.12279355333844973,0.0997697620874904,1,20,4,0.2151310792304045,0.006980434954282258,1.2265542364792731e-18
167899,Springfield College,MA,44140,1,1,0,0,1,2,3,0,2,1,0,0,9,2,1,0,1,0,0,4.62815,750.0993452628339,29.3,71306,12,3.6,59.30296122640796,7.61168069314953,27.04925294124002,2.5020796646608257,0.7288223140495868,0.059400826446280995,0.09349173553719008,0.03202479338842975,0,533,4,0.027784314492346238,0.011448509284433393,1.6845777828342493e-4
167905,Springfield Technical Community College,MA,44140,1,1,1,1,2,2,0,0,2,0,0,1,9,0,3,3,1,3,3,4.62815,750.0993452628339,29.3,71306,12,3.6,59.30296122640796,7.61168069314953,27.04925294124002,2.5020796646608257,0.3395803625993074,0.15298431452434305,0.36504379710735385,0.033815441026685676,2,533,4,0.027784314492346238,0.011448509284433393,1.6845777828342493e-4
167987,University of Massachusetts-Dartmouth,MA,39300,1,1,1,0,2,1,3,0,1,1,2,0,16,1,2,2,0,1,1,16.84071,1061.1628132968578,35.3,87040,7.6,3.7,70.53942500048989,4.614710424916764,15.10055098627077,3.1027789208412235,0.5618682467758801,0.18351341930986406,0.13419309864064133,0.03154409201812478,1,453,1,0.8398943780874277,0.0012430818219288362,4.3556336456227904e-26
168005,Suffolk University,MA,14460,1,1,0,0,2,2,3,0,2,1,1,0,57,1,2,0,1,0,0,49.53354,1420.8683029995955,51.9,115863,5.8,3.4,65.49976036439148,6.80936593669663,12.399255130967825,8.73012508292361,0.49107522311942203,0.07819804504887377,0.17424564385890354,0.07054823629409265,2,69,1,0.842611452213971,5.2969969450076396e-5,3.4812296071243284e-25
168148,Tufts University,MA,14460,1,1,0,0,3,1,3,0,1,1,3,0,57,3,1,1,0,0,0,49.53354,1420.8683029995955,51.9,115863,5.8,3.4,65.49976036439148,6.80936593669663,12.399255130967825,8.73012508292361,0.42134023583549035,0.06456715559390279,0.10238711532930687,0.16566005176876616,2,69,1,0.842611452213971,5.2969969450076396e-5,3.4812296071243284e-25
168227,Wentworth Institute of Technology,MA,14460,1,1,0,0,1,2,1,0,7,1,0,0,57,1,1,1,1,0,1,49.53354,1420.8683029995955,51.9,115863,5.8,3.4,65.49976036439148,6.80936593669663,12.399255130967825,8.73012508292361,0.5809867629362214,0.08086642599277978,0.13164861612515041,0.09795427196149217,1,69,1,0.842611452213971,5.2969969450076396e-5,3.4812296071243284e-25
168254,Western New England University,MA,44140,1,1,0,0,1,2,3,0,1,1,0,0,9,1,1,1,0,0,0,4.62815,750.0993452628339,29.3,71306,12,3.6,59.30296122640796,7.61168069314953,27.04925294124002,2.5020796646608257,0.7010703363914373,0.05733944954128441,0.1154434250764526,0.03287461773700306,0,533,4,0.027784314492346238,0.011448509284433393,1.6845777828342493e-4
168263,Westfield State University,MA,44140,1,1,1,0,1,1,2,0,1,1,0,0,9,1,2,2,1,1,1,4.62815,750.0993452628339,29.3,71306,12,3.6,59.30296122640796,7.61168069314953,27.04925294124002,2.5020796646608257,0.69045730901401,0.06846418186624373,0.14115781126090404,0.023261961406291304,0,533,4,0.027784314492346238,0.011448509284433393,1.6845777828342493e-4
168281,Wheaton College (Massachusetts),MA,39300,1,1,0,0,1,1,1,0,4,1,0,0,16,2,1,0,0,0,0,16.84071,1061.1628132968578,35.3,87040,7.6,3.7,70.53942500048989,4.614710424916764,15.10055098627077,3.1027789208412235,0.7023675310033822,0.05918827508455468,0.07497181510710259,0.03945885005636979,0,453,1,0.8398943780874277,0.0012430818219288362,4.3556336456227904e-26
168342,Williams College,MA,38340,1,1,0,0,1,0,1,0,4,1,1,0,4,3,1,0,0,0,0,1.2943,139.64144646641637,40,76013,6.7,3.2,84.7655103144557,2.5573669164799506,5.864946303020938,1.8990960364675888,0.4716376944190302,0.05032021957913998,0.13357731015553523,0.1404391582799634,2,439,4,0.026558443473022608,7.025557330287727e-4,2.4815646259980293e-7
168421,Worcester Polytechnic Institute,MA,49340,1,1,0,0,2,2,3,0,7,1,3,0,10,2,1,1,0,0,0,8.67788,574.4363079022299,39.7,95939,6.9,3.5,70.29792990914831,4.753926074110266,13.709339147349354,5.315699226078259,0.6464365256124721,0.02839643652561247,0.08389012620638456,0.12676317743132887,1,614,4,0.007717768352995469,7.009479334651213e-4,7.190506853210783e-7
168430,Worcester State University,MA,49340,1,1,1,0,2,2,2,0,1,1,0,0,10,1,2,1,1,1,2,8.67788,574.4363079022299,39.7,95939,6.9,3.5,70.29792990914831,4.753926074110266,13.709339147349354,5.315699226078259,0.5814349584841388,0.09580583351075155,0.1905471577602725,0.05556738343623589,1,614,4,0.007717768352995469,7.009479334651213e-4,7.190506853210783e-7
168528,Adrian College,MI,10300,2,3,0,0,1,0,1,1,2,1,0,0,2,2,2,1,0,0,0,0.98415,131.28336653122543,22.7,70518,7.3,2.7,84.77671086724584,2.2842046436010772,8.938678047045673,0.3312503175328964,0.6168057210965435,0.06615017878426699,0.066746126340882,0.007151370679380214,1,5,4,0.049779557912122394,0.06070683546974733,0.021720504339318127
168546,Albion College,MI,12980,1,3,0,0,1,0,1,0,4,1,0,0,2,1,2,0,0,0,0,1.33778,189.4178553869173,22.9,63177,9.6,3.8,75.26125371884764,9.594253165692415,5.9157709040350435,2.5863744412384695,0.5384078212290503,0.17248603351955308,0.12639664804469275,0.013966480446927373,1,49,4,0.01954151766426804,2.8160761240075337e-6,1.9099351673245303e-4
168607,Alpena Community College,MI,10980,2,3,1,0,1,0,0,0,2,1,0,0,1,0,1,2,0,1,3,0.2888,50.49843379750902,18.3,53950,12.5,3.3,92.36495844875347,1.007617728531856,1.6516620498614958,0.1835180055401662,0.8693244739756367,0.018826135105204873,0.029900332225913623,0.01107419712070875,0,16,4,0.012453750926868352,2.808418702359256e-7,0.20731952849696658
168740,Andrews University,MI,35660,1,3,0,0,1,0,3,1,1,1,0,0,2,1,1,2,0,1,1,1.53288,269.97080220028266,30.9,65425,10.9,3.7,72.70954021188874,13.05973070299045,6.326000730650801,1.8005323312979489,0.21751615218951903,0.17875089734386218,0.20603015075376885,0.11773151471643933,3,397,4,0.011321022675571587,0.00432600193822484,0.17651886368909966
168847,Baker College,MI,37020,2,3,0,0,1,0,1,0,2,1,0,0,1,1,2,3,1,3,2,0.67991,128.05128734075606,20,67404,8,2.4,92.68138430086334,0.4250562574458384,3.153358532746981,0.40299451397979147,0.7398548777210427,0.1139478634775598,0.05589895189465197,0.019080892233270627,0,419,4,0.029301612348214337,0.11636702976102038,0.13027862276749394
169248,Central Michigan University,MI,34380,2,3,1,0,3,0,3,0,2,1,2,0,2,1,2,2,1,1,1,0.64565,112.73782887079507,31.3,55237,13.9,4,82.98458917370091,2.437853326105475,5.081700611786571,1.6433051963137923,0.7556781609195402,0.09002298850574712,0.054620689655172416,0.01406896551724138,0,380,4,0.05027442807824155,0.19779547037640463,0.1757485950598712
169275,Mott Community College,MI,22420,1,3,1,1,2,2,0,0,1,0,0,0,3,0,2,3,0,3,3,4.03305,633.1873327539428,23.3,62281,11.6,4.7,70.03533306058691,19.106135554977,4.258811569407768,1.0813156296103446,0.39421116999592337,0.15776600081532818,0.24242424242424243,0.004484304932735426,2,186,4,0.05312895073197208,0.15362910712300404,7.309769109231406e-4
169327,Cleary University,MI,19820,1,3,0,0,1,1,2,0,5,1,0,0,24,2,2,2,1,3,1,43.76828,1124.4671569616844,34.8,76664,9.8,4,63.489952084020665,21.192493742043325,5.2573004925027895,5.0591204406478845,0.5066430469441984,0.3020372010628875,0.050487156775907885,0.012400354295837024,1,149,5,1.1949274011385209e-5,8.123617870406212e-9,2.5192607683777794e-16
169442,College for Creative Studies,MI,19820,1,3,0,0,1,2,1,0,4,1,0,0,24,1,2,1,0,1,1,43.76828,1124.4671569616844,34.8,76664,9.8,4,63.489952084020665,21.192493742043325,5.2573004925027895,5.0591204406478845,0.5300751879699248,0.11879699248120301,0.05112781954887218,0.05037593984962406,1,149,5,1.1949274011385209e-5,8.123617870406212e-9,2.5192607683777794e-16
169521,Delta College,MI,13020,1,3,1,1,2,0,0,0,2,0,0,0,1,0,2,3,1,3,3,1.03008,232.83414078744337,22.1,61763,9.5,2.6,88.18538365952159,1.0358418763591177,5.938373718546132,0.5096691519105312,0.7031609543417706,0.129950345161681,0.09046869322998667,0.007750999152234468,0,50,4,0.012454558166763573,4.820424040537946e-6,0.20731770076439476
169655,Universal Technical Institute-Canton,MI,19820,1,3,2,1,1,1,0,0,3,0,0,0,24,0,1,0,1,3,0,43.76828,1124.4671569616844,34.8,76664,9.8,4,63.489952084020665,21.192493742043325,5.2573004925027895,5.0591204406478845,0.40319103061664513,0.17335058214747737,0.222509702457956,0.047003018542475204,2,149,5,1.1949274011385209e-5,8.123617870406212e-9,2.5192607683777794e-16
169798,Eastern Michigan University,MI,11460,1,3,1,0,3,1,2,0,2,1,2,0,4,1,2,2,1,1,1,3.69822,523.8248107521358,58.7,89180,6.8,2.9,67.15933611304898,11.266230781294786,5.787378793040976,9.214703289690716,0.5425531914893617,0.17230818826563507,0.09663120567375887,0.033043197936814955,1,25,4,0.04297277537636445,0.1516117339195769,0.13417138594352987
169910,Ferris State University,MI,13660,2,3,1,0,2,0,3,0,2,1,0,0,1,1,2,2,1,1,1,0.41242,74.28922782719468,22.5,60951,11.3,2.2,89.59313321371417,2.1385965763057078,2.9508753212744288,0.724989088792978,0.7380767953967025,0.09881597875401128,0.06761093283169194,0.016377116299656966,0,56,4,0.03798960828128543,0.1389028806960504,0.14068686617163928
169983,Kettering University,MI,22420,1,3,0,0,1,2,2,0,7,1,0,0,3,1,1,0,0,0,0,4.03305,633.1873327539428,23.3,62281,11.6,4.7,70.03533306058691,19.106135554977,4.258811569407768,1.0813156296103446,0.7614678899082569,0.04163726182074806,0.04022582921665491,0.06351446718419196,0,186,4,0.05312895073197208,0.15362910712300404,7.309769109231406e-4
170055,Grand Rapids Community College,MI,24340,1,3,1,1,3,2,0,0,1,0,0,0,11,0,1,3,1,2,3,11.62152,358.4450971340491,36.5,82874,5.9,2.7,76.34311174441898,6.173460958635359,10.07931836799317,2.5949273416902434,0.5773675412457301,0.11636020059597355,0.18467911912202922,0.03583109237589941,1,211,4,0.022568434772333442,0.15420630716756648,0.2731002993794622
170082,Grand Valley State University,MI,24340,1,3,1,0,4,0,2,0,2,1,1,0,11,1,1,1,1,0,1,11.62152,358.4450971340491,36.5,82874,5.9,2.7,76.34311174441898,6.173460958635359,10.07931836799317,2.5949273416902434,0.7646262450439996,0.06382361473745286,0.07760371337394836,0.026303065467556327,0,211,4,0.022568434772333442,0.15420630716756648,0.2731002993794622
170240,Henry Ford College,MI,19820,1,3,1,0,3,2,0,0,2,0,0,0,24,0,2,3,1,2,2,43.76828,1124.4671569616844,34.8,76664,9.8,4,63.489952084020665,21.192493742043325,5.2573004925027895,5.0591204406478845,0.5306155861165684,0.17714472822527833,0.044040602488539624,0.02955140798952194,1,149,5,1.1949274011385209e-5,8.123617870406212e-9,2.5192607683777794e-16
170286,Hillsdale College,MI,25880,2,3,0,0,1,0,1,1,4,1,0,0,1,3,0,1,0,0,0,0.45654,76.32505119683243,21.2,64242,9.6,2.5,92.10802996451571,0.6855916239540895,2.8102685416392865,0.2562754632671836,0,0,0,0,3,236,4,0.1021406564078611,0.07322764336485198,6.359075042268769e-5
170550,Kellogg Community College,MI,12980,1,3,1,1,1,2,0,0,2,0,0,0,2,0,1,3,1,3,3,1.33778,189.4178553869173,22.9,63177,9.6,3.8,75.26125371884764,9.594253165692415,5.9157709040350435,2.5863744412384695,0.6792847189967487,0.12447747329307943,0.07919182535996284,0.02299117510450534,0,49,4,0.01954151766426804,2.8160761240075337e-6,1.9099351673245303e-4
170620,Lake Michigan College,MI,35660,1,3,1,1,1,0,0,0,1,1,0,0,2,0,1,2,1,2,2,1.53288,269.97080220028266,30.9,65425,10.9,3.7,72.70954021188874,13.05973070299045,6.326000730650801,1.8005323312979489,0.5815264527320034,0.14614050303555942,0.13009540329575023,0.009106678230702514,1,397,4,0.011321022675571587,0.00432600193822484,0.17651886368909966
170639,Lake Superior State University,MI,42300,2,3,1,0,1,0,1,0,2,1,1,0,2,0,1,1,0,1,1,0.36295,23.288224411217683,23.3,62217,8.2,2.7,67.2764843642375,5.579280892684943,2.2730403636864582,0.7218625154980025,0.71875,0.016983695652173912,0.026494565217391304,0.008152173913043478,0,505,4,0.11072809635552171,0.08919318407608601,0.021150008600371858
170657,Lansing Community College,MI,29620,1,3,1,1,2,2,0,0,2,0,0,0,4,0,1,3,1,2,3,4.72669,278.26339880082816,37.5,72550,7.3,3.5,73.11649378317597,8.485430607888397,7.583319405334388,4.495323365822594,0.6554733447163726,0.11610700056915196,0.09988616960728515,0.033959400493265034,1,301,4,0.048239896288355316,0.010228664389171175,0.013937772550969448
170790,Macomb Community College,MI,19820,1,3,1,1,3,2,0,0,1,0,0,0,24,0,2,3,1,2,3,43.76828,1124.4671569616844,34.8,76664,9.8,4,63.489952084020665,21.192493742043325,5.2573004925027895,5.0591204406478845,0.6132635066531288,0.16560679741356277,0.05856890931438038,0.0641799818308128,1,149,5,1.1949274011385209e-5,8.123617870406212e-9,2.5192607683777794e-16
170806,Madonna University,MI,19820,1,3,0,0,1,2,1,1,2,1,0,0,24,2,2,2,1,2,1,43.76828,1124.4671569616844,34.8,76664,9.8,4,63.489952084020665,21.192493742043325,5.2573004925027895,5.0591204406478845,0.6249294980259448,0.14664410603496897,0.050761421319796954,0.03553299492385787,1,149,5,1.1949274011385209e-5,8.123617870406212e-9,2.5192607683777794e-16
170967,Rochester University,MI,19820,1,3,0,0,1,1,1,1,2,1,0,0,24,1,2,2,1,1,2,43.76828,1124.4671569616844,34.8,76664,9.8,4,63.489952084020665,21.192493742043325,5.2573004925027895,5.0591204406478845,0.6122233930453108,0.17702845100105374,0.04320337197049526,0.018967334035827187,1,149,5,1.1949274011385209e-5,8.123617870406212e-9,2.5192607683777794e-16
170976,University of Michigan-Ann Arbor,MI,11460,1,3,1,0,4,2,3,0,1,1,3,0,4,3,1,1,1,0,0,3.69822,523.8248107521358,58.7,89180,6.8,2.9,67.15933611304898,11.266230781294786,5.787378793040976,9.214703289690716,0.4876097730632119,0.04614091528272904,0.10013622003883721,0.18505637190968902,2,25,4,0.04297277537636445,0.1516117339195769,0.13417138594352987
171100,Michigan State University,MI,29620,1,3,1,0,4,2,3,0,1,1,3,0,4,1,1,1,1,0,0,4.72669,278.26339880082816,37.5,72550,7.3,3.5,73.11649378317597,8.485430607888397,7.583319405334388,4.495323365822594,0.6697714999882095,0.06730020987101186,0.06298488457094348,0.07868983894168416,1,301,4,0.048239896288355316,0.010228664389171175,0.013937772550969448
171137,University of Michigan-Dearborn,MI,19820,1,3,1,0,2,2,2,0,1,0,2,0,24,2,2,1,1,1,1,43.76828,1124.4671569616844,34.8,76664,9.8,4,63.489952084020665,21.192493742043325,5.2573004925027895,5.0591204406478845,0.6452912019826518,0.08705080545229243,0.0647459727385378,0.0963444857496902,1,149,5,1.1949274011385209e-5,8.123617870406212e-9,2.5192607683777794e-16
171146,University of Michigan-Flint,MI,22420,1,3,1,0,2,2,3,0,2,1,0,0,3,2,2,2,0,3,2,4.03305,633.1873327539428,23.3,62281,11.6,4.7,70.03533306058691,19.106135554977,4.258811569407768,1.0813156296103446,0.6621226874391432,0.1546251217137293,0.06523855890944498,0.025511197663096397,1,186,4,0.05312895073197208,0.15362910712300404,7.309769109231406e-4
171225,Monroe County Community College,MI,33780,1,3,1,1,1,0,0,0,2,0,0,0,1,0,1,3,1,2,3,1.55505,283.06469197053605,23.3,77335,7.2,3,88.46403652615672,2.1536285006912963,4.392141731777113,0.3749075592424681,0.6964769647696477,0.056458897922312554,0.05510388437217705,0.0031616982836495033,0,370,4,0.01245374487142843,1.0269791625899823e-06,0.2073194827314839
171304,Muskegon Community College,MI,34740,1,3,1,1,1,2,0,0,1,0,0,0,1,0,1,2,1,2,3,1.75961,349.18884991209495,21.3,65024,10.4,3.8,74.95979222668659,11.99640829501992,6.257068327640784,0.5671711345127614,0.7205841829705153,0.10140534582529623,0.08983190961697438,0.011573436208321852,0,385,4,0.012453782274307781,1.7360330552465276e-6,0.2073193669907217
171456,Northern Michigan University,MI,32100,2,3,1,0,2,0,1,0,2,1,0,0,1,1,1,1,1,1,1,0.67112,37.097563503569546,36.8,65429,7.1,2.7,90.70807009178687,1.3470020264632256,2.106925736082966,0.48724520205030397,0.8495410212277682,0.01549053356282272,0.043029259896729774,0.007028112449799197,0,344,4,0.11081362533623298,0.08916647232638009,0.021036135960036444
171483,Northwestern Michigan College,MI,45900,1,3,1,0,1,2,0,0,1,1,0,0,1,0,2,2,0,2,2,1.55449,91.92851355867306,39.4,80889,5.7,2.2,90.58597996770645,0.7642377885994763,3.2795321938384934,0.611776209560692,0.7800195248942402,0.01366742596810934,0.05141555483241132,0.015294500488122356,0,559,4,0.012453691856162652,4.509931453929979e-7,0.20731962238591864
171535,Oakland Community College,MI,19820,1,3,1,1,3,1,0,0,2,0,0,0,24,0,2,3,0,3,3,43.76828,1124.4671569616844,34.8,76664,9.8,4,63.489952084020665,21.192493742043325,5.2573004925027895,5.0591204406478845,0.4927460234224786,0.23160286663170773,0.06496533240109538,0.028608052205325408,2,149,5,1.1949274011385209e-5,8.123617870406212e-9,2.5192607683777794e-16
171571,Oakland University,MI,19820,1,3,1,0,3,1,3,0,2,1,2,0,24,1,2,1,1,1,1,43.76828,1124.4671569616844,34.8,76664,9.8,4,63.489952084020665,21.192493742043325,5.2573004925027895,5.0591204406478845,0.6962531829756275,0.09770825754819934,0.05463805020007275,0.06082211713350309,0,149,5,1.1949274011385209e-5,8.123617870406212e-9,2.5192607683777794e-16
171599,The University of Olivet,MI,29620,1,3,0,0,0,0,1,1,2,1,0,0,4,1,2,1,1,0,0,4.72669,278.26339880082816,37.5,72550,7.3,3.5,73.11649378317597,8.485430607888397,7.583319405334388,4.495323365822594,0.6591375770020534,0.1735112936344969,0.06878850102669405,0.008213552361396304,1,301,4,0.048239896288355316,0.010228664389171175,0.013937772550969448
172200,Schoolcraft Community College District,MI,19820,1,3,1,0,2,2,0,0,2,0,0,0,24,0,1,3,0,3,3,43.76828,1124.4671569616844,34.8,76664,9.8,4,63.489952084020665,21.192493742043325,5.2573004925027895,5.0591204406478845,0.5586932992226705,0.2110597264587228,0.06395749286627964,0.04024402243432058,1,149,5,1.1949274011385209e-5,8.123617870406212e-9,2.5192607683777794e-16
172264,Siena Heights University,MI,10300,2,3,0,0,1,0,1,1,2,1,0,0,2,2,2,3,1,2,2,0.98415,131.28336653122543,22.7,70518,7.3,2.7,84.77671086724584,2.2842046436010772,8.938678047045673,0.3312503175328964,0.6179271708683474,0.12661064425770308,0.08347338935574229,0.01680672268907563,1,5,4,0.049779557912122394,0.06070683546974733,0.021720504339318127
172291,St Clair County Community College,MI,19820,1,3,1,1,1,1,0,0,1,1,0,0,24,0,1,3,1,2,3,43.76828,1124.4671569616844,34.8,76664,9.8,4,63.489952084020665,21.192493742043325,5.2573004925027895,5.0591204406478845,0.8183616937079541,0.04907004352987732,0.04748713889988128,0.009893153937475268,0,149,5,1.1949274011385209e-5,8.123617870406212e-9,2.5192607683777794e-16
172307,Southwestern Michigan College,MI,43780,1,3,1,1,1,0,0,0,2,1,0,0,7,0,2,2,0,2,2,3.2456,342.39687278390915,31.5,67217,9.1,3.2,71.32333004683264,10.95945279763372,9.586825240325364,2.4118807000246485,0.6741368867353119,0.1556632344033919,0.015748031496062992,0.013325257419745608,1,529,4,0.020292233640420595,1.955846205518625e-4,3.362667342959013e-13
172334,Spring Arbor University,MI,27100,1,3,0,0,1,0,2,1,2,1,0,0,2,2,1,2,1,1,1,1.6006,228.0373218648094,23.4,66073,7.7,3.1,81.95614144695739,7.35224290890916,4.087217293514931,0.7622141696863676,0.6917293233082706,0.07330827067669173,0.06015037593984962,0.008458646616541353,0,254,4,0.061641649164882704,0.10472280840738403,0.08702422458242032
172617,Washtenaw Community College,MI,11460,1,3,1,1,3,1,0,0,2,0,0,0,4,0,1,3,1,3,3,3.69822,523.8248107521358,58.7,89180,6.8,2.9,67.15933611304898,11.266230781294786,5.787378793040976,9.214703289690716,0.5423702435608124,0.16247762820014006,0.07439109796902965,0.028091199128472494,1,25,4,0.04297277537636445,0.1516117339195769,0.13417138594352987
172644,Wayne State University,MI,19820,1,3,1,0,4,2,3,0,2,1,3,0,24,1,2,1,1,1,1,43.76828,1124.4671569616844,34.8,76664,9.8,4,63.489952084020665,21.192493742043325,5.2573004925027895,5.0591204406478845,0.5386941426811513,0.179247396124986,0.0748124090043678,0.13187367006383693,1,149,5,1.1949274011385209e-5,8.123617870406212e-9,2.5192607683777794e-16
172699,Western Michigan University,MI,28020,1,3,1,0,3,2,3,0,2,1,2,0,3,1,1,1,0,1,1,2.62375,466.89375068341076,41.3,72532,7.7,3.6,74.59552167698904,10.765507384468794,5.90109575988566,2.8306812767984755,0.6843917087819527,0.08232622866769208,0.0910422617739691,0.025928367391782024,0,269,4,0.05038889631920464,0.19785120900849995,0.17561992572501564
173045,Augsburg University,MN,33460,1,4,0,0,1,2,3,1,2,1,0,0,28,1,3,1,1,1,0,37.13668,526.9422743609588,45.4,99833,5,2.9,71.35126241764208,9.093973936280788,6.831305329394012,6.935622678171555,0.32926829268292684,0.28810975609756095,0.14291158536585366,0.10480182926829268,2,364,4,0.354036710732893,1.1986923080226212e-4,1.4381830072163415e-16
173142,Bethany Lutheran College,MN,31860,1,4,0,0,0,2,1,1,1,1,0,0,4,3,1,2,0,0,1,1.04282,87.16754907818544,34.8,75808,5.7,2.8,84.74233328858288,4.6978385531539475,5.024836501026064,2.0732245258050286,0.652050919377652,0.033946251768033946,0.06223479490806223,0.01272984441301273,1,339,4,0.10672653702336896,0.08039924624609338,0.008957888056115214
173160,Bethel University,MN,33460,1,4,0,0,1,1,3,1,2,1,0,0,28,1,1,2,1,0,2,37.13668,526.9422743609588,45.4,99833,5,2.9,71.35126241764208,9.093973936280788,6.831305329394012,6.935622678171555,0.7561771561771562,0.06806526806526807,0.07365967365967366,0.05081585081585081,0,364,4,0.354036710732893,1.1986923080226212e-4,1.4381830072163415e-16
173258,Carleton College,MN,22060,2,4,0,0,1,0,1,0,4,1,1,0,2,3,1,0,0,0,0,0.67917,136.97212875297527,30.2,83181,7.3,2.9,77.16035749517793,6.7391080289176495,10.461298349455953,2.274835460930253,0.5136585365853659,0.06975609756097562,0.1,0.10536585365853658,1,179,4,0.10210786658813292,0.07317379993809275,3.284450601202746e-7
173300,Concordia College at Moorhead,MN,22020,1,4,0,0,1,1,1,1,1,1,0,0,4,2,1,1,0,0,0,2.59459,92.33053433916974,41.8,76756,6.1,2.4,81.77515522683738,6.359000844063995,3.947829907615461,2.7753903314203785,0.7744705208929593,0.042358328563251287,0.03777904979965655,0.028620492272467088,0,178,4,0.26181555189110334,0.11503371459644339,3.9708718760683784e-11
173328,Concordia University-Saint Paul,MN,33460,1,4,0,0,2,2,3,1,2,1,0,0,28,1,2,2,1,2,2,37.13668,526.9422743609588,45.4,99833,5,2.9,71.35126241764208,9.093973936280788,6.831305329394012,6.935622678171555,0.5015124016938899,0.18905021173623715,0.11433756805807622,0.10586811857229281,1,364,4,0.354036710732893,1.1986923080226212e-4,1.4381830072163415e-16
173452,Martin Luther College,MN,35580,2,4,0,0,0,0,1,1,2,1,0,0,1,1,1,2,0,2,1,0.258,42.21830349162479,24.5,69378,4.8,1.9,91.4186046511628,0.934108527131783,5.1434108527131785,0.4844961240310077,0.9246724890829694,0.013100436681222707,0.013100436681222707,0.004366812227074236,0,395,4,0.046820594038253685,0.10945267984036149,0.10690832689888423
173665,Hamline University,MN,33460,1,4,0,0,1,2,2,1,1,1,0,0,28,1,2,1,1,0,0,37.13668,526.9422743609588,45.4,99833,5,2.9,71.35126241764208,9.093973936280788,6.831305329394012,6.935622678171555,0.5591338145474736,0.1265963353692393,0.12770682953914492,0.08939478067740145,1,364,4,0.354036710732893,1.1986923080226212e-4,1.4381830072163415e-16
173902,Macalester College,MN,33460,1,4,0,0,1,2,1,1,4,1,0,0,28,3,1,0,0,0,0,37.13668,526.9422743609588,45.4,99833,5,2.9,71.35126241764208,9.093973936280788,6.831305329394012,6.935622678171555,0.5165810368986455,0.05791686127977581,0.11303129378794956,0.085007006071929,1,364,4,0.354036710732893,1.1986923080226212e-4,1.4381830072163415e-16
174066,University of Minnesota-Twin Cities,MN,33460,1,4,1,0,4,2,3,0,1,1,3,0,28,1,1,1,1,0,1,37.13668,526.9422743609588,45.4,99833,5,2.9,71.35126241764208,9.093973936280788,6.831305329394012,6.935622678171555,0.5893445451978288,0.09218411722255342,0.06005459508644222,0.1292711242195099,1,364,4,0.354036710732893,1.1986923080226212e-4,1.4381830072163415e-16
174075,University of Minnesota-Crookston,MN,24220,1,4,1,0,1,0,1,0,2,1,0,0,2,1,1,3,0,2,2,1.03628,30.41428158189037,34.8,69836,6.3,1.8,82.16698189678465,3.1960474003165165,5.8295055390435015,2.1876326861466016,0.6905252317198765,0.06694129763130793,0.06694129763130793,0.037075180226570546,0,208,4,0.0205150542571171,0.12628329496000093,0.22799007028527807
174127,Minneapolis College of Art and Design,MN,33460,1,4,0,0,0,2,1,0,4,1,0,0,28,2,2,0,0,0,0,37.13668,526.9422743609588,45.4,99833,5,2.9,71.35126241764208,9.093973936280788,6.831305329394012,6.935622678171555,0.6294277929155313,0.06948228882833787,0.11035422343324251,0.07629427792915532,1,364,4,0.354036710732893,1.1986923080226212e-4,1.4381830072163415e-16
174233,University of Minnesota-Duluth,MN,20260,1,4,1,0,2,2,2,0,1,1,1,0,6,1,1,1,1,0,1,2.8087,33.382921849615656,31.8,71769,6.6,2.7,89.19072880692134,1.5733257378858545,1.9464520952753945,0.9210666856552854,0.8333971169792065,0.023344814389590508,0.040183696900114814,0.03112641918612068,0,156,4,0.02769234995571401,0.11826872581659886,0.1853587459606808
174491,University of Northwestern-St Paul,MN,33460,1,4,0,0,1,1,1,1,1,1,0,0,28,1,1,3,0,0,2,37.13668,526.9422743609588,45.4,99833,5,2.9,71.35126241764208,9.093973936280788,6.831305329394012,6.935622678171555,0.7821969696969697,0.052398989898989896,0.05997474747474747,0.036616161616161616,0,364,4,0.354036710732893,1.1986923080226212e-4,1.4381830072163415e-16
174747,College of Saint Benedict,MN,41060,1,4,0,0,1,1,1,1,4,1,0,0,5,1,1,0,0,0,0,2.02458,115.61202676394296,28.2,76497,7.4,2.9,81.41836825415642,8.29307807051339,4.52439518319849,1.7415957877683272,0.7907801418439716,0.027659574468085105,0.10141843971631205,0.032624113475177303,0,486,4,0.19892490809098834,0.03653812668072236,2.5853276269676507e-13
174792,Saint Johns University,MN,41060,1,4,0,0,1,0,1,1,1,1,0,0,5,1,1,0,0,0,0,2.02458,115.61202676394296,28.2,76497,7.4,2.9,81.41836825415642,8.29307807051339,4.52439518319849,1.7415957877683272,0.7920592193808883,0.04576043068640646,0.07671601615074024,0.03566621803499327,0,486,4,0.19892490809098834,0.03653812668072236,2.5853276269676507e-13
174914,University of St Thomas,MN,33460,1,4,0,0,2,2,3,1,1,1,1,0,28,1,1,1,0,0,0,37.13668,526.9422743609588,45.4,99833,5,2.9,71.35126241764208,9.093973936280788,6.831305329394012,6.935622678171555,0.654612075832404,0.07662896288035685,0.09606499920344114,0.05559980882587223,1,364,4,0.354036710732893,1.1986923080226212e-4,1.4381830072163415e-16
175005,St Catherine University,MN,33460,1,4,0,0,1,2,3,1,6,1,0,0,28,1,2,2,1,3,2,37.13668,526.9422743609588,45.4,99833,5,2.9,71.35126241764208,9.093973936280788,6.831305329394012,6.935622678171555,0.4887814981014843,0.17777010700724888,0.13945460821539524,0.11218501898515706,2,364,4,0.354036710732893,1.1986923080226212e-4,1.4381830072163415e-16
175014,Rasmussen University-Minnesota,MN,41060,1,4,2,0,2,2,0,0,6,0,0,0,5,0,3,3,1,3,2,2.02458,115.61202676394296,28.2,76497,7.4,2.9,81.41836825415642,8.29307807051339,4.52439518319849,1.7415957877683272,0.40295458117240296,0.31353135313531355,0.11213264183561213,0.030724501021530723,2,486,4,0.19892490809098834,0.03653812668072236,2.5853276269676507e-13
175227,Dunwoody College of Technology,MN,33460,1,4,0,0,1,2,0,0,3,1,0,0,28,1,2,2,1,2,1,37.13668,526.9422743609588,45.4,99833,5,2.9,71.35126241764208,9.093973936280788,6.831305329394012,6.935622678171555,0.6642622950819672,0.0839344262295082,0.05377049180327869,0.06360655737704918,1,364,4,0.354036710732893,1.1986923080226212e-4,1.4381830072163415e-16
175421,Belhaven University,MS,27140,1,5,0,0,1,2,3,1,2,1,0,0,9,2,2,3,1,2,1,6.11324,101.64594621108763,32.2,61644,12.7,3.4,44.94032624271254,47.6429847347724,3.551799046005064,1.2438575943362276,0.34392180818570556,0.47281612706169823,0.04153940134392181,0.006719609040928528,2,255,4,0.04543092677656253,0.08608556158403202,0.05943588117898333
175616,Delta State University,MS,17380,2,5,1,0,1,0,2,0,2,1,0,0,1,0,2,2,1,1,1,0.29534,33.69512535359016,28,39585,26.9,3.5,31.015101239249677,63.21866323559288,2.6647254012324777,0.9548317193742806,0.5084838533114395,0.37438423645320196,0.025725232621784347,0.006568144499178982,1,111,4,0.029738523765988702,0.11466359040046006,0.12990799776873768
175829,Itawamba Community College,MS,46180,2,5,1,1,2,0,0,0,2,1,0,0,2,0,2,3,0,1,2,1.32254,94.61952287114556,24.6,63170,11.2,2.9,70.36535756952532,22.15358325646105,2.8437703207464424,0.8075370121130552,0.6264537748866549,0.30337078651685395,0.02976542479794993,0.006899270648531441,1,565,4,0.012629051011472369,0.001441775569892273,0.20689582824272715
175856,Jackson State University,MS,27140,1,5,1,0,2,2,3,0,1,1,2,1,9,1,3,2,1,2,1,6.11324,101.64594621108763,32.2,61644,12.7,3.4,44.94032624271254,47.6429847347724,3.551799046005064,1.2438575943362276,0.02027027027027027,0.9472972972972973,0.003088803088803089,0.0011583011583011582,3,255,4,0.04543092677656253,0.08608556158403202,0.05943588117898333
175935,Meridian Community College,MS,32940,2,5,1,1,1,0,0,0,2,1,0,0,1,0,2,1,1,2,2,0.86818,62.22391840048084,22.5,49822,17.8,3.2,52.52942938100394,39.08751641364694,2.290999562302748,0.6300536755050796,0.43805455142951033,0.4840617811370358,0.023003614853762733,0.007886953664147224,2,358,4,0.014223086520132015,0.014195906664942035,0.20306649371734456
176017,University of Mississippi,MS,37060,2,5,1,0,4,0,3,0,2,1,3,0,1,1,1,1,1,0,0,0.70746,64.3819722423178,40.1,65018,11.4,1.5,66.52107539648885,25.101065784638,3.345772199134933,1.8531083029429227,0.7720087019579406,0.10804931109499638,0.05284022238336959,0.020256224317138024,0,420,4,0.1285251210489443,0.18715283491997484,0.03286568588498752
176035,Mississippi University for Women,MS,18060,2,5,1,0,1,0,1,0,6,1,0,0,1,1,2,3,1,2,1,0.67863,56.522827125303216,25.5,51117,17.1,3.6,45.549121023237994,47.983437219103195,2.014352445367874,0.8797135405154503,0.5547843331680714,0.40059494298463066,0.014377788795240456,0.007932573128408527,1,122,4,0.028767451626328683,0.11519771530248887,0.13113518075601518
176044,Mississippi Valley State University,MS,24900,2,5,1,0,1,0,2,0,2,1,0,1,1,1,3,2,1,1,2,0.36827,30.125264211008776,21.2,39534,22.5,4.7,31.80003801558639,63.84446194368263,2.3732587503733673,0.37200966682053926,0.023537323470073975,0.8957632817753867,0.014122394082044385,0.0033624747814391394,3,220,4,0.028941672944573088,0.11506857318824805,0.13090785864954962
176053,Mississippi College,MS,27140,1,5,0,0,1,1,3,1,2,1,0,0,9,3,2,1,1,0,1,6.11324,101.64594621108763,32.2,61644,12.7,3.4,44.94032624271254,47.6429847347724,3.551799046005064,1.2438575943362276,0.6670403587443946,0.1890881913303438,0.03774289985052317,0.023168908819133034,1,255,4,0.04543092677656253,0.08608556158403202,0.05943588117898333
176071,Mississippi Gulf Coast Community College,MS,25060,1,5,1,1,2,0,0,0,2,1,0,0,2,0,2,2,1,2,2,4.21201,190.08027038637513,26.7,62418,12.2,3.9,65.75245547850076,19.738082293251917,6.68255773371858,2.087127048606247,0.5304215558452846,0.25977835723598436,0.06605823554976098,0.02325076053889613,1,222,4,0.028646974376332002,0.006363271384813859,1.2068000101002193e-16
176080,Mississippi State University,MS,44260,2,5,1,0,4,0,3,0,1,1,3,0,1,1,1,2,1,0,1,0.61743,70.21060159904205,41.7,48750,12.9,3.4,58.4276760118556,32.661192361887174,2.34196589087022,2.7225758385565975,0.732917348608838,0.15671031096563012,0.042502045826513915,0.01631546644844517,0,536,4,0.05030266032885499,0.1978847539187842,0.17578736179545892
176239,Pearl River Community College,MS,38100,2,5,1,1,2,0,0,0,1,1,0,0,1,0,3,3,1,2,1,0.57458,70.81995630039685,17,58135,13.7,3.4,79.07863134811515,11.987886804274426,4.338821399979116,0.3463399352570573,0.5952009364026531,0.3355442840421381,0.004877097151775264,0.005657432696059305,1,434,4,0.01536458043941864,0.02391494165840203,0.2002856589990605
176318,Rust College,MS,32820,1,5,0,0,0,0,1,1,2,1,0,1,17,2,3,1,1,1,1,13.41924,269.8741064531906,31,66401,12.7,4.1,40.34177792483032,46.3369013446365,7.4920040181113094,2.2803824955809717,0.004056795131845842,0.9452332657200812,0.014198782961460446,0.002028397565922921,3,355,4,0.4216162088566813,0.04637734720248026,1.46014379927242e-13
176354,Southwest Mississippi Community College,MS,32620,2,5,1,1,1,0,0,0,1,1,0,0,1,0,3,1,0,2,1,0.53441,65.72395095523868,14.7,44597,20.5,3.1,44.36294231021126,50.54546134989989,1.76082034393069,0.3985703860331955,0.45930232558139533,0.46881606765327694,0.019027484143763214,0.007928118393234672,2,352,4,0.0209438471758256,0.03906512224366411,0.18899456292240663
176372,University of Southern Mississippi,MS,25620,1,5,1,0,3,2,3,0,2,1,3,0,2,1,2,2,1,1,1,1.55434,96.54924462516908,30.9,60285,13.1,3.5,63.63665607267394,28.198463656600232,3.9006909685139672,0.9914175791654335,0.5704871315344198,0.2858669516430671,0.04684299581440912,0.01558464689642889,1,230,4,0.021389441345271137,0.12687870114570113,0.22557287634405648
176479,William Carey University,MS,25620,1,5,0,0,2,2,3,1,2,1,0,0,2,2,1,2,0,2,2,1.55434,96.54924462516908,30.9,60285,13.1,3.5,63.63665607267394,28.198463656600232,3.9006909685139672,0.9914175791654335,0.5661948376353039,0.3218151540383014,0.022064945878434637,0.00832639467110741,1,230,4,0.021389441345271137,0.12687870114570113,0.22557287634405648
176628,Avila University,MO,28140,1,4,0,0,1,2,2,1,2,1,0,0,20,1,3,2,1,1,1,22.18142,305.675097182773,39.8,83460,6.8,2.7,69.21301702055143,11.586453887983728,10.940823445929071,2.9573399719224467,0.4332344213649852,0.27818991097922846,0.17210682492581603,0.030415430267062313,2,272,4,0.07515614746401443,0.07457876622622062,7.854356368245922e-18
176947,Central Methodist University-College of Liberal Arts and Sciences,MO,17860,1,4,0,0,1,0,1,1,2,1,0,0,5,2,2,0,0,0,0,2.15014,125.43856157339997,48,72340,7.8,2.5,77.209391016398925,9.011971313495867,4.206237733356898,4.229492033076916,0.6273584905660378,0.12264150943396226,0.08396226415094339,0.009433962264150943,1,119,4,0.08939602857483794,0.05590874822661589,6.523879549806502e-4
176965,University of Central Missouri,MO,47660,2,4,1,0,3,0,2,0,2,1,0,0,1,2,1,1,1,1,2,0.54732,66.00083007180864,29.1,67272,7.1,2.8,83.71884820580281,4.260761528904481,5.154205948987795,1.5164803040268948,0.7501178689297501,0.08816595945308817,0.07056419927707057,0.0121012101210121,0,588,4,0.056558977767725824,0.18198278890544722,0.15598254805857265
177083,Conception Seminary College,MO,32340,2,4,0,0,0,0,1,1,8,1,0,0,2,3,1,0,0,3,2,0.20774,23.688540665541474,27.9,59315,8.3,1.4,91.45085202657167,2.1132184461345913,2.219120053913546,1.6414749205737944,0.5151515151515151,0.09090909090909091,0.36363636363636365,0.030303030303030304,1,348,4,0.07231727228585012,0.22276392319592736,1.1252171277437525e-6
177135,Crowder College,MO,27900,1,4,1,1,1,0,0,0,2,1,0,0,3,0,2,2,1,1,2,2.03626,110.01889707111077,24.2,61901,10.5,2.6,80.96166501330872,1.36279257069333,8.272519226424917,1.3136829285061828,0.6957142857142857,0.019714285714285715,0.1402857142857143,0.015714285714285715,0,266,4,0.00502488535077793,1.0491556087214565e-6,0.24480738266510577
177144,Culver-Stockton College,MO,39500,2,4,0,0,1,0,1,1,2,1,0,0,4,1,2,1,0,0,1,0.74678,54.90347219271798,26.2,65360,8.6,2.6,90.24210610889418,2.9580331556817265,1.9563994750796752,0.649454993438496,0.6717892425905598,0.15916575192096596,0.06915477497255763,0.006586169045005488,1,457,4,0.03008164254670908,1.5303076769135233e-7,0.00708343839825579
177214,Drury University,MO,44180,1,4,0,0,1,2,1,1,1,1,0,0,12,2,1,1,1,0,0,4.86785,161.88540344522434,30.8,65071,8.6,2.2,86.63640005341166,2.1313310804564645,4.4013270745811806,1.4285567550355907,0.7335203366058906,0.030154277699859747,0.028751753155680224,0.020336605890603085,0,534,4,0.06448475752456417,2.8614413179829734e-6,7.95833286835047e-17
177250,East Central College,MO,41180,1,4,1,1,1,0,0,0,1,0,0,0,32,0,2,2,0,1,2,28.1085,357.4542758616538,38.2,80196,7.1,2.7,70.57801021043456,17.06924951527118,3.940160449686038,2.9002259103118275,0.874034749034749,0.012065637065637066,0.041023166023166024,0.005791505791505791,0,488,5,1.7016254104290031e-6,1.1660740054093254e-24,2.3048914129312328e-18
177472,Ozarks Technical Community College,MO,44180,1,4,1,0,3,2,0,0,2,0,0,0,12,0,2,2,1,2,2,4.86785,161.88540344522434,30.8,65071,8.6,2.2,86.63640005341166,2.1313310804564645,4.4013270745811806,1.4285567550355907,0.7940789473684211,0.03430451127819549,0.07772556390977443,0.015601503759398496,0,534,4,0.06448475752456417,2.8614413179829734e-6,7.95833286835047e-17
177551,Harris-Stowe State University,MO,41180,1,4,1,0,1,2,1,0,4,1,0,1,32,0,3,2,0,1,1,28.1085,357.4542758616538,38.2,80196,7.1,2.7,70.57801021043456,17.06924951527118,3.940160449686038,2.9002259103118275,0.027070063694267517,0.8328025477707006,0.019904458598726114,0.0023885350318471337,3,488,5,1.7016254104290031e-6,1.1660740054093254e-24,2.3048914129312328e-18
177676,Jefferson College,MO,41180,1,4,1,1,1,0,0,0,1,1,0,0,32,0,2,2,1,1,2,28.1085,357.4542758616538,38.2,80196,7.1,2.7,70.57801021043456,17.06924951527118,3.940160449686038,2.9002259103118275,0.8786053882725832,0.028526148969889066,0.03391442155309033,0.014263074484944533,0,488,5,1.7016254104290031e-6,1.1660740054093254e-24,2.3048914129312328e-18
177940,Lincoln University,MO,27620,1,4,1,0,1,2,1,0,2,1,1,1,4,0,2,1,0,1,1,1.50437,66.92901877396369,31.1,74030,7.5,2.1,84.30372847105433,6.338201373332359,3.2897491973384207,0.8182827362949275,0.2812295618051014,0.5238718116415958,0.03924133420536298,0.007194244604316547,2,262,4,0.036588272902580495,0.015520940385590454,0.05061005550954005
177977,State Technical College of Missouri,MO,27620,1,4,1,1,1,0,0,0,3,1,0,0,4,0,2,1,0,0,1,1.50437,66.92901877396369,31.1,74030,7.5,2.1,84.30372847105433,6.338201373332359,3.2897491973384207,0.8182827362949275,0.9200702678963548,0.012736056214317084,0.017127799736495388,0.005709266578831796,0,262,4,0.036588272902580495,0.015520940385590454,0.05061005550954005
177986,Logan University,MO,41180,1,4,0,0,1,1,3,0,1,0,0,0,32,2,2,3,0,3,2,28.1085,357.4542758616538,38.2,80196,7.1,2.7,70.57801021043456,17.06924951527118,3.940160449686038,2.9002259103118275,0.6207729468599034,0.14492753623188406,0.028985507246376812,0.04106280193236715,1,488,5,1.7016254104290031e-6,1.1660740054093254e-24,2.3048914129312328e-18
177995,Metropolitan Community College-Kansas City,MO,28140,1,4,1,1,3,2,0,0,1,0,0,0,20,0,2,2,0,2,2,22.18142,305.675097182773,39.8,83460,6.8,2.7,69.21301702055143,11.586453887983728,10.940823445929071,2.9573399719224467,0.5540840432385997,0.16837282554227218,0.14474908726465746,0.028420073018827402,1,272,4,0.07515614746401443,0.07457876622622062,7.854356368245922e-18
178059,Maryville University of Saint Louis,MO,41180,1,4,0,0,2,1,3,0,2,1,0,0,32,1,2,3,1,3,2,28.1085,357.4542758616538,38.2,80196,7.1,2.7,70.57801021043456,17.06924951527118,3.940160449686038,2.9002259103118275,0.6385009974351668,0.1359361641493303,0.09062410943288686,0.03277286976346538,1,488,5,1.7016254104290031e-6,1.1660740054093254e-24,2.3048914129312328e-18
178217,Mineral Area College,MO,22100,2,4,1,1,1,0,0,0,1,1,0,0,1,0,2,2,1,1,2,0.66999,148.26518728520776,17.2,57477,11.5,2.4,89.88044597680562,2.7388468484604247,1.8925655606800103,0.37761757638173704,0.8512769153730596,0.026039058587881823,0.030045067601402103,0.00400600901352028,0,180,4,0.012454110378731486,7.149770549077425e-7,0.20731883902610615
178341,Missouri Southern State University,MO,27900,1,4,1,0,1,2,1,0,2,1,0,0,3,1,2,2,1,1,2,2.03626,110.01889707111077,24.2,61901,10.5,2.6,80.96166501330872,1.36279257069333,8.272519226424917,1.3136829285061828,0.6827242524916943,0.06976744186046512,0.09302325581395349,0.02630121816168328,0,266,4,0.00502488535077793,1.0491556087214565e-6,0.24480738266510577
178369,Missouri Valley College,MO,32180,2,4,0,0,1,0,1,1,2,1,0,0,1,2,2,2,0,0,1,0.23231,30.748765034042563,22.7,57931,11.6,1.9,75.26580861779519,4.898626834832767,12.621066678145581,0.6198613921053764,0.3665254237288136,0.14477401129943504,0.10522598870056497,0.006355932203389831,2,345,4,0.11204617152717493,0.08872630108864787,0.0192854360319113
178396,University of Missouri-Columbia,MO,17860,1,4,1,0,4,2,3,0,2,1,3,0,5,1,1,1,1,0,0,2.15014,125.43856157339997,48,72340,7.8,2.5,77.209391016398925,9.011971313495867,4.206237733356898,4.229492033076916,0.7936772046589018,0.053452579034941765,0.057903494176372715,0.027911813643926787,0,119,4,0.08939602857483794,0.05590874822661589,6.523879549806502e-4
178402,University of Missouri-Kansas City,MO,28140,1,4,1,0,3,2,3,0,1,1,3,0,20,2,1,1,1,1,2,22.18142,305.675097182773,39.8,83460,6.8,2.7,69.21301702055143,11.586453887983728,10.940823445929071,2.9573399719224467,0.47726962457337885,0.13883959044368602,0.16273037542662117,0.10334470989761092,2,272,4,0.07515614746401443,0.07457876622622062,7.854356368245922e-18
178411,Missouri University of Science and Technology,MO,40620,2,4,1,0,2,0,3,0,7,1,3,0,1,2,1,1,1,0,0,0.45194,67.27425955750444,32.4,58396,8.5,2.1,84.86303491613931,2.4339514094791346,3.0756295083418155,3.6619905297163338,0.746031746031746,0.03263777421080792,0.05457463884430177,0.04333868378812199,0,477,4,0.12892430183127576,0.18709326109049748,0.032134253944766246
178420,University of Missouri-St Louis,MO,41180,1,4,1,0,3,1,3,0,1,1,2,0,32,2,1,2,1,1,3,28.1085,357.4542758616538,38.2,80196,7.1,2.7,70.57801021043456,17.06924951527118,3.940160449686038,2.9002259103118275,0.6043274069104327,0.19272056356927206,0.041764508554176454,0.04797047970479705,1,488,5,1.7016254104290031e-6,1.1660740054093254e-24,2.3048914129312328e-18
178448,Moberly Area Community College,MO,33620,2,4,1,1,2,0,0,0,1,1,0,0,2,0,1,3,1,1,2,0.24365,50.47513934462612,18.4,53033,9.9,2.5,87.45331418017648,4.937410219577262,2.511799712702647,0.20521239482864767,0.7192462987886945,0.12328398384925976,0.05733512786002692,0.019380888290713324,0,366,4,0.012453902636177573,2.5760594019884144e-6,0.20731908631531637
178615,Truman State University,MO,28860,2,4,1,0,1,0,1,0,4,1,0,0,1,1,1,2,0,0,1,0.29339,33.54451213861407,31.8,61485,9.4,2.2,88.05003578854085,3.8549371144210776,2.6722110501380416,1.8678209891271007,0.7808807733619764,0.02040816326530612,0.03616183315431436,0.02040816326530612,0,285,4,0.1114984746494123,0.08786130843070625,0.018216396104955814
178624,Northwest Missouri State University,MO,32340,2,4,1,0,2,0,2,0,2,1,0,0,2,1,1,2,0,1,1,0.20774,23.688540665541474,27.9,59315,8.3,1.4,91.45085202657167,2.1132184461345913,2.219120053913546,1.6414749205737944,0.8076458752515091,0.045875251509054325,0.05191146881287726,0.005231388329979879,0,348,4,0.07231727228585012,0.22276392319592736,1.1252171277437525e-6
178697,College of the Ozarks,MO,14700,2,4,0,0,1,0,1,1,2,1,0,0,1,3,2,1,0,0,0,0.56529,89.40739805326378,25,56497,10.8,2.3,85.083762316687,1.7831555484795414,7.619098162005343,1.0065630030603763,0.8626097867001254,0.015683814303638646,0.04767879548306148,0.012547051442910916,0,75,4,0.10496305524011589,0.07763955369324918,0.005536854462138525
178721,Park University,MO,28140,1,4,0,0,2,1,2,0,2,1,0,0,20,0,2,3,1,3,2,22.18142,305.675097182773,39.8,83460,6.8,2.7,69.21301702055143,11.586453887983728,10.940823445929071,2.9573399719224467,0.4003451251078516,0.182916307161346,0.24302559677883231,0.027897612884670693,2,272,4,0.07515614746401443,0.07457876622622062,7.854356368245922e-18
178767,Stevens-The Institute of Business & Arts,MO,41180,1,4,2,0,0,2,1,0,5,0,0,0,32,0,3,0,1,3,2,28.1085,357.4542758616538,38.2,80196,7.1,2.7,70.57801021043456,17.06924951527118,3.940160449686038,2.9002259103118275,0.3609022556390977,0.5864661654135338,0.03759398496240601,0.007518796992481203,2,488,5,1.7016254104290031e-6,1.1660740054093254e-24,2.3048914129312328e-18
178891,Ranken Technical College,MO,41180,1,4,0,0,1,2,0,0,3,1,0,0,32,0,2,1,1,2,1,28.1085,357.4542758616538,38.2,80196,7.1,2.7,70.57801021043456,17.06924951527118,3.940160449686038,2.9002259103118275,0.6162109375,0.22802734375,0.0400390625,0.01806640625,1,488,5,1.7016254104290031e-6,1.1660740054093254e-24,2.3048914129312328e-18
179043,Rockhurst University,MO,28140,1,4,0,0,1,2,3,1,2,1,0,0,20,2,1,1,1,1,2,22.18142,305.675097182773,39.8,83460,6.8,2.7,69.21301702055143,11.586453887983728,10.940823445929071,2.9573399719224467,0.6148390616475723,0.09165302782324058,0.1696672122204037,0.03709765411893071,1,272,4,0.07515614746401443,0.07457876622622062,7.854356368245922e-18
179308,Saint Louis Community College,MO,41180,1,4,1,0,3,1,0,0,1,0,0,0,32,0,1,2,1,3,3,28.1085,357.4542758616538,38.2,80196,7.1,2.7,70.57801021043456,17.06924951527118,3.940160449686038,2.9002259103118275,0.4717375193693997,0.3518156706865189,0.05504278110894024,0.04008623593613151,2,488,5,1.7016254104290031e-6,1.1660740054093254e-24,2.3048914129312328e-18
179344,Missouri State University-West Plains,MO,48460,2,4,1,1,1,0,0,0,2,1,0,0,1,0,1,3,1,1,2,0.40383,43.554807279006276,17.8,50993,14.9,2.8,91.47413515588244,0.4804001683876879,2.5802936879379934,0.4383032464155709,0.7873070325900514,0.03173241852487135,0.03173241852487135,0.0823327615780446,0,601,4,0.01245392989602994,8.825492422387736e-7,0.2073191465628948
179539,State Fair Community College,MO,42740,2,4,1,1,1,0,0,0,1,1,0,0,1,0,2,3,1,1,2,0.43397,63.609851146609714,18.4,60430,10,2.4,82.07018918358412,2.467912528515796,9.906214715302902,0.6889877180450261,0.7731793391081168,0.04748155277510427,0.10041706769329484,0.008982996470965673,0,513,4,0.012453731591137657,6.105213688702238e-7,0.20731953611641613
179557,Southeast Missouri State University,MO,16020,1,4,1,0,2,2,2,0,2,1,0,0,2,2,2,2,0,1,1,0.98169,68.5626331814332,29.8,66759,6.7,1.6,83.63230755126364,7.947519074249508,2.6963705446729618,1.4128696431663763,0.7310221978624281,0.08468073444779392,0.03151548369416279,0.008632502055357632,0,89,4,0.03532862920163337,0.12322815852919045,0.13069676277152856
179566,Missouri State University-Springfield,MO,44180,1,4,1,0,4,2,3,0,2,1,1,0,12,1,1,1,1,1,2,4.86785,161.88540344522434,30.8,65071,8.6,2.2,86.63640005341166,2.1313310804564645,4.4013270745811806,1.4285567550355907,0.7803633822501747,0.03654786862334032,0.05408805031446541,0.019217330538085255,0,534,4,0.06448475752456417,2.8614413179829734e-6,7.95833286835047e-17
179645,Three Rivers College,MO,38740,2,4,1,1,1,0,0,0,2,1,0,0,1,0,2,3,0,2,2,0.4202,60.48181768081931,15.8,49089,12.9,2.6,85.89005235602095,4.707282246549262,2.4631128034269394,0.4402665397429796,0.7512733446519525,0.12011884550084889,0.03862478777589134,0.00466893039049236,0,445,4,0.012454365209997936,2.159060489378586e-6,0.20731823225913398
179867,Washington University in St Louis,MO,41180,1,4,0,0,3,1,3,0,1,1,3,0,32,3,1,1,1,0,0,28.1085,357.4542758616538,38.2,80196,7.1,2.7,70.57801021043456,17.06924951527118,3.940160449686038,2.9002259103118275,0.41317953123082585,0.09215854706098908,0.12774573567308872,0.20922812615044792,2,488,5,1.7016254104290031e-6,1.1660740054093254e-24,2.3048914129312328e-18
179894,Webster University,MO,41180,1,4,0,0,2,1,3,0,1,1,0,0,32,1,1,2,1,1,1,28.1085,357.4542758616538,38.2,80196,7.1,2.7,70.57801021043456,17.06924951527118,3.940160449686038,2.9002259103118275,0.5671758715236976,0.1519780650215433,0.06110458284371328,0.026635330983157072,1,488,5,1.7016254104290031e-6,1.1660740054093254e-24,2.3048914129312328e-18
179964,William Woods University,MO,27620,1,4,0,0,1,0,3,1,2,1,0,0,4,2,2,3,1,2,1,1.50437,66.92901877396369,31.1,74030,7.5,2.1,84.30372847105433,6.338201373332359,3.2897491973384207,0.8182827362949275,0.5698689956331878,0.14483260553129548,0.09534206695778748,0.011644832605531296,1,262,4,0.036588272902580495,0.015520940385590454,0.05061005550954005
180081,Highlands College of Montana Tech,MT,15580,2,7,1,1,0,0,0,0,3,1,0,0,2,0,1,2,0,0,2,0.35785,49.840541926558885,28,61754,7.6,2.5,89.14070141120581,0.05309487215313679,4.622048344278329,0.39401984071538354,0.7834549878345499,0.0024330900243309003,0.051094890510948905,0.014598540145985401,0,85,4,0.022802054892101544,9.85552427037415e-4,0.04216259947861016
180106,Carroll College,MT,25740,1,7,0,0,1,2,1,1,2,1,0,0,2,2,1,0,0,0,0,0.93906,14.887431258233464,40.2,78528,3.8,2.1,88.90805699316337,0.4323472408578792,3.7857005942112325,0.4515153451323664,0.7792207792207793,0.006493506493506494,0.07421150278293136,0.011131725417439703,0,231,4,0.019575578241018538,1.3675081626168776e-7,9.750216526378797e-4
180179,Montana State University Billings,MT,13740,1,7,1,0,1,2,1,0,2,1,0,0,3,0,1,2,0,2,2,1.89255,29.2158492882374,34.1,77194,6.3,2.2,84.23079971467068,0.4184829991281604,6.234973976909461,0.6552006552006553,0.7539975399753998,0.007380073800738007,0.07995079950799508,0.01107011070110701,0,57,4,0.02394900920578815,0.00582966352422037,0.03318207228089368
180197,Flathead Valley Community College,MT,28060,2,7,1,1,1,0,0,0,1,1,0,0,1,0,1,2,1,2,3,1.10695,21.759077885715698,37.2,73925,5.3,1.8,90.04020055106373,0.21319842811328427,3.682189800804011,0.8410497312435069,0.7918112421929215,0.006245662734212352,0.04580152671755725,0.01734906315058987,0,270,4,0.012453782274307781,1.7360330552465276e-6,0.2073193669907217
180249,Great Falls College Montana State University,MT,24500,1,7,1,1,1,2,0,0,6,0,0,0,2,0,2,3,0,2,3,0.84606,31.356395511733844,28.4,67690,7.5,1.9,82.37477247476538,1.3025080963525046,5.283313240195731,0.9940193366900693,0.7479061976549414,0.006700167504187605,0.06197654941373534,0.01256281407035176,0,213,4,0.005279219117055804,1.3715057125656109e-5,0.2417332348662126
180258,University of Providence,MT,24500,1,7,0,0,0,2,2,1,6,1,0,0,2,2,2,2,0,2,1,0.84606,31.356395511733844,28.4,67690,7.5,1.9,82.37477247476538,1.3025080963525046,5.283313240195731,0.9940193366900693,0.7175792507204611,0.04755043227665706,0.03890489913544669,0.04899135446685879,0,213,4,0.005279219117055804,1.3715057125656109e-5,0.2417332348662126
180276,Helena College University of Montana,MT,25740,1,7,1,1,1,2,0,0,2,0,0,0,2,0,1,2,1,1,3,0.93906,14.887431258233464,40.2,78528,3.8,2.1,88.90805699316337,0.4323472408578792,3.7857005942112325,0.4515153451323664,0.7568922305764411,0.010025062656641603,0.05889724310776942,0.006265664160401002,0,231,4,0.019575578241018538,1.3675081626168776e-7,9.750216526378797e-4
180416,Montana Technological University,MT,15580,2,7,1,0,1,0,1,0,7,1,1,0,2,1,1,1,0,1,0,0.35785,49.840541926558885,28,61754,7.6,2.5,89.14070141120581,0.05309487215313679,4.622048344278329,0.39401984071538354,0.8110599078341014,0.014483212639894667,0.04805793285055958,0.013824884792626729,0,85,4,0.022802054892101544,9.85552427037415e-4,0.04216259947861016
180461,Montana State University,MT,14580,1,7,1,0,3,2,3,0,1,1,3,0,1,1,1,1,0,0,1,1.24074,47.62270395122474,54.3,93528,3.8,1.6,87.54855973048342,0.44731369988877606,5.366152457404453,1.24119477086255,0.8396275556713114,0.004753223075921344,0.05840604245344446,0.01061336111472848,0,72,4,0.11796722485372037,0.18859905976508057,0.052155217353583846
180595,Rocky Mountain College,MT,13740,1,7,0,0,1,2,3,1,2,1,0,0,3,2,2,0,0,0,0,1.89255,29.2158492882374,34.1,77194,6.3,2.2,84.23079971467068,0.4184829991281604,6.234973976909461,0.6552006552006553,0.7146282973621103,0.049160671462829736,0.07553956834532374,0.002398081534772182,0,57,4,0.02394900920578815,0.00582966352422037,0.03318207228089368
180814,Bellevue University,NE,36540,1,4,0,0,3,1,2,0,2,1,0,0,11,0,2,3,1,3,2,9.82064,225.9871860169547,39.3,84829,6.6,2.4,72.39222698317013,7.162364163639029,12.274963749816713,3.2981557210120727,0.48855763174469874,0.17055077332213592,0.16425222198894254,0.03219259570298831,2,409,4,0.006513395337160021,0.0408877086277386,0.23725932993620447
180902,Central Community College,NE,24260,1,4,1,1,2,2,0,0,2,1,0,0,1,0,1,3,1,2,3,0.76794,47.88870207798694,21.5,69704,10.2,2.4,66.12625986405189,2.7410995650701877,27.26254655311613,0.8672552543167434,0.614542064786763,0.04008389652761594,0.31694243766021907,0.00932183640177115,1,209,4,0.014568519473266255,0.017390082731372648,0.20220836998535133
181002,Creighton University,NE,36540,1,4,0,0,2,2,3,1,2,1,2,0,11,1,1,1,1,0,0,9.82064,225.9871860169547,39.3,84829,6.6,2.4,72.39222698317013,7.162364163639029,12.274963749816713,3.2981557210120727,0.6817570596145226,0.027566113850291347,0.10354101299865531,0.0849394890183774,0,409,4,0.006513395337160021,0.0408877086277386,0.23725932993620447
181127,Hastings College,NE,25580,2,4,0,0,0,0,1,1,2,1,0,0,1,2,1,0,0,0,0,0.40507,23.681898546103273,27.7,69510,8,1.5,83.48680474979633,1.2071987557706074,11.501715752832844,0.8146740069617597,0.6353421859039836,0.05515832482124617,0.118488253319714,0.013278855975485188,1,229,4,0.10227144184542343,0.07343035260104329,3.1743019437319766e-4
181215,University of Nebraska at Kearney,NE,28260,2,4,1,0,2,0,2,0,2,1,1,0,1,1,2,2,0,1,1,0.57292,38.595052477967805,34.4,76109,5.5,1.7,84.57725336870767,0.6859596453257,10.200377015988272,1.4975912867416044,0.7291156159501002,0.026732011583871687,0.15192693250167075,0.008019603475161506,0,274,4,0.0475194592377459,0.18532346730303204,0.16848933954148781
181297,Nebraska Methodist College of Nursing & Allied Health,NE,36540,1,4,0,0,1,2,3,1,6,1,0,0,11,2,2,2,0,3,1,9.82064,225.9871860169547,39.3,84829,6.6,2.4,72.39222698317013,7.162364163639029,12.274963749816713,3.2981557210120727,0.7367773677736777,0.07134071340713408,0.0984009840098401,0.03198031980319803,0,409,4,0.006513395337160021,0.0408877086277386,0.23725932993620447
181303,Metropolitan Community College Area,NE,36540,1,4,1,1,3,2,0,0,1,0,0,0,11,0,1,2,1,2,3,9.82064,225.9871860169547,39.3,84829,6.6,2.4,72.39222698317013,7.162364163639029,12.274963749816713,3.2981557210120727,0.45930968967701075,0.13766624445851805,0.18286890436985434,0.031665611146295125,2,409,4,0.006513395337160021,0.0408877086277386,0.23725932993620447
181312,Mid-Plains Community College,NE,35820,2,4,1,1,1,0,0,0,1,1,0,0,1,0,1,2,1,1,3,0.34575,11.029222719974715,22.7,65430,7,2.3,86.04193781634129,0.8329718004338394,9.11352133044107,0.6420824295010846,0.7373472949389179,0.031413612565445025,0.10907504363001745,0.006108202443280977,0,399,4,0.01245369179844395,7.243726366321056e-7,0.20731960498198637
181330,Midland University,NE,23340,2,4,0,0,1,0,1,1,2,1,0,0,1,2,1,0,1,0,1,0.37351,70.62758652652091,22,74329,7.9,2.3,77.51331958983695,0.48726941715081257,18.018259216620706,0.4604963722524163,0.5590304925723222,0.08209538702111024,0.1641907740422205,0.017982799061767005,1,196,4,0.11084767574676621,0.08684440488790651,0.016947680342801266
181394,University of Nebraska at Omaha,NE,36540,1,4,1,0,3,2,3,0,1,1,2,0,11,1,2,2,1,1,1,9.82064,225.9871860169547,39.3,84829,6.6,2.4,72.39222698317013,7.162364163639029,12.274963749816713,3.2981557210120727,0.606242774566474,0.07930635838150289,0.16971098265895954,0.05171483622350674,1,409,4,0.006513395337160021,0.0408877086277386,0.23725932993620447
181446,Nebraska Wesleyan University,NE,30700,1,4,0,0,1,2,1,1,1,1,0,0,7,1,2,1,1,0,0,3.44337,244.3857166174428,41.4,75049,6.8,2.2,78.6665388848715,3.5671449771590042,8.218402320982062,3.883985746521576,0.7368421052631579,0.04086687306501548,0.10835913312693499,0.022291021671826627,0,318,4,0.041064451131137956,1.3150649927514207e-6,0.014219441002165656
181464,University of Nebraska-Lincoln,NE,30700,1,4,1,0,4,2,3,0,2,1,3,0,7,1,1,1,0,0,0,3.44337,244.3857166174428,41.4,75049,6.8,2.2,78.6665388848715,3.5671449771590042,8.218402320982062,3.883985746521576,0.7564579405920415,0.030519182758445,0.09252560248637082,0.040250675090436644,0,318,4,0.041064451131137956,1.3150649927514207e-6,0.014219441002165656
181491,Northeast Community College,NE,35740,2,4,1,1,2,0,0,0,2,1,0,0,1,0,1,2,0,2,3,0.48653,30.920372297835733,23.8,65968,7.3,1.7,81.10702320514666,0.6474420899019587,13.156434341150597,1.0852362649785214,0.7269478198713367,0.016082916368834882,0.16547533952823446,0.006433166547533953,0,398,4,0.012453681440410218,8.799334223131886e-7,0.207319612510138
181640,Southeast Community College Area,NE,30700,1,4,1,1,3,2,0,0,2,1,0,0,7,0,1,2,0,2,3,3.44337,244.3857166174428,41.4,75049,6.8,2.2,78.6665388848715,3.5671449771590042,8.218402320982062,3.883985746521576,0.689056884372289,0.07150824141777172,0.1344652373280456,0.03284173999256414,0,318,4,0.041064451131137956,1.3150649927514207e-6,0.014219441002165656
181817,Western Nebraska Community College,NE,42420,2,4,1,1,1,0,0,0,2,1,0,0,2,0,1,2,1,2,2,0.36585,24.62542835354085,27.2,63838,8.8,1.7,70.99084324176576,0.5521388547218805,23.588902555692222,0.6532731993986607,0.5394378966455122,0.02901178603807797,0.28195829555757024,0.013599274705349048,1,507,4,0.012690927142813169,0.0019506995888170064,0.20674628660590194
182005,College of Southern Nevada,NV,29820,1,8,1,0,4,2,0,0,2,0,0,1,13,0,2,3,1,3,3,23.29548,295.19108147261124,27.8,76472,9.7,4.8,38.26918354977017,11.531206912242203,31.854892021971644,10.494095850353803,0.23985706605951365,0.11396768175062455,0.4184296240078424,0.08762609493090472,3,306,2,0.053126439882979104,0.759081726701098,1.7670920001988555e-20
182281,University of Nevada-Las Vegas,NV,29820,1,8,1,0,4,2,3,0,1,1,3,1,13,1,2,2,1,1,1,23.29548,295.19108147261124,27.8,76472,9.7,4.8,38.26918354977017,11.531206912242203,31.854892021971644,10.494095850353803,0.22750305137404297,0.09324259348300477,0.35229500314383994,0.15519473314347007,3,306,2,0.053126439882979104,0.759081726701098,1.7670920001988555e-20
182290,University of Nevada-Reno,NV,39900,1,8,1,0,4,2,3,0,1,1,3,0,3,2,1,1,1,1,1,5.6302,65.59920151911433,32.2,87485,7,3.4,59.947959219921145,2.191218784412632,25.257894923803768,5.122020532130297,0.512881396177134,0.032826783806244805,0.2471209782737742,0.07930666033479758,1,462,2,0.08172440263281407,0.726768251715324,0.005684114457806104
182306,Great Basin College,NV,21220,2,8,1,0,1,0,0,0,2,1,0,0,1,0,1,3,0,3,3,0.55632,2.605837585637978,17.8,85882,5.7,2.9,61.71088582111015,0.7693413862525166,25.43320391141789,1.4829594477998274,0.5745182854895793,0.04364923318914668,0.23712151002752654,0.019268580416830515,1,167,4,0.013498218967154025,0.008582111332036872,0.20479559775623538
182500,Truckee Meadows Community College,NV,39900,1,8,1,0,3,2,0,0,2,0,0,1,3,0,1,3,0,2,3,5.6302,65.59920151911433,32.2,87485,7,3.4,59.947959219921145,2.191218784412632,25.257894923803768,5.122020532130297,0.4643761700253276,0.026759167492566897,0.3660389824909151,0.053518334985133795,2,462,2,0.08172440263281407,0.726768251715324,0.005684114457806104
182564,Western Nevada College,NV,16180,1,8,1,0,1,2,0,0,1,0,0,1,1,0,1,2,0,2,3,0.58384,403.9464439380558,23.7,72355,7.1,3.2,62.12318443409153,1.6802548643463964,26.351397643189916,2.409906823787339,0.52263701350278,0.025416997617156472,0.3089753772835584,0.024225575853852262,1,92,4,0.053112261797807085,0.3343147073493901,0.10905402442436847
182670,Dartmouth College,NH,30150,2,1,0,0,2,0,3,0,1,1,3,0,4,3,1,0,0,0,0,2.23586,57.2911579905426,41.3,83269,6.1,2,90.18811553496194,0.7469161754313777,2.439777088010877,1.8391133613016915,0.4713089646722483,0.06085358382683276,0.09699816214008576,0.13845211353890136,2,310,4,0.060642478589192306,0.13797886318444405,0.04790621119653561
182980,New England College,NH,18180,2,1,0,0,1,0,2,0,2,1,0,0,4,1,2,2,1,2,0,1.55967,167.18671115457596,38.9,97004,4.1,2,90.12226945443588,1.5843095013688795,2.7422467573268707,1.511858277712593,0.554806070826307,0.09359190556492411,0.10033726812816189,0.016020236087689713,1,124,4,0.02316786378296584,0.07076049912223455,0.12650429955675818
183026,Southern New Hampshire University,NH,18180,2,1,0,0,4,1,2,0,2,1,0,0,4,1,2,3,1,3,3,1.55967,167.18671115457596,38.9,97004,4.1,2,90.12226945443588,1.5843095013688795,2.7422467573268707,1.511858277712593,0.5067063146697611,0.18681945653225027,0.14804177545691907,0.021791896334977277,1,124,4,0.02316786378296584,0.07076049912223455,0.12650429955675818
183044,University of New Hampshire-Main Campus,NH,14460,1,1,1,0,3,0,2,0,1,1,3,0,57,1,1,1,1,0,0,49.53354,1420.8683029995955,51.9,115863,5.8,3.4,65.49976036439148,6.80936593669663,12.399255130967825,8.73012508292361,0.8528629066872693,0.008069362177010903,0.042063696454631296,0.026611726328440208,0,69,1,0.842611452213971,5.2969969450076396e-5,3.4812296071243284e-25
183062,Keene State College,NH,28300,2,1,1,0,1,0,1,0,2,1,0,0,2,1,1,0,1,0,0,0.77297,109.37603443726191,35.5,83329,4.4,2.1,91.42010686055086,0.6830795503059628,2.6003596517329264,0.8693739731166797,0.842586085734364,0.01932536893886156,0.05165144061841181,0.013352073085031623,0,275,4,0.11063643748917773,0.08651153217817124,0.01653837685717658
183071,University of New Hampshire at Manchester,NH,31700,1,1,1,0,0,2,1,0,1,0,0,0,7,1,1,1,1,2,1,4.26378,486.43445550820934,41.5,103545,4.3,2.2,80.05595973525838,2.239796612395574,8.540309303012819,4.300878563152883,0.7657580919931857,0.028960817717206135,0.07666098807495741,0.03747870528109029,0,336,4,0.022807555920802542,0.004029932023432232,0.04702304092559076
183141,Nashua Community College,NH,31700,1,1,1,1,1,2,0,0,2,0,0,0,7,0,1,2,1,3,3,4.26378,486.43445550820934,41.5,103545,4.3,2.2,80.05595973525838,2.239796612395574,8.540309303012819,4.300878563152883,0.5890138980807412,0.05890138980807412,0.23759099933818664,0.04301786896095301,1,336,4,0.022807555920802542,0.004029932023432232,0.04702304092559076
183488,Eastwick College-Hackensack,NJ,35620,1,2,2,0,1,1,0,0,5,0,0,0,217,0,3,0,1,3,2,197.98537,3224.7177117071606,44.2,99155,9.3,4.4,42.798960347423645,14.856779569116647,25.709157196817117,11.900338898778227,0.45215100965759436,0.2844600526777875,0.2177348551360843,0.019315188762071993,2,396,1,0.9999999998954081,3.009904373621305e-11,8.301191742903615e-141
183655,Atlantic Cape Community College,NJ,12100,1,2,1,1,1,0,0,0,2,0,0,1,2,0,3,3,1,3,2,3.71211,459.9325046302354,33.8,82105,8.7,4.9,61.63718208781529,10.247810544407358,17.278313412048675,5.954026146854485,0.41367521367521365,0.14320987654320988,0.2740740740740741,0.062108262108262105,2,35,2,0.19866530223098047,0.4895479060015255,0.0033679841569298876
183743,Bergen Community College,NJ,35620,1,2,1,1,3,1,0,0,1,0,0,1,217,0,2,2,1,2,2,197.98537,3224.7177117071606,44.2,99155,9.3,4.4,42.798960347423645,14.856779569116647,25.709157196817117,11.900338898778227,0.26746037764465,0.07401228482596496,0.4283764313338894,0.08826874952604838,2,396,1,0.9999999998954081,3.009904373621305e-11,8.301191742903615e-141
183789,Berkeley College-Woodland Park,NJ,35620,1,2,2,0,1,1,1,0,2,0,0,0,217,0,3,3,1,3,2,197.98537,3224.7177117071606,44.2,99155,9.3,4.4,42.798960347423645,14.856779569116647,25.709157196817117,11.900338898778227,0.0700280112044818,0.13525410164065627,0.3789515806322529,0.011204481792717087,3,396,1,0.9999999998954081,3.009904373621305e-11,8.301191742903615e-141
183822,Bloomfield College of Montclair State University,NJ,35620,1,2,1,0,0,1,1,0,4,1,0,1,217,2,3,1,1,1,1,197.98537,3224.7177117071606,44.2,99155,9.3,4.4,42.798960347423645,14.856779569116647,25.709157196817117,11.900338898778227,0.07523510971786834,0.47439916405433646,0.322884012539185,0.035527690700104496,3,396,1,0.9999999998954081,3.009904373621305e-11,8.301191742903615e-141
183859,Brookdale Community College,NJ,35620,1,2,1,1,2,1,0,0,2,0,0,0,217,0,1,1,0,1,2,197.98537,3224.7177117071606,44.2,99155,9.3,4.4,42.798960347423645,14.856779569116647,25.709157196817117,11.900338898778227,0.5342548683281203,0.09252345878317021,0.24104530319846634,0.03854303299364343,1,396,1,0.9999999998954081,3.009904373621305e-11,8.301191742903615e-141
183910,Caldwell University,NJ,35620,1,2,0,0,1,1,2,1,2,1,0,1,217,2,2,0,1,0,0,197.98537,3224.7177117071606,44.2,99155,9.3,4.4,42.798960347423645,14.856779569116647,25.709157196817117,11.900338898778227,0.22823218997361477,0.18073878627968337,0.3054089709762533,0.03496042216358839,3,396,1,0.9999999998954081,3.009904373621305e-11,8.301191742903615e-141
183938,Camden County College,NJ,37980,1,2,1,1,2,1,0,0,2,0,0,0,65,0,2,2,1,3,2,62.72014,1362.526683049549,42.2,91289,8.2,3.9,58.452962636881864,19.472628728188425,10.764708114490816,6.472657745980796,0.3282373074729036,0.2244152880775813,0.2896748431260696,0.04324015972618368,2,432,4,2.6951417364527627e-4,9.237153694531293e-16,1.990244638474015e-45
183974,Centenary University,NJ,10900,1,2,0,0,1,1,2,1,2,1,0,0,14,1,2,1,1,1,0,8.73603,601.2331455197686,33.5,84587,6.9,3.5,67.92536197792361,5.483612121295371,19.93228045233361,3.05619371728348,0.6338028169014085,0.07645875251509054,0.193158953722334,0.01710261569416499,1,15,4,0.12580632948112416,0.0015525911227286064,1.3698953720050149e-26
184180,County College of Morris,NJ,35620,1,2,1,1,2,1,0,0,2,0,0,0,217,0,1,2,0,2,2,197.98537,3224.7177117071606,44.2,99155,9.3,4.4,42.798960347423645,14.856779569116647,25.709157196817117,11.900338898778227,0.44179651695692024,0.06080048884815154,0.29483654139932786,0.056675832569508096,2,396,1,0.9999999998954081,3.009904373621305e-11,8.301191742903615e-141
184205,Rowan College of South Jersey-Cumberland Campus,NJ,47220,1,2,1,1,1,2,0,0,1,0,0,1,1,0,2,3,0,2,2,1.53305,317.15220715035497,18.9,67436,12.3,3.9,40.94517465183784,16.4312970875053,35.74834480284401,1.4357000750138613,0.3447452229299363,0.15644904458598727,0.37579617834394907,0.020302547770700636,2,579,2,0.08899279899969005,0.6293408270198405,0.02233625860685911
184348,Drew University,NJ,35620,1,2,0,0,1,1,3,1,1,1,0,0,217,2,1,0,0,0,0,197.98537,3224.7177117071606,44.2,99155,9.3,4.4,42.798960347423645,14.856779569116647,25.709157196817117,11.900338898778227,0.5944372574385511,0.10090556274256145,0.05109961190168176,0.03880983182406209,1,396,1,0.9999999998954081,3.009904373621305e-11,8.301191742903615e-141
184603,Fairleigh Dickinson University-Metropolitan Campus,NJ,35620,1,2,0,0,2,1,3,0,1,1,0,1,217,1,1,1,1,1,2,197.98537,3224.7177117071606,44.2,99155,9.3,4.4,42.798960347423645,14.856779569116647,25.709157196817117,11.900338898778227,0.21158940397350992,0.10662251655629139,0.3251655629139073,0.04768211920529802,3,396,1,0.9999999998954081,3.009904373621305e-11,8.301191742903615e-141
184612,Felician University,NJ,35620,1,2,0,0,1,1,1,1,6,1,0,1,217,0,3,1,1,1,1,197.98537,3224.7177117071606,44.2,99155,9.3,4.4,42.798960347423645,14.856779569116647,25.709157196817117,11.900338898778227,0.2306910569105691,0.19308943089430894,0.41615853658536583,0.05894308943089431,3,396,1,0.9999999998954081,3.009904373621305e-11,8.301191742903615e-141
184694,Fairleigh Dickinson University-Florham Campus,NJ,35620,1,2,0,0,1,1,3,0,1,1,0,0,217,1,2,1,1,0,0,197.98537,3224.7177117071606,44.2,99155,9.3,4.4,42.798960347423645,14.856779569116647,25.709157196817117,11.900338898778227,0.4897959183673469,0.11758989310009718,0.2657920310981535,0.04907677356656948,2,396,1,0.9999999998954081,3.009904373621305e-11,8.301191742903615e-141
184773,Georgian Court University,NJ,35620,1,2,0,0,1,2,2,1,2,1,0,0,217,1,2,1,1,1,2,197.98537,3224.7177117071606,44.2,99155,9.3,4.4,42.798960347423645,14.856779569116647,25.709157196817117,11.900338898778227,0.5987654320987654,0.11882716049382716,0.11496913580246913,0.02546296296296296,1,396,1,0.9999999998954081,3.009904373621305e-11,8.301191742903615e-141
184782,Rowan University,NJ,37980,1,2,1,0,4,1,3,0,1,1,2,0,65,1,2,2,0,1,1,62.72014,1362.526683049549,42.2,91289,8.2,3.9,58.452962636881864,19.472628728188425,10.764708114490816,6.472657745980796,0.614117791110567,0.1149136769927758,0.1419125749969389,0.059568997183788414,1,432,4,2.6951417364527627e-4,9.237153694531293e-16,1.990244638474015e-45
184791,Rowan College of South Jersey-Gloucester Campus,NJ,37980,1,2,1,1,2,1,0,0,2,0,0,0,65,0,2,2,0,2,2,62.72014,1362.526683049549,42.2,91289,8.2,3.9,58.452962636881864,19.472628728188425,10.764708114490816,6.472657745980796,0.5617935890309431,0.13711321104317215,0.1204372799703539,0.029275523438947564,1,432,4,2.6951417364527627e-4,9.237153694531293e-16,1.990244638474015e-45
184959,Eastwick College-Ramsey,NJ,35620,1,2,2,0,1,1,0,0,3,0,0,0,217,0,2,0,1,3,2,197.98537,3224.7177117071606,44.2,99155,9.3,4.4,42.798960347423645,14.856779569116647,25.709157196817117,11.900338898778227,0.2504655493482309,0.32774674115456237,0.31471135940409684,0.08007448789571694,3,396,1,0.9999999998954081,3.009904373621305e-11,8.301191742903615e-141
184995,Hudson County Community College,NJ,35620,1,2,1,1,2,2,0,0,2,0,0,1,217,0,3,2,1,3,2,197.98537,3224.7177117071606,44.2,99155,9.3,4.4,42.798960347423645,14.856779569116647,25.709157196817117,11.900338898778227,0.09752411949320004,0.13483668487736836,0.5351621527374172,0.06904568173892828,3,396,1,0.9999999998954081,3.009904373621305e-11,8.301191742903615e-141
185262,Kean University,NJ,35620,1,2,1,0,3,1,2,0,2,1,2,1,217,1,2,2,1,2,1,197.98537,3224.7177117071606,44.2,99155,9.3,4.4,42.798960347423645,14.856779569116647,25.709157196817117,11.900338898778227,0.25182571592680725,0.20456223845080823,0.36358414704192993,0.04718142282760318,3,396,1,0.9999999998954081,3.009904373621305e-11,8.301191742903615e-141
185509,Mercer County Community College,NJ,45940,1,2,1,1,2,0,0,0,2,0,0,1,5,0,2,2,1,2,3,3.85864,1718.911760098814,45.4,100645,6.9,4.1,42.73293181017146,17.907604751933324,23.09077809798271,12.32377210623432,0.3008957036587217,0.20783361165932898,0.26233490207985427,0.061181114316077125,2,560,2,0.33065302461853796,0.6320385949246109,1.934093933695826e-5
185536,Middlesex College,NJ,35620,1,2,1,1,3,1,0,0,1,0,0,1,217,0,2,2,1,1,2,197.98537,3224.7177117071606,44.2,99155,9.3,4.4,42.798960347423645,14.856779569116647,25.709157196817117,11.900338898778227,0.2078646189963807,0.12755551208060256,0.3965567837229776,0.14154357820600608,3,396,1,0.9999999998954081,3.009904373621305e-11,8.301191742903615e-141
185572,Monmouth University,NJ,35620,1,2,0,0,1,1,3,0,2,1,1,0,217,1,2,1,1,0,0,197.98537,3224.7177117071606,44.2,99155,9.3,4.4,42.798960347423645,14.856779569116647,25.709157196817117,11.900338898778227,0.6896638233818364,0.05268439538384345,0.17385850476668338,0.02132463622679378,0,396,1,0.9999999998954081,3.009904373621305e-11,8.301191742903615e-141
185590,Montclair State University,NJ,35620,1,2,1,0,4,1,3,0,1,1,2,1,217,1,2,1,1,1,0,197.98537,3224.7177117071606,44.2,99155,9.3,4.4,42.798960347423645,14.856779569116647,25.709157196817117,11.900338898778227,0.32897078839912053,0.13087634802638468,0.3859281750602031,0.061721285729243014,2,396,1,0.9999999998954081,3.009904373621305e-11,8.301191742903615e-141
185721,Eastwick College-Nutley,NJ,35620,1,2,2,1,0,1,0,0,3,0,0,0,217,0,3,0,1,3,2,197.98537,3224.7177117071606,44.2,99155,9.3,4.4,42.798960347423645,14.856779569116647,25.709157196817117,11.900338898778227,0.2030812324929972,0.16666666666666666,0.572829131652661,0.03081232492997199,3,396,1,0.9999999998954081,3.009904373621305e-11,8.301191742903615e-141
185828,New Jersey Institute of Technology,NJ,35620,1,2,1,0,3,2,3,0,7,1,3,1,217,2,2,1,1,1,1,197.98537,3224.7177117071606,44.2,99155,9.3,4.4,42.798960347423645,14.856779569116647,25.709157196817117,11.900338898778227,0.3004714959279897,0.1034076296613802,0.27989712816116585,0.20970852978996998,2,396,1,0.9999999998954081,3.009904373621305e-11,8.301191742903615e-141
185873,Ocean County College,NJ,35620,1,2,1,1,2,1,0,0,1,0,0,0,217,0,1,2,1,2,2,197.98537,3224.7177117071606,44.2,99155,9.3,4.4,42.798960347423645,14.856779569116647,25.709157196817117,11.900338898778227,0.6427474521848388,0.0636604774535809,0.20982828423844757,0.0262459863185816,1,396,1,0.9999999998954081,3.009904373621305e-11,8.301191742903615e-141
186034,Passaic County Community College,NJ,35620,1,2,1,1,1,1,0,0,1,0,0,1,217,0,3,1,0,2,2,197.98537,3224.7177117071606,44.2,99155,9.3,4.4,42.798960347423645,14.856779569116647,25.709157196817117,11.900338898778227,0.14068177885447308,0.11437965045855684,0.6335006056411144,0.05087385360789064,3,396,1,0.9999999998954081,3.009904373621305e-11,8.301191742903615e-141
186131,Princeton University,NJ,45940,1,2,0,0,2,2,3,0,1,1,3,0,5,3,1,0,0,0,0,3.85864,1718.911760098814,45.4,100645,6.9,4.1,42.73293181017146,17.907604751933324,23.09077809798271,12.32377210623432,0.3596956829440906,0.08616418966737438,0.0983722576079264,0.23637650389242745,2,560,2,0.33065302461853796,0.6320385949246109,1.934093933695826e-5
186201,Ramapo College of New Jersey,NJ,35620,1,2,1,0,2,1,2,0,1,1,0,0,217,2,1,1,1,1,1,197.98537,3224.7177117071606,44.2,99155,9.3,4.4,42.798960347423645,14.856779569116647,25.709157196817117,11.900338898778227,0.5458120330318521,0.06449075894612662,0.25009830908375935,0.10361777428234369,1,396,1,0.9999999998954081,3.009904373621305e-11,8.301191742903615e-141
186283,Rider University,NJ,45940,1,2,0,0,1,1,2,0,2,1,0,0,5,1,2,1,1,0,0,3.85864,1718.911760098814,45.4,100645,6.9,4.1,42.73293181017146,17.907604751933324,23.09077809798271,12.32377210623432,0.5319148936170213,0.14144441114773748,0.19508540605334132,0.04824692837878334,1,560,2,0.33065302461853796,0.6320385949246109,1.934093933695826e-5
186371,Rutgers University-Camden,NJ,37980,1,2,1,0,2,2,3,0,2,1,2,0,65,2,2,2,1,2,1,62.72014,1362.526683049549,42.2,91289,8.2,3.9,58.452962636881864,19.472628728188425,10.764708114490816,6.472657745980796,0.3777987273155786,0.19349516851284468,0.2253122790478435,0.12609003063869903,2,432,4,2.6951417364527627e-4,9.237153694531293e-16,1.990244638474015e-45
186380,Rutgers University-New Brunswick,NJ,35620,1,2,1,0,4,2,3,0,1,1,3,0,217,2,1,1,1,0,0,197.98537,3224.7177117071606,44.2,99155,9.3,4.4,42.798960347423645,14.856779569116647,25.709157196817117,11.900338898778227,0.3154329572966569,0.07033946324627827,0.15909442126410137,0.3277958069334982,2,396,1,0.9999999998954081,3.009904373621305e-11,8.301191742903615e-141
186399,Rutgers University-Newark,NJ,35620,1,2,1,0,3,2,3,0,2,1,2,1,217,2,3,1,1,1,1,197.98537,3224.7177117071606,44.2,99155,9.3,4.4,42.798960347423645,14.856779569116647,25.709157196817117,11.900338898778227,0.20424796245986662,0.19733267473450233,0.3560138305754507,0.17955050629785133,3,396,1,0.9999999998954081,3.009904373621305e-11,8.301191742903615e-141
186432,Saint Peter's University,NJ,35620,1,2,0,0,1,2,3,1,1,1,0,1,217,1,3,2,0,1,1,197.98537,3224.7177117071606,44.2,99155,9.3,4.4,42.798960347423645,14.856779569116647,25.709157196817117,11.900338898778227,0.2633317602642756,0.1750825861255309,0.3954695611137329,0.06890042472864559,3,396,1,0.9999999998954081,3.009904373621305e-11,8.301191742903615e-141
186469,Salem Community College,NJ,37980,1,2,1,1,1,1,0,0,2,0,0,0,65,0,2,2,0,3,2,62.72014,1362.526683049549,42.2,91289,8.2,3.9,58.452962636881864,19.472628728188425,10.764708114490816,6.472657745980796,0.4229452054794521,0.2876712328767123,0.13184931506849315,0.016267123287671232,2,432,4,2.6951417364527627e-4,9.237153694531293e-16,1.990244638474015e-45
186584,Seton Hall University,NJ,35620,1,2,0,0,2,1,3,1,1,1,2,0,217,2,2,1,1,0,0,197.98537,3224.7177117071606,44.2,99155,9.3,4.4,42.798960347423645,14.856779569116647,25.709157196817117,11.900338898778227,0.42953235105701476,0.11995515695067265,0.27226137091607944,0.0952914798206278,2,396,1,0.9999999998954081,3.009904373621305e-11,8.301191742903615e-141
186645,Raritan Valley Community College,NJ,35620,1,2,1,1,2,0,0,0,2,0,0,1,217,0,1,2,1,2,2,197.98537,3224.7177117071606,44.2,99155,9.3,4.4,42.798960347423645,14.856779569116647,25.709157196817117,11.900338898778227,0.3927372596887397,0.13564235581324383,0.30332621299969487,0.06393042416844676,2,396,1,0.9999999998954081,3.009904373621305e-11,8.301191742903615e-141
186876,Stockton University,NJ,12100,1,2,1,0,2,0,2,0,1,1,0,0,2,1,2,1,1,1,0,3.71211,459.9325046302354,33.8,82105,8.7,4.9,61.63718208781529,10.247810544407358,17.278313412048675,5.954026146854485,0.5751775610930541,0.10111953773925605,0.19597929457084387,0.07391356687131335,1,35,2,0.19866530223098047,0.4895479060015255,0.0033679841569298876
187046,Thomas Edison State University,NJ,45940,1,2,1,0,2,2,2,0,1,0,0,0,5,0,1,3,0,3,3,3.85864,1718.911760098814,45.4,100645,6.9,4.1,42.73293181017146,17.907604751933324,23.09077809798271,12.32377210623432,0.43772836412986743,0.14907610397745066,0.15794968159515607,0.04321954274976511,2,560,2,0.33065302461853796,0.6320385949246109,1.934093933695826e-5
187134,The College of New Jersey,NJ,45940,1,2,1,0,2,1,2,0,1,1,1,0,5,2,1,1,1,0,0,3.85864,1718.911760098814,45.4,100645,6.9,4.1,42.73293181017146,17.907604751933324,23.09077809798271,12.32377210623432,0.5835908963191908,0.05970778308513627,0.1846024164091037,0.1042427648215791,1,560,2,0.33065302461853796,0.6320385949246109,1.934093933695826e-5
187198,"UCNJ Union College of Union County, New Jersey",NJ,35620,1,2,1,1,2,1,0,0,2,0,0,1,217,0,2,2,1,3,2,197.98537,3224.7177117071606,44.2,99155,9.3,4.4,42.798960347423645,14.856779569116647,25.709157196817117,11.900338898778227,0.13638182909745847,0.29977986792075245,0.45657394436661997,0.03922353412047228,3,396,1,0.9999999998954081,3.009904373621305e-11,8.301191742903615e-141
187444,William Paterson University of New Jersey,NJ,35620,1,2,1,0,2,1,2,0,1,1,1,1,217,1,2,3,1,3,1,197.98537,3224.7177117071606,44.2,99155,9.3,4.4,42.798960347423645,14.856779569116647,25.709157196817117,11.900338898778227,0.32378371402761646,0.20028390760098078,0.33436572460962705,0.06968641114982578,2,396,1,0.9999999998954081,3.009904373621305e-11,8.301191742903615e-141
187532,Central New Mexico Community College,NM,10740,1,6,1,1,3,2,0,0,1,0,0,1,7,0,1,3,0,3,3,9.21482,99.26159490863428,35.6,70783,10.5,3.3,37.336486225449875,2.379970525740058,48.470398770675935,2.357506712013908,0.2459091324618338,0.02980162720541183,0.5459365572721455,0.018877411097906572,3,13,2,0.030196897705472004,0.9464690266062249,1.3785055435389198e-9
187620,New Mexico State University-Dona Ana,NM,29740,1,6,1,1,2,2,0,0,1,0,0,1,2,0,2,3,1,2,2,2.24266,58.890618897570306,31.7,56848,18.5,3.9,26.699544291154254,1.350628271784399,67.86628378800175,1.1490818938225142,0.18231046931407943,0.018050541516245487,0.7225139481457171,0.008204791598293404,3,304,2,0.0676085239429914,0.7507375651411236,1.83666908650801e-4
187639,Clovis Community College,NM,17580,2,6,1,1,1,0,0,0,1,0,0,1,2,0,2,3,1,3,3,0.66566,17.282801001075796,22.7,55690,17.4,4.1,44.46263858426224,3.7436529159030134,45.62689661388697,1.1387194663942553,0.34206128133704733,0.046239554317548746,0.509192200557103,0.015598885793871866,2,114,2,0.054928817690758774,0.6225735839555379,0.0072188066158145265
187648,Eastern New Mexico University-Main Campus,NM,17580,2,6,1,0,2,0,2,0,1,1,0,1,2,1,2,3,0,3,2,0.66566,17.282801001075796,22.7,55690,17.4,4.1,44.46263858426224,3.7436529159030134,45.62689661388697,1.1387194663942553,0.3748140803173029,0.057263262270699056,0.44248884481903816,0.013882002974714923,2,114,2,0.054928817690758774,0.6225735839555379,0.0072188066158145265
187666,Eastern New Mexico University-Roswell Campus,NM,40740,2,6,1,1,1,0,0,0,2,0,0,1,2,0,1,3,1,2,2,0.64217,10.584328758105015,17.9,52938,20.1,2.8,36.077674136132174,1.5120606692931777,58.44091128517371,1.086939595434231,0.30145278450363194,0.03208232445520581,0.5889830508474576,0.016343825665859565,2,480,2,0.08706669982584968,0.6134999686124201,0.02699157371095557
187897,New Mexico Highlands University,NM,29780,2,6,1,0,1,0,2,0,2,1,1,1,2,0,2,3,1,3,2,0.30999,4.66307187833601,27.6,50585,16.8,2.3,18.510274524984677,1.1097132165553727,74.97338623826575,0.3129133197845092,0.14704315396909962,0.05860415556739478,0.6025572722429409,0.005327650506126798,3,305,2,0.05574078091070981,0.657450526026059,3.0393842560727947e-4
187958,University of New Mexico-Gallup Campus,NM,23700,2,6,1,1,1,0,0,0,1,0,0,0,2,0,2,1,1,2,2,0.70431,12.920598248084334,13.3,47668,28.3,4.4,7.951044284477006,0.44724624100183163,12.189234853970552,1.3829137737643935,0.13636363636363635,0.022497704315886134,0.3305785123966942,0.028925619834710745,3,204,2,0.07950010686011307,0.5508912753342408,0.04530553423312067
187976,University of New Mexico-Los Alamos Campus,NM,31060,2,6,1,1,0,0,0,0,1,0,0,1,1,0,1,3,0,3,3,0.19435,178.10210554311055,69.7,147139,3.4,0.4,69.81733985078466,0.8644198610753795,18.013892462052997,4.949832775919733,0.26691967109424414,0.036053130929791274,0.5332068311195446,0.03795066413662239,2,323,2,0.09788921374872867,0.702488673988216,8.351516987449284e-4
187985,University of New Mexico-Main Campus,NM,10740,1,6,1,0,4,2,3,0,1,1,3,1,7,1,2,2,1,2,1,9.21482,99.26159490863428,35.6,70783,10.5,3.3,37.336486225449875,2.379970525740058,48.470398770675935,2.357506712013908,0.2870581686612858,0.03100473142220985,0.5035346507097134,0.04219315335374339,2,13,2,0.030196897705472004,0.9464690266062249,1.3785055435389198e-9
187994,New Mexico State University-Alamogordo,NM,10460,2,6,1,1,1,0,0,0,2,0,0,1,1,0,2,3,1,3,3,0.68816,10.406859511780377,22.7,55876,15.1,4.1,45.48215531271797,3.5151708904905834,39.62305277842362,1.4604161822831898,0.43824701195219123,0.03851261620185923,0.4037184594953519,0.01859229747675963,2,7,2,0.09220476537385414,0.6557024149817908,0.014576527684537507
188003,Southeast New Mexico College,NM,16100,2,6,1,1,1,0,0,0,2,0,0,1,1,0,1,2,1,1,3,0.61105,14.631203519561712,19.3,78426,10.7,3.4,42.87865150151379,1.17011701170117,51.57515751575158,0.5875132967842238,0.31985940246045697,0.007029876977152899,0.5817223198594025,0.005272407732864675,2,91,2,0.07170535914391692,0.487192853727824,0.0641175520913977
188030,New Mexico State University-Main Campus,NM,29740,1,6,1,0,3,1,3,0,1,1,3,1,2,1,2,2,0,2,1,2.24266,58.890618897570306,31.7,56848,18.5,3.9,26.699544291154254,1.350628271784399,67.86628378800175,1.1490818938225142,0.24797507788161993,0.02554517133956386,0.6256230529595016,0.01160436137071651,3,304,2,0.0676085239429914,0.7507375651411236,1.83666908650801e-4
188049,University of New Mexico-Valencia County Campus,NM,10740,1,6,1,1,0,0,0,0,1,0,0,1,7,0,1,3,1,2,3,9.21482,99.26159490863428,35.6,70783,10.5,3.3,37.336486225449875,2.379970525740058,48.470398770675935,2.357506712013908,0.23566627125345987,0.031237643337287464,0.5792803479636219,0.02609727164887307,3,13,2,0.030196897705472004,0.9464690266062249,1.3785055435389198e-9
188100,San Juan College,NM,22140,1,6,1,1,2,0,0,0,2,1,0,0,1,0,2,2,1,3,3,1.20942,21.92077559053776,18.3,55872,18.3,3.9,36.193381951679314,0.5829240462370392,19.824378627771992,0.7821931173620413,0.31198600174978125,0.013123359580052493,0.2057742782152231,0.005774278215223097,2,181,4,0.030097014914727754,0.14506758443283002,0.16467868315825882
188182,University of the Southwest,NM,26020,2,6,0,0,1,0,2,0,2,1,0,1,2,0,3,2,0,1,0,0.73733,16.789737621519578,15.5,68015,15.3,4.2,30.995619329201308,3.1288568212333687,62.748023273161266,0.6659162111944448,0.2084507042253521,0.08732394366197183,0.6028169014084507,0.0028169014084507044,3,239,4,0.05991138154235025,0.1062079504629766,0.08924927169809307
188225,University of New Mexico-Taos Campus,NM,45340,2,6,1,1,0,0,0,0,1,0,0,1,1,0,1,2,1,2,3,0.34543,15.684446493018829,38.5,58950,12.2,4.2,40.459716874620035,0.327128506499146,50.59780563355818,0.7353154039892308,0.2973883740522325,0.02190395956192081,0.5299073294018534,0.02611625947767481,2,551,2,0.09726208476251272,0.6973352431982591,0.002350628704300419
188304,Western New Mexico University,NM,43500,2,6,1,0,1,0,2,0,2,1,0,1,1,0,2,3,1,3,2,0.27775,7.011752195872889,30.7,44958,12,3.8,47.459945994599465,0.7956795679567956,47.84158415841584,0.8604860486048604,0.2655792555416144,0.043496445002091176,0.5654537850271852,0.006273525721455458,3,523,4,0.04894111385784037,0.2865088019371846,0.09304911953533603
188340,Vaughn College of Aeronautics and Technology,NY,35620,1,2,0,0,1,2,0,0,3,1,0,1,217,0,3,1,1,2,1,197.98537,3224.7177117071606,44.2,99155,9.3,4.4,42.798960347423645,14.856779569116647,25.709157196817117,11.900338898778227,0.14001421464108033,0.1791044776119403,0.31982942430703626,0.14427860696517414,3,396,1,0.9999999998954081,3.009904373621305e-11,8.301191742903615e-141
188438,SUNY Adirondack,NY,24020,1,2,1,1,1,1,0,0,2,1,0,0,2,0,2,1,1,1,2,1.26039,74.20991364160705,29.7,75836,6.8,2.7,90.61560310697483,1.6732916002189797,2.9633684811843954,0.7577019811328239,0.8123924268502581,0.05895008605851979,0.06927710843373494,0.01161790017211704,0,207,4,0.005424300997567866,6.241022015029606e-5,0.24129835343315437
188517,Bryant & Stratton College-Albany,NY,10580,1,2,0,0,0,1,0,0,2,0,0,1,18,0,3,0,1,3,1,9.06052,322.2315019592675,42.1,88074,7.1,3,75.4840781765285,7.352558131321381,6.262333729189937,4.8743339234392735,0.2297734627831715,0.32362459546925565,0.22330097087378642,0.045307443365695796,3,10,4,0.02137423946363185,1.567691817690873e-5,1.2060961710883004e-17
188687,American Academy McAllister Institute of Funeral Service,NY,35620,1,2,0,1,0,2,0,0,3,0,0,0,217,0,2,3,0,3,3,197.98537,3224.7177117071606,44.2,99155,9.3,4.4,42.798960347423645,14.856779569116647,25.709157196817117,11.900338898778227,0.48214285714285715,0.27455357142857145,0.13616071428571427,0.015625,2,396,1,0.9999999998954081,3.009904373621305e-11,8.301191742903615e-141
189228,Berkeley College-New York,NY,35620,1,2,2,0,1,2,1,0,2,0,0,0,217,0,3,3,1,3,2,197.98537,3224.7177117071606,44.2,99155,9.3,4.4,42.798960347423645,14.856779569116647,25.709157196817117,11.900338898778227,0.027001862197392923,0.1531657355679702,0.28305400372439476,0.014432029795158287,3,396,1,0.9999999998954081,3.009904373621305e-11,8.301191742903615e-141
189547,SUNY Broome Community College,NY,13780,1,2,1,1,2,1,0,0,2,1,0,0,2,0,2,2,1,2,2,2.45242,200.29280172496533,29.8,64590,11.1,3.9,81.84854144069939,4.346726906484207,4.937979628285531,4.281077466339371,0.5895127118644068,0.11811440677966102,0.0958686440677966,0.052171610169491525,1,58,4,0.02901834634727843,0.004050532607305511,0.08103321438337055
189565,Bryant & Stratton College-Syracuse North,NY,45060,1,2,0,0,0,1,0,0,6,0,0,0,11,0,3,0,1,3,1,6.5641,275.2401001390138,35.1,75492,9.3,3.3,78.47046815252662,7.673100653554943,5.1234746576072885,3.206684846361268,0.4512,0.344,0.0768,0.0336,2,547,4,0.08956531682950535,1.7558532839107206e-4,2.5050266146582133e-19
189583,Bryant & Stratton College-Buffalo,NY,15380,1,2,0,0,1,2,0,0,2,0,0,0,12,0,3,0,1,3,3,11.61343,742.0194471392781,36.2,72237,9.3,3.1,74.06959012109256,11.062709294325622,5.973859574647627,4.210986762739346,0.3022774327122153,0.4658385093167702,0.09316770186335403,0.032091097308488616,2,82,4,0.07682744807388275,4.0444232175418104e-8,1.2090131690685422e-16
189592,Bryant & Stratton College-Greece,NY,40380,1,2,0,0,0,1,0,0,6,0,0,0,14,0,3,0,1,3,1,10.58413,361.5087062104799,38.2,76284,8.2,2.9,73.21055202458776,10.284926583479228,8.617996944481975,2.97615392101193,0.3333333333333333,0.4466230936819172,0.10021786492374728,0.0196078431372549,2,473,4,0.0334978347917004,2.8238396704646783e-8,2.7720848314395884e-24
189705,Canisius University,NY,15380,1,2,0,0,1,2,2,1,2,1,0,0,12,2,2,0,1,0,0,11.61343,742.0194471392781,36.2,72237,9.3,3.1,74.06959012109256,11.062709294325622,5.973859574647627,4.210986762739346,0.6393530997304582,0.12830188679245283,0.05929919137466307,0.031805929919137464,1,82,4,0.07682744807388275,4.0444232175418104e-8,1.2090131690685422e-16
189839,Cayuga County Community College,NY,12180,2,2,1,1,1,0,0,0,1,0,0,0,1,0,1,2,0,1,3,0.75102,108.59338104383214,24.6,67904,9,2.2,86.92178637053607,3.310164842480893,3.6363878458629593,0.6564405741524859,0.7311541027351568,0.12008005336891261,0.030020013342228154,0.01200800533689126,0,36,4,0.012453681895577577,4.837898535657711e-7,0.20731964041159126
190044,Clarkson University,NY,32390,2,2,0,0,1,0,3,0,7,1,2,0,4,1,1,1,1,0,0,1.07226,40.01678351914956,25.3,62850,11.5,2.8,91.17098464924553,1.9286367112454068,2.5432264562699345,1.0902206554380467,0.7860655737704918,0.03237704918032787,0.0680327868852459,0.02663934426229508,0,350,4,0.10249303367823155,0.019132782198794548,5.628368532542679e-7
190053,Clinton Community College,NY,38460,2,2,1,1,1,0,0,0,2,0,0,0,2,0,1,1,1,1,3,0.78493,75.63759678303485,27.6,71224,9.3,2.3,88.20276967372887,2.897073624399628,3.513689118774923,1.5440867338488782,0.6688172043010753,0.07741935483870968,0.034408602150537634,0.0064516129032258064,1,442,4,0.005900376162794208,6.825991429030856e-4,0.23471166999089083
190099,Colgate University,NY,45060,1,2,0,0,1,0,1,0,4,1,1,0,11,3,1,0,0,0,0,6.5641,275.2401001390138,35.1,75492,9.3,3.3,78.47046815252662,7.673100653554943,5.1234746576072885,3.206684846361268,0.6461731493099122,0.0451693851944793,0.0937892095357591,0.05520702634880803,1,547,4,0.08956531682950535,1.7558532839107206e-4,2.5050266146582133e-19
190114,Metropolitan College of New York,NY,35620,1,2,0,0,0,2,2,0,2,0,0,1,217,1,3,3,1,3,2,197.98537,3224.7177117071606,44.2,99155,9.3,4.4,42.798960347423645,14.856779569116647,25.709157196817117,11.900338898778227,0.07301587301587302,0.5507936507936508,0.2873015873015873,0.009523809523809525,3,396,1,0.9999999998954081,3.009904373621305e-11,8.301191742903615e-141
190150,Columbia University in the City of New York,NY,35620,1,2,0,0,4,2,3,0,1,1,3,0,217,3,1,1,0,1,0,197.98537,3224.7177117071606,44.2,99155,9.3,4.4,42.798960347423645,14.856779569116647,25.709157196817117,11.900338898778227,0.2972627542869315,0.07753754393439131,0.1586963467887954,0.17989136223239963,2,396,1,0.9999999998954081,3.009904373621305e-11,8.301191742903615e-141
190169,Columbia-Greene Community College,NY,26460,2,2,1,1,1,0,0,0,1,0,0,0,1,0,1,2,0,2,3,0.611,96.27150031687967,39.4,81528,9,3.1,82.40752864157119,3.5499181669394435,6.263502454991817,2.140752864157119,0.5303430079155673,0.1917326297273527,0.12752858399296393,0.0316622691292876,1,242,4,0.013341489418277199,0.007300873972939371,0.20517391452305828
190372,The Cooper Union for the Advancement of Science and Art,NY,35620,1,2,0,0,0,2,1,0,7,1,0,0,217,3,1,0,0,0,0,197.98537,3224.7177117071606,44.2,99155,9.3,4.4,42.798960347423645,14.856779569116647,25.709157196817117,11.900338898778227,0.27827050997782704,0.06430155210643015,0.12749445676274945,0.3137472283813747,2,396,1,0.9999999998954081,3.009904373621305e-11,8.301191742903615e-141
190415,Cornell University,NY,27060,1,2,0,0,4,2,3,0,1,1,3,0,3,3,1,0,0,0,0,1.04537,220.24304215166487,58.8,74024,6.8,3.2,73.66960980322756,3.6389029721534003,6.5871413949128055,10.141863646364445,0.3140228741919443,0.07477623073097961,0.14607160616608653,0.2509323719542516,2,253,4,0.028513978777558766,0.001491631879641777,0.08132161269346304
190442,SUNY Corning Community College,NY,18500,2,2,1,1,1,0,0,0,1,1,0,0,1,0,1,2,1,1,3,0.92588,66.58565926485339,26.3,65887,8.5,3.5,91.42113448827061,1.6341210524041991,2.0034993735689293,1.6341210524041991,0.783641160949868,0.06728232189973615,0.05738786279683377,0.013192612137203167,0,129,4,0.01245369179844395,7.243726366321056e-7,0.20731960498198637
190503,Culinary Institute of America,NY,28880,1,2,0,0,1,1,0,0,3,1,0,0,11,1,1,1,0,1,0,7.04836,438.41815776025203,36.6,98233,7,3.3,61.37328399797968,9.932239556435823,20.322599867203152,3.058441963804346,0.4561803444782168,0.07396149949341439,0.20592705167173253,0.07472137791286727,2,286,1,0.5197584553270365,0.3095957135901281,6.168820037424676e-10
190716,D'Youville  University,NY,15380,1,2,0,0,1,2,3,0,6,1,0,0,12,1,2,1,1,1,1,11.61343,742.0194471392781,36.2,72237,9.3,3.1,74.06959012109256,11.062709294325622,5.973859574647627,4.210986762739346,0.512937595129376,0.1704718417047184,0.06621004566210045,0.07382039573820395,1,82,4,0.07682744807388275,4.0444232175418104e-8,1.2090131690685422e-16
190761,Dominican University New York,NY,35620,1,2,0,0,1,1,3,0,2,1,0,1,217,2,2,1,1,1,0,197.98537,3224.7177117071606,44.2,99155,9.3,4.4,42.798960347423645,14.856779569116647,25.709157196817117,11.900338898778227,0.26841659610499574,0.1668077900084674,0.4005080440304826,0.060118543607112614,2,396,1,0.9999999998954081,3.009904373621305e-11,8.301191742903615e-141
190840,Dutchess Community College,NY,28880,1,2,1,1,2,1,0,0,1,1,0,1,11,0,1,2,1,1,2,7.04836,438.41815776025203,36.6,98233,7,3.3,61.37328399797968,9.932239556435823,20.322599867203152,3.058441963804346,0.45486492422578517,0.15001098177026137,0.26356248627278717,0.02086536349659565,2,286,1,0.5197584553270365,0.3095957135901281,6.168820037424676e-10
191083,Erie Community College,NY,15380,1,2,1,1,2,2,0,0,2,0,0,0,12,0,2,2,1,2,2,11.61343,742.0194471392781,36.2,72237,9.3,3.1,74.06959012109256,11.062709294325622,5.973859574647627,4.210986762739346,0.475273990911521,0.19713980219192728,0.08086073242448544,0.06829724672547448,2,82,4,0.07682744807388275,4.0444232175418104e-8,1.2090131690685422e-16
191126,Fashion Institute of Technology,NY,35620,1,2,1,0,2,2,0,0,2,1,0,0,217,2,2,1,1,1,1,197.98537,3224.7177117071606,44.2,99155,9.3,4.4,42.798960347423645,14.856779569116647,25.709157196817117,11.900338898778227,0.3707168894289186,0.09015795868772783,0.23232077764277034,0.12648845686512758,2,396,1,0.9999999998954081,3.009904373621305e-11,8.301191742903615e-141
191199,Finger Lakes Community College,NY,40380,1,2,1,1,2,0,0,0,2,1,0,0,14,0,1,2,1,2,2,10.58413,361.5087062104799,38.2,76284,8.2,2.9,73.21055202458776,10.284926583479228,8.617996944481975,2.97615392101193,0.7149122807017544,0.10224780701754387,0.09265350877192982,0.014802631578947368,0,473,4,0.0334978347917004,2.8238396704646783e-8,2.7720848314395884e-24
191205,Five Towns College,NY,35620,1,2,2,0,0,1,1,0,4,1,0,0,217,2,2,1,0,0,2,197.98537,3224.7177117071606,44.2,99155,9.3,4.4,42.798960347423645,14.856779569116647,25.709157196817117,11.900338898778227,0.42358803986710963,0.1777408637873754,0.26578073089701,0.0049833887043189366,2,396,1,0.9999999998954081,3.009904373621305e-11,8.301191742903615e-141
191241,Fordham University,NY,35620,1,2,0,0,3,2,3,1,1,1,2,0,217,2,1,1,0,0,0,197.98537,3224.7177117071606,44.2,99155,9.3,4.4,42.798960347423645,14.856779569116647,25.709157196817117,11.900338898778227,0.4682487571522371,0.06312728637088454,0.19135165556701997,0.14088734640277648,2,396,1,0.9999999998954081,3.009904373621305e-11,8.301191742903615e-141
191302,Fulton-Montgomery Community College,NY,11220,2,2,1,1,1,0,0,0,2,0,0,0,1,0,1,1,0,1,3,0.49528,122.86442866353723,22.9,64943,10.1,2.9,77.04732676465838,2.487481828460669,15.409465352931676,0.841947989016314,0.6052863436123348,0.05110132158590308,0.14537444933920704,0.01145374449339207,1,21,4,0.01255085350588433,7.241851328074084e-4,0.20709021994113733
191339,Genesee Community College,NY,12860,2,2,1,1,1,0,0,0,2,1,0,0,1,0,1,2,0,1,3,0.57787,117.2206190890511,23.8,73314,6.2,2.9,87.87962690570544,2.1146624673369443,4.84884143492481,0.664509318704899,0.6457743631217145,0.16174686615446826,0.07278608976951072,0.010513546300040437,1,46,4,0.012545438368221282,7.543442503578282e-4,0.2070979216498134
191515,Hamilton College,NY,46540,1,2,0,0,1,1,1,0,4,1,1,0,6,3,1,0,0,0,0,2.88881,110.13263725700364,26.7,69779,10.4,2.7,81.1635240808499,4.797823325175418,6.195284563540005,3.5343272835527433,0.6455454978561219,0.029537875178656504,0.09194854692710815,0.08766079085278704,1,571,4,0.0015833877523967277,1.2037966038426208e-6,3.163044859916434e-14
191533,Hartwick College,NY,36580,2,2,0,0,1,0,1,0,1,1,0,0,2,2,2,0,0,0,0,0.60108,60.00373841513814,34.4,68885,7.4,3.5,88.08478072802289,2.209356491648366,4.470286817062621,1.533905636520929,0.5921397379912664,0.12489082969432315,0.1056768558951965,0.017467248908296942,1,410,4,0.1367656502191752,0.030723387814250498,6.797393232442306e-5
191597,Helene Fuld College of Nursing,NY,35620,1,2,0,0,0,2,0,0,6,0,0,0,217,3,2,1,1,3,2,197.98537,3224.7177117071606,44.2,99155,9.3,4.4,42.798960347423645,14.856779569116647,25.709157196817117,11.900338898778227,0.06914893617021277,0.65,0.15851063829787235,0.06382978723404255,3,396,1,0.9999999998954081,3.009904373621305e-11,8.301191742903615e-141
191612,Herkimer County Community College,NY,46540,1,2,1,1,1,0,0,0,2,1,0,0,6,0,2,2,0,2,2,2.88881,110.13263725700364,26.7,69779,10.4,2.7,81.1635240808499,4.797823325175418,6.195284563540005,3.5343272835527433,0.6004228329809725,0.18111346018322763,0.10923185341789993,0.015503875968992248,1,571,4,0.0015833877523967277,1.2037966038426208e-6,3.163044859916434e-14
191621,Hilbert College,NY,15380,1,2,0,0,0,1,1,1,2,1,0,0,12,1,2,2,1,1,0,11.61343,742.0194471392781,36.2,72237,9.3,3.1,74.06959012109256,11.062709294325622,5.973859574647627,4.210986762739346,0.5353728489483748,0.11950286806883365,0.06883365200764818,0.011472275334608031,1,82,4,0.07682744807388275,4.0444232175418104e-8,1.2090131690685422e-16
191630,Hobart William Smith Colleges,NY,40380,1,2,0,0,1,0,1,0,4,1,1,0,14,2,1,0,1,0,0,10.58413,361.5087062104799,38.2,76284,8.2,2.9,73.21055202458776,10.284926583479228,8.617996944481975,2.97615392101193,0.648068669527897,0.07480073574494175,0.10423053341508277,0.02145922746781116,1,473,4,0.0334978347917004,2.8238396704646783e-8,2.7720848314395884e-24
191649,Hofstra University,NY,35620,1,2,0,0,3,1,3,0,2,1,2,0,217,2,1,1,0,0,0,197.98537,3224.7177117071606,44.2,99155,9.3,4.4,42.798960347423645,14.856779569116647,25.709157196817117,11.900338898778227,0.47803657964670937,0.09144911677348758,0.17164295763639206,0.1456932937314366,2,396,1,0.9999999998954081,3.009904373621305e-11,8.301191742903615e-141
191719,Hudson Valley Community College,NY,10580,1,2,1,1,2,2,0,0,2,0,0,0,18,0,2,2,1,2,2,9.06052,322.2315019592675,42.1,88074,7.1,3,75.4840781765285,7.352558131321381,6.262333729189937,4.8743339234392735,0.6089591567852437,0.15375494071146245,0.09459815546772068,0.07971014492753623,1,10,4,0.02137423946363185,1.567691817690873e-5,1.2060961710883004e-17
191986,Jamestown Community College,NY,27460,2,2,1,1,1,0,0,0,2,1,0,0,3,0,1,2,0,1,2,1.25544,118.39190222352113,25.1,58351,11.8,3.3,83.66230166316193,2.1267444083349263,9.589466641177594,0.6977633339705601,0.7307503678273664,0.04659146640510054,0.08876900441392839,0.010299166257969592,0,260,4,0.02155845115542809,8.215181354553135e-7,0.04310051454912273
192022,Jefferson Community College,NY,48060,1,2,1,1,1,2,0,0,2,1,0,0,1,0,2,2,1,2,2,1.1504,90.7305434744134,26.5,66301,10.3,3.2,80.17037552155773,4.329798331015299,7.525208623087622,1.876738525730181,0.6665017318159328,0.09797130133597229,0.11776348342404751,0.017812963879267688,1,594,4,0.012576207502835899,0.00100602869209186,0.20702363044720934
192271,LIM College,NY,35620,1,2,2,0,1,2,2,0,5,1,0,0,217,1,2,3,0,1,1,197.98537,3224.7177117071606,44.2,99155,9.3,4.4,42.798960347423645,14.856779569116647,25.709157196817117,11.900338898778227,0.36336779911373707,0.23707533234859676,0.2223042836041359,0.08050221565731167,2,396,1,0.9999999998954081,3.009904373621305e-11,8.301191742903615e-141
192448,Long Island University,NY,35620,1,2,0,0,3,1,3,0,6,1,2,0,217,1,1,0,0,0,2,197.98537,3224.7177117071606,44.2,99155,9.3,4.4,42.798960347423645,14.856779569116647,25.709157196817117,11.900338898778227,0.3794425087108014,0.16184668989547038,0.1681184668989547,0.11655052264808362,2,396,1,0.9999999998954081,3.009904373621305e-11,8.301191742903615e-141
192703,Manhattan University,NY,35620,1,2,0,0,1,2,2,1,1,1,0,1,217,1,2,0,1,0,0,197.98537,3224.7177117071606,44.2,99155,9.3,4.4,42.798960347423645,14.856779569116647,25.709157196817117,11.900338898778227,0.42611000662690524,0.07654075546719682,0.3081510934393638,0.05798542080848244,2,396,1,0.9999999998954081,3.009904373621305e-11,8.301191742903615e-141
192712,Manhattan School of Music,NY,35620,1,2,0,0,1,2,2,0,4,1,0,0,217,2,1,1,0,0,0,197.98537,3224.7177117071606,44.2,99155,9.3,4.4,42.798960347423645,14.856779569116647,25.709157196817117,11.900338898778227,0.37291280148423006,0.05009276437847866,0.1038961038961039,0.07050092764378478,2,396,1,0.9999999998954081,3.009904373621305e-11,8.301191742903615e-141
192819,Marist University,NY,28880,1,2,0,0,2,1,2,0,1,1,0,0,11,2,1,1,1,0,1,7.04836,438.41815776025203,36.6,98233,7,3.3,61.37328399797968,9.932239556435823,20.322599867203152,3.058441963804346,0.7270813397129187,0.03732057416267943,0.135311004784689,0.038851674641148325,0,286,1,0.5197584553270365,0.3095957135901281,6.168820037424676e-10
193016,Mercy University,NY,35620,1,2,0,0,2,1,3,0,2,1,0,1,217,1,3,2,1,2,1,197.98537,3224.7177117071606,44.2,99155,9.3,4.4,42.798960347423645,14.856779569116647,25.709157196817117,11.900338898778227,0.15225948669500866,0.2501968193985199,0.4770902220122815,0.04944103290820343,3,396,1,0.9999999998954081,3.009904373621305e-11,8.301191742903615e-141
193283,Mohawk Valley Community College,NY,46540,1,2,1,1,2,2,0,0,2,1,0,0,6,0,2,1,1,1,2,2.88881,110.13263725700364,26.7,69779,10.4,2.7,81.1635240808499,4.797823325175418,6.195284563540005,3.5343272835527433,0.5957820738137083,0.09590760733115741,0.102686417273412,0.06452422796886768,1,571,4,0.0015833877523967277,1.2037966038426208e-6,3.163044859916434e-14
193292,Molloy University,NY,35620,1,2,0,0,2,1,3,1,6,1,0,1,217,1,2,1,1,1,1,197.98537,3224.7177117071606,44.2,99155,9.3,4.4,42.798960347423645,14.856779569116647,25.709157196817117,11.900338898778227,0.4469964664310954,0.11513545347467609,0.26501766784452296,0.09334511189634864,2,396,1,0.9999999998954081,3.009904373621305e-11,8.301191742903615e-141
193326,Monroe Community College,NY,40380,1,2,1,1,2,1,0,0,2,1,0,0,14,0,3,2,0,3,2,10.58413,361.5087062104799,38.2,76284,8.2,2.9,73.21055202458776,10.284926583479228,8.617996944481975,2.97615392101193,0.48119777158774374,0.23567449263828094,0.14235972940708316,0.05521289295662555,2,473,4,0.0334978347917004,2.8238396704646783e-8,2.7720848314395884e-24
193399,University of Mount Saint Vincent,NY,35620,1,2,0,0,1,2,2,1,1,1,0,1,217,1,2,3,0,1,1,197.98537,3224.7177117071606,44.2,99155,9.3,4.4,42.798960347423645,14.856779569116647,25.709157196817117,11.900338898778227,0.46767449340623996,0.1293020263750402,0.2676101640398842,0.047603731103248635,2,396,1,0.9999999998954081,3.009904373621305e-11,8.301191742903615e-141
193478,Nassau Community College,NY,35620,1,2,1,1,3,1,0,0,1,0,0,1,217,0,2,2,1,2,2,197.98537,3224.7177117071606,44.2,99155,9.3,4.4,42.798960347423645,14.856779569116647,25.709157196817117,11.900338898778227,0.2749058025621703,0.21363978899773925,0.3565184626978146,0.08342125094197438,2,396,1,0.9999999998954081,3.009904373621305e-11,8.301191742903615e-141
193584,Nazareth University,NY,40380,1,2,0,0,1,1,3,0,2,1,0,0,14,2,1,1,0,0,0,10.58413,361.5087062104799,38.2,76284,8.2,2.9,73.21055202458776,10.284926583479228,8.617996944481975,2.97615392101193,0.7814432989690722,0.05721649484536082,0.08247422680412371,0.023195876288659795,0,473,4,0.0334978347917004,2.8238396704646783e-8,2.7720848314395884e-24
193654,The New School,NY,35620,1,2,0,0,2,2,3,0,4,1,2,0,217,2,1,1,1,0,0,197.98537,3224.7177117071606,44.2,99155,9.3,4.4,42.798960347423645,14.856779569116647,25.709157196817117,11.900338898778227,0.3172996950374272,0.04158580537843083,0.10881619074022733,0.1167174937621292,2,396,1,0.9999999998954081,3.009904373621305e-11,8.301191742903615e-141
193900,New York University,NY,35620,1,2,0,0,4,2,3,0,1,1,3,0,217,3,1,1,0,0,0,197.98537,3224.7177117071606,44.2,99155,9.3,4.4,42.798960347423645,14.856779569116647,25.709157196817117,11.900338898778227,0.21453900709219859,0.0756608639587363,0.15738233397807866,0.2081237911025145,3,396,1,0.9999999998954081,3.009904373621305e-11,8.301191742903615e-141
193946,Niagara County Community College,NY,15380,1,2,1,1,1,0,0,0,2,0,0,0,12,0,2,2,1,2,2,11.61343,742.0194471392781,36.2,72237,9.3,3.1,74.06959012109256,11.062709294325622,5.973859574647627,4.210986762739346,0.68430387230269,0.1451374519657109,0.06118829441324269,0.02601241501625776,0,82,4,0.07682744807388275,4.0444232175418104e-8,1.2090131690685422e-16
194091,New York Institute of Technology,NY,35620,1,2,0,0,2,0,3,0,1,1,1,0,217,1,2,1,1,0,1,197.98537,3224.7177117071606,44.2,99155,9.3,4.4,42.798960347423645,14.856779569116647,25.709157196817117,11.900338898778227,0.205320994794679,0.11480624638519375,0.23076923076923078,0.279063042220937,3,396,1,0.9999999998954081,3.009904373621305e-11,8.301191742903615e-141
194222,Onondaga Community College,NY,45060,1,2,1,1,2,1,0,0,2,1,0,0,11,0,1,1,1,1,2,6.5641,275.2401001390138,35.1,75492,9.3,3.3,78.47046815252662,7.673100653554943,5.1234746576072885,3.206684846361268,0.5527198211624441,0.19169150521609538,0.08476154992548435,0.0437779433681073,1,547,4,0.08956531682950535,1.7558532839107206e-4,2.5050266146582133e-19
194240,Orange County Community College,NY,28880,1,2,1,1,2,1,0,0,2,0,0,1,11,0,1,2,1,1,2,7.04836,438.41815776025203,36.6,98233,7,3.3,61.37328399797968,9.932239556435823,20.322599867203152,3.058441963804346,0.38281083386649606,0.16293452761782895,0.24696097248880358,0.026231605886116442,2,286,1,0.5197584553270365,0.3095957135901281,6.168820037424676e-10
194569,Davis College,NY,24020,1,2,0,0,0,0,1,1,8,1,0,0,2,2,2,3,1,1,2,1.26039,74.20991364160705,29.7,75836,6.8,2.7,90.61560310697483,1.6732916002189797,2.9633684811843954,0.7577019811328239,0.6796116504854369,0.06796116504854369,0.07766990291262135,0,0,207,4,0.005424300997567866,6.241022015029606e-5,0.24129835343315437
194578,Pratt Institute-Main,NY,35620,1,2,0,0,2,2,2,0,4,1,0,0,217,2,1,1,0,0,0,197.98537,3224.7177117071606,44.2,99155,9.3,4.4,42.798960347423645,14.856779569116647,25.709157196817117,11.900338898778227,0.3310041407867495,0.042443064182194616,0.11438923395445134,0.16821946169772256,2,396,1,0.9999999998954081,3.009904373621305e-11,8.301191742903615e-141
194958,Roberts Wesleyan University,NY,40380,1,2,0,0,1,1,2,1,2,1,0,0,14,2,2,2,0,1,1,10.58413,361.5087062104799,38.2,76284,8.2,2.9,73.21055202458776,10.284926583479228,8.617996944481975,2.97615392101193,0.6519246519246519,0.14905814905814907,0.09828009828009827,0.013923013923013924,1,473,4,0.0334978347917004,2.8238396704646783e-8,2.7720848314395884e-24
195003,Rochester Institute of Technology,NY,40380,1,2,0,0,3,1,3,0,1,1,2,0,14,2,1,1,1,0,1,10.58413,361.5087062104799,38.2,76284,8.2,2.9,73.21055202458776,10.284926583479228,8.617996944481975,2.97615392101193,0.6083064279424714,0.05371294393894922,0.09480481361901967,0.12378925741121222,1,473,4,0.0334978347917004,2.8238396704646783e-8,2.7720848314395884e-24
195058,Rockland Community College,NY,35620,1,2,1,1,2,1,0,0,1,0,0,1,217,0,1,2,1,1,2,197.98537,3224.7177117071606,44.2,99155,9.3,4.4,42.798960347423645,14.856779569116647,25.709157196817117,11.900338898778227,0.2775787290213087,0.20365830661889497,0.3275504431453894,0.0526117292098812,2,396,1,0.9999999998954081,3.009904373621305e-11,8.301191742903615e-141
195128,Russell Sage College,NY,10580,1,2,0,0,1,2,3,0,2,1,0,0,18,2,2,1,1,1,0,9.06052,322.2315019592675,42.1,88074,7.1,3,75.4840781765285,7.352558131321381,6.262333729189937,4.8743339234392735,0.592788038698329,0.11345646437994723,0.12137203166226913,0.05013192612137203,1,10,4,0.02137423946363185,1.567691817690873e-5,1.2060961710883004e-17
195164,St Bonaventure University,NY,36460,2,2,0,0,1,0,2,1,2,1,0,0,1,1,1,1,1,0,0,0.76145,58.20671113594232,21.1,59540,13.2,2.7,87.72736226935453,1.4262262788101647,2.386236785081095,0.8680806356293914,0.7727743271221532,0.04296066252587992,0.06418219461697723,0.026397515527950312,0,407,4,0.1120326113484272,0.08869295316664835,0.01924600283500576
195173,St. Francis College,NY,35620,1,2,0,0,1,2,1,0,2,1,0,1,217,0,3,1,1,1,0,197.98537,3224.7177117071606,44.2,99155,9.3,4.4,42.798960347423645,14.856779569116647,25.709157196817117,11.900338898778227,0.17818361303060218,0.26061204343534056,0.3173741362290227,0.025172754195459033,3,396,1,0.9999999998954081,3.009904373621305e-11,8.301191742903615e-141
195216,St Lawrence University,NY,32390,2,2,0,0,1,0,1,0,4,1,0,0,4,2,1,0,0,0,0,1.07226,40.01678351914956,25.3,62850,11.5,2.8,91.17098464924553,1.9286367112454068,2.5432264562699345,1.0902206554380467,0.7657225156024964,0.022083533365338453,0.05472875660105617,0.01632261161785886,0,350,4,0.10249303367823155,0.019132782198794548,5.628368532542679e-7
195243,St. Thomas Aquinas College,NY,35620,1,2,0,0,1,1,1,0,2,1,0,0,217,1,1,0,1,0,2,197.98537,3224.7177117071606,44.2,99155,9.3,4.4,42.798960347423645,14.856779569116647,25.709157196817117,11.900338898778227,0.48807339449541287,0.181651376146789,0.16972477064220184,0.02110091743119266,2,396,1,0.9999999998954081,3.009904373621305e-11,8.301191742903615e-141
195304,Sarah Lawrence College,NY,35620,1,2,0,0,1,1,1,0,4,1,0,0,217,2,1,0,0,0,0,197.98537,3224.7177117071606,44.2,99155,9.3,4.4,42.798960347423645,14.856779569116647,25.709157196817117,11.900338898778227,0.6046662346079067,0.04342190537913156,0.11082307193778354,0.04860661049902787,1,396,1,0.9999999998954081,3.009904373621305e-11,8.301191742903615e-141
195322,Schenectady County Community College,NY,10580,1,2,1,1,1,2,0,0,2,0,0,0,18,0,1,2,0,1,3,9.06052,322.2315019592675,42.1,88074,7.1,3,75.4840781765285,7.352558131321381,6.262333729189937,4.8743339234392735,0.47619047619047616,0.19047619047619047,0.12349555206698064,0.1151229722658294,2,10,4,0.02137423946363185,1.567691817690873e-5,1.2060961710883004e-17
195474,Siena College,NY,10580,1,2,0,0,1,1,1,1,1,1,0,0,18,2,1,1,1,0,0,9.06052,322.2315019592675,42.1,88074,7.1,3,75.4840781765285,7.352558131321381,6.262333729189937,4.8743339234392735,0.7415540540540541,0.03997747747747748,0.08952702702702703,0.047015765765765764,0,10,4,0.02137423946363185,1.567691817690873e-5,1.2060961710883004e-17
195526,Skidmore College,NY,10580,1,2,0,0,1,1,1,0,4,1,0,0,18,3,1,0,0,0,0,9.06052,322.2315019592675,42.1,88074,7.1,3,75.4840781765285,7.352558131321381,6.262333729189937,4.8743339234392735,0.6394436519258203,0.043509272467902996,0.09843081312410841,0.056704707560627676,1,10,4,0.02137423946363185,1.567691817690873e-5,1.2060961710883004e-17
195702,Saint Elizabeth College of Nursing,NY,46540,1,2,0,1,0,2,0,1,6,0,0,0,6,0,2,0,1,3,2,2.88881,110.13263725700364,26.7,69779,10.4,2.7,81.1635240808499,4.797823325175418,6.195284563540005,3.5343272835527433,0.7974683544303798,0.04430379746835443,0.05063291139240506,0.06329113924050633,0,571,4,0.0015833877523967277,1.2037966038426208e-6,3.163044859916434e-14
195720,St. John Fisher University,NY,40380,1,2,0,0,1,1,3,1,2,1,0,0,14,2,1,1,1,0,0,10.58413,361.5087062104799,38.2,76284,8.2,2.9,73.21055202458776,10.284926583479228,8.617996944481975,2.97615392101193,0.7996289424860853,0.05454545454545454,0.07087198515769945,0.038589981447124305,0,473,4,0.0334978347917004,2.8238396704646783e-8,2.7720848314395884e-24
195988,Sullivan County Community College,NY,33910,2,2,1,1,1,0,0,0,2,1,0,0,2,0,1,2,0,1,2,0.79721,82.34406658728606,30.1,72382,9.7,3.4,66.02149998118438,8.385494411761018,19.013810664693118,2.1111125048607016,0.35320686540198737,0.18879855465221318,0.3224932249322493,0.013550135501355014,2,372,4,0.01332971742071649,0.007187156747325787,0.20520355917684044
196015,SUNY College of Technology at Canton,NY,32390,2,2,1,0,1,0,1,0,2,1,0,0,4,1,3,3,0,2,2,1.07226,40.01678351914956,25.3,62850,11.5,2.8,91.17098464924553,1.9286367112454068,2.5432264562699345,1.0902206554380467,0.6381163084702908,0.1125158027812895,0.11504424778761062,0.028445006321112517,1,350,4,0.10249303367823155,0.019132782198794548,5.628368532542679e-7
196033,SUNY College of Agriculture and Technology at Cobleskill,NY,10580,1,2,1,0,1,0,1,0,2,1,1,0,18,1,2,1,0,0,1,9.06052,322.2315019592675,42.1,88074,7.1,3,75.4840781765285,7.352558131321381,6.262333729189937,4.8743339234392735,0.6718671363865123,0.08907901358832411,0.1389028686462003,0.01610468042274786,1,10,4,0.02137423946363185,1.567691817690873e-5,1.2060961710883004e-17
196042,Farmingdale State College,NY,35620,1,2,1,0,3,1,1,0,2,1,0,0,217,2,2,1,1,1,1,197.98537,3224.7177117071606,44.2,99155,9.3,4.4,42.798960347423645,14.856779569116647,25.709157196817117,11.900338898778227,0.40835514199864303,0.10671706891538238,0.28971600271396725,0.1286226616264418,2,396,1,0.9999999998954081,3.009904373621305e-11,8.301191742903615e-141
196051,SUNY Morrisville,NY,45060,1,2,1,0,1,0,0,0,2,1,0,0,11,1,3,1,0,1,1,6.5641,275.2401001390138,35.1,75492,9.3,3.3,78.47046815252662,7.673100653554943,5.1234746576072885,3.206684846361268,0.5302663438256658,0.28087167070217917,0.1108958837772397,0.014043583535108959,1,547,4,0.08956531682950535,1.7558532839107206e-4,2.5050266146582133e-19
196060,University at Albany,NY,10580,1,2,1,0,3,2,3,0,1,1,3,0,18,2,2,1,0,0,0,9.06052,322.2315019592675,42.1,88074,7.1,3,75.4840781765285,7.352558131321381,6.262333729189937,4.8743339234392735,0.38873435326842837,0.23126255601916243,0.18853345696182972,0.0967392984082831,2,10,4,0.02137423946363185,1.567691817690873e-5,1.2060961710883004e-17
196079,Binghamton University,NY,13780,1,2,1,0,3,1,3,0,1,1,3,0,2,3,1,1,1,0,0,2.45242,200.29280172496533,29.8,64590,11.1,3.9,81.84854144069939,4.346726906484207,4.937979628285531,4.281077466339371,0.5256639427987743,0.0493488253319714,0.13534218590398367,0.18149897854954034,1,58,4,0.02901834634727843,0.004050532607305511,0.08103321438337055
196088,University at Buffalo,NY,15380,1,2,1,0,4,1,3,0,1,1,3,0,12,2,2,1,1,0,0,11.61343,742.0194471392781,36.2,72237,9.3,3.1,74.06959012109256,11.062709294325622,5.973859574647627,4.210986762739346,0.44506048387096775,0.09132148093841642,0.08852639296187684,0.17677785923753667,2,82,4,0.07682744807388275,4.0444232175418104e-8,1.2090131690685422e-16
196097,Stony Brook University,NY,35620,1,2,1,0,4,1,3,0,1,1,3,0,217,2,2,1,0,0,0,197.98537,3224.7177117071606,44.2,99155,9.3,4.4,42.798960347423645,14.856779569116647,25.709157196817117,11.900338898778227,0.2716088494640689,0.061777284967527324,0.15639685305454354,0.34637520460425575,2,396,1,0.9999999998954081,3.009904373621305e-11,8.301191742903615e-141
196103,SUNY College of Environmental Science and Forestry,NY,45060,1,2,1,0,1,2,1,0,1,1,2,0,11,2,1,1,0,0,1,6.5641,275.2401001390138,35.1,75492,9.3,3.3,78.47046815252662,7.673100653554943,5.1234746576072885,3.206684846361268,0.7483801295896328,0.026997840172786176,0.10745140388768898,0.026997840172786176,0,547,4,0.08956531682950535,1.7558532839107206e-4,2.5050266146582133e-19
196112,SUNY Polytechnic Institute,NY,46540,1,2,1,0,1,1,2,0,2,1,1,0,6,1,2,2,0,1,1,2.88881,110.13263725700364,26.7,69779,10.4,2.7,81.1635240808499,4.797823325175418,6.195284563540005,3.5343272835527433,0.659674882013634,0.10120608285264814,0.10697430519140011,0.07918196119559517,1,571,4,0.0015833877523967277,1.2037966038426208e-6,3.163044859916434e-14
196121,SUNY Brockport,NY,40380,1,2,1,0,2,0,2,0,2,1,0,0,14,2,2,2,0,1,1,10.58413,361.5087062104799,38.2,76284,8.2,2.9,73.21055202458776,10.284926583479228,8.617996944481975,2.97615392101193,0.6733133931538717,0.1251246261216351,0.10103024260551678,0.026254569624459954,1,473,4,0.0334978347917004,2.8238396704646783e-8,2.7720848314395884e-24
196130,SUNY Buffalo State University,NY,15380,1,2,1,0,2,2,2,0,2,1,1,0,12,2,3,1,0,1,1,11.61343,742.0194471392781,36.2,72237,9.3,3.1,74.06959012109256,11.062709294325622,5.973859574647627,4.210986762739346,0.4511587982832618,0.30163090128755365,0.12360515021459227,0.061802575107296136,2,82,4,0.07682744807388275,4.0444232175418104e-8,1.2090131690685422e-16
196149,State University of New York at Cortland,NY,18660,2,2,1,0,2,0,2,0,2,1,0,0,1,2,1,1,0,0,0,0.46246,92.71940329298042,29.1,70418,6.9,2.9,89.21420230938892,1.665008865631622,3.60247372745751,1.4185010595510963,0.7566449148495942,0.04233646347286328,0.1244628362247334,0.013528569154862327,0,132,4,0.11200593053922102,0.08879201849765041,0.019382633767459856
196158,SUNY at Fredonia,NY,27460,2,2,1,0,1,0,1,0,2,1,0,0,3,1,2,1,1,0,0,1.25544,118.39190222352113,25.1,58351,11.8,3.3,83.66230166316193,2.1267444083349263,9.589466641177594,0.6977633339705601,0.7398671096345515,0.07308970099667775,0.10764119601328903,0.013953488372093023,0,260,4,0.02155845115542809,8.215181354553135e-7,0.04310051454912273
196167,SUNY College at Geneseo,NY,40380,1,2,1,0,1,0,1,0,4,1,0,0,14,2,1,1,0,0,0,10.58413,361.5087062104799,38.2,76284,8.2,2.9,73.21055202458776,10.284926583479228,8.617996944481975,2.97615392101193,0.8008422095615556,0.035422343324250684,0.08199157790438444,0.030468169432747088,0,473,4,0.0334978347917004,2.8238396704646783e-8,2.7720848314395884e-24
196176,State University of New York at New Paltz,NY,28740,1,2,1,0,2,0,2,0,1,1,0,0,3,2,2,1,0,0,1,1.82601,162.42230823432607,38.2,86271,6.3,3.1,72.3763834809229,5.674667718139551,12.192704311586464,2.096374061478305,0.5820138355111453,0.07317448116833206,0.23105303612605688,0.04396617986164489,1,282,4,0.021343746890609954,0.0015853898177864765,0.06238617101264385
196185,SUNY Oneonta,NY,36580,2,2,1,0,2,0,2,0,1,1,0,0,2,2,2,1,0,0,0,0.60108,60.00373841513814,34.4,68885,7.4,3.5,88.08478072802289,2.209356491648366,4.470286817062621,1.533905636520929,0.6962818003913894,0.059099804305283755,0.17358121330724072,0.020939334637964775,0,410,4,0.1367656502191752,0.030723387814250498,6.797393232442306e-5
196194,State University of New York at Oswego,NY,45060,1,2,1,0,2,0,2,0,2,1,0,0,11,1,2,2,0,1,0,6.5641,275.2401001390138,35.1,75492,9.3,3.3,78.47046815252662,7.673100653554943,5.1234746576072885,3.206684846361268,0.6491658488714426,0.1092574419365391,0.1408243375858685,0.02845927379784102,1,547,4,0.08956531682950535,1.7558532839107206e-4,2.5050266146582133e-19
196200,SUNY College at Potsdam,NY,32390,2,2,1,0,1,0,1,0,4,1,0,0,4,1,2,1,0,1,1,1.07226,40.01678351914956,25.3,62850,11.5,2.8,91.17098464924553,1.9286367112454068,2.5432264562699345,1.0902206554380467,0.7001427891480247,0.09138505473584008,0.10185625892432175,0.017134697762970014,0,350,4,0.10249303367823155,0.019132782198794548,5.628368532542679e-7
196219,SUNY at Purchase College,NY,35620,1,2,1,0,1,1,1,0,4,1,0,1,217,2,2,1,0,0,0,197.98537,3224.7177117071606,44.2,99155,9.3,4.4,42.798960347423645,14.856779569116647,25.709157196817117,11.900338898778227,0.5021186440677966,0.12378934624697337,0.25030266343825663,0.03843825665859564,1,396,1,0.9999999998954081,3.009904373621305e-11,8.301191742903615e-141
196246,State University of New York at Plattsburgh,NY,38460,2,2,1,0,1,0,1,0,2,1,0,0,2,1,2,2,0,1,1,0.78493,75.63759678303485,27.6,71224,9.3,2.3,88.20276967372887,2.897073624399628,3.513689118774923,1.5440867338488782,0.6338199513381995,0.11508515815085159,0.13698296836982968,0.025547445255474453,1,442,4,0.005900376162794208,6.825991429030856e-4,0.23471166999089083
196264,Empire State University,NY,10580,1,2,1,0,3,1,2,0,2,0,0,0,18,0,2,3,1,3,2,9.06052,322.2315019592675,42.1,88074,7.1,3,75.4840781765285,7.352558131321381,6.262333729189937,4.8743339234392735,0.4587222473946534,0.16674218396012688,0.16728590847304034,0.03516085183507023,2,10,4,0.02137423946363185,1.567691817690873e-5,1.2060961710883004e-17
196291,SUNY Maritime College,NY,35620,1,2,1,0,1,2,1,0,2,1,0,0,217,2,1,1,0,0,0,197.98537,3224.7177117071606,44.2,99155,9.3,4.4,42.798960347423645,14.856779569116647,25.709157196817117,11.900338898778227,0.6482661004953999,0.06369426751592357,0.1578202406227884,0.039631988676574664,1,396,1,0.9999999998954081,3.009904373621305e-11,8.301191742903615e-141
196413,Syracuse University,NY,45060,1,2,0,0,4,2,3,0,1,1,3,0,11,2,1,1,1,0,0,6.5641,275.2401001390138,35.1,75492,9.3,3.3,78.47046815252662,7.673100653554943,5.1234746576072885,3.206684846361268,0.5492296963164902,0.08108793507893235,0.11684524186901668,0.07240220630190833,1,547,4,0.08956531682950535,1.7558532839107206e-4,2.5050266146582133e-19
196565,Tompkins Cortland Community College,NY,27060,1,2,1,1,1,0,0,0,2,1,0,0,3,0,1,1,1,1,3,1.04537,220.24304215166487,58.8,74024,6.8,3.2,73.66960980322756,3.6389029721534003,6.5871413949128055,10.141863646364445,0.6540570175438597,0.09539473684210527,0.12445175438596491,0.027412280701754384,1,253,4,0.028513978777558766,0.001491631879641777,0.08132161269346304
196653,Trocaire College,NY,15380,1,2,0,0,1,2,0,1,6,0,0,0,12,1,3,1,1,3,2,11.61343,742.0194471392781,36.2,72237,9.3,3.1,74.06959012109256,11.062709294325622,5.973859574647627,4.210986762739346,0.45790251107828656,0.3515509601181684,0.07385524372230429,0.03471196454948301,2,82,4,0.07682744807388275,4.0444232175418104e-8,1.2090131690685422e-16
196699,Ulster County Community College,NY,28740,1,2,1,1,1,0,0,0,1,0,0,0,3,0,1,1,0,1,3,1.82601,162.42230823432607,38.2,86271,6.3,3.1,72.3763834809229,5.674667718139551,12.192704311586464,2.096374061478305,0.5915136162127929,0.0740975300823306,0.2039265357821406,0.021532615579480684,1,282,4,0.021343746890609954,0.0015853898177864765,0.06238617101264385
197045,Utica University,NY,46540,1,2,0,0,1,2,3,0,2,1,0,0,6,1,2,2,1,1,1,2.88881,110.13263725700364,26.7,69779,10.4,2.7,81.1635240808499,4.797823325175418,6.195284563540005,3.5343272835527433,0.6490737504369102,0.09612023767913316,0.09961551904928347,0.03704998252359315,1,571,4,0.0015833877523967277,1.2037966038426208e-6,3.163044859916434e-14
197133,Vassar College,NY,28880,1,2,0,0,1,1,1,0,4,1,1,0,11,3,1,0,0,0,0,7.04836,438.41815776025203,36.6,98233,7,3.3,61.37328399797968,9.932239556435823,20.322599867203152,3.058441963804346,0.5536130536130536,0.039627039627039624,0.11693861693861694,0.11499611499611499,1,286,1,0.5197584553270365,0.3095957135901281,6.168820037424676e-10
197142,Villa Maria College,NY,15380,1,2,0,0,0,2,1,1,2,0,0,0,12,1,3,1,0,1,1,11.61343,742.0194471392781,36.2,72237,9.3,3.1,74.06959012109256,11.062709294325622,5.973859574647627,4.210986762739346,0.41408934707903783,0.37800687285223367,0.07560137457044673,0.044673539518900345,2,82,4,0.07682744807388275,4.0444232175418104e-8,1.2090131690685422e-16
197151,School of Visual Arts,NY,35620,1,2,2,0,1,2,2,0,4,1,0,0,217,1,1,0,0,0,0,197.98537,3224.7177117071606,44.2,99155,9.3,4.4,42.798960347423645,14.856779569116647,25.709157196817117,11.900338898778227,0.14992927864214992,0.033663366336633666,0.09533239038189534,0.16237623762376238,3,396,1,0.9999999998954081,3.009904373621305e-11,8.301191742903615e-141
197294,SUNY Westchester Community College,NY,35620,1,2,1,1,2,1,0,0,1,0,0,1,217,0,2,2,1,2,2,197.98537,3224.7177117071606,44.2,99155,9.3,4.4,42.798960347423645,14.856779569116647,25.709157196817117,11.900338898778227,0.22469060661391763,0.1772164739298032,0.48630553864881315,0.036417123148711705,3,396,1,0.9999999998954081,3.009904373621305e-11,8.301191742903615e-141
197708,Yeshiva University,NY,35620,1,2,0,0,2,2,3,0,1,1,2,0,217,2,1,1,1,0,0,197.98537,3224.7177117071606,44.2,99155,9.3,4.4,42.798960347423645,14.856779569116647,25.709157196817117,11.900338898778227,0.6088058283180234,0.0022172949002217295,0.022489705416534684,0.0019005384859043396,1,396,1,0.9999999998954081,3.009904373621305e-11,8.301191742903615e-141
197814,College of the Albemarle,NC,21020,2,5,1,1,1,0,0,0,1,0,0,0,3,0,1,3,0,1,3,0.40834,179.98251748602465,27.6,66589,8.1,3.4,53.80075427339962,34.23127785668805,6.046431894989469,1.4007934564333644,0.6126681614349776,0.15414798206278027,0.07399103139013453,0.0072869955156950675,1,164,4,0.005148200718631398,0.0032092843472619685,0.2453341902906286
197850,South Piedmont Community College,NC,16740,1,5,1,1,1,0,0,0,1,0,0,0,24,0,1,3,1,1,3,27.68407,494.5980195033105,39.9,83304,7.9,3,56.76484707631501,21.674883786957626,12.516439959875841,4.37648799472043,0.48693126815101645,0.2153920619554695,0.19264278799612777,0.017909002904162634,2,103,4,0.0064655327419721655,6.432950837504707e-6,8.012822364942764e-15
197869,Appalachian State University,NC,14380,2,5,1,0,4,0,2,0,2,1,2,0,1,1,1,1,0,0,0,0.55123,176.4277001570578,48.1,51693,9,4.6,88.46760880213341,1.5837309290132975,6.1861654844620215,0.8834787656695027,0.7890348538465267,0.030539531727180182,0.08793446119540453,0.017742013670076107,0,67,4,0.12162892193284637,0.18809810051966064,0.04546547739485268
197887,Asheville-Buncombe Technical Community College,NC,11700,1,5,1,1,2,2,0,0,2,0,0,0,7,0,2,3,1,2,3,4.14711,280.3895272507325,42.5,71838,7.4,2.3,80.95420666440003,3.991454289854863,9.59173978987777,1.0978729766029838,0.7002064693737096,0.060564349621472814,0.1437026841018582,0.018582243633860976,0,30,4,0.03348905419220338,1.047265030469493e-7,2.234795577549432e-5
197911,Barton College,NC,48980,2,5,0,0,1,0,1,1,2,1,0,0,2,1,2,2,1,2,1,0.7929,215.71153069499846,21.7,56423,14.3,3.2,44.324631101021566,38.62656072644722,12.397528061546224,1.1476857106823053,0.5266604303086997,0.27408793264733394,0.11038353601496725,0.004677268475210477,1,609,4,0.03177738662727924,0.11417611783259508,0.1271017326477099
198066,Brevard College,NC,14820,2,5,0,0,0,0,1,1,2,1,0,0,1,2,2,0,0,0,0,0.33691,89.04521571975206,40,66184,8.9,1.4,87.60796651924846,3.5647502300317595,5.203169986049687,0.6797067466088866,0.6339622641509434,0.1371069182389937,0.08679245283018867,0.00880503144654088,1,77,4,0.10275142048959124,0.07418869983926182,0.0012472058860229318
198118,Caldwell Community College and Technical Institute,NC,25860,1,5,1,1,1,1,0,0,1,0,0,0,4,0,2,3,0,2,3,3.68316,224.65357418695578,22.3,62787,9.8,2.5,77.88936673943027,6.222917277555143,9.137534074001673,2.936608781589722,0.757715036112935,0.06073539067629678,0.09093893630991465,0.015430072225869994,0,235,4,0.0018640249899025065,3.994967573983901e-8,0.32788882944790915
198136,Campbell University,NC,11360,2,5,0,0,1,0,3,1,2,1,0,0,1,1,2,2,0,2,1,1.3915,233.82656950742464,24.5,71287,10.6,2.6,58.240028745957595,19.805246137261946,15.122529644268775,0.886094143011139,0.5666458072590739,0.16364205256570713,0.1304755944931164,0.019086357947434292,1,23,4,0.03157336755340272,0.11423578807233337,0.12737603740241976
198154,Cape Fear Community College,NC,48900,1,5,1,1,3,2,0,0,1,0,0,0,4,0,1,3,0,3,3,4.53347,236.90870445519766,39.4,76471,6.9,2.7,76.69268794102531,10.112342201448339,7.260884046877998,1.0257043721476045,0.683459719198138,0.10428710864178993,0.11329679405360762,0.016067272317741573,0,607,4,0.008757494594035105,4.2950489542673665e-5,0.354898361994613
198206,Carteret Community College,NC,33980,2,5,1,1,1,0,0,0,1,0,0,0,1,0,2,3,0,2,2,0.69148,136.22369959816402,34.5,72322,6.8,2.2,85.25481575750564,4.108578700757795,4.918435818823394,1.000752010181061,0.7391865719819238,0.08908973531310523,0.08973531310522918,0.012265978050355068,0,373,4,0.012453702904136034,7.892011056897759e-7,0.20731957665546327
198215,Catawba College,NC,16740,1,5,0,0,1,1,1,0,2,1,0,0,24,1,2,2,0,1,1,27.68407,494.5980195033105,39.9,83304,7.9,3,56.76484707631501,21.674883786957626,12.516439959875841,4.37648799472043,0.5275526742301458,0.23176661264181522,0.0940032414910859,0.011345218800648298,1,103,4,0.0064655327419721655,6.432950837504707e-6,8.012822364942764e-15
198233,Catawba Valley Community College,NC,25860,1,5,1,1,1,2,0,0,1,0,0,0,4,0,1,3,1,1,3,3.68316,224.65357418695578,22.3,62787,9.8,2.5,77.88936673943027,6.222917277555143,9.137534074001673,2.936608781589722,0.6255041886441204,0.08191126279863481,0.15792739683524668,0.0589512876202296,1,235,4,0.0018640249899025065,3.994967573983901e-8,0.32788882944790915
198260,Central Piedmont Community College,NC,16740,1,5,1,1,4,2,0,0,1,0,0,0,24,0,1,3,1,2,3,27.68407,494.5980195033105,39.9,83304,7.9,3,56.76484707631501,21.674883786957626,12.516439959875841,4.37648799472043,0.3240356698465367,0.30962256325176274,0.1921401907922024,0.04121733720447947,2,103,4,0.0064655327419721655,6.432950837504707e-6,8.012822364942764e-15
198330,Coastal Carolina Community College,NC,27340,1,5,1,1,1,2,0,0,1,0,0,0,2,0,2,3,0,2,2,2.07906,272.81202295439357,26,68148,9.3,2.5,64.00488682385308,11.532134714726848,14.021721354843052,1.8138004675189752,0.5410060142154183,0.18972115910333515,0.19272826681246583,0.03799890650628759,1,259,4,0.012997867083141922,0.0044751416888703785,0.20600441536872088
198367,Craven Community College,NC,35100,2,5,1,1,1,0,0,0,1,0,0,0,2,0,2,0,1,2,3,1.24304,82.08000544344122,26.6,64475,10.5,2.2,65.27786716437122,19.707330415754925,7.294214184579741,2.5172158578967694,0.5480314960629922,0.1830708661417323,0.1047244094488189,0.03818897637795276,1,391,4,0.012458165909579879,2.2207740870845395e-5,0.20730978309770579
198376,Davidson-Davie Community College,NC,49180,1,5,1,1,1,0,0,0,1,0,0,0,8,0,2,3,1,2,2,6.89766,343.3368956858759,30.8,65975,9.6,2.8,64.83271138328071,16.801350023051295,12.235308785878109,1.7590023283258382,0.6009584664536741,0.1869009584664537,0.11309904153354633,0.014696485623003195,1,612,4,0.07814451647905196,0.008356117221008616,1.9344816614722302e-11
198385,Davidson College,NC,16740,1,5,0,0,1,1,1,1,4,1,1,0,24,3,1,0,0,0,0,27.68407,494.5980195033105,39.9,83304,7.9,3,56.76484707631501,21.674883786957626,12.516439959875841,4.37648799472043,0.6210881078478575,0.06259027443428021,0.1006259027443428,0.058257101588830046,1,103,4,0.0064655327419721655,6.432950837504707e-6,8.012822364942764e-15
198464,East Carolina University,NC,24780,1,5,1,0,4,2,3,0,2,1,3,0,2,1,2,2,0,1,1,1.77193,271.6159344873943,33.8,58188,11.7,4.9,51.88015327919274,34.74008566929845,7.8716427849858635,1.963960201588099,0.6287601911723363,0.16263705369693562,0.10008434073657577,0.025817636585137287,1,218,4,0.050296334462837995,0.19788556461986312,0.17579886322472174
198507,Elizabeth City State University,NC,21020,2,5,1,0,1,0,1,0,2,1,0,1,3,2,3,2,1,2,1,0.40834,179.98251748602465,27.6,66589,8.1,3.4,53.80075427339962,34.23127785668805,6.046431894989469,1.4007934564333644,0.16723054615756405,0.6843885935234413,0.04736587723537941,0.005799903334944417,3,164,4,0.005148200718631398,0.0032092843472619685,0.2453341902906286
198516,Elon University,NC,15500,1,5,0,0,2,1,3,0,2,1,1,0,2,2,1,0,0,0,0,1.76893,417.72987051105906,28.7,65651,9.7,3.2,58.08087374853726,19.564369421062448,15.27024811609278,1.813525690671762,0.7736049870761745,0.05275961684658659,0.06796411737874411,0.02341493081952258,0,83,4,0.07938060733056003,0.2262058944943223,0.04347617552522105
198534,Fayetteville Technical Community College,NC,22180,1,5,1,1,3,2,0,0,2,0,0,0,6,0,2,3,1,3,2,3.9238,376.30476777253807,27.2,61763,13.3,3.9,39.31087211376727,36.07650746725113,13.10209490799735,2.4185738314898826,0.31441932969602493,0.39540140296180826,0.14598597038191738,0.01995323460639127,2,182,4,0.0386904295883482,0.23710993446522585,7.31611506189828e-4
198543,Fayetteville State University,NC,22180,1,5,1,0,2,2,2,0,2,1,1,1,6,1,3,3,1,3,1,3.9238,376.30476777253807,27.2,61763,13.3,3.9,39.31087211376727,36.07650746725113,13.10209490799735,2.4185738314898826,0.15739196360879454,0.6254738438210766,0.10053070507960576,0.012433661865049279,3,182,4,0.0386904295883482,0.23710993446522585,7.31611506189828e-4
198552,Forsyth Technical Community College,NC,49180,1,5,1,1,2,2,0,0,1,0,0,0,8,0,2,3,1,3,3,6.89766,343.3368956858759,30.8,65975,9.6,2.8,64.83271138328071,16.801350023051295,12.235308785878109,1.7590023283258382,0.3965133965133965,0.2767052767052767,0.20287820287820288,0.018837018837018837,2,612,4,0.07814451647905196,0.008356117221008616,1.9344816614722302e-11
198561,Gardner-Webb University,NC,43140,2,5,0,0,1,0,3,1,2,1,0,0,2,1,2,2,1,2,1,1.00991,217.53441185803268,22,58534,12.2,3,70.62114445841708,17.853076016674756,4.744977275202741,0.9436484439207453,0.49065184436584136,0.16927741283476502,0.039413845376452754,0.010611419909044972,2,517,4,0.03066459852994819,0.11452625111564342,0.12859530703724809
198598,Greensboro College,NC,24660,1,5,0,0,0,2,2,1,1,1,0,0,11,2,2,2,1,1,1,7.86419,394.3995308267402,32.2,65565,10.7,2.8,54.22503779791688,26.467951562716568,10.453842035861289,4.032455980844817,0.43081312410841655,0.3195435092724679,0.09415121255349501,0.007132667617689016,2,217,3,0.004666715613554598,0.02284590012697566,0.4868933313719048
198622,Guilford Technical Community College,NC,24660,1,5,1,1,3,1,0,0,1,0,0,0,11,0,2,3,1,2,3,7.86419,394.3995308267402,32.2,65565,10.7,2.8,54.22503779791688,26.467951562716568,10.453842035861289,4.032455980844817,0.33970276008492567,0.37889923240241713,0.14339376122815614,0.0468724481463335,2,217,3,0.004666715613554598,0.02284590012697566,0.4868933313719048
198668,Haywood Community College,NC,48200,2,5,1,1,1,0,0,0,2,0,0,0,1,0,1,3,1,3,3,0.62662,113.19820501294592,29.5,61912,9,1.7,90.41683955188152,0.8697456193546328,4.951964507995276,0.3654527464811209,0.7943127962085308,0.06635071090047394,0.06445497630331753,0.004739336492890996,0,597,4,0.01245548407006151,6.3682201122398784e-6,0.2073158494505337
198710,Isothermal Community College,NC,22580,2,5,1,1,1,0,0,0,1,0,0,0,1,0,2,3,1,2,2,0.6493,114.8315243060834,21.5,51410,13.1,3.5,80.79008162636686,7.675958724780532,5.695364238410596,0.4681965193285076,0.7075702075702076,0.11904761904761904,0.08547008547008547,0.006105006105006105,0,190,4,0.01245376639284726,1.2320379129297268e-6,0.2073194283432139
198756,Johnson C Smith University,NC,16740,1,5,0,0,1,2,1,0,1,1,0,1,24,2,3,1,1,1,0,27.68407,494.5980195033105,39.9,83304,7.9,3,56.76484707631501,21.674883786957626,12.516439959875841,4.37648799472043,0.006274509803921568,0.7662745098039215,0.00392156862745098,0.001568627450980392,3,103,4,0.0064655327419721655,6.432950837504707e-6,8.012822364942764e-15
198817,Lenoir Community College,NC,28820,2,5,1,1,1,0,0,0,1,0,0,0,1,0,2,3,1,2,3,0.54919,137.61167487458596,16.3,45143,17,5.1,47.28600302263333,39.22139878730494,8.818441705056538,0.7465540159143466,0.46048722519310753,0.38443256090314915,0.11051693404634581,0.008318478906714201,2,284,4,0.029177048141782142,0.13750768903700178,0.16690181789503705
198899,Mars Hill University,NC,11700,1,5,0,0,1,0,1,0,2,1,0,0,7,2,2,1,1,0,0,4.14711,280.3895272507325,42.5,71838,7.4,2.3,80.95420666440003,3.991454289854863,9.59173978987777,1.0978729766029838,0.6270218839200761,0.17887725975261656,0.09800190294957184,0.012369172216936251,1,30,4,0.03348905419220338,1.047265030469493e-7,2.234795577549432e-5
198950,Meredith College,NC,39580,1,5,0,0,1,2,1,0,4,1,0,0,12,2,2,0,0,0,0,14.87302,702.0788903232706,51.2,100103,5.6,2.8,57.23766928303734,18.40016351756402,12.360569675829119,6.93746125534693,0.6182509505703422,0.09125475285171103,0.1726235741444867,0.04638783269961977,1,458,4,0.07727783007982697,0.05862133414693756,6.214650410628721e-18
198969,Methodist University,NC,22180,1,5,0,0,1,2,3,1,2,1,0,0,6,1,2,2,1,2,0,3.9238,376.30476777253807,27.2,61763,13.3,3.9,39.31087211376727,36.07650746725113,13.10209490799735,2.4185738314898826,0.44842767295597485,0.20817610062893083,0.10754716981132076,0.010062893081761006,2,182,4,0.0386904295883482,0.23710993446522585,7.31611506189828e-4
198987,Mitchell Community College,NC,16740,1,5,1,1,1,0,0,0,1,0,0,0,24,0,1,3,1,1,3,27.68407,494.5980195033105,39.9,83304,7.9,3,56.76484707631501,21.674883786957626,12.516439959875841,4.37648799472043,0.6172839506172839,0.1467764060356653,0.1540923639689072,0.02377686328303612,1,103,4,0.0064655327419721655,6.432950837504707e-6,8.012822364942764e-15
199087,Nash Community College,NC,40580,1,5,1,1,1,0,0,0,1,0,0,0,3,0,2,3,0,2,3,1.44952,138.59333526453568,20.5,59636,11.7,3.7,42.451294221535406,45.25429107566642,7.5404271758927095,0.7540427175892709,0.41868987631699495,0.38937242327072835,0.09940448923499771,0.01282638570774164,2,476,4,0.023677521452287686,0.09228813279626219,0.18019332764435325
199102,North Carolina A & T State University,NC,24660,1,5,1,0,3,2,2,0,1,1,2,1,11,2,3,1,0,0,1,7.86419,394.3995308267402,32.2,65565,10.7,2.8,54.22503779791688,26.467951562716568,10.453842035861289,4.032455980844817,0.034980055231666154,0.8507977907333538,0.046716784289659405,0.004142374961644676,3,217,3,0.004666715613554598,0.02284590012697566,0.4868933313719048
199111,University of North Carolina Asheville,NC,11700,1,5,1,0,1,2,1,0,4,1,1,0,7,1,2,1,0,1,1,4.14711,280.3895272507325,42.5,71838,7.4,2.3,80.95420666440003,3.991454289854863,9.59173978987777,1.0978729766029838,0.7393565160870978,0.05329866753331167,0.09847253818654533,0.014949626259343516,0,30,4,0.03348905419220338,1.047265030469493e-7,2.234795577549432e-5
199120,University of North Carolina at Chapel Hill,NC,20500,1,5,1,0,4,2,3,0,1,1,3,0,6,3,1,1,1,0,0,6.01724,342.09975620104876,53.4,83500,7.7,2.5,52.96248778509749,23.10344942199414,13.605240941029443,5.232133004500402,0.5405113262524673,0.08299652222953285,0.09817652034965692,0.14728827897358773,1,157,4,0.025135015907316344,0.010500603917253342,0.16538683353059808
199139,University of North Carolina at Charlotte,NC,16740,1,5,1,0,4,2,3,0,1,1,3,0,24,1,2,1,0,1,1,27.68407,494.5980195033105,39.9,83304,7.9,3,56.76484707631501,21.674883786957626,12.516439959875841,4.37648799472043,0.47887707822294906,0.17661488143908421,0.1494373710236343,0.10158470583654558,2,103,4,0.0064655327419721655,6.432950837504707e-6,8.012822364942764e-15
199148,University of North Carolina at Greensboro,NC,24660,1,5,1,0,3,2,3,0,1,1,2,0,11,1,3,2,0,1,1,7.86419,394.3995308267402,32.2,65565,10.7,2.8,54.22503779791688,26.467951562716568,10.453842035861289,4.032455980844817,0.3960115835198105,0.30314597867579307,0.16381466368303277,0.05745689087797815,2,217,3,0.004666715613554598,0.02284590012697566,0.4868933313719048
199157,North Carolina Central University,NC,20500,1,5,1,0,2,2,3,0,1,1,1,1,6,1,3,2,1,1,1,6.01724,342.09975620104876,53.4,83500,7.7,2.5,52.96248778509749,23.10344942199414,13.605240941029443,5.232133004500402,0.04576885083964439,0.8289430358906816,0.05548238393151136,0.009548896937767533,3,157,4,0.025135015907316344,0.010500603917253342,0.16538683353059808
199184,University of North Carolina School of the Arts,NC,49180,1,5,1,0,1,2,1,0,4,1,0,0,8,3,1,1,0,0,0,6.89766,343.3368956858759,30.8,65975,9.6,2.8,64.83271138328071,16.801350023051295,12.235308785878109,1.7590023283258382,0.5949506037321625,0.11086717892425905,0.14709110867178923,0.027442371020856202,1,612,4,0.07814451647905196,0.008356117221008616,1.9344816614722302e-11
199193,North Carolina State University at Raleigh,NC,39580,1,5,1,0,4,2,3,0,1,1,3,0,12,2,1,1,0,0,1,14.87302,702.0788903232706,51.2,100103,5.6,2.8,57.23766928303734,18.40016351756402,12.360569675829119,6.93746125534693,0.6669181034482758,0.05829741379310345,0.08642241379310345,0.0956537356321839,1,458,4,0.07727783007982697,0.05862133414693756,6.214650410628721e-18
199218,University of North Carolina Wilmington,NC,48900,1,5,1,0,3,2,3,0,2,1,2,0,4,2,1,2,0,1,1,4.53347,236.90870445519766,39.4,76471,6.9,2.7,76.69268794102531,10.112342201448339,7.260884046877998,1.0257043721476045,0.7847587649781271,0.04678881633170608,0.08793507893235275,0.018829645596906107,0,607,4,0.008757494594035105,4.2950489542673665e-5,0.354898361994613
199272,William Peace University,NC,39580,1,5,0,0,0,2,1,1,4,1,0,0,12,1,2,2,1,2,1,14.87302,702.0788903232706,51.2,100103,5.6,2.8,57.23766928303734,18.40016351756402,12.360569675829119,6.93746125534693,0.5389696169088507,0.2073976221928666,0.12813738441215325,0.019815059445178335,1,458,4,0.07727783007982697,0.05862133414693756,6.214650410628721e-18
199281,University of North Carolina at Pembroke,NC,31300,2,5,1,0,2,0,2,0,1,1,0,0,2,1,3,3,0,3,1,1.16902,123.4062223995489,14.7,41978,21.2,3,23.251954628663324,23.171545396999196,10.883475047475663,0.8092248207900634,0.35040983606557374,0.27900378310214374,0.10687263556116015,0.009457755359394703,2,328,4,0.028640255200226134,0.11528440683477169,0.1314107415451601
199306,Pfeiffer University,NC,10620,2,5,0,0,0,0,2,1,2,1,0,0,2,1,3,1,1,1,1,0.64651,163.64017296515718,19.9,60704,10.9,2.4,77.96476465947936,11.226431145689936,5.699834495986141,1.890148644259176,0.5944767441860465,0.20494186046511628,0.10755813953488372,0.0014534883720930232,1,11,4,0.022614623812638162,0.003868567662615383,0.04855883726844543
199324,Piedmont Community College,NC,20500,1,5,1,1,0,0,0,0,2,0,0,0,6,0,2,2,1,2,3,6.01724,342.09975620104876,53.4,83500,7.7,2.5,52.96248778509749,23.10344942199414,13.605240941029443,5.232133004500402,0.5333333333333333,0.33796296296296297,0.06481481481481481,0.006481481481481481,1,157,4,0.025135015907316344,0.010500603917253342,0.16538683353059808
199412,Queens University of Charlotte,NC,16740,1,5,0,0,1,2,2,1,2,1,0,0,24,2,1,1,1,0,0,27.68407,494.5980195033105,39.9,83304,7.9,3,56.76484707631501,21.674883786957626,12.516439959875841,4.37648799472043,0.5155065472088215,0.1536871123363198,0.1302549965541006,0.03308063404548587,1,103,4,0.0064655327419721655,6.432950837504707e-6,8.012822364942764e-15
199485,Rockingham Community College,NC,24660,1,5,1,1,1,0,0,0,1,0,0,0,11,0,2,3,1,2,3,7.86419,394.3995308267402,32.2,65565,10.7,2.8,54.22503779791688,26.467951562716568,10.453842035861289,4.032455980844817,0.616562282533055,0.18093249826026445,0.09742519137091162,0.0048712595685455815,1,217,3,0.004666715613554598,0.02284590012697566,0.4868933313719048
199494,Rowan-Cabarrus Community College,NC,16740,1,5,1,1,2,1,0,0,1,0,0,0,24,0,1,3,1,2,3,27.68407,494.5980195033105,39.9,83304,7.9,3,56.76484707631501,21.674883786957626,12.516439959875841,4.37648799472043,0.5071143995446784,0.22804022007209257,0.15708594194649972,0.014608233731739707,1,103,4,0.0064655327419721655,6.432950837504707e-6,8.012822364942764e-15
199607,Salem College,NC,49180,1,5,0,0,0,2,1,0,4,1,0,0,8,1,3,0,0,1,1,6.89766,343.3368956858759,30.8,65975,9.6,2.8,64.83271138328071,16.801350023051295,12.235308785878109,1.7590023283258382,0.4525,0.1925,0.1925,0.0175,2,612,4,0.07814451647905196,0.008356117221008616,1.9344816614722302e-11
199740,Stanly Community College,NC,10620,2,5,1,1,1,0,0,0,2,0,0,0,2,0,2,3,1,3,3,0.64651,163.64017296515718,19.9,60704,10.9,2.4,77.96476465947936,11.226431145689936,5.699834495986141,1.890148644259176,0.6065573770491803,0.22255340288127173,0.050173869846000994,0.02185792349726776,1,11,4,0.022614623812638162,0.003868567662615383,0.04855883726844543
199759,Southeastern Baptist Theological Seminary,NC,39580,1,5,0,0,1,1,3,1,8,1,0,0,12,2,1,2,0,2,2,14.87302,702.0788903232706,51.2,100103,5.6,2.8,57.23766928303734,18.40016351756402,12.360569675829119,6.93746125534693,0.726643598615917,0.0328719723183391,0.05363321799307959,0.02422145328719723,0,458,4,0.07727783007982697,0.05862133414693756,6.214650410628721e-18
199768,Surry Community College,NC,34340,2,5,1,1,1,0,0,0,1,0,0,0,1,0,1,2,1,1,3,0.71425,134.09517481503167,20.4,55656,13.3,2.5,81.11305565278263,3.5519775988799442,12.533426671333567,0.6650332516625832,0.7477039438141545,0.039978390059427334,0.16693679092382496,0.0037817396002160996,0,379,4,0.01245369179844395,7.243726366321056e-7,0.20731960498198637
199786,Alamance Community College,NC,15500,1,5,1,1,1,1,0,0,1,0,0,0,2,0,1,3,1,2,3,1.76893,417.72987051105906,28.7,65651,9.7,3.2,58.08087374853726,19.564369421062448,15.27024811609278,1.813525690671762,0.4641018694120834,0.22107829856407477,0.19913302628014087,0.021403413709021945,2,83,4,0.07938060733056003,0.2262058944943223,0.04347617552522105
199847,Wake Forest University,NC,49180,1,5,0,0,2,2,3,0,1,1,2,0,8,3,1,1,1,0,0,6.89766,343.3368956858759,30.8,65975,9.6,2.8,64.83271138328071,16.801350023051295,12.235308785878109,1.7590023283258382,0.6387387387387388,0.06666666666666667,0.09567567567567567,0.05225225225225225,1,612,4,0.07814451647905196,0.008356117221008616,1.9344816614722302e-11
199865,Warren Wilson College,NC,11700,1,5,0,0,0,0,1,0,4,1,0,0,7,2,2,0,1,0,0,4.14711,280.3895272507325,42.5,71838,7.4,2.3,80.95420666440003,3.991454289854863,9.59173978987777,1.0978729766029838,0.7795484727755644,0.0451527224435591,0.07702523240371846,0.013280212483399735,0,30,4,0.03348905419220338,1.047265030469493e-7,2.234795577549432e-5
199926,Wilkes Community College,NC,35900,2,5,1,1,1,0,0,0,1,0,0,0,1,0,2,3,0,1,3,0.65935,87.48434412327263,16.9,51721,13,2.8,85.71775233184196,3.6444983696064304,7.454311063926594,0.6005914916205354,0.7712418300653595,0.03208556149732621,0.1378490790255496,0.0035650623885918,0,401,4,0.012453636815720197,4.4266290523136485e-7,0.20731972497286025
199971,Carolina Christian College,NC,49180,1,5,0,0,0,2,1,1,8,1,0,0,8,0,2,0,0,2,0,6.89766,343.3368956858759,30.8,65975,9.6,2.8,64.83271138328071,16.801350023051295,12.235308785878109,1.7590023283258382,0.014084507042253521,0.7464788732394366,0.1267605633802817,0,3,612,4,0.07814451647905196,0.008356117221008616,1.9344816614722302e-11
199999,Winston-Salem State University,NC,49180,1,5,1,0,1,2,1,0,2,1,1,1,8,1,3,2,1,1,1,6.89766,343.3368956858759,30.8,65975,9.6,2.8,64.83271138328071,16.801350023051295,12.235308785878109,1.7590023283258382,0.06201716738197425,0.8203862660944206,0.047854077253218885,0.007725321888412017,3,612,4,0.07814451647905196,0.008356117221008616,1.9344816614722302e-11
200013,Rasmussen University-North Dakota,ND,22020,1,4,2,0,0,2,0,0,6,0,0,0,4,0,2,3,1,3,1,2.59459,92.33053433916974,41.8,76756,6.1,2.4,81.77515522683738,6.359000844063995,3.947829907615461,2.7753903314203785,0.48109243697478993,0.33613445378151263,0.03571428571428571,0.01680672268907563,2,178,4,0.26181555189110334,0.11503371459644339,3.9708718760683784e-11
200022,Bismarck State College,ND,13900,1,4,1,0,1,2,0,0,2,1,0,0,3,0,1,3,0,2,2,1.36216,31.818838209793046,36.3,85156,4.4,1.4,85.53327068773126,1.8323838609267635,3.5825453691196336,0.755417865742644,0.8059701492537313,0.03524928548745634,0.05525563671006669,0.00825658939345824,0,60,4,0.010797512153740276,5.004515169199537e-7,0.17437639123520185
200059,Dickinson State University,ND,19860,2,4,1,0,1,0,1,0,2,1,0,0,1,3,1,2,0,1,2,0.38366,8.541164992081901,29.5,85938,7.4,2.1,84.20737110983684,2.0643277902309336,6.909763853411875,1.073867486837304,0.7680454176804542,0.030008110300081103,0.08191403081914031,0.008110300081103,0,150,4,0.03446986396133345,0.11329117286340752,0.1234995713378162
200217,University of Mary,ND,13900,1,4,0,0,1,0,3,1,2,1,0,0,3,1,1,2,1,1,1,1.36216,31.818838209793046,36.3,85156,4.4,1.4,85.53327068773126,1.8323838609267635,3.5825453691196336,0.755417865742644,0.7867469879518072,0.02570281124497992,0.0714859437751004,0.014056224899598393,0,60,4,0.010797512153740276,5.004515169199537e-7,0.17437639123520185
200280,University of North Dakota,ND,24220,1,4,1,0,3,2,3,0,2,1,3,0,2,1,1,2,1,2,2,1.03628,30.41428158189037,34.8,69836,6.3,1.8,82.16698189678465,3.1960474003165165,5.8295055390435015,2.1876326861466016,0.7747816908166203,0.02811630361769504,0.06074273102389406,0.02418194031282986,0,208,4,0.0205150542571171,0.12628329496000093,0.22799007028527807
200305,North Dakota State College of Science,ND,47420,2,4,1,1,1,0,0,0,3,1,0,0,1,0,1,2,0,1,2,0.22955,10.497494315875256,24.3,73734,6.8,1.6,89.22239163580919,0.6839468525375736,3.824874754955347,0.5793944674362884,0.7918367346938775,0.06836734693877551,0.045408163265306126,0.01020408163265306,0,584,4,0.01245472840626152,2.7016945302501345e-6,0.20731753005248615
200332,North Dakota State University-Main Campus,ND,22020,1,4,1,0,3,2,3,0,1,1,3,0,4,1,1,1,1,0,1,2.59459,92.33053433916974,41.8,76756,6.1,2.4,81.77515522683738,6.359000844063995,3.947829907615461,2.7753903314203785,0.8479897009308774,0.034066151713210535,0.03218459100812042,0.017132105367399484,0,178,4,0.26181555189110334,0.11503371459644339,3.9708718760683784e-11
200800,University of Akron Main Campus,OH,10420,1,3,1,0,3,2,3,0,2,1,2,0,5,2,1,2,1,1,1,6.9982,777.3971023238839,35.1,72371,8.5,3.3,76.32977051241748,11.719299248378153,2.6223886142150836,3.832699837100969,0.7010279286268425,0.12946082234290146,0.03840186190845617,0.03491078355314197,0,6,4,0.08382904521101096,0.15871064152232453,0.08526151809217039
200846,University of Akron Wayne College,OH,49300,2,3,1,0,1,0,1,0,0,0,0,0,3,1,1,1,1,0,3,1.16588,210.14834077473628,25.1,73574,5.5,2,92.3285415308608,1.1622122345352865,2.4745256801729165,1.1339074347274163,0.8531598513011153,0.03345724907063197,0.04460966542750929,0.020446096654275093,0,613,4,0.17628540054838124,0.012430115385477645,1.759829123378323e-7
201061,Art Academy of Cincinnati,OH,17140,1,3,0,0,0,2,1,0,4,1,0,0,23,3,3,0,0,0,0,22.70706,517.8129395283128,37.1,81120,7.9,2.9,75.83491654137524,11.401255820876855,4.578708119853473,2.941552098774566,0.6459143968871596,0.17509727626459143,0.058365758754863814,0.007782101167315175,1,109,4,2.8660648106650414e-4,1.1669078719558012e-14,1.5341241899466e-7
201177,Aultman College of Nursing and Health Sciences,OH,15940,1,3,0,0,0,2,1,0,6,0,0,0,7,2,2,1,0,3,2,4.00372,412.8319509937292,25.2,67801,8.7,2.4,84.50016484669257,6.637826821056418,2.925779025506279,0.8349734746685582,0.8439490445859873,0.08280254777070063,0.009554140127388535,0.0031847133757961785,0,87,4,0.012338374981171874,2.537286857850271e-12,7.842790326408253e-5
201195,Baldwin Wallace University,OH,17410,1,3,0,0,1,1,2,0,2,1,0,0,22,1,1,1,1,0,0,21.71526,803.8376543867352,34.1,70678,9.5,3.5,68.13982425262235,18.18651952590022,6.750644477662253,2.371834369010548,0.7708623087621697,0.06536856745479833,0.07267037552155772,0.01912378303198887,0,112,4,1.581456612750971e-4,1.1870394252211771e-12,1.7140696244833904e-13
201432,Bowling Green State University-Firelands,OH,41780,1,3,1,0,1,0,0,0,1,0,0,0,2,0,1,3,0,1,2,1.14575,226.4372516014781,29.2,73502,7.4,2.8,83.33406065895701,5.696705214924721,4.820423303512983,0.6973598079860354,0.6944248412138321,0.13832039520112915,0.07904022582921666,0.0056457304163726185,0,498,4,0.012453711896296673,5.985086607998307e-7,0.20731957625276665
201441,Bowling Green State University-Main Campus,OH,45780,1,3,1,0,3,0,3,0,2,1,2,0,10,1,1,1,0,0,1,6.02322,442.14295402427183,30.2,65486,11.3,3.6,71.84197157002401,13.891074873572606,7.657365993604749,1.699257207938611,0.7895776359769067,0.0694317836523853,0.0528714676390155,0.011166818596171376,0,557,4,0.03296160322606577,3.4923684402513584e-6,1.122923732435001e-5
201469,Bryant & Stratton College-Parma,OH,17410,1,3,0,0,0,1,0,0,6,0,0,0,22,0,3,0,1,3,2,21.71526,803.8376543867352,34.1,70678,9.5,3.5,68.13982425262235,18.18651952590022,6.750644477662253,2.371834369010548,0.43105446118192353,0.3939745075318656,0.05330243337195829,0.02085747392815759,2,112,4,1.581456612750971e-4,1.1870394252211771e-12,1.7140696244833904e-13
201548,Capital University,OH,18140,1,3,0,0,1,1,3,1,2,1,0,0,24,2,2,1,0,0,0,21.75788,453.5305559849711,39.8,81945,8.6,2.8,68.15103309697452,15.916624229934168,5.630144113305156,5.0326594318931805,0.6762767710049423,0.12397034596375618,0.05642504118616145,0.029242174629324547,0,123,4,0.4027699685234773,1.3503723605727494e-8,1.9430381998667755e-30
201645,Case Western Reserve University,OH,17410,1,3,0,0,3,2,3,0,1,1,3,0,22,3,1,0,0,0,0,21.71526,803.8376543867352,34.1,70678,9.5,3.5,68.13982425262235,18.18651952590022,6.750644477662253,2.371834369010548,0.34498872059297453,0.06364808250080567,0.11698356429262005,0.2745729938768933,2,112,4,1.581456612750971e-4,1.1870394252211771e-12,1.7140696244833904e-13
201654,Cedarville University,OH,19430,1,3,0,0,2,0,1,1,2,1,0,0,14,2,1,3,0,0,2,8.1608,636.7840212344423,32.8,71739,9,3.2,73.49365258308009,14.81325360258798,3.764704440741104,2.3484217233604547,0.8606875161540449,0.01447402429568364,0.03308348410441975,0.02791418971310416,0,144,4,0.009553376934196748,2.2433095808604002e-8,2.293363573390857e-7
201821,The Christ College of Nursing and Health Sciences,OH,17140,1,3,0,0,0,2,1,0,6,0,0,0,23,2,2,1,1,3,2,22.70706,517.8129395283128,37.1,81120,7.9,2.9,75.83491654137524,11.401255820876855,4.578708119853473,2.941552098774566,0.7212931995540691,0.17614269788182832,0.028985507246376812,0.03678929765886288,0,109,4,2.8660648106650414e-4,1.1669078719558012e-14,1.5341241899466e-7
201885,University of Cincinnati-Main Campus,OH,17140,1,3,1,0,4,2,3,0,2,1,3,0,23,1,1,2,1,1,1,22.70706,517.8129395283128,37.1,81120,7.9,2.9,75.83491654137524,11.401255820876855,4.578708119853473,2.941552098774566,0.6954625329484122,0.08795657085477596,0.04735157524789758,0.05387849880758127,0,109,4,2.8660648106650414e-4,1.1669078719558012e-14,1.5341241899466e-7
201946,University of Cincinnati-Clermont College,OH,17140,1,3,1,0,2,1,0,0,2,1,0,0,23,0,1,3,0,2,3,22.70706,517.8129395283128,37.1,81120,7.9,2.9,75.83491654137524,11.401255820876855,4.578708119853473,2.941552098774566,0.7003405221339387,0.123155505107832,0.06867196367763904,0.024971623155505107,0,109,4,2.8660648106650414e-4,1.1669078719558012e-14,1.5341241899466e-7
201955,University of Cincinnati-Blue Ash College,OH,17140,1,3,1,0,2,1,0,0,2,1,0,0,23,0,1,3,1,1,2,22.70706,517.8129395283128,37.1,81120,7.9,2.9,75.83491654137524,11.401255820876855,4.578708119853473,2.941552098774566,0.5747916666666667,0.22375,0.08,0.044583333333333336,1,109,4,2.8660648106650414e-4,1.1669078719558012e-14,1.5341241899466e-7
201964,Ohio Christian University,OH,18140,1,3,0,0,1,0,1,1,2,1,0,0,24,3,2,3,0,3,2,21.75788,453.5305559849711,39.8,81945,8.6,2.8,68.15103309697452,15.916624229934168,5.630144113305156,5.0326594318931805,0.7053291536050157,0.19435736677115986,0.04179728317659352,0.0073145245559038665,0,123,4,0.4027699685234773,1.3503723605727494e-8,1.9430381998667755e-30
202170,Columbus College of Art & Design,OH,18140,1,3,0,0,0,2,1,0,4,1,0,0,24,2,2,1,1,0,0,21.75788,453.5305559849711,39.8,81945,8.6,2.8,68.15103309697452,15.916624229934168,5.630144113305156,5.0326594318931805,0.6593647316538883,0.11281489594742607,0.08433734939759036,0.03943044906900329,1,123,4,0.4027699685234773,1.3503723605727494e-8,1.9430381998667755e-30
202222,Columbus State Community College,OH,18140,1,3,1,0,4,2,0,0,1,0,0,0,24,0,1,2,1,2,3,21.75788,453.5305559849711,39.8,81945,8.6,2.8,68.15103309697452,15.916624229934168,5.630144113305156,5.0326594318931805,0.4255569073289424,0.25724713680412803,0.08084070982086672,0.044972102194068046,2,123,4,0.4027699685234773,1.3503723605727494e-8,1.9430381998667755e-30
202356,Cuyahoga Community College District,OH,17410,1,3,1,1,3,2,0,0,1,0,0,0,22,0,2,3,1,3,3,21.71526,803.8376543867352,34.1,70678,9.5,3.5,68.13982425262235,18.18651952590022,6.750644477662253,2.371834369010548,0.540451467268623,0.24875846501128668,0.08230248306997742,0.028261851015801354,1,112,4,1.581456612750971e-4,1.1870394252211771e-12,1.7140696244833904e-13
202480,University of Dayton,OH,19430,1,3,0,0,3,2,3,1,1,1,3,0,14,2,1,1,0,0,0,8.1608,636.7840212344423,32.8,71739,9,3.2,73.49365258308009,14.81325360258798,3.764704440741104,2.3484217233604547,0.7877797943133696,0.051542649727767696,0.06581972171808832,0.01693889897156685,0,144,4,0.009553376934196748,2.2433095808604002e-8,2.293363573390857e-7
202648,Edison State Community College,OH,19430,1,3,1,0,1,0,0,0,2,0,0,0,14,0,1,2,1,1,3,8.1608,636.7840212344423,32.8,71739,9,3.2,73.49365258308009,14.81325360258798,3.764704440741104,2.3484217233604547,0.8389316066369891,0.05220558478348847,0.029947389720760824,0.01254552812626467,0,144,4,0.009553376934196748,2.2433095808604002e-8,2.293363573390857e-7
202763,The University of Findlay,OH,22300,2,3,0,0,2,0,3,1,2,1,0,0,1,1,1,1,1,0,2,0.74866,140.90468820703552,30.3,73141,6.1,2,86.87922421392888,1.821921833676168,6.128282531456201,1.918093660673737,0.745572354211663,0.044060475161987044,0.03974082073434125,0.012526997840172787,0,184,4,0.11202247671261699,0.08886618945534708,0.019480167414532963
203085,Heidelberg University,OH,45660,2,3,0,0,1,0,2,1,1,1,0,0,2,1,2,1,0,0,0,0.5477,99.39633323555185,20.6,66025,8.5,2.2,87.816322804455,2.371736352017528,5.702026656928975,0.5258353113018075,0.8137254901960784,0.11437908496732026,0.027233115468409588,0.0054466230936819175,0,555,4,0.11152457784441866,0.08789845665129553,0.018260856439763228
203128,Hiram College,OH,10420,1,3,0,0,1,0,1,0,1,1,0,0,5,1,2,1,0,0,1,6.9982,777.3971023238839,35.1,72371,8.5,3.3,76.32977051241748,11.719299248378153,2.6223886142150836,3.832699837100969,0.4741721854304636,0.06357615894039735,0.08211920529801324,0.006622516556291391,2,6,4,0.08382904521101096,0.15871064152232453,0.08526151809217039
203155,Hocking College,OH,11900,2,3,1,1,1,0,0,0,2,1,0,0,2,0,2,2,0,1,1,0.61737,122.58086790657121,34.9,56001,7.4,3.7,88.60002915593567,2.185075400489172,2.3033189173429225,2.0360561737693765,0.7679505468378507,0.11554921540656206,0.02282453637660485,0.0023775558725630053,0,32,4,0.008936528277407794,2.4538223886618827e-4,0.3543938774789933
203368,John Carroll University,OH,17410,1,3,0,0,1,1,2,1,1,1,0,0,22,1,1,0,0,0,0,21.71526,803.8376543867352,34.1,70678,9.5,3.5,68.13982425262235,18.18651952590022,6.750644477662253,2.371834369010548,0.8304423243712056,0.042931483087597574,0.047701647875108416,0.028620988725065046,0,112,4,1.581456612750971e-4,1.1870394252211771e-12,1.7140696244833904e-13
203447,Kent State University at Ashtabula,OH,17410,1,3,1,0,1,0,0,0,6,0,0,0,22,0,2,3,0,2,3,21.71526,803.8376543867352,34.1,70678,9.5,3.5,68.13982425262235,18.18651952590022,6.750644477662253,2.371834369010548,0.7636792452830189,0.10235849056603774,0.046698113207547166,0.013207547169811321,0,112,4,1.581456612750971e-4,1.1870394252211771e-12,1.7140696244833904e-13
203456,Kent State University at East Liverpool,OH,41400,2,3,1,0,1,0,0,0,6,0,0,0,4,0,1,3,0,2,3,1.00704,189.3228021898966,17.1,58180,12.4,2.6,92.00428979980934,1.9165077851922465,1.909556720686368,0.2621544327931363,0.7871287128712872,0.08628005657708628,0.04455445544554455,0.013437057991513438,0,489,4,0.00170225726030579,2.176186966033432e-11,0.3286311051994369
203465,Kent State University at Stark,OH,15940,1,3,1,0,1,1,0,0,1,0,0,0,7,0,1,3,0,1,3,4.00372,412.8319509937292,25.2,67801,8.7,2.4,84.50016484669257,6.637826821056418,2.925779025506279,0.8349734746685582,0.78380886105312,0.08513106007886802,0.04291347715147298,0.014845743446996056,0,87,4,0.012338374981171874,2.537286857850271e-12,7.842790326408253e-5
203474,Kent State University at Trumbull,OH,49660,1,3,1,0,1,0,0,0,1,0,0,0,3,0,2,3,0,2,3,4.2742000000000004,415.3426486573386,24.1,56713,13.1,3.2,78.81404707313649,10.953160825417623,4.686023115436807,0.6714706845725515,0.7950425453200148,0.0880503144654088,0.040695523492415835,0.010358860525342212,0,618,4,0.0087164191809670135,1.1492666919744853e-6,0.35386094071236773
203483,Kent State University at Tuscarawas,OH,35420,2,3,1,0,1,0,0,0,2,0,0,0,1,0,2,3,0,2,3,0.92385,162.77420292295633,19.8,65044,9.8,2.7,91.88612870054662,0.6223954105103642,4.660929804621962,0.3528711370893543,0.8101419878296146,0.07829614604462475,0.03975659229208925,0.013387423935091278,0,394,4,0.01245380595299681,7.980547713581254e-7,0.20731938141623107
203492,Kent State University at Salem,OH,41400,2,3,1,0,1,0,0,0,2,0,0,0,4,0,2,3,0,2,3,1.00704,189.3228021898966,17.1,58180,12.4,2.6,92.00428979980934,1.9165077851922465,1.909556720686368,0.2621544327931363,0.798622151563328,0.08797032326444092,0.04292527821939587,0.00794912559618442,0,489,4,0.00170225726030579,2.176186966033432e-11,0.3286311051994369
203517,Kent State University at Kent,OH,10420,1,3,1,0,4,1,3,0,2,1,3,0,5,1,1,2,1,1,1,6.9982,777.3971023238839,35.1,72371,8.5,3.3,76.32977051241748,11.719299248378153,2.6223886142150836,3.832699837100969,0.7370870367264799,0.09357705852758678,0.0455726983062217,0.023268489015596177,0,6,4,0.08382904521101096,0.15871064152232453,0.08526151809217039
203526,Kent State University at Geauga,OH,17410,1,3,1,0,1,0,0,0,1,0,0,0,22,0,1,3,0,2,3,21.71526,803.8376543867352,34.1,70678,9.5,3.5,68.13982425262235,18.18651952590022,6.750644477662253,2.371834369010548,0.733743747595229,0.12735667564447864,0.05001923816852635,0.01846864178530204,0,112,4,1.581456612750971e-4,1.1870394252211771e-12,1.7140696244833904e-13
203544,Kettering College,OH,19430,1,3,0,0,0,2,3,1,6,1,0,0,14,1,1,2,0,2,2,8.1608,636.7840212344423,32.8,71739,9,3.2,73.49365258308009,14.81325360258798,3.764704440741104,2.3484217233604547,0.6407894736842106,0.13815789473684212,0.03684210526315789,0.031578947368421054,1,144,4,0.009553376934196748,2.2433095808604002e-8,2.293363573390857e-7
203599,Lakeland Community College,OH,17410,1,3,1,1,1,1,0,0,1,0,0,0,22,0,1,3,1,2,3,21.71526,803.8376543867352,34.1,70678,9.5,3.5,68.13982425262235,18.18651952590022,6.750644477662253,2.371834369010548,0.6285864701237168,0.18215319821005527,0.06607001842590156,0.017899447222953408,1,112,4,1.581456612750971e-4,1.1870394252211771e-12,1.7140696244833904e-13
203678,James A. Rhodes State College,OH,30620,1,3,1,0,1,0,0,0,6,0,0,0,4,0,1,2,1,1,3,1.01348,251.7679728574427,20.1,64038,10.1,3.5,79.00402573311757,9.573943245056636,3.633026798752812,0.9294707344989541,0.8037735849056604,0.07978436657681941,0.007008086253369272,0.009703504043126684,0,317,4,0.018613302297978095,8.156858133910179e-7,0.08551355778732274
203748,Lorain County Community College,OH,17410,1,3,1,0,2,1,0,0,1,0,0,0,22,0,1,2,1,2,3,21.71526,803.8376543867352,34.1,70678,9.5,3.5,68.13982425262235,18.18651952590022,6.750644477662253,2.371834369010548,0.6690250459883967,0.11872081505589359,0.12848450544785622,0.010754209707089289,1,112,4,1.581456612750971e-4,1.1870394252211771e-12,1.7140696244833904e-13
203775,Malone University,OH,15940,1,3,0,0,1,2,2,1,2,1,0,0,7,1,2,1,1,0,1,4.00372,412.8319509937292,25.2,67801,8.7,2.4,84.50016484669257,6.637826821056418,2.925779025506279,0.8349734746685582,0.7539779681762546,0.07099143206854346,0.033047735618115054,0.011015911872705019,0,87,4,0.012338374981171874,2.537286857850271e-12,7.842790326408253e-5
203845,Marietta College,OH,31930,2,3,0,0,1,0,1,0,1,1,0,0,2,1,2,1,0,0,1,0.58978,93.32345440704846,21.9,63603,10.3,2.8,93.63661026145343,0.7545186340669402,1.2564006917833768,0.549357387500424,0.8298261665141812,0.043000914913083256,0.03202195791399817,0.0054894784995425435,0,341,4,0.11196417649056542,0.08858588266209654,0.01911332089636305
203881,Marion Technical College,OH,32020,2,3,1,0,1,0,0,0,2,0,0,0,2,0,1,2,1,2,3,0.6502,161.01751821006437,14.7,59371,11.1,3.4,86.25807443863427,4.667794524761612,3.226699477083974,0.6075053829590895,0.7666340508806262,0.1350293542074364,0.0273972602739726,0.008806262230919765,0,342,4,0.019257015944370237,2.412100117716478e-7,0.07628531352757562
203960,Mercy College of Ohio,OH,45780,1,3,0,0,1,2,0,1,6,0,0,0,10,1,2,3,1,3,3,6.02322,442.14295402427183,30.2,65486,11.3,3.6,71.84197157002401,13.891074873572606,7.657365993604749,1.699257207938611,0.6773455377574371,0.17543859649122806,0.08543096872616324,0.014492753623188406,0,557,4,0.03296160322606577,3.4923684402513584e-6,1.122923732435001e-5
204006,Miami University-Hamilton,OH,17140,1,3,1,0,1,1,1,0,2,0,0,0,23,0,2,2,0,1,1,22.70706,517.8129395283128,37.1,81120,7.9,2.9,75.83491654137524,11.401255820876855,4.578708119853473,2.941552098774566,0.6855078623034424,0.09137271568210795,0.061623459413514665,0.037399065023374416,0,109,4,2.8660648106650414e-4,1.1669078719558012e-14,1.5341241899466e-7
204015,Miami University-Middletown,OH,17140,1,3,1,0,1,1,1,0,2,0,0,0,23,0,1,3,0,1,2,22.70706,517.8129395283128,37.1,81120,7.9,2.9,75.83491654137524,11.401255820876855,4.578708119853473,2.941552098774566,0.7382053654024052,0.06753006475485661,0.04440333024976873,0.013876040703052728,0,109,4,2.8660648106650414e-4,1.1669078719558012e-14,1.5341241899466e-7
204024,Miami University-Oxford,OH,17140,1,3,1,0,3,0,2,0,2,1,2,0,23,1,1,1,0,0,0,22.70706,517.8129395283128,37.1,81120,7.9,2.9,75.83491654137524,11.401255820876855,4.578708119853473,2.941552098774566,0.811091340450771,0.0300711743772242,0.046204033214709374,0.0263938315539739,0,109,4,2.8660648106650414e-4,1.1669078719558012e-14,1.5341241899466e-7
204176,Mount Carmel College of Nursing,OH,18140,1,3,0,0,0,2,1,1,6,0,0,0,24,1,2,3,0,3,1,21.75788,453.5305559849711,39.8,81945,8.6,2.8,68.15103309697452,15.916624229934168,5.630144113305156,5.0326594318931805,0.6153846153846154,0.23224852071005916,0.042899408284023666,0.0621301775147929,1,123,4,0.4027699685234773,1.3503723605727494e-8,1.9430381998667755e-30
204185,University of Mount Union,OH,15940,1,3,0,0,1,0,1,0,2,1,0,0,7,1,1,1,0,0,1,4.00372,412.8319509937292,25.2,67801,8.7,2.4,84.50016484669257,6.637826821056418,2.925779025506279,0.8349734746685582,0.806243272335845,0.07965554359526372,0.031216361679224973,0.012917115177610334,0,87,4,0.012338374981171874,2.537286857850271e-12,7.842790326408253e-5
204200,Mount St. Joseph University,OH,17140,1,3,0,0,1,1,3,1,2,1,0,0,23,2,2,1,1,0,1,22.70706,517.8129395283128,37.1,81120,7.9,2.9,75.83491654137524,11.401255820876855,4.578708119853473,2.941552098774566,0.7321739130434782,0.13217391304347825,0.04869565217391304,0.00782608695652174,0,109,4,2.8660648106650414e-4,1.1669078719558012e-14,1.5341241899466e-7
204255,Zane State College,OH,49780,2,3,1,0,1,0,0,0,2,0,0,0,3,0,1,2,1,1,3,0.86411,130.03015664637087,20.6,60780,11.3,2.5,90.54634247954543,3.08756986957679,1.3262200414299106,0.46058950828019585,0.8635346756152126,0.0436241610738255,0.020134228187919462,0.0044742729306487695,0,621,4,0.001701981632525141,1.7744349993896932e-12,0.3286344711640404
204617,Ohio Dominican University,OH,18140,1,3,0,0,1,2,2,1,2,1,0,0,24,1,2,1,1,1,1,21.75788,453.5305559849711,39.8,81945,8.6,2.8,68.15103309697452,15.916624229934168,5.630144113305156,5.0326594318931805,0.5338785046728972,0.28738317757009346,0.05724299065420561,0.01985981308411215,1,123,4,0.4027699685234773,1.3503723605727494e-8,1.9430381998667755e-30
204662,Ohio State University Agricultural Technical Institute,OH,49300,2,3,1,1,0,0,0,0,2,1,0,0,3,0,1,1,1,0,0,1.16588,210.14834077473628,25.1,73574,5.5,2,92.3285415308608,1.1622122345352865,2.4745256801729165,1.1339074347274163,0.907725321888412,0.023605150214592276,0.017167381974248927,0.004291845493562232,0,613,4,0.17628540054838124,0.012430115385477645,1.759829123378323e-7
204671,Ohio State University-Lima Campus,OH,30620,1,3,1,0,0,0,0,0,1,0,0,0,4,0,1,1,1,0,1,1.01348,251.7679728574427,20.1,64038,10.1,3.5,79.00402573311757,9.573943245056636,3.633026798752812,0.9294707344989541,0.7549751243781094,0.06716417910447761,0.05970149253731343,0.04228855721393035,0,317,4,0.018613302297978095,8.156858133910179e-7,0.08551355778732274
204680,Ohio State University-Mansfield Campus,OH,31900,1,3,1,0,0,0,0,0,1,1,0,0,2,0,2,1,1,1,1,1.25099,252.6094964329177,17.9,59509,9.6,3,83.86397972805538,7.0664034085004674,2.267803899311745,0.7538029880334775,0.7160883280757098,0.10725552050473186,0.05993690851735016,0.03680336487907466,0,340,4,0.04239740315476994,0.02697467703952567,0.15078922399969427
204699,Ohio State University-Marion Campus,OH,32020,2,3,1,0,0,0,0,0,1,0,0,0,2,0,2,1,1,0,1,0.6502,161.01751821006437,14.7,59371,11.1,3.4,86.25807443863427,4.667794524761612,3.226699477083974,0.6075053829590895,0.7262021589793916,0.05299313052011776,0.04906771344455348,0.09028459273797841,0,342,4,0.019257015944370237,2.412100117716478e-7,0.07628531352757562
204705,Ohio State University-Newark Campus,OH,18140,1,3,1,0,1,1,0,0,1,1,0,0,24,0,2,1,1,0,1,21.75788,453.5305559849711,39.8,81945,8.6,2.8,68.15103309697452,15.916624229934168,5.630144113305156,5.0326594318931805,0.5737643998513564,0.20884429580081754,0.05982905982905983,0.07803790412486064,1,123,4,0.4027699685234773,1.3503723605727494e-8,1.9430381998667755e-30
204796,Ohio State University-Main Campus,OH,18140,1,3,1,0,4,2,3,0,1,1,3,0,24,2,1,1,1,0,0,21.75788,453.5305559849711,39.8,81945,8.6,2.8,68.15103309697452,15.916624229934168,5.630144113305156,5.0326594318931805,0.6160440258228383,0.08263308286591174,0.057085405863054293,0.09634881998095036,1,123,4,0.4027699685234773,1.3503723605727494e-8,1.9430381998667755e-30
204802,Ohio University-Eastern Campus,OH,48540,1,3,1,0,1,0,1,0,1,0,0,0,5,0,1,2,0,1,3,1.3692,145.13648042120747,23.7,57418,11.8,3,90.8997955010225,2.543821209465381,1.4103125912941863,0.49444931346771837,0.8351648351648352,0.035164835164835165,0.006593406593406593,0.013186813186813187,0,602,4,0.0017177888007565013,5.091811748711003e-9,0.32826886748190864
204820,Ohio University-Chillicothe Campus,OH,17060,2,3,1,0,1,0,0,0,2,0,0,0,1,0,1,2,1,1,3,0.76492,110.99216681873772,17.4,61303,10.7,2,88.4210113475919,5.462009098990745,1.4276002719238612,0.545155048894002,0.8477157360406091,0.03468697123519458,0.02622673434856176,0.007614213197969543,0,108,4,0.012453706885603483,3.080162212093917e-7,0.20731960668842317
204839,Ohio University-Southern Campus,OH,26580,1,3,1,0,1,1,0,0,6,0,0,0,8,0,1,2,0,1,3,3.70729,127.15726006468658,23.5,60078,12.1,2.6,92.8187436105619,1.9264745946500004,1.3640691718209257,0.6845971046235929,0.8484005563282336,0.031988873435326845,0.009735744089012517,0.004172461752433936,0,245,3,0.001071541512628043,4.426972289212309e-12,0.5039696452397818
204848,Ohio University-Lancaster Campus,OH,18140,1,3,1,0,1,0,0,0,2,0,0,0,24,0,1,2,0,1,3,21.75788,453.5305559849711,39.8,81945,8.6,2.8,68.15103309697452,15.916624229934168,5.630144113305156,5.0326594318931805,0.8524590163934426,0.037608486017357765,0.033751205400192864,0.0019286403085824494,0,123,4,0.4027699685234773,1.3503723605727494e-8,1.9430381998667755e-30
204857,Ohio University-Main Campus,OH,11900,2,3,1,0,4,0,3,0,2,1,3,0,2,1,1,2,1,1,1,0.61737,122.58086790657121,34.9,56001,7.4,3.7,88.60002915593567,2.185075400489172,2.3033189173429225,2.0360561737693765,0.8059672669338097,0.058031188142712305,0.04823057982909284,0.015835465649592043,0,32,4,0.008936528277407794,2.4538223886618827e-4,0.3543938774789933
204866,Ohio University-Zanesville Campus,OH,49780,2,3,1,0,1,0,0,0,6,0,0,0,3,0,1,2,0,1,3,0.86411,130.03015664637087,20.6,60780,11.3,2.5,90.54634247954543,3.08756986957679,1.3262200414299106,0.46058950828019585,0.8246913580246914,0.040740740740740744,0.040740740740740744,0.006172839506172839,0,621,4,0.001701981632525141,1.7744349993896932e-12,0.3286344711640404
204909,Ohio Wesleyan University,OH,18140,1,3,0,0,1,1,1,1,4,1,0,0,24,2,1,0,0,0,0,21.75788,453.5305559849711,39.8,81945,8.6,2.8,68.15103309697452,15.916624229934168,5.630144113305156,5.0326594318931805,0.7318889641164523,0.07447528774542993,0.05145565335138795,0.03046716316858497,0,123,4,0.4027699685234773,1.3503723605727494e-8,1.9430381998667755e-30
204936,Otterbein University,OH,18140,1,3,0,0,1,1,1,1,2,1,0,0,24,1,2,1,0,0,0,21.75788,453.5305559849711,39.8,81945,8.6,2.8,68.15103309697452,15.916624229934168,5.630144113305156,5.0326594318931805,0.6878208119458703,0.11432571161922539,0.06439570695286981,0.03826411572561829,0,123,4,0.4027699685234773,1.3503723605727494e-8,1.9430381998667755e-30
204945,Owens Community College,OH,45780,1,3,1,1,2,1,0,0,2,0,0,0,10,0,1,2,1,2,3,6.02322,442.14295402427183,30.2,65486,11.3,3.6,71.84197157002401,13.891074873572606,7.657365993604749,1.699257207938611,0.6863738738738738,0.12218468468468469,0.11186186186186187,0.01144894894894895,0,557,4,0.03296160322606577,3.4923684402513584e-6,1.122923732435001e-5
205203,University of Rio Grande,OH,23680,2,3,0,0,1,0,0,0,6,1,0,0,1,0,2,1,0,1,2,0.29068,62.306884392696766,20.5,56830,12.5,1.9,92.59322966836385,1.9815604788771157,1.059584422732902,0.8153295720379798,0.6829745596868885,0.038486627527723416,0.007827788649706457,0.002609262883235486,0,203,4,0.1129585599518086,0.23595179455707913,0.0029194096701214245
205391,The Modern College of Design,OH,19430,1,3,2,0,0,2,0,0,4,0,0,0,14,1,3,2,0,1,1,8.1608,636.7840212344423,32.8,71739,9,3.2,73.49365258308009,14.81325360258798,3.764704440741104,2.3484217233604547,0.7990867579908676,0.0502283105022831,0.0684931506849315,0.0091324200913242,0,144,4,0.009553376934196748,2.2433095808604002e-8,2.293363573390857e-7
205443,Shawnee State University,OH,39020,2,3,1,0,1,0,1,0,2,1,0,0,1,0,2,2,0,1,2,0.72627,119.0304703486984,18.2,50609,16.8,2.9,92.00710479573712,2.3035510209701626,1.5751717680752337,0.48604513472950833,0.694121915820029,0.038824383164005806,0.00181422351233672,0.00725689404934688,0,450,4,0.020545916507744757,0.05423295492525314,0.17083007366638706
205470,Sinclair Community College,OH,19430,1,3,1,0,3,2,0,0,2,0,0,0,14,0,2,3,0,2,3,8.1608,636.7840212344423,32.8,71739,9,3.2,73.49365258308009,14.81325360258798,3.764704440741104,2.3484217233604547,0.6029608306774956,0.19481854631438264,0.05248277989102498,0.020252904287036085,1,144,4,0.009553376934196748,2.2433095808604002e-8,2.293363573390857e-7
205841,Stark State College,OH,15940,1,3,1,1,3,1,0,0,2,0,0,0,7,0,2,3,1,2,3,4.00372,412.8319509937292,25.2,67801,8.7,2.4,84.50016484669257,6.637826821056418,2.925779025506279,0.8349734746685582,0.6959936110741382,0.1641155330760016,0.04445627578863304,0.03700252894982031,0,87,4,0.012338374981171874,2.537286857850271e-12,7.842790326408253e-5
206011,Terra State Community College,OH,23380,2,3,1,1,1,0,0,0,2,1,0,0,1,0,1,2,1,2,3,0.58778,143.9771665464317,18.4,62295,10.1,2.5,81.89628772670046,2.8156793358059136,10.939467147572222,0.5035897784885501,0.7916666666666666,0.09941520467836257,0.02412280701754386,0.0043859649122807015,0,197,4,0.012453649754648024,5.044409054753276e-7,0.20731969656742288
206349,Ursuline College,OH,17410,1,3,0,0,0,1,2,1,6,1,0,0,22,2,2,2,1,2,1,21.71526,803.8376543867352,34.1,70678,9.5,3.5,68.13982425262235,18.18651952590022,6.750644477662253,2.371834369010548,0.4961832061068702,0.2684478371501272,0.019083969465648856,0.044529262086514,2,112,4,1.581456612750971e-4,1.1870394252211771e-12,1.7140696244833904e-13
206437,Walsh University,OH,15940,1,3,0,0,1,1,3,1,2,1,0,0,7,2,1,1,1,1,1,4.00372,412.8319509937292,25.2,67801,8.7,2.4,84.50016484669257,6.637826821056418,2.925779025506279,0.8349734746685582,0.5980323260716796,0.05762473647224174,0.03232607167955025,0.015460295151089248,1,87,4,0.012338374981171874,2.537286857850271e-12,7.842790326408253e-5
206507,Wilmington College,OH,48940,2,3,0,0,1,0,1,1,2,1,0,0,1,1,2,1,1,1,0,0.42012,102.78632523660423,19.3,70407,8.9,2.8,91.72141292963914,1.782823955060459,2.323145767875845,0.2570694087403599,0.7518022657054583,0.08444902162718847,0.032955715756951595,0.006179196704428424,0,608,4,0.11204990296741839,0.08877882280582951,0.0193740677630825
206525,Wittenberg University,OH,44220,1,3,0,0,1,2,1,1,4,1,0,0,2,2,2,0,0,0,0,1.35158,341.4123543270366,20.2,63132,11.1,3.9,81.7147338670297,7.989168232735021,4.241702303970168,0.5904201009189245,0.72175249807840125,0.10684089162182936,0.05226748654880861,0.011529592621060722,0,535,4,0.10212532758716873,0.0732011355448911,3.418409471977837e-5
206589,The College of Wooster,OH,49300,2,3,0,0,1,0,1,0,4,1,0,0,3,2,1,0,0,0,0,1.16588,210.14834077473628,25.1,73574,5.5,2,92.3285415308608,1.1622122345352865,2.4745256801729165,1.1339074347274163,0.6063941299790356,0.08909853249475891,0.06446540880503145,0.03930817610062893,1,613,4,0.17628540054838124,0.012430115385477645,1.759829123378323e-7
206604,Wright State University-Main Campus,OH,19430,1,3,1,0,3,1,3,0,1,1,2,0,14,1,2,1,0,1,1,8.1608,636.7840212344423,32.8,71739,9,3.2,73.49365258308009,14.81325360258798,3.764704440741104,2.3484217233604547,0.703268713739918,0.11829630677798217,0.042026319513230506,0.029574076694495542,0,144,4,0.009553376934196748,2.2433095808604002e-8,2.293363573390857e-7
206613,Wright State University-Lake Campus,OH,16380,2,3,1,0,1,0,1,0,2,1,0,0,1,0,1,2,1,0,2,0.42484,91.86782607151575,21.9,76782,5.8,1.1,94.19781564824405,1.1345447697956879,2.238489784389417,0.4566425007061482,0.860802732707088,0.05209222886421862,0.026473099914602904,0.012809564474807857,0,96,4,0.023802780079902986,0.010135937873190322,0.18590049791160979
206622,Xavier University,OH,17140,1,3,0,0,2,2,3,1,2,1,0,0,23,1,1,1,1,0,0,22.70706,517.8129395283128,37.1,81120,7.9,2.9,75.83491654137524,11.401255820876855,4.578708119853473,2.941552098774566,0.7228747760302608,0.12920565399163847,0.06271152697591081,0.020903842325303602,0,109,4,2.8660648106650414e-4,1.1669078719558012e-14,1.5341241899466e-7
206695,Youngstown State University,OH,49660,1,3,1,0,3,2,3,0,2,1,1,0,3,1,2,2,0,1,1,4.2742000000000004,415.3426486573386,24.1,56713,13.1,3.2,78.81404707313649,10.953160825417623,4.686023115436807,0.6714706845725515,0.7004754358161648,0.08033646226990125,0.04693404851883457,0.01645739363647446,0,618,4,0.0087164191809670135,1.1492666919744853e-6,0.35386094071236773
206862,Southern Nazarene University,OK,36420,1,6,0,0,1,1,3,1,2,1,0,0,16,0,2,2,1,2,1,14.63267,265.4814145926088,34.1,72094,9.9,3,60.468595273453175,9.452615278004629,15.709231466301091,3.2445889916194375,0.49941656942823803,0.15519253208868145,0.161610268378063,0.012252042007001166,1,406,4,0.03401645738003854,0.018303837564142854,3.7515582093628607e-13
206914,Cameron University,OK,30020,1,6,1,0,1,2,1,0,2,1,0,0,1,0,2,3,0,2,2,1.2731,74.80202660717487,24.2,60665,14.1,3.5,54.697981305474826,13.354803236195115,14.379860183803315,2.5465399418741654,0.46602585349685116,0.10805435863440503,0.1706993702353331,0.02121312562147829,2,308,4,0.019770571475884353,0.05190127959621791,0.17358216762866188
206932,Central Oklahoma College,OK,36420,1,6,2,1,0,2,0,0,6,0,0,0,16,0,3,0,1,3,2,14.63267,265.4814145926088,34.1,72094,9.9,3,60.468595273453175,9.452615278004629,15.709231466301091,3.2445889916194375,0.40651387213510254,0.30036188178528345,0.09529553679131483,0.020506634499396863,2,406,4,0.03401645738003854,0.018303837564142854,3.7515582093628607e-13
206996,Connors State College,OK,34780,2,6,1,1,1,0,0,0,2,1,0,0,1,0,1,3,1,2,2,0.66444,81.96486384490404,18.8,53619,14,3,53.55788333032328,9.654746854494011,7.4664379025946666,0.75552344831738,0.4014319809069212,0.0558472553699284,0.06778042959427208,0.005250596658711217,2,386,4,0.0186288769821747,0.050764950663682994,0.19239582119717108
207041,East Central University,OK,10220,2,6,1,0,1,0,2,0,2,1,0,0,1,2,2,2,1,2,1,0.38235,53.07815062519311,30.3,63017,8.9,2.2,62.7147901137701,2.4794036877206747,6.546358048908068,1.0880083692951485,0.4793650793650794,0.08253968253968254,0.07936507936507936,0.09285714285714286,2,4,4,0.029404641940724063,0.11492100936953079,0.13028680044776467
207069,Redlands Community College,OK,36420,1,6,1,1,1,0,0,0,1,1,0,0,16,0,1,3,0,1,3,14.63267,265.4814145926088,34.1,72094,9.9,3,60.468595273453175,9.452615278004629,15.709231466301091,3.2445889916194375,0.5805877114870882,0.06589492430988424,0.1433659839715049,0.0089047195013357075,1,406,4,0.03401645738003854,0.018303837564142854,3.7515582093628607e-13
207209,Langston University,OK,36420,1,6,1,0,1,0,1,0,2,1,1,1,16,0,3,1,1,1,0,14.63267,265.4814145926088,34.1,72094,9.9,3,60.468595273453175,9.452615278004629,15.709231466301091,3.2445889916194375,0.03739316239316239,0.7558760683760684,0.049145299145299144,0.004273504273504274,3,406,4,0.03401645738003854,0.018303837564142854,3.7515582093628607e-13
207263,Northeastern State University,OK,45140,2,6,1,0,2,0,3,0,2,1,0,0,1,1,2,3,1,2,1,0.47942,63.99717497456803,29.2,53218,13.1,2.9,44.872971507237914,1.2661132201410037,7.986733970214009,0.8906595469525677,0.434876989869754,0.049204052098408106,0.07941389290882779,0.025506512301013026,2,548,4,0.028857321760179078,0.11579333759096284,0.13159471770570585
207281,Northern Oklahoma College,OK,38620,2,6,1,1,1,0,0,0,2,1,0,0,1,0,2,2,1,1,2,0.43625,47.438589663443985,19.2,58423,11.9,3.4,71.19312320916904,1.7810888252148998,9.013180515759313,0.4813753581661891,0.5981675392670157,0.05148342059336824,0.12085514834205933,0.011780104712041885,1,444,4,0.012503415035474237,4.005431116234302e-4,0.20720005261575367
207290,Northeastern Oklahoma A&M College,OK,33060,2,6,1,1,1,0,0,0,2,1,0,0,1,0,3,3,0,2,2,0.30341,64.44329180910348,15,49947,16.2,1.6,62.35127385386111,1.130483504169276,6.127022840381002,0.8074882172637685,0.4593867670790748,0.13394298009682626,0.0973641742872512,0.004303388918773534,2,359,4,0.018068984070506697,0.0451221777404083,0.19381507278382598
207324,Oklahoma Christian University,OK,36420,1,6,0,0,1,2,2,1,1,1,0,0,16,1,2,2,0,2,1,14.63267,265.4814145926088,34.1,72094,9.9,3,60.468595273453175,9.452615278004629,15.709231466301091,3.2445889916194375,0.5947094945677845,0.12942843646669816,0.10439300897496458,0.0273972602739726,1,406,4,0.03401645738003854,0.018303837564142854,3.7515582093628607e-13
207351,Oklahoma Panhandle State University,OK,25100,2,6,1,0,1,0,1,0,2,1,0,1,1,0,2,3,0,2,1,0.20774,10.1768857007532,22.1,60069,14,2.2,37.42177722152691,5.410609415615673,52.065081351689614,1.2852604216809473,0.49791492910758967,0.1267723102585488,0.21684737281067556,0.007506255212677231,1,223,4,0.02854689992365815,0.11410069615086423,0.13195268315653544
207388,Oklahoma State University-Main Campus,OK,44660,2,6,1,0,4,0,3,0,2,1,3,0,1,1,1,2,0,1,1,0.82972,121.14448782279,39.7,49809,12,3.4,73.48021019138987,3.5325169936846166,6.568480933326905,4.196596442173263,0.6611447811447811,0.043860830527497195,0.0975084175084175,0.02078563411896745,1,542,4,0.05029635454138403,0.19788559406055373,0.17579885817092455
207449,Oklahoma City Community College,OK,36420,1,6,1,1,3,2,0,0,1,0,0,0,16,0,1,3,1,2,3,14.63267,265.4814145926088,34.1,72094,9.9,3,60.468595273453175,9.452615278004629,15.709231466301091,3.2445889916194375,0.42943134338927835,0.11620990014871468,0.21861057998725303,0.056228312442461584,2,406,4,0.03401645738003854,0.018303837564142854,3.7515582093628607e-13
207500,University of Oklahoma-Norman Campus,OK,36420,1,6,1,0,4,1,3,0,1,1,3,0,16,1,1,1,1,0,1,14.63267,265.4814145926088,34.1,72094,9.9,3,60.468595273453175,9.452615278004629,15.709231466301091,3.2445889916194375,0.5598022355975925,0.051590713671539126,0.14234737747205503,0.07046431642304385,1,406,4,0.03401645738003854,0.018303837564142854,3.7515582093628607e-13
207564,Oklahoma State University Institute of Technology,OK,46140,1,6,1,0,1,0,0,0,2,1,0,0,13,0,2,3,0,2,2,10.37534,165.4686081904686,30.5,69359,10.2,3.2,60.898727174242,7.299423440581225,12.47506105824002,2.8966761571187063,0.551610541727672,0.05087847730600293,0.08894582723279648,0.010980966325036604,1,564,4,0.008576187772327687,0.0010853968574464593,3.313548029721123e-16
207582,Oral Roberts University,OK,46140,1,6,0,0,2,2,1,1,2,1,0,0,13,1,1,3,1,1,2,10.37534,165.4686081904686,30.5,69359,10.2,3.2,60.898727174242,7.299423440581225,12.47506105824002,2.8966761571187063,0.35009565455042363,0.14320852691992347,0.15851325498770155,0.042907898332877836,2,564,4,0.008576187772327687,0.0010853968574464593,3.313548029721123e-16
207661,Rogers State University,OK,46140,1,6,1,0,1,0,1,0,2,1,0,0,13,0,2,3,0,2,2,10.37534,165.4686081904686,30.5,69359,10.2,3.2,60.898727174242,7.299423440581225,12.47506105824002,2.8966761571187063,0.4834123222748815,0.03926878808395396,0.08598510494245092,0.022004062288422478,2,564,4,0.008576187772327687,0.0010853968574464593,3.313548029721123e-16
207670,Rose State College,OK,36420,1,6,1,0,2,1,0,0,1,1,0,0,16,0,1,3,1,2,3,14.63267,265.4814145926088,34.1,72094,9.9,3,60.468595273453175,9.452615278004629,15.709231466301091,3.2445889916194375,0.43759373437760374,0.14980836527245459,0.13431094817530412,0.019996667222129644,2,406,4,0.03401645738003854,0.018303837564142854,3.7515582093628607e-13
207722,University of Science and Arts of Oklahoma,OK,36420,1,6,1,0,1,0,1,0,4,1,0,0,16,2,3,1,0,1,1,14.63267,265.4814145926088,34.1,72094,9.9,3,60.468595273453175,9.452615278004629,15.709231466301091,3.2445889916194375,0.6413373860182371,0.047619047619047616,0.040526849037487336,0.010131712259371834,1,406,4,0.03401645738003854,0.018303837564142854,3.7515582093628607e-13
207865,Southwestern Oklahoma State University,OK,48220,2,6,1,0,2,0,3,0,2,1,0,0,1,0,2,3,1,1,2,0.39074,19.61676135315506,28.2,60977,10.3,3,70.1975738342632,2.1983927931616933,17.065056047499617,0.7217075293033731,0.6096797495786178,0.05875270888514327,0.1386949193354202,0.010113171201541055,1,598,4,0.028833822833759737,0.11674521148686298,0.13101854837297497
207935,Tulsa Community College,OK,46140,1,6,1,1,3,2,0,0,1,0,0,0,13,0,2,3,1,2,3,10.37534,165.4686081904686,30.5,69359,10.2,3.2,60.898727174242,7.299423440581225,12.47506105824002,2.8966761571187063,0.4693850267379679,0.09164438502673797,0.15822192513368985,0.04779411764705882,2,564,4,0.008576187772327687,0.0010853968574464593,3.313548029721123e-16
207962,Tulsa Welding School-Tulsa,OK,46140,1,6,2,1,0,2,0,0,3,0,0,0,13,0,3,0,0,3,0,10.37534,165.4686081904686,30.5,69359,10.2,3.2,60.898727174242,7.299423440581225,12.47506105824002,2.8966761571187063,0.4319189360354655,0.19126029132362254,0.16782773907536416,0.015832805573147563,2,564,4,0.008576187772327687,0.0010853968574464593,3.313548029721123e-16
207971,University of Tulsa,OK,46140,1,6,0,0,1,2,3,1,1,1,2,0,13,2,1,1,0,1,1,10.37534,165.4686081904686,30.5,69359,10.2,3.2,60.898727174242,7.299423440581225,12.47506105824002,2.8966761571187063,0.4859075535512965,0.08305148440435926,0.12701991732431417,0.07628711010898158,2,564,4,0.008576187772327687,0.0010853968574464593,3.313548029721123e-16
208035,Western Oklahoma State College,OK,11060,2,6,1,1,1,0,0,0,2,1,0,0,1,0,2,3,0,2,2,0.24678,30.74555816710004,24.8,62799,13,3.3,61.050328227571114,5.798687089715536,24.969608558230004,1.6857119701758652,0.47373737373737373,0.08484848484848485,0.23636363636363636,0.010101010101010102,2,17,4,0.014535879613574705,0.017089674655219083,0.2022892807660048
208275,Blue Mountain Community College,OR,25840,2,8,1,1,1,0,0,0,1,0,0,1,1,0,2,3,0,3,2,0.9224,17.58299060987616,17.3,68427,9.6,2.8,60.27428447528187,0.7426279271465741,31.346487424111015,0.6222896790980051,0.4388544891640867,0.015479876160990712,0.2995356037151703,0.010061919504643963,2,233,2,0.09421433988301418,0.6722699943727816,0.009716894718837037
208318,Central Oregon Community College,OR,13460,1,8,1,1,1,2,0,0,1,1,0,0,2,0,1,2,0,3,2,2.57814,33.14556737945266,40.4,89788,6.3,3,81.17286105486902,0.3839977658311806,10.270194791593939,0.8645767879168703,0.6641002685765444,0.011101163831692032,0.13804834377797673,0.015935541629364367,1,54,4,0.013837763679739677,0.011381081972879882,0.20397451846639997
208390,Chemeketa Community College,OR,41420,1,8,1,0,2,1,0,0,1,0,0,1,4,0,2,2,1,2,2,4.38906,228.3871122677295,27.1,78900,9.2,3.3,63.38122513704529,1.0651483461151134,26.23659735797642,1.94756963905711,0.49994588158891656,0.016127286502868276,0.32644225565537394,0.020564996211711224,1,490,4,0.03929208436738334,0.311903529230619,0.11628334328668927
208406,Clackamas Community College,OR,38900,1,8,1,1,2,1,0,0,1,0,0,0,18,0,1,2,0,3,2,25.20987,376.9760639120412,42.5,97436,6,3.4,68.1825808701116,2.8459884957756625,13.903403706564136,7.056839245898532,0.5837587006960557,0.031245166279969063,0.2060324825986079,0.0354215003866976,1,448,4,0.005389763107241888,7.778442105138718e-4,3.6185041858688145e-9
208646,Eastern Oregon University,OR,29260,2,8,1,0,1,0,1,0,2,1,0,0,1,1,2,3,1,3,2,0.26144,12.834935931972463,26.1,65661,9.6,3.4,85.82848837209302,0.8491432068543452,5.5117809057527545,1.1474908200734393,0.6867924528301886,0.023018867924528303,0.14037735849056604,0.009433962264150943,0,293,4,0.028655879576774634,0.11517412392440203,0.13132654006978176
208822,George Fox University,OR,38900,1,8,0,0,1,0,3,1,2,1,0,0,18,1,1,2,1,1,1,25.20987,376.9760639120412,42.5,97436,6,3.4,68.1825808701116,2.8459884957756625,13.903403706564136,7.056839245898532,0.6531683539557556,0.01724784401949756,0.16122984626921635,0.052868391451068614,1,448,4,0.005389763107241888,7.778442105138718e-4,3.6185041858688145e-9
209038,Lane Community College,OR,21660,1,8,1,0,2,1,0,0,1,1,0,0,4,0,2,2,0,3,2,3.84207,84.3652204896257,34,71544,7.9,3.9,78.16151189332834,1.0788455181711942,10.469616638947233,2.5426397749130025,0.6312165263963274,0.02448355011476664,0.17278755419535832,0.0279265493496557,1,173,4,0.0481477136294803,0.01076522646095147,0.015204162188710216
209409,Bushnell University,OR,21660,1,8,0,0,0,2,2,1,2,1,0,0,4,2,2,1,1,1,1,3.84207,84.3652204896257,34,71544,7.9,3.9,78.16151189332834,1.0788455181711942,10.469616638947233,2.5426397749130025,0.634508348794063,0.027829313543599257,0.16697588126159554,0.025974025974025976,1,173,4,0.0481477136294803,0.01076522646095147,0.015204162188710216
209506,Oregon Institute of Technology,OR,28900,2,8,1,0,2,0,1,0,2,1,1,0,2,1,1,2,0,1,2,0.70247,11.806423519650863,22.7,58830,11.4,3.6,74.42025993992625,0.7217390066479706,13.876749185018578,0.9253064187794497,0.6421657592256503,0.022988505747126436,0.16848154869933454,0.06442831215970962,1,287,4,0.0053878371193581435,0.004246508628879062,0.2432332603803834
209542,Oregon State University,OR,18700,1,8,1,0,4,2,3,0,1,1,3,0,1,1,1,3,0,2,1,0.96303,142.62706792308245,54.2,77702,7.6,4.3,76.24684589265132,1.1453433434057092,9.37769332211873,6.609347580033852,0.6316242998707454,0.023380726698262244,0.1281918713198334,0.08209105270716645,1,133,4,0.05029631061431538,0.19788547127840111,0.17579881186263835
209551,University of Oregon,OR,21660,1,8,1,0,4,2,3,0,1,1,3,0,4,1,1,1,0,0,0,3.84207,84.3652204896257,34,71544,7.9,3.9,78.16151189332834,1.0788455181711942,10.469616638947233,2.5426397749130025,0.6155091160089494,0.027371828438139668,0.1579949540629314,0.06735849954776979,1,173,4,0.0481477136294803,0.01076522646095147,0.015204162188710216
209612,Pacific University,OR,38900,1,8,0,0,1,1,3,0,1,1,1,0,18,1,1,1,0,1,0,25.20987,376.9760639120412,42.5,97436,6,3.4,68.1825808701116,2.8459884957756625,13.903403706564136,7.056839245898532,0.43844221105527637,0.024497487437185928,0.1922110552763819,0.13316582914572864,2,448,4,0.005389763107241888,7.778442105138718e-4,3.6185041858688145e-9
209746,Portland Community College,OR,38900,1,8,1,1,4,2,0,0,1,0,0,0,18,0,2,3,1,3,2,25.20987,376.9760639120412,42.5,97436,6,3.4,68.1825808701116,2.8459884957756625,13.903403706564136,7.056839245898532,0.5096416750611599,0.05695064037991078,0.21517484530148223,0.08166642682400345,1,448,4,0.005389763107241888,7.778442105138718e-4,3.6185041858688145e-9
209807,Portland State University,OR,38900,1,8,1,0,3,2,3,0,1,1,2,0,18,1,2,2,0,3,2,25.20987,376.9760639120412,42.5,97436,6,3.4,68.1825808701116,2.8459884957756625,13.903403706564136,7.056839245898532,0.4894203080005008,0.052272442719419054,0.22135970952798298,0.09321397270564667,2,448,4,0.005389763107241888,7.778442105138718e-4,3.6185041858688145e-9
209825,University of Portland,OR,38900,1,8,0,0,1,2,1,1,1,1,0,0,18,1,1,0,0,0,0,25.20987,376.9760639120412,42.5,97436,6,3.4,68.1825808701116,2.8459884957756625,13.903403706564136,7.056839245898532,0.4168212739641311,0.026592455163883734,0.18460111317254174,0.21150278293135436,2,448,4,0.005389763107241888,7.778442105138718e-4,3.6185041858688145e-9
209922,Reed College,OR,38900,1,8,0,0,1,2,1,0,4,1,1,0,18,3,1,0,0,0,0,25.20987,376.9760639120412,42.5,97436,6,3.4,68.1825808701116,2.8459884957756625,13.903403706564136,7.056839245898532,0.5998672859986729,0.013271400132714002,0.11612475116124751,0.08294625082946251,1,448,4,0.005389763107241888,7.778442105138718e-4,3.6185041858688145e-9
210155,Southwestern Oregon Community College,OR,18300,2,8,1,1,1,0,0,0,1,1,0,0,1,0,2,3,1,2,2,0.64827,40.61731152648324,22.6,62143,11.5,3.1,82.05223132336835,0.4087802921622164,7.280916901908155,1.0751692967436408,0.6611295681063123,0.016611295681063124,0.14019933554817277,0.015282392026578074,1,126,4,0.0133257624731671,0.007171158923087541,0.20521194830935682
210234,Treasure Valley Community College,OR,36620,2,8,1,1,1,0,0,0,1,1,0,0,1,0,3,2,1,3,2,0.58725,5.704454441970173,16.2,62568,11.8,2.3,67.15368241805024,0.5977011494252874,26.656449553001277,0.9672200936568752,0.5382568196939455,0.014637391882900865,0.25083166999334666,0.007318695941450432,1,411,4,0.015530976512804244,0.02522866163051796,0.19988702540180495
210270,Umpqua Community College,OR,40700,2,8,1,1,1,0,0,0,1,1,0,0,1,0,2,3,1,3,2,1.12072,22.255603318592296,19.3,61310,10.4,2.7,84.21371975158827,0.33282175744164466,6.64215861232065,0.8307159683060888,0.6889504676134396,0.02182196051264288,0.13266366470384483,0.028749567024593,0,479,4,0.012455312567804007,6.307393789834763e-6,0.2073161763718434
210429,Western Oregon University,OR,41420,1,8,1,0,1,0,1,0,4,1,0,0,4,1,2,2,1,1,1,4.38906,228.3871122677295,27.1,78900,9.2,3.3,63.38122513704529,1.0651483461151134,26.23659735797642,1.94756963905711,0.57111356119073875,0.03500551267916207,0.2557883131201764,0.025358324145534728,1,490,4,0.03929208436738334,0.311903529230619,0.11628334328668927
210605,Community College of Allegheny County,PA,38300,1,2,1,1,3,2,0,0,2,0,0,0,36,0,2,2,0,3,3,24.3994,432.58903711303543,38.2,75762,7.1,3.1,82.7781830700755,7.758715378247007,2.416698771281261,2.636458273564104,0.5917064220183487,0.17790825688073394,0.045064220183486235,0.046899082568807336,1,438,4,0.013286297751505905,3.019324705412817e-15,2.0459890435333933e-22
210669,Allegheny College,PA,32740,2,2,0,0,1,0,1,1,4,1,0,0,2,2,1,0,0,0,0,0.82716,81.70649598808525,21.1,60476,9.8,2.7,92.85507036123603,1.302045553460032,1.604284539871367,0.5488659993229846,0.6949429037520392,0.0799347471451876,0.07911908646003263,0.028548123980424143,0,354,4,0.16974000809180195,0.11010332772372385,7.573940926378052e-9
210739,DeSales University,PA,10900,1,2,0,0,1,1,3,1,2,1,0,0,14,1,1,2,1,1,1,8.73603,601.2331455197686,33.5,84587,6.9,3.5,67.92536197792361,5.483612121295371,19.93228045233361,3.05619371728348,0.6828752642706131,0.05750528541226216,0.15560253699788584,0.047357293868921777,0,15,4,0.12580632948112416,0.0015525911227286064,1.3698953720050149e-26
210775,Alvernia University,PA,39740,1,2,0,0,1,2,3,1,6,1,0,0,6,2,2,2,1,1,1,4.33015,505.6197708052025,27.7,79777,8.7,3.5,66.61778460330473,3.9511333325635367,24.833088923016525,1.251226862810757,0.6127118644067797,0.10084745762711865,0.15593220338983052,0.017372881355932204,1,460,4,0.12685646840259918,0.3274940638856161,0.012539207654244223
211088,Arcadia University,PA,37980,1,2,0,0,1,1,3,0,1,1,0,0,65,1,1,1,0,0,1,62.72014,1362.526683049549,42.2,91289,8.2,3.9,58.452962636881864,19.472628728188425,10.764708114490816,6.472657745980796,0.5559721478307446,0.15104445634708089,0.09908944831280128,0.05034815211569363,1,432,4,2.6951417364527627e-4,9.237153694531293e-16,1.990244638474015e-45
211291,Bucknell University,PA,30260,2,2,0,0,1,0,1,0,4,1,1,0,2,3,1,0,0,0,0,0.42456,134.37291250291332,26.5,76404,4.4,1.1,85.95958168456755,5.662332768042208,5.057000188430375,1.8348407763331451,0.7455437871351072,0.04443296305864118,0.07930767243606303,0.045207956600361664,0,311,4,0.10210789465176552,0.07317384381940154,3.8286525554736215e-7
211307,Bucks County Community College,PA,37980,1,2,1,1,2,0,0,0,2,0,0,0,65,0,1,3,0,2,3,62.72014,1362.526683049549,42.2,91289,8.2,3.9,58.452962636881864,19.472628728188425,10.764708114490816,6.472657745980796,0.6709593401823181,0.07538706410070901,0.12443929966719722,0.06091737809289539,1,432,4,2.6951417364527627e-4,9.237153694531293e-16,1.990244638474015e-45
211343,Butler County Community College,PA,38300,1,2,1,1,1,0,0,0,2,0,0,0,36,0,2,2,0,2,2,24.3994,432.58903711303543,38.2,75762,7.1,3.1,82.7781830700755,7.758715378247007,2.416698771281261,2.636458273564104,0.8617634027470094,0.03278688524590164,0.02702702702702703,0.01329198050509526,0,438,4,0.013286297751505905,3.019324705412817e-15,2.0459890435333933e-22
211431,Carlow University,PA,38300,1,2,0,0,1,2,2,1,6,1,0,0,36,1,2,2,1,2,1,24.3994,432.58903711303543,38.2,75762,7.1,3.1,82.7781830700755,7.758715378247007,2.416698771281261,2.636458273564104,0.6612355736591989,0.19619823489477256,0.04344874405974202,0.03326544467073999,1,438,4,0.013286297751505905,3.019324705412817e-15,2.0459890435333933e-22
211440,Carnegie Mellon University,PA,38300,1,2,0,0,3,2,3,0,7,1,3,0,36,3,1,1,1,0,0,24.3994,432.58903711303543,38.2,75762,7.1,3.1,82.7781830700755,7.758715378247007,2.416698771281261,2.636458273564104,0.21534246575342467,0.04301369863013699,0.10712328767123287,0.33493150684931505,3,438,4,0.013286297751505905,3.019324705412817e-15,2.0459890435333933e-22
211468,Cedar Crest College,PA,10900,1,2,0,0,1,2,2,0,2,1,0,0,14,1,2,1,1,2,1,8.73603,601.2331455197686,33.5,84587,6.9,3.5,67.92536197792361,5.483612121295371,19.93228045233361,3.05619371728348,0.47848898216159497,0.09653725078698845,0.17418677859391396,0.02938090241343127,2,15,4,0.12580632948112416,0.0015525911227286064,1.3698953720050149e-26
211556,Chatham University,PA,38300,1,2,0,0,1,2,3,0,1,1,0,0,36,2,1,2,0,1,1,24.3994,432.58903711303543,38.2,75762,7.1,3.1,82.7781830700755,7.758715378247007,2.416698771281261,2.636458273564104,0.747072599531616,0.07728337236533958,0.05776736924277908,0.03747072599531616,0,438,4,0.013286297751505905,3.019324705412817e-15,2.0459890435333933e-22
211583,Chestnut Hill College,PA,37980,1,2,0,0,1,2,2,1,2,1,0,0,65,2,3,2,1,2,1,62.72014,1362.526683049549,42.2,91289,8.2,3.9,58.452962636881864,19.472628728188425,10.764708114490816,6.472657745980796,0.2836812144212524,0.30740037950664134,0.11669829222011385,0.016129032258064516,2,432,4,2.6951417364527627e-4,9.237153694531293e-16,1.990244638474015e-45
211608,Cheyney University of Pennsylvania,PA,37980,1,2,1,0,0,0,1,0,4,1,0,1,65,0,3,1,0,0,0,62.72014,1362.526683049549,42.2,91289,8.2,3.9,58.452962636881864,19.472628728188425,10.764708114490816,6.472657745980796,0.011764705882352941,0.8588235294117647,0.023529411764705882,0.01045751633986928,3,432,4,2.6951417364527627e-4,9.237153694531293e-16,1.990244638474015e-45
211927,Delaware County Community College,PA,37980,1,2,1,1,2,1,0,0,2,0,0,0,65,0,2,2,1,3,3,62.72014,1362.526683049549,42.2,91289,8.2,3.9,58.452962636881864,19.472628728188425,10.764708114490816,6.472657745980796,0.4494693124134749,0.3039224734656207,0.083248730964467,0.05583756345177665,2,432,4,2.6951417364527627e-4,9.237153694531293e-16,1.990244638474015e-45
212009,Dickinson College,PA,25420,1,2,0,0,1,2,1,0,4,1,0,0,7,2,1,0,0,0,0,6.04155,372.52087575246776,35.8,80919,6.9,2.6,72.04326704239806,9.682449040395264,8.111329046354,5.67453716347626,0.6510344827586206,0.038620689655172416,0.07402298850574712,0.05057471264367816,1,226,4,0.041577392068778314,0.001843938007902974,5.419989633133575e-7
212045,Douglas Education Center,PA,38300,1,2,2,1,0,0,0,0,3,0,0,0,36,0,2,0,1,2,0,24.3994,432.58903711303543,38.2,75762,7.1,3.1,82.7781830700755,7.758715378247007,2.416698771281261,2.636458273564104,0.7911764705882353,0.08823529411764706,0.07352941176470588,0,0,438,4,0.013286297751505905,3.019324705412817e-15,2.0459890435333933e-22
212054,Drexel University,PA,37980,1,2,0,0,4,2,3,0,2,1,3,0,65,1,1,1,1,0,0,62.72014,1362.526683049549,42.2,91289,8.2,3.9,58.452962636881864,19.472628728188425,10.764708114490816,6.472657745980796,0.431357736419202,0.09683400865325184,0.0861891353615823,0.23473662523178354,2,432,4,2.6951417364527627e-4,9.237153694531293e-16,1.990244638474015e-45
212106,Duquesne University,PA,38300,1,2,0,0,2,2,3,1,2,1,2,0,36,1,1,1,1,0,0,24.3994,432.58903711303543,38.2,75762,7.1,3.1,82.7781830700755,7.758715378247007,2.416698771281261,2.636458273564104,0.7875369822485208,0.05251479289940828,0.04770710059171598,0.03642751479289941,0,438,4,0.013286297751505905,3.019324705412817e-15,2.0459890435333933e-22
212115,East Stroudsburg University of Pennsylvania,PA,20700,2,2,1,0,2,0,2,0,2,1,1,0,1,1,2,1,1,0,0,1.67515,275.35463867108996,27.4,83565,8.5,4.2,60.409515565770235,12.997642002208757,18.15240426230487,2.561561651195415,0.5251407884151247,0.2079646017699115,0.17980691874497184,0.017095736122284794,1,159,4,0.109413289577014,0.09533589405441835,0.02689283611476572
212133,Eastern University,PA,37980,1,2,0,0,2,1,2,1,2,1,0,1,65,1,2,2,0,2,2,62.72014,1362.526683049549,42.2,91289,8.2,3.9,58.452962636881864,19.472628728188425,10.764708114490816,6.472657745980796,0.3916415338216286,0.2809133993968117,0.15467470917707885,0.022834984920292976,2,432,4,2.6951417364527627e-4,9.237153694531293e-16,1.990244638474015e-45
212577,Franklin and Marshall College,PA,29540,1,2,0,0,1,2,1,0,4,1,1,0,8,3,1,0,0,0,0,5.57931,591.0762546567342,32.4,86959,5.4,2.2,79.12878115752665,3.4308901996841903,11.529382665598433,2.4042399508182912,0.5841683366733467,0.05060120240480962,0.09919839679358718,0.052104208416833664,1,300,4,0.14352273149193384,0.05314370155442046,8.435305185981775e-18
212601,Gannon University,PA,21500,1,2,0,0,1,2,3,1,2,1,0,0,5,2,1,1,1,0,1,2.69052,336.7774860336038,30.3,63354,10.2,3.2,81.74888125715475,6.952931031919481,4.7764001010957,2.1813627105540934,0.6368460955269143,0.05724033358605004,0.05155420773313116,0.02539802880970432,1,172,4,0.11207853989663827,0.08876473834610342,0.019335085075557253
212674,Gettysburg College,PA,23900,1,2,0,0,1,0,1,0,4,1,0,0,1,3,1,0,0,0,0,1.06115,204.62780204414724,25.8,84092,5,2.1,86.81147811336757,1.6171135089289923,7.73971634547425,0.9423738397022099,0.6398974797095258,0.04997864160615122,0.11191798376762067,0.028193079880392994,1,206,4,0.10210804535851017,0.07317408197243606,6.747975312341429e-7
212805,Grove City College,PA,25850,2,2,0,0,1,0,1,1,1,1,0,0,4,2,0,1,0,0,0,1.09257,162.4546681965383,25.6,59976,9.9,2.9,87.88819023037425,5.62984522730809,1.6813568009372397,0.6351995753132522,0.9040492957746479,0.0044014084507042256,0.007042253521126761,0.020246478873239437,0,234,4,0.12049237591511534,0.024876926299300477,2.6814612492081712e-5
212869,Harcum College,PA,37980,1,2,0,1,0,1,0,0,2,1,0,0,65,0,3,3,1,3,2,62.72014,1362.526683049549,42.2,91289,8.2,3.9,58.452962636881864,19.472628728188425,10.764708114490816,6.472657745980796,0.27417840375586855,0.4469483568075117,0.16150234741784036,0.024413145539906103,2,432,4,2.6951417364527627e-4,9.237153694531293e-16,1.990244638474015e-45
212878,Harrisburg Area Community College,PA,25420,1,2,1,1,3,2,0,0,2,0,0,0,7,0,2,3,1,2,3,6.04155,372.52087575246776,35.8,80919,6.9,2.6,72.04326704239806,9.682449040395264,8.111329046354,5.67453716347626,0.5695578493298413,0.1274842089046372,0.15352025881990447,0.05569249730395933,1,226,4,0.041577392068778314,0.001843938007902974,5.419989633133575e-7
212975,Commonwealth Technical Institute,PA,27780,1,2,0,1,0,1,0,0,3,1,0,0,5,0,3,0,0,0,0,1.31538,191.1992025517984,23.9,58418,8.9,2.5,90.18002402347611,2.832641518040414,2.1256214934087487,0.5488908148215725,0.7801418439716312,0.1453900709219858,0.03546099290780142,0.01773049645390071,0,264,4,0.03807026943250838,2.2727700459968587e-7,3.4408803779841217e-6
212984,Holy Family University,PA,37980,1,2,0,0,1,2,3,1,6,1,0,0,65,2,2,1,1,1,1,62.72014,1362.526683049549,42.2,91289,8.2,3.9,58.452962636881864,19.472628728188425,10.764708114490816,6.472657745980796,0.52570281124498,0.1502008032128514,0.16184738955823294,0.07429718875502007,1,432,4,2.6951417364527627e-4,9.237153694531293e-16,1.990244638474015e-45
213020,Indiana University of Pennsylvania-Main Campus,PA,26860,2,2,1,0,2,0,3,0,2,1,2,0,1,1,2,1,1,1,1,0.83042,100.36578435542783,27,60208,8.5,3.8,91.66205052864815,2.1459020736494785,1.8617085330314782,0.8947279689795525,0.7492830807046292,0.10637716782739315,0.05325686194182712,0.012426601119759661,0,250,4,0.0505186621146521,0.19747959555157535,0.17522254722668545
213251,Juniata College,PA,26500,2,2,0,0,1,0,1,0,4,1,0,0,1,1,1,1,0,0,0,0.43653,49.912428166279355,19.2,65557,8,2.4,89.28366893455204,4.542643117311525,2.0869126978672714,0.5200100794905276,0.6830870279146142,0.04926108374384237,0.07717569786535304,0.022167487684729065,0,243,4,0.10263234670957294,0.07399393805289414,0.0010173774176647382
213321,King's College,PA,42540,1,2,0,0,1,2,1,1,2,1,0,0,14,1,2,1,1,0,0,5.69788,326.3481448570004,27.2,65158,10.8,3.3,77.1004303354932,3.5039347968016172,13.80934663418675,1.831558404178396,0.7330374128091313,0.05897273303741281,0.12555485098287889,0.027901077996195307,0,509,4,0.0964045821775512,1.0317885127996749e-4,1.2433448646565957e-6
213349,Kutztown University of Pennsylvania,PA,39740,1,2,1,0,2,0,2,0,2,1,0,0,6,1,2,1,0,0,0,4.33015,505.6197708052025,27.7,79777,8.7,3.5,66.61778460330473,3.9511333325635367,24.833088923016525,1.251226862810757,0.7088208820882088,0.07245724572457246,0.132013201320132,0.020702070207020702,0,460,4,0.12685646840259918,0.3274940638856161,0.012539207654244223
213367,La Salle University,PA,37980,1,2,0,0,1,2,3,1,2,1,0,0,65,1,2,1,1,1,1,62.72014,1362.526683049549,42.2,91289,8.2,3.9,58.452962636881864,19.472628728188425,10.764708114490816,6.472657745980796,0.39631956912028726,0.25269299820466784,0.19793536804308798,0.05206463195691203,2,432,4,2.6951417364527627e-4,9.237153694531293e-16,1.990244638474015e-45
213376,Lackawanna College,PA,42540,1,2,0,0,1,2,0,0,2,1,0,0,14,0,3,3,0,2,2,5.69788,326.3481448570004,27.2,65158,10.8,3.3,77.1004303354932,3.5039347968016172,13.80934663418675,1.831558404178396,0.5279620853080569,0.14928909952606634,0.18625592417061612,0.013270142180094787,1,509,4,0.0964045821775512,1.0317885127996749e-4,1.2433448646565957e-6
213385,Lafayette College,PA,10900,1,2,0,0,1,1,1,1,4,1,0,0,14,3,1,0,0,0,0,8.73603,601.2331455197686,33.5,84587,6.9,3.5,67.92536197792361,5.483612121295371,19.93228045233361,3.05619371728348,0.6823274304300687,0.05674015178894109,0.08818214672930973,0.037224430791470905,0,15,4,0.12580632948112416,0.0015525911227286064,1.3698953720050149e-26
213400,Lancaster Bible College,PA,29540,1,2,0,0,1,1,2,0,8,1,0,0,8,2,2,3,1,3,2,5.57931,591.0762546567342,32.4,86959,5.4,2.2,79.12878115752665,3.4308901996841903,11.529382665598433,2.4042399508182912,0.5950533462657615,0.27158098933074687,0.02133850630455868,0.011639185257032008,1,300,4,0.14352273149193384,0.05314370155442046,8.435305185981775e-18
213507,Lebanon Valley College,PA,30140,1,2,0,0,1,1,3,1,2,1,0,0,1,1,1,1,0,0,0,1.44186,398.4852492800376,24.3,78425,6.9,2.7,78.35850914790618,1.705436034011624,15.2011984519995,1.606952131274881,0.8343091334894613,0.026346604215456676,0.06440281030444965,0.021662763466042154,0,309,4,0.11199927952815067,0.08864078646477544,0.01918136907444371
213525,Lehigh Carbon Community College,PA,10900,1,2,1,1,2,0,0,0,2,0,0,1,14,0,2,3,1,2,3,8.73603,601.2331455197686,33.5,84587,6.9,3.5,67.92536197792361,5.483612121295371,19.93228045233361,3.05619371728348,0.48184019370460046,0.0952957454168108,0.325492909028018,0.027326184711172603,2,15,4,0.12580632948112416,0.0015525911227286064,1.3698953720050149e-26
213570,Lincoln Technical Institute-Allentown,PA,10900,1,2,2,1,0,1,0,0,3,0,0,0,14,0,3,0,1,3,0,8.73603,601.2331455197686,33.5,84587,6.9,3.5,67.92536197792361,5.483612121295371,19.93228045233361,3.05619371728348,0.20940649496080627,0.22284434490481522,0.45352743561030234,0.010078387458006719,3,15,4,0.12580632948112416,0.0015525911227286064,1.3698953720050149e-26
213589,Lincoln Technical Institute-Philadelphia,PA,37980,1,2,2,1,0,2,0,0,3,0,0,0,65,0,3,0,1,2,0,62.72014,1362.526683049549,42.2,91289,8.2,3.9,58.452962636881864,19.472628728188425,10.764708114490816,6.472657745980796,0.14,0.4490909090909091,0.24545454545454545,0.025454545454545455,3,432,4,2.6951417364527627e-4,9.237153694531293e-16,1.990244638474015e-45
213598,Lincoln University,PA,37980,1,2,1,0,1,1,1,0,2,1,0,1,65,2,3,0,1,0,0,62.72014,1362.526683049549,42.2,91289,8.2,3.9,58.452962636881864,19.472628728188425,10.764708114490816,6.472657745980796,0.006745362563237774,0.8330522765598651,0.06464305789769534,0.0011242270938729624,3,432,4,2.6951417364527627e-4,9.237153694531293e-16,1.990244638474015e-45
213659,Luzerne County Community College,PA,42540,1,2,1,1,1,1,0,0,2,0,0,0,14,0,2,2,1,2,3,5.69788,326.3481448570004,27.2,65158,10.8,3.3,77.1004303354932,3.5039347968016172,13.80934663418675,1.831558404178396,0.4980601357904947,0.08705140640155189,0.22817652764306498,0.01745877788554801,1,509,4,0.0964045821775512,1.0317885127996749e-4,1.2433448646565957e-6
213668,Lycoming College,PA,48700,1,2,0,0,1,2,1,1,4,1,0,0,2,2,2,0,0,0,0,1.13489,92.34859595589225,24.8,63917,8.7,3.1,88.06580373428262,3.9765968507961125,2.371154913692076,0.91022037378071885,0.6554934823091247,0.10893854748603352,0.12197392923649907,0.01675977653631285,1,606,4,0.02508208810408013,0.0019195005103823505,6.229596118640964e-5
213774,Manor College,PA,37980,1,2,0,0,0,1,0,1,2,1,0,0,65,1,3,1,0,1,2,62.72014,1362.526683049549,42.2,91289,8.2,3.9,58.452962636881864,19.472628728188425,10.764708114490816,6.472657745980796,0.3443579766536965,0.32490272373540857,0.23151750972762647,0.0311284046692607,2,432,4,2.6951417364527627e-4,9.237153694531293e-16,1.990244638474015e-45
213996,Messiah University,PA,25420,1,2,0,0,1,1,3,1,2,1,0,0,7,1,1,2,0,0,1,6.04155,372.52087575246776,35.8,80919,6.9,2.6,72.04326704239806,9.682449040395264,8.111329046354,5.67453716347626,0.7583298186419233,0.0392239561366512,0.08983551244200759,0.0392239561366512,0,226,4,0.041577392068778314,0.001843938007902974,5.419989633133575e-7
214041,Millersville University of Pennsylvania,PA,29540,1,2,1,0,2,1,2,0,1,1,0,0,8,1,1,2,0,1,1,5.57931,591.0762546567342,32.4,86959,5.4,2.2,79.12878115752665,3.4308901996841903,11.529382665598433,2.4042399508182912,0.7295269168026101,0.09053833605220228,0.1068515497553018,0.03278955954323002,0,300,4,0.14352273149193384,0.05314370155442046,8.435305185981775e-18
214069,Misericordia University,PA,42540,1,2,0,0,1,1,3,1,6,1,0,0,14,2,1,1,1,1,1,5.69788,326.3481448570004,27.2,65158,10.8,3.3,77.1004303354932,3.5039347968016172,13.80934663418675,1.831558404178396,0.8065268065268065,0.049533799533799536,0.06876456876456877,0.013403263403263404,0,509,4,0.0964045821775512,1.0317885127996749e-4,1.2433448646565957e-6
214111,Montgomery County Community College,PA,37980,1,2,1,1,2,1,0,0,2,0,0,0,65,0,1,3,1,2,3,62.72014,1362.526683049549,42.2,91289,8.2,3.9,58.452962636881864,19.472628728188425,10.764708114490816,6.472657745980796,0.5058084772370487,0.18283621140763998,0.11972789115646258,0.05913134484563056,1,432,4,2.6951417364527627e-4,9.237153694531293e-16,1.990244638474015e-45
214148,Moore College of Art and Design,PA,37980,1,2,0,0,0,2,1,0,4,1,0,0,65,2,2,1,0,0,0,62.72014,1362.526683049549,42.2,91289,8.2,3.9,58.452962636881864,19.472628728188425,10.764708114490816,6.472657745980796,0.5062034739454094,0.1687344913151365,0.07692307692307693,0.03970223325062035,1,432,4,2.6951417364527627e-4,9.237153694531293e-16,1.990244638474015e-45
214157,Moravian University,PA,10900,1,2,0,0,1,2,2,1,1,1,0,0,14,2,2,1,1,0,0,8.73603,601.2331455197686,33.5,84587,6.9,3.5,67.92536197792361,5.483612121295371,19.93228045233361,3.05619371728348,0.6538461538461539,0.06201923076923077,0.1831730769230769,0.023557692307692307,1,15,4,0.12580632948112416,0.0015525911227286064,1.3698953720050149e-26
214175,Muhlenberg College,PA,10900,1,2,0,0,1,2,1,1,4,1,0,0,14,2,1,1,1,0,0,8.73603,601.2331455197686,33.5,84587,6.9,3.5,67.92536197792361,5.483612121295371,19.93228045233361,3.05619371728348,0.717391304347826,0.051086956521739134,0.11413043478260869,0.034239130434782605,0,15,4,0.12580632948112416,0.0015525911227286064,1.3698953720050149e-26
214272,Neumann University,PA,37980,1,2,0,0,1,1,3,1,2,1,0,0,65,1,2,1,1,1,1,62.72014,1362.526683049549,42.2,91289,8.2,3.9,58.452962636881864,19.472628728188425,10.764708114490816,6.472657745980796,0.4994124559341951,0.32608695652173914,0.08401880141010576,0.022326674500587545,1,432,4,2.6951417364527627e-4,9.237153694531293e-16,1.990244638474015e-45
214379,Northampton County Area Community College,PA,10900,1,2,1,1,2,1,0,0,2,1,0,0,14,0,2,3,1,2,2,8.73603,601.2331455197686,33.5,84587,6.9,3.5,67.92536197792361,5.483612121295371,19.93228045233361,3.05619371728348,0.4243329555990522,0.13042134542083034,0.2781497888121974,0.025239517873699394,2,15,4,0.12580632948112416,0.0015525911227286064,1.3698953720050149e-26
214528,Orleans Technical College,PA,37980,1,2,0,1,0,2,0,0,0,0,0,0,65,1,3,0,1,3,1,62.72014,1362.526683049549,42.2,91289,8.2,3.9,58.452962636881864,19.472628728188425,10.764708114490816,6.472657745980796,0.18055555555555555,0.5198412698412699,0.2261904761904762,0.02976190476190476,3,432,4,2.6951417364527627e-4,9.237153694531293e-16,1.990244638474015e-45
214883,Peirce College,PA,37980,1,2,0,0,0,2,1,0,2,0,0,0,65,0,3,3,0,3,3,62.72014,1362.526683049549,42.2,91289,8.2,3.9,58.452962636881864,19.472628728188425,10.764708114490816,6.472657745980796,0.20228384991843393,0.5301794453507341,0.12153344208809136,0.026916802610114192,3,432,4,2.6951417364527627e-4,9.237153694531293e-16,1.990244638474015e-45
215053,Pennsylvania College of Art and Design,PA,29540,1,2,0,0,0,2,1,0,4,1,0,0,8,1,2,1,0,0,0,5.57931,591.0762546567342,32.4,86959,5.4,2.2,79.12878115752665,3.4308901996841903,11.529382665598433,2.4042399508182912,0.6534954407294833,0.1337386018237082,0.0121580547112462,0.057750759878419454,1,300,4,0.14352273149193384,0.05314370155442046,8.435305185981775e-18
215062,University of Pennsylvania,PA,37980,1,2,0,0,4,2,3,0,1,1,3,0,65,3,1,1,1,0,1,62.72014,1362.526683049549,42.2,91289,8.2,3.9,58.452962636881864,19.472628728188425,10.764708114490816,6.472657745980796,0.302319309600863,0.08773822366055375,0.10823444804027328,0.27490111470693995,2,432,4,2.6951417364527627e-4,9.237153694531293e-16,1.990244638474015e-45
215266,University of Pittsburgh-Bradford,PA,14620,2,2,1,0,1,0,1,0,2,1,0,0,1,1,2,1,0,0,0,0.39904,40.73107045403803,20.8,62905,9.6,2.7,91.71511627906976,2.1401363271852447,1.9647153167602245,0.7142141138732959,0.6591576885406464,0.12242899118511263,0.07443682664054849,0.04113614103819784,1,73,4,0.11193271073991573,0.08853680953686274,0.01905227532150703
215275,University of Pittsburgh-Greensburg,PA,38300,1,2,1,0,1,1,1,0,4,1,0,0,36,1,2,1,0,0,0,24.3994,432.58903711303543,38.2,75762,7.1,3.1,82.7781830700755,7.758715378247007,2.416698771281261,2.636458273564104,0.7449712643678161,0.06609195402298851,0.047413793103448273,0.05172413793103448,0,438,4,0.013286297751505905,3.019324705412817e-15,2.0459890435333933e-22
215284,University of Pittsburgh-Johnstown,PA,27780,1,2,1,0,1,1,1,0,1,1,0,0,5,1,2,0,0,0,0,1.31538,191.1992025517984,23.9,58418,8.9,2.5,90.18002402347611,2.832641518040414,2.1256214934087487,0.5488908148215725,0.7252636865896535,0.050226017076845805,0.043194374686087396,0.0371672526368659,0,264,4,0.03807026943250838,2.2727700459968587e-7,3.4408803779841217e-6
215293,University of Pittsburgh-Pittsburgh Campus,PA,38300,1,2,1,0,4,2,3,0,1,1,3,0,36,2,1,1,1,0,1,24.3994,432.58903711303543,38.2,75762,7.1,3.1,82.7781830700755,7.758715378247007,2.416698771281261,2.636458273564104,0.609223651872199,0.05561177774565081,0.06741843766565467,0.1472700110838032,1,438,4,0.013286297751505905,3.019324705412817e-15,2.0459890435333933e-22
215309,University of Pittsburgh-Titusville,PA,32740,2,2,1,1,0,0,0,0,6,0,0,0,2,3,3,0,0,1,2,0.82716,81.70649598808525,21.1,60476,9.8,2.7,92.85507036123603,1.302045553460032,1.604284539871367,0.5488659993229846,0.7241379310344828,0.034482758620689655,0,0.034482758620689655,0,354,4,0.16974000809180195,0.11010332772372385,7.573940926378052e-9
215381,Pittsburgh Institute of Aeronautics,PA,38300,1,2,0,1,0,1,0,0,3,0,0,0,36,0,2,0,0,1,0,24.3994,432.58903711303543,38.2,75762,7.1,3.1,82.7781830700755,7.758715378247007,2.416698771281261,2.636458273564104,0.7848101265822784,0.07278481012658228,0.06751054852320675,0.027426160337552744,0,438,4,0.013286297751505905,3.019324705412817e-15,2.0459890435333933e-22
215442,Point Park University,PA,38300,1,2,0,0,1,2,3,0,1,1,0,0,36,1,2,2,1,1,0,24.3994,432.58903711303543,38.2,75762,7.1,3.1,82.7781830700755,7.758715378247007,2.416698771281261,2.636458273564104,0.6485305798252582,0.14058776806989676,0.09729944400317712,0.021048451151707705,1,438,4,0.013286297751505905,3.019324705412817e-15,2.0459890435333933e-22
215585,Reading Area Community College,PA,39740,1,2,1,1,2,2,0,0,2,0,0,1,6,0,2,2,0,2,3,4.33015,505.6197708052025,27.7,79777,8.7,3.5,66.61778460330473,3.9511333325635367,24.833088923016525,1.251226862810757,0.3457548168536947,0.10713529536311667,0.4617827651916155,0.01482108829134025,2,460,4,0.12685646840259918,0.3274940638856161,0.012539207654244223
215655,Robert Morris University,PA,38300,1,2,0,0,2,1,3,0,2,1,0,0,36,1,1,1,1,0,2,24.3994,432.58903711303543,38.2,75762,7.1,3.1,82.7781830700755,7.758715378247007,2.416698771281261,2.636458273564104,0.7255211623499684,0.08243840808591282,0.030322173089071383,0.01737207833228048,0,438,4,0.013286297751505905,3.019324705412817e-15,2.0459890435333933e-22
215798,Saint Vincent College,PA,38300,1,2,0,0,1,1,1,1,4,1,0,0,36,2,1,0,0,0,0,24.3994,432.58903711303543,38.2,75762,7.1,3.1,82.7781830700755,7.758715378247007,2.416698771281261,2.636458273564104,0.7965970610982211,0.05955143078112916,0.051817478731631866,0.014694508894044857,0,438,4,0.013286297751505905,3.019324705412817e-15,2.0459890435333933e-22
215929,University of Scranton,PA,42540,1,2,0,0,1,2,3,1,2,1,0,0,14,1,1,1,0,0,0,5.69788,326.3481448570004,27.2,65158,10.8,3.3,77.1004303354932,3.5039347968016172,13.80934663418675,1.831558404178396,0.7405360596849958,0.03536888643271622,0.12655429676706273,0.03481624758220503,0,509,4,0.0964045821775512,1.0317885127996749e-4,1.2433448646565957e-6
216010,Shippensburg University of Pennsylvania,PA,25420,1,2,1,0,2,0,2,0,2,1,0,0,7,1,2,1,0,0,1,6.04155,372.52087575246776,35.8,80919,6.9,2.6,72.04326704239806,9.682449040395264,8.111329046354,5.67453716347626,0.7291760468257542,0.12314272850067537,0.07271499324628546,0.015083295812696983,0,226,4,0.041577392068778314,0.001843938007902974,5.419989633133575e-7
216038,Slippery Rock University of Pennsylvania,PA,38300,1,2,1,0,2,0,3,0,2,1,0,0,36,2,2,1,1,0,0,24.3994,432.58903711303543,38.2,75762,7.1,3.1,82.7781830700755,7.758715378247007,2.416698771281261,2.636458273564104,0.8370196295272325,0.043267901575891624,0.03414431849599115,0.009538291401714128,0,438,4,0.013286297751505905,3.019324705412817e-15,2.0459890435333933e-22
216287,Swarthmore College,PA,37980,1,2,0,0,1,1,1,0,4,1,1,0,65,3,1,0,0,0,0,62.72014,1362.526683049549,42.2,91289,8.2,3.9,58.452962636881864,19.472628728188425,10.764708114490816,6.472657745980796,0.2988372093023256,0.09186046511627907,0.15348837209302327,0.175,2,432,4,2.6951417364527627e-4,9.237153694531293e-16,1.990244638474015e-45
216339,Temple University,PA,37980,1,2,1,0,4,2,3,0,2,1,3,0,65,1,2,1,1,1,0,62.72014,1362.526683049549,42.2,91289,8.2,3.9,58.452962636881864,19.472628728188425,10.764708114490816,6.472657745980796,0.45999910861523374,0.17524624504167224,0.09907741676694745,0.1498417792039934,2,432,4,2.6951417364527627e-4,9.237153694531293e-16,1.990244638474015e-45
216357,Thiel College,PA,25850,2,2,0,0,0,0,1,1,2,1,0,0,4,2,2,0,0,0,0,1.09257,162.4546681965383,25.6,59976,9.9,2.9,87.88819023037425,5.62984522730809,1.6813568009372397,0.6351995753132522,0.7924297924297924,0.10989010989010989,0.0231990231990232,0.009768009768009768,0,234,4,0.12049237591511534,0.024876926299300477,2.6814612492081712e-5
216366,Thomas Jefferson University,PA,37980,1,2,0,0,2,2,3,0,6,1,2,0,65,1,2,1,1,1,1,62.72014,1362.526683049549,42.2,91289,8.2,3.9,58.452962636881864,19.472628728188425,10.764708114490816,6.472657745980796,0.450465914664051,0.16233447768513978,0.13094654242275625,0.16086316821971555,2,432,4,2.6951417364527627e-4,9.237153694531293e-16,1.990244638474015e-45
216524,Ursinus College,PA,37980,1,2,0,0,1,1,1,0,4,1,0,0,65,1,1,0,0,0,0,62.72014,1362.526683049549,42.2,91289,8.2,3.9,58.452962636881864,19.472628728188425,10.764708114490816,6.472657745980796,0.7464976651100734,0.07738492328218813,0.07071380920613743,0.03402268178785857,0,432,4,2.6951417364527627e-4,9.237153694531293e-16,1.990244638474015e-45
216542,University of Valley Forge,PA,37980,1,2,0,0,0,1,1,1,2,1,0,1,65,2,2,2,0,1,1,62.72014,1362.526683049549,42.2,91289,8.2,3.9,58.452962636881864,19.472628728188425,10.764708114490816,6.472657745980796,0.4815533980582524,0.14563106796116504,0.2543689320388349,0.02524271844660194,2,432,4,2.6951417364527627e-4,9.237153694531293e-16,1.990244638474015e-45
216597,Villanova University,PA,37980,1,2,0,0,3,1,3,1,1,1,2,0,65,3,1,1,1,0,0,62.72014,1362.526683049549,42.2,91289,8.2,3.9,58.452962636881864,19.472628728188425,10.764708114490816,6.472657745980796,0.6818306010928962,0.06174863387978142,0.10833333333333334,0.07226775956284152,0,432,4,2.6951417364527627e-4,9.237153694531293e-16,1.990244638474015e-45
216764,West Chester University of Pennsylvania,PA,37980,1,2,1,0,3,1,3,0,2,1,2,0,65,1,1,1,0,0,1,62.72014,1362.526683049549,42.2,91289,8.2,3.9,58.452962636881864,19.472628728188425,10.764708114490816,6.472657745980796,0.7317746934375421,0.10881282845977631,0.07734806629834254,0.03234065489826169,0,432,4,2.6951417364527627e-4,9.237153694531293e-16,1.990244638474015e-45
216825,Westmoreland County Community College,PA,38300,1,2,1,1,1,1,0,0,2,0,0,0,36,0,1,2,1,2,3,24.3994,432.58903711303543,38.2,75762,7.1,3.1,82.7781830700755,7.758715378247007,2.416698771281261,2.636458273564104,0.788235294117647,0.049226006191950465,0.026006191950464396,0.007739938080495356,0,438,4,0.013286297751505905,3.019324705412817e-15,2.0459890435333933e-22
216931,Wilkes University,PA,42540,1,2,0,0,2,2,3,0,1,1,0,0,14,1,2,1,1,0,1,5.69788,326.3481448570004,27.2,65158,10.8,3.3,77.1004303354932,3.5039347968016172,13.80934663418675,1.831558404178396,0.6968238691049086,0.05871029836381136,0.11068334937439846,0.02791145332050048,0,509,4,0.0964045821775512,1.0317885127996749e-4,1.2433448646565957e-6
217013,Wilson College,PA,16540,1,2,0,0,1,2,2,1,2,1,0,0,3,1,1,3,1,3,2,1.57379,203.7851579850068,24.7,77003,5.5,2.5,84.33081923255327,3.020097980035456,7.516885988600766,1.0357163280996828,0.76,0.09529411764705882,0.09294117647058824,0.007058823529411765,0,98,4,0.02868711451436681,0.11530477381452052,0.13123328216280727
217059,York College of Pennsylvania,PA,49620,1,2,0,0,1,1,1,0,2,1,0,0,3,2,1,1,1,0,1,4.62924,511.88452647529965,27.6,84829,6.1,2.9,78.89912815062516,5.764445135702621,9.593799414158696,1.4533703156457647,0.7210374639769452,0.08184438040345822,0.09884726224783862,0.02132564841498559,0,617,4,0.11205200084941173,0.08872334711667669,0.0192836001792245
217156,Brown University,RI,39300,1,1,0,0,3,2,3,0,1,1,3,0,16,3,1,1,0,0,1,16.84071,1061.1628132968578,35.3,87040,7.6,3.7,70.53942500048989,4.614710424916764,15.10055098627077,3.1027789208412235,0.3620643788241554,0.087390263367917,0.12197392923649907,0.2023144453312051,2,453,1,0.8398943780874277,0.0012430818219288362,4.3556336456227904e-26
217165,Bryant University,RI,39300,1,1,0,0,1,1,2,0,5,1,0,0,16,2,1,0,0,0,0,16.84071,1061.1628132968578,35.3,87040,7.6,3.7,70.53942500048989,4.614710424916764,15.10055098627077,3.1027789208412235,0.7373285629099583,0.04502087060226595,0.08258795468097793,0.039654144305307094,0,453,1,0.8398943780874277,0.0012430818219288362,4.3556336456227904e-26
217235,Johnson & Wales University-Providence,RI,39300,1,1,0,0,1,2,2,0,2,1,0,0,16,1,2,1,0,0,0,16.84071,1061.1628132968578,35.3,87040,7.6,3.7,70.53942500048989,4.614710424916764,15.10055098627077,3.1027789208412235,0.5914750957854407,0.11326628352490421,0.14870689655172414,0.040708812260536395,1,453,1,0.8398943780874277,0.0012430818219288362,4.3556336456227904e-26
217305,New England Institute of Technology,RI,39300,1,1,0,0,1,1,0,0,3,1,0,0,16,2,2,1,1,3,1,16.84071,1061.1628132968578,35.3,87040,7.6,3.7,70.53942500048989,4.614710424916764,15.10055098627077,3.1027789208412235,0.5222872579918956,0.12111661413777577,0.15173345339936967,0.03061683926159388,1,453,1,0.8398943780874277,0.0012430818219288362,4.3556336456227904e-26
217402,Providence College,RI,39300,1,1,0,0,1,2,2,1,2,1,1,0,16,2,1,1,1,0,0,16.84071,1061.1628132968578,35.3,87040,7.6,3.7,70.53942500048989,4.614710424916764,15.10055098627077,3.1027789208412235,0.794010889292196,0.03130671506352087,0.08484573502722323,0.015653357531760434,0,453,1,0.8398943780874277,0.0012430818219288362,4.3556336456227904e-26
217420,Rhode Island College,RI,39300,1,1,1,0,2,1,2,0,2,1,1,1,16,1,2,1,0,2,1,16.84071,1061.1628132968578,35.3,87040,7.6,3.7,70.53942500048989,4.614710424916764,15.10055098627077,3.1027789208412235,0.4855975087582717,0.11658232775398988,0.2656675749318801,0.033281432463993774,2,453,1,0.8398943780874277,0.0012430818219288362,4.3556336456227904e-26
217475,Community College of Rhode Island,RI,39300,1,1,1,1,3,2,0,0,1,0,0,1,16,0,2,2,1,3,2,16.84071,1061.1628132968578,35.3,87040,7.6,3.7,70.53942500048989,4.614710424916764,15.10055098627077,3.1027789208412235,0.46246841062768934,0.12335223003893177,0.27607403865856156,0.02779864763335838,2,453,1,0.8398943780874277,0.0012430818219288362,4.3556336456227904e-26
217484,University of Rhode Island,RI,39300,1,1,1,0,3,1,3,0,1,1,3,0,16,2,1,1,1,0,1,16.84071,1061.1628132968578,35.3,87040,7.6,3.7,70.53942500048989,4.614710424916764,15.10055098627077,3.1027789208412235,0.7342213114754098,0.05,0.1159153005464481,0.03189890710382513,0,453,1,0.8398943780874277,0.0012430818219288362,4.3556336456227904e-26
217493,Rhode Island School of Design,RI,39300,1,1,0,0,1,2,2,0,4,1,1,0,16,3,1,0,0,0,0,16.84071,1061.1628132968578,35.3,87040,7.6,3.7,70.53942500048989,4.614710424916764,15.10055098627077,3.1027789208412235,0.22069943289224953,0.046313799621928164,0.08742911153119093,0.24716446124763705,3,453,1,0.8398943780874277,0.0012430818219288362,4.3556336456227904e-26
217518,Roger Williams University,RI,39300,1,1,0,0,1,1,1,0,2,1,1,0,16,1,1,1,1,1,1,16.84071,1061.1628132968578,35.3,87040,7.6,3.7,70.53942500048989,4.614710424916764,15.10055098627077,3.1027789208412235,0.7014413177762526,0.04438343628460307,0.11416151910318005,0.02036147334706017,0,453,1,0.8398943780874277,0.0012430818219288362,4.3556336456227904e-26
217536,Salve Regina University,RI,39300,1,1,0,0,1,1,2,1,2,1,0,0,16,2,1,1,1,0,0,16.84071,1061.1628132968578,35.3,87040,7.6,3.7,70.53942500048989,4.614710424916764,15.10055098627077,3.1027789208412235,0.7686980609418282,0.015235457063711912,0.10018467220683287,0.017543859649122806,0,453,1,0.8398943780874277,0.0012430818219288362,4.3556336456227904e-26
217615,Aiken Technical College,SC,12260,1,5,1,1,1,1,0,0,1,0,0,0,7,0,2,3,0,3,3,6.24181,179.32634886919803,29.5,69344,11.9,3.7,51.61916174955662,34.69698693167527,6.6080191482919215,2.0583772976107895,0.45397571484528004,0.39052095573834705,0.09439874657265962,0.010967489228358794,2,38,4,0.008903299561316873,0.13526956573940174,3.062426560067198e-12
217633,Anderson University,SC,24860,1,5,0,0,1,2,3,1,2,1,0,0,10,2,1,1,1,0,1,9.61939,355.01165123320305,34.6,71240,9.2,2.8,69.86991898654696,14.083325449950568,8.968656016649705,1.9146744232222628,0.8260869565217391,0.053487644666875195,0.053487644666875195,0.01563966218329684,0,219,4,0.004230724173827885,2.227474943546319e-9,3.971297186353423e-4
217712,Technical College of the Lowcountry,SC,25940,1,5,1,1,1,2,0,0,2,0,0,0,2,0,2,3,1,2,3,2.27455,184.74909939228053,43.1,83304,7.8,1.5,64.3265700907872,17.949044866017456,13.114242377613156,1.0349299861511068,0.42613636363636365,0.30463286713286714,0.1971153846153846,0.010052447552447552,2,238,4,0.010059967032832256,0.024808032946056987,0.21163141591850537
217721,Benedict College,SC,17900,1,5,0,0,1,2,1,1,2,1,0,1,9,1,3,1,1,0,1,8.49181,229.31465302935578,35.4,68359,10.4,3.4,53.25495977889284,33.10742939373349,7.02936123158667,2.326947965157016,0.010686164229471317,0.7727784026996626,0.02699662542182227,5.624296962879641e-4,3,120,4,0.015299220179993986,0.02136880986447551,0.02278018182307435
217749,Bob Jones University,SC,24860,1,5,0,0,1,2,1,1,2,1,0,0,10,0,2,1,0,0,1,9.61939,355.01165123320305,34.6,71240,9.2,2.8,69.86991898654696,14.083325449950568,8.968656016649705,1.9146744232222628,0.750104821802935,0.01551362683438155,0.08469601677148847,0.03815513626834382,0,219,4,0.004230724173827885,2.227474943546319e-9,3.971297186353423e-4
217776,Southern Wesleyan University,SC,24860,1,5,0,0,0,1,1,1,2,1,0,0,10,1,2,2,1,2,1,9.61939,355.01165123320305,34.6,71240,9.2,2.8,69.86991898654696,14.083325449950568,8.968656016649705,1.9146744232222628,0.6705607476635514,0.17523364485981308,0.0852803738317757,0.007009345794392523,1,219,4,0.004230724173827885,2.227474943546319e-9,3.971297186353423e-4
217819,College of Charleston,SC,16700,1,5,1,0,3,2,2,0,1,1,1,0,8,2,1,1,0,0,0,8.34267,322.0900330969273,40.8,85254,7.4,2.3,62.39249544809995,23.111905421166128,7.7658591314291465,2.0554570659033615,0.7814118288361952,0.05523757608794404,0.07249931861542655,0.01980557826837467,0,102,4,0.24887735397712982,0.3052635526113216,0.004654366838937528
217864,Citadel Military College of South Carolina,SC,16700,1,5,1,0,1,2,2,0,2,1,1,0,8,3,1,1,1,1,0,8.34267,322.0900330969273,40.8,85254,7.4,2.3,62.39249544809995,23.111905421166128,7.7658591314291465,2.0554570659033615,0.7427325581395349,0.0755813953488372,0.09084302325581395,0.020348837209302327,0,102,4,0.24887735397712982,0.3052635526113216,0.004654366838937528
217873,Claflin University,SC,36700,2,5,0,0,1,0,1,1,4,1,0,1,3,2,3,2,1,1,0,0.83253,75.24815079229833,19.4,45675,15.8,4.4,33.11592375049548,60.660877085510435,2.679783311111912,0.9993633863043975,0.019447287615148412,0.872057318321392,0.009211873080859774,0.0015353121801432957,3,412,4,0.055841320446990035,0.02479714088043877,0.012138257003029847
217882,Clemson University,SC,24860,1,5,1,0,4,1,3,0,1,1,3,0,10,3,1,1,0,0,0,9.61939,355.01165123320305,34.6,71240,9.2,2.8,69.86991898654696,14.083325449950568,8.968656016649705,1.9146744232222628,0.7567017164706371,0.0557333444162753,0.08790158347533353,0.02834462408046216,0,219,4,0.004230724173827885,2.227474943546319e-9,3.971297186353423e-4
217907,Coker University,SC,22500,1,5,0,0,1,0,1,0,2,1,0,0,3,1,1,3,0,1,2,1.99675,146.69717490759808,23,54443,14.8,3.4,50.37335670464505,42.188055590334294,3.076499311380994,1.2991110554651308,0.5487804878048781,0.2451219512195122,0.006097560975609756,0.01097560975609756,1,187,4,0.0039212510700014774,0.03475261604617302,0.2659363066865683
217925,Columbia International University,SC,17900,1,5,0,0,1,2,3,0,2,1,0,0,9,1,2,2,0,1,2,8.49181,229.31465302935578,35.4,68359,10.4,3.4,53.25495977889284,33.10742939373349,7.02936123158667,2.326947965157016,0.6123535676251332,0.2012779552715655,0.010649627263045794,0.022364217252396165,1,120,4,0.015299220179993986,0.02136880986447551,0.02278018182307435
217934,Columbia College,SC,17900,1,5,0,0,1,2,2,1,2,1,0,0,9,1,3,3,1,3,2,8.49181,229.31465302935578,35.4,68359,10.4,3.4,53.25495977889284,33.10742939373349,7.02936123158667,2.326947965157016,0.3828178694158076,0.3718213058419244,0.10309278350515463,0.024054982817869417,2,120,4,0.015299220179993986,0.02136880986447551,0.02278018182307435
217998,Erskine College,SC,24940,2,5,0,0,0,0,1,1,2,1,0,0,3,2,2,0,0,0,0,0.93909,99.18561271343926,23.5,52860,10.6,2.8,60.490474821369624,29.70109361190088,5.9046523762365695,0.6921594309384618,0.4058759521218716,0.1795429815016322,0.046789989118607184,0.01088139281828074,2,221,4,0.17278508452927918,0.10064466284965423,4.873889373872684e-4
218025,Florence-Darlington Technical College,SC,22500,1,5,1,1,1,0,0,0,2,0,0,0,3,0,2,3,1,3,3,1.99675,146.69717490759808,23,54443,14.8,3.4,50.37335670464505,42.188055590334294,3.076499311380994,1.2991110554651308,0.3699682203389831,0.5,0.010063559322033898,0.009269067796610169,2,187,4,0.0039212510700014774,0.03475261604617302,0.2659363066865683
218061,Francis Marion University,SC,22500,1,5,1,0,1,0,1,0,2,1,0,0,3,1,2,2,0,1,2,1.99675,146.69717490759808,23,54443,14.8,3.4,50.37335670464505,42.188055590334294,3.076499311380994,1.2991110554651308,0.4746494066882416,0.37468536497662713,0.05429701546206401,0.01438331535418914,2,187,4,0.0039212510700014774,0.03475261604617302,0.2659363066865683
218113,Greenville Technical College,SC,24860,1,5,1,0,3,2,0,0,2,0,0,0,10,0,2,3,1,2,2,9.61939,355.01165123320305,34.6,71240,9.2,2.8,69.86991898654696,14.083325449950568,8.968656016649705,1.9146744232222628,0.5440967955383307,0.20947159466868323,0.15162113621325268,0.02457699215426789,1,219,4,0.004230724173827885,2.227474943546319e-9,3.971297186353423e-4
218140,Horry-Georgetown Technical College,SC,34820,1,5,1,1,2,2,0,0,2,0,0,0,4,0,2,3,0,2,2,3.83016,338.0077268955739,27.1,66880,9.1,2.6,75.50676734131211,11.588027654197214,7.310660651252167,1.3411972345802787,0.6025457851669048,0.2250941680737758,0.09988310170151968,0.010910507858163398,1,387,4,0.025423963831273922,0.0041864309997294725,0.11290451910539674
218229,Lander University,SC,24940,2,5,1,0,1,0,1,0,2,1,0,0,3,1,2,2,0,0,1,0.93909,99.18561271343926,23.5,52860,10.6,2.8,60.490474821369624,29.70109361190088,5.9046523762365695,0.6921594309384618,0.647271714922049,0.23635857461024498,0.01893095768374165,0.0025055679287305124,1,221,4,0.17278508452927918,0.10064466284965423,4.873889373872684e-4
218353,Midlands Technical College,SC,17900,1,5,1,1,2,1,0,0,2,0,0,0,9,0,2,3,1,2,2,8.49181,229.31465302935578,35.4,68359,10.4,3.4,53.25495977889284,33.10742939373349,7.02936123158667,2.326947965157016,0.39776692254012563,0.38939288206559663,0.08583391486392185,0.01884159106769016,2,120,4,0.015299220179993986,0.02136880986447551,0.02278018182307435
218399,Morris College,SC,44940,1,5,0,0,0,2,1,1,2,1,0,1,3,0,3,1,0,2,0,1.04725,157.46266418148554,23.5,56693,12.9,3.7,43.63809978515158,45.77608021007401,4.444974934351873,1.44760085939365,0.009689922480620155,0.937984496124031,0.011627906976744186,0,3,545,4,0.010007595888127418,0.0012312092134224705,0.023795591251374617
218441,North Greenville University,SC,24860,1,5,0,0,1,0,1,1,2,1,0,0,10,2,2,2,0,1,1,9.61939,355.01165123320305,34.6,71240,9.2,2.8,69.86991898654696,14.083325449950568,8.968656016649705,1.9146744232222628,0.6571729957805907,0.10654008438818566,0.05327004219409283,0.008438818565400843,1,219,4,0.004230724173827885,2.227474943546319e-9,3.971297186353423e-4
218487,Orangeburg Calhoun Technical College,SC,36700,2,5,1,1,1,0,0,0,2,0,0,0,3,0,2,3,1,3,3,0.83253,75.24815079229833,19.4,45675,15.8,4.4,33.11592375049548,60.660877085510435,2.679783311111912,0.9993633863043975,0.3054903801032379,0.6231816048803379,0.03003284842796809,0.009385265133740028,2,412,4,0.055841320446990035,0.02479714088043877,0.012138257003029847
218520,Piedmont Technical College,SC,24940,2,5,1,1,2,0,0,0,2,0,0,0,3,0,3,3,1,3,3,0.93909,99.18561271343926,23.5,52860,10.6,2.8,60.490474821369624,29.70109361190088,5.9046523762365695,0.6921594309384618,0.47171989226625627,0.40380915736821854,0.07406694882647172,0.004424778761061947,2,221,4,0.17278508452927918,0.10064466284965423,4.873889373872684e-4
218539,Presbyterian College,SC,24860,1,5,0,0,1,0,3,1,1,1,0,0,10,2,2,0,0,0,0,9.61939,355.01165123320305,34.6,71240,9.2,2.8,69.86991898654696,14.083325449950568,8.968656016649705,1.9146744232222628,0.6129385964912281,0.18311403508771928,0.08223684210526316,0.010964912280701754,1,219,4,0.004230724173827885,2.227474943546319e-9,3.971297186353423e-4
218645,University of South Carolina Aiken,SC,12260,1,5,1,0,1,1,2,0,2,1,0,0,7,1,2,2,0,1,1,6.24181,179.32634886919803,29.5,69344,11.9,3.7,51.61916174955662,34.69698693167527,6.6080191482919215,2.0583772976107895,0.5979643765903307,0.22487277353689566,0.08237913486005088,0.013994910941475827,1,38,4,0.008903299561316873,0.13526956573940174,3.062426560067198e-12
218654,University of South Carolina Beaufort,SC,25940,1,5,1,0,1,0,1,0,1,1,0,0,2,2,2,2,1,1,1,2.27455,184.74909939228053,43.1,83304,7.8,1.5,64.3265700907872,17.949044866017456,13.114242377613156,1.0349299861511068,0.5851987208771129,0.20283234353586113,0.11694837825491092,0.010507080858839652,1,238,4,0.010059967032832256,0.024808032946056987,0.21163141591850537
218663,University of South Carolina-Columbia,SC,17900,1,5,1,0,4,2,3,0,2,1,3,0,9,2,1,1,1,0,0,8.49181,229.31465302935578,35.4,68359,10.4,3.4,53.25495977889284,33.10742939373349,7.02936123158667,2.326947965157016,0.7294317795168425,0.09506634909833277,0.06019054100034025,0.04396053079278666,0,120,4,0.015299220179993986,0.02136880986447551,0.02278018182307435
218672,University of South Carolina-Lancaster,SC,16740,1,5,1,1,1,0,0,0,1,0,0,0,24,1,1,2,0,0,2,27.68407,494.5980195033105,39.9,83304,7.9,3,56.76484707631501,21.674883786957626,12.516439959875841,4.37648799472043,0.6297262059973925,0.1421121251629726,0.11864406779661017,0.02216427640156454,1,103,4,0.0064655327419721655,6.432950837504707e-6,8.012822364942764e-15
218690,University of South Carolina-Sumter,SC,44940,1,5,1,1,1,2,0,0,1,0,0,0,3,2,1,2,0,0,3,1.04725,157.46266418148554,23.5,56693,12.9,3.7,43.63809978515158,45.77608021007401,4.444974934351873,1.44760085939365,0.525,0.2236842105263158,0.09473684210526316,0.02236842105263158,1,545,4,0.010007595888127418,0.0012312092134224705,0.023795591251374617
218706,University of South Carolina-Union,SC,43900,1,5,1,1,1,0,0,0,1,0,0,0,6,2,1,2,0,0,3,3.74737,283.4597583385542,24.3,64382,11.4,2.8,65.18278152410892,19.846452311888072,8.774420460216097,2.189802448116946,0.6710963455149501,0.16943521594684385,0.036544850498338874,0.006644518272425249,1,530,4,0.002657357963854271,4.290627538570738e-6,6.421502839487711e-6
218724,Coastal Carolina University,SC,34820,1,5,1,0,3,2,2,0,2,1,1,0,4,1,1,1,0,0,0,3.83016,338.0077268955739,27.1,66880,9.1,2.6,75.50676734131211,11.588027654197214,7.310660651252167,1.3411972345802787,0.6597155487218912,0.1095521814337882,0.06111858543148184,0.008360561214683836,1,387,4,0.025423963831273922,0.0041864309997294725,0.11290451910539674
218733,South Carolina State University,SC,36700,2,5,1,0,1,0,1,0,1,1,2,1,3,1,3,1,1,0,1,0.83253,75.24815079229833,19.4,45675,15.8,4.4,33.11592375049548,60.660877085510435,2.679783311111912,0.9993633863043975,0.014735432016075016,0.9233087742799732,0.0013395847287340924,0.0020093770931011385,3,412,4,0.055841320446990035,0.02479714088043877,0.012138257003029847
218742,University of South Carolina-Upstate,SC,43900,1,5,1,0,1,1,1,0,2,1,1,0,6,2,2,2,0,1,1,3.74737,283.4597583385542,24.3,64382,11.4,2.8,65.18278152410892,19.846452311888072,8.774420460216097,2.189802448116946,0.4726148409893993,0.3321554770318021,0.0887809187279152,0.029151943462897525,2,530,4,0.002657357963854271,4.290627538570738e-6,6.421502839487711e-6
218821,Spartanburg Methodist College,SC,43900,1,5,0,0,1,1,0,1,1,1,0,0,6,1,3,2,0,0,0,3.74737,283.4597583385542,24.3,64382,11.4,2.8,65.18278152410892,19.846452311888072,8.774420460216097,2.189802448116946,0.43189964157706096,0.3333333333333333,0.16129032258064516,0.010752688172043012,2,530,4,0.002657357963854271,4.290627538570738e-6,6.421502839487711e-6
218830,Spartanburg Community College,SC,43900,1,5,1,1,2,1,0,0,2,0,0,0,6,0,2,2,1,2,3,3.74737,283.4597583385542,24.3,64382,11.4,2.8,65.18278152410892,19.846452311888072,8.774420460216097,2.189802448116946,0.5349053676698728,0.2645051194539249,0.11061123177164132,0.026062674526838348,1,530,4,0.002657357963854271,4.290627538570738e-6,6.421502839487711e-6
218858,Central Carolina Technical College,SC,44940,1,5,1,1,1,2,0,0,2,0,0,0,3,0,2,3,1,3,3,1.04725,157.46266418148554,23.5,56693,12.9,3.7,43.63809978515158,45.77608021007401,4.444974934351873,1.44760085939365,0.4023241206030151,0.49874371859296485,0.04742462311557789,0.008479899497487437,2,545,4,0.010007595888127418,0.0012312092134224705,0.023795591251374617
218885,Tri-County Technical College,SC,24860,1,5,1,1,2,1,0,0,2,0,0,0,10,0,2,2,1,1,2,9.61939,355.01165123320305,34.6,71240,9.2,2.8,69.86991898654696,14.083325449950568,8.968656016649705,1.9146744232222628,0.7293585955153833,0.11402746393186164,0.07822005909960021,0.013210498870154701,0,219,4,0.004230724173827885,2.227474943546319e-9,3.971297186353423e-4
218894,Trident Technical College,SC,16700,1,5,1,1,3,2,0,0,2,0,0,0,8,0,1,3,1,3,3,8.34267,322.0900330969273,40.8,85254,7.4,2.3,62.39249544809995,23.111905421166128,7.7658591314291465,2.0554570659033615,0.48410725085679723,0.3153685908205094,0.09226530475102479,0.01720314494993616,2,102,4,0.24887735397712982,0.3052635526113216,0.004654366838937528
218973,Wofford College,SC,43900,1,5,0,0,1,2,1,1,4,1,0,0,6,2,1,0,0,0,0,3.74737,283.4597583385542,24.3,64382,11.4,2.8,65.18278152410892,19.846452311888072,8.774420460216097,2.189802448116946,0.7961215932914046,0.06708595387840671,0.05450733752620545,0.022536687631027254,0,530,4,0.002657357963854271,4.290627538570738e-6,6.421502839487711e-6
218991,York Technical College,SC,16740,1,5,1,1,1,2,0,0,2,0,0,0,24,0,2,3,1,2,2,27.68407,494.5980195033105,39.9,83304,7.9,3,56.76484707631501,21.674883786957626,12.516439959875841,4.37648799472043,0.5057212913771966,0.2717613404168369,0.10053126277073968,0.01573355128729056,1,103,4,0.0064655327419721655,6.432950837504707e-6,8.012822364942764e-15
219189,Mitchell Technical College,SD,33580,2,4,1,1,1,0,0,0,3,0,0,0,2,0,2,2,0,1,1,0.25808,17.928979848067005,22.5,69101,6.3,0.7,88.8949163050217,0.5618412895226286,4.603223806571606,0.38360198388096717,0.8825242718446602,0.006796116504854369,0.02912621359223301,0.010679611650485437,0,365,4,0.012523889030723387,1.1027555794378663e-4,0.20718239533688546
219198,Mount Marty University,SD,49460,2,4,0,0,1,0,3,1,2,1,0,0,1,2,1,1,0,1,2,0.23414,44.92419203865436,31.4,72821,7.6,0.9,86.93943794311096,1.5631673357820108,5.851200136670368,0.32032117536516613,0.6395193591455274,0.0787716955941255,0.09345794392523364,0.00801068090787717,1,616,4,0.11053233149418244,0.08925611955016899,0.021411673929999354
219259,Northern State University,SD,10100,2,4,1,0,1,0,1,0,2,1,0,0,1,1,1,3,0,1,3,0.41925,14.767467722280454,33.2,71488,6.7,2.1,85.5742397137746,1.1854502087060226,4.479427549194991,2.7286821705426356,0.7909896602658789,0.04283604135893648,0.05465288035450517,0.022895125553914326,0,1,4,0.02980986553425076,0.11182757676408717,0.1310832587026261
219347,South Dakota School of Mines and Technology,SD,39660,1,4,1,0,1,2,2,0,7,1,1,0,2,1,1,1,0,0,1,1.5295,19.59731174552964,33.1,75255,6.1,1.9,79.807126511932,1.1807780320366132,5.365805818895064,1.0794377247466493,0.8259838786154575,0.016121384542437174,0.056424845898530106,0.017543859649122806,0,459,4,0.021792039399204263,6.478670501924803e-6,0.04402880448618713
219471,University of South Dakota,SD,46820,2,4,1,0,3,0,3,0,2,1,2,0,1,1,1,3,1,1,2,0.15219,36.93734142695547,45.4,56850,3.1,4.7,84.15138971023063,1.8266640383730863,3.311649911295092,2.969971745844011,0.7841495992876224,0.039536954585930546,0.05859305431878896,0.013178984861976847,0,574,4,0.049968081195341546,0.1966248166031732,0.1751189081887581
219480,Western Dakota Technical College,SD,39660,1,4,1,1,1,2,0,0,3,1,0,0,2,0,2,2,0,2,2,1.5295,19.59731174552964,33.1,75255,6.1,1.9,79.807126511932,1.1807780320366132,5.365805818895064,1.0794377247466493,0.7324973876698014,0.02089864158829676,0.05956112852664577,0.01567398119122257,0,459,4,0.021792039399204263,6.478670501924803e-6,0.04402880448618713
219602,Austin Peay State University,TN,17300,1,5,1,0,3,2,2,0,1,1,1,0,4,1,2,2,1,2,2,3.34564,155.03156119598017,27.7,68967,9.8,2.9,62.74703793594051,17.581987302877774,10.075202352913044,2.0934709054172,0.5103896103896104,0.2164108618654073,0.11700118063754428,0.023494687131050768,1,110,4,0.010204435776825695,0.0269756316391071,0.3249604827537851
219639,Baptist Health Sciences University,TN,32820,1,5,0,0,0,2,1,1,6,1,0,0,17,1,2,2,1,3,2,13.41924,269.8741064531906,31,66401,12.7,4.1,40.34177792483032,46.3369013446365,7.4920040181113094,2.2803824955809717,0.3643867924528302,0.4858490566037736,0.06721698113207547,0.02240566037735849,2,355,4,0.4216162088566813,0.04637734720248026,1.46014379927242e-13
219806,Carson-Newman University,TN,34100,1,5,0,0,1,1,3,1,2,1,0,0,2,1,2,1,0,0,1,1.22533,280.8178045325802,20.4,60553,11.1,2.9,82.82258656851623,2.244293374029853,10.261725412745955,0.7842785208882505,0.715258855585831,0.10626702997275204,0.05858310626702997,0.009536784741144414,0,375,4,0.021558159134273284,5.08860469042043e-7,0.04313824386686809
219824,Chattanooga State Community College,TN,16860,1,5,1,1,2,2,0,0,1,0,0,0,6,0,2,2,1,2,2,5.75812,275.1503278697644,31.9,72161,9.2,2.8,75.54844289455586,11.745847603037102,6.431960431529736,1.6489757073489264,0.6456768419370306,0.16877097650631293,0.10340418731021256,0.016141921048425763,1,105,4,0.029521398382212922,0.0034558343400174466,5.235071100976708e-4
219833,Christian Brothers University,TN,32820,1,5,0,0,1,2,2,1,2,1,0,0,17,1,2,1,1,1,1,13.41924,269.8741064531906,31,66401,12.7,4.1,40.34177792483032,46.3369013446365,7.4920040181113094,2.2803824955809717,0.2526416906820365,0.24495677233429394,0.1834774255523535,0.01921229586935639,3,355,4,0.4216162088566813,0.04637734720248026,1.46014379927242e-13
219879,Cleveland State Community College,TN,17420,1,5,1,1,1,2,0,0,1,0,0,0,2,0,1,2,1,1,2,1.28963,168.93967377104562,23.3,66135,9.3,3.9,82.28406597241069,3.672371145212193,7.527740514721276,1.0274264711583942,0.7770780856423174,0.07346767422334173,0.09907640638119228,0.014693534844668345,0,113,4,0.012454003269648704,7.873158823796243e-7,0.2073190317864577
219888,Columbia State Community College,TN,34980,1,5,1,1,2,0,0,0,1,0,0,0,24,0,2,2,0,1,2,20.79596,329.99521405275505,40.9,85447,7.1,2.5,68.40155491739742,13.807537617883472,10.082342916604956,2.909363164768542,0.730377598642342,0.07955027577428934,0.1047942299533305,0.02078913873568095,0,390,5,0.007880942498670053,1.4074581735675267e-10,9.74494300407958e-25
220057,Dyersburg State Community College,TN,20540,2,5,1,1,1,0,0,0,1,0,0,0,1,0,2,3,1,2,2,0.36508,71.25588800801782,21.1,58154,10.2,2.7,76.9447792264709,15.035060808589899,3.9552974690478795,0.6190424016653884,0.6564490445859873,0.2300955414012739,0.04976114649681529,0.006369426751592357,1,158,4,0.0133257624731671,0.007171158923087541,0.20521194830935682
220075,East Tennessee State University,TN,27740,1,5,1,0,3,2,3,0,2,1,2,0,2,1,2,2,1,1,1,2.10729,246.7928088546318,29.3,57762,10.4,2.9,88.11838902097006,2.830649791912836,4.408031167993014,0.9951169511552752,0.7273237329343557,0.06714045259023751,0.042827753880680754,0.021039835421731812,0,263,4,0.05027442807824155,0.19779547037640463,0.1757485950598712
220400,Jackson State Community College,TN,27180,1,5,1,1,1,2,0,0,1,0,0,0,4,0,2,3,1,2,2,1.81719,106.19492121237474,23.7,61177,13.1,3.5,63.67798634154932,25.58895877701286,4.997826314254426,0.6900764366962178,0.6477622138708575,0.23197813460881447,0.04646395626921763,0.007857874957294158,1,256,4,0.023029474937415865,0.003876204132936798,0.043863633695053666
220473,Johnson University,TN,28940,1,5,0,0,0,0,2,1,8,1,0,0,6,2,2,2,0,1,1,9.32241,266.28196377306494,32.7,72422,7.9,2.2,83.83679756629455,5.2682729036804865,5.4583525075597406,1.5657968272152802,0.7573062261753494,0.053367217280813214,0.04955527318932656,0.011435832274459974,0,288,4,0.0027602510758403713,7.63072566611094e-12,0.03447819916983989
220516,King University,TN,28700,1,5,0,0,1,2,2,1,2,1,0,0,4,1,2,3,1,2,1,3.10842,154.6100090216097,23.9,57792,10.8,2.8,92.26841932557377,1.9974778183128408,2.3140373565991723,0.614781786245102,0.7539882451721243,0.06297229219143577,0.06213266162888329,0.007556675062972292,0,281,4,0.001371156917268877,1.296357642801126e-12,0.09877706777383809
220604,Le Moyne-Owen College,TN,32820,1,5,0,0,0,2,1,1,2,1,0,1,17,1,3,0,1,2,1,13.41924,269.8741064531906,31,66401,12.7,4.1,40.34177792483032,46.3369013446365,7.4920040181113094,2.2803824955809717,0.004694835680751174,0.9499217527386542,0.00782472613458529,0,3,355,4,0.4216162088566813,0.04637734720248026,1.46014379927242e-13
220710,Maryville College,TN,28940,1,5,0,0,1,1,1,1,1,1,0,0,6,2,2,1,0,0,1,9.32241,266.28196377306494,32.7,72422,7.9,2.2,83.83679756629455,5.2682729036804865,5.4583525075597406,1.5657968272152802,0.6985915492957746,0.09671361502347418,0.06103286384976526,0.008450704225352112,0,288,4,0.0027602510758403713,7.63072566611094e-12,0.03447819916983989
220862,University of Memphis,TN,32820,1,5,1,0,4,2,3,0,2,1,3,0,17,2,2,2,0,1,2,13.41924,269.8741064531906,31,66401,12.7,4.1,40.34177792483032,46.3369013446365,7.4920040181113094,2.2803824955809717,0.36474025974025975,0.41019480519480517,0.10772727272727273,0.04512987012987013,2,355,4,0.4216162088566813,0.04637734720248026,1.46014379927242e-13
220978,Middle Tennessee State University,TN,34980,1,5,1,0,4,2,2,0,2,1,2,0,24,2,2,2,1,1,1,20.79596,329.99521405275505,40.9,85447,7.1,2.5,68.40155491739742,13.807537617883472,10.082342916604956,2.909363164768542,0.634096211532052,0.14220642150872126,0.09632263081879791,0.04288412398622375,1,390,5,0.007880942498670053,1.4074581735675267e-10,9.74494300407958e-25
221096,Motlow State Community College,TN,46100,2,5,1,1,2,0,0,0,1,0,0,0,1,0,1,3,1,1,2,0.66384,118.9280864508725,21.7,62285,12,2.2,85.94691491925765,3.9331766690768863,5.88997348758737,1.2096288262231862,0.6600916517234509,0.11297071129707113,0.12592149830643554,0.027296274158198845,1,563,4,0.014529548355169258,0.017069537607604494,0.2023025644538876
221148,Lincoln College of Technology-Nashville,TN,34980,1,5,2,1,0,2,0,0,3,0,0,0,24,0,3,0,1,2,0,20.79596,329.99521405275505,40.9,85447,7.1,2.5,68.40155491739742,13.807537617883472,10.082342916604956,2.909363164768542,0.5137563166760247,0.291970802919708,0.13250982594048288,0.004491858506457047,1,390,5,0.007880942498670053,1.4074581735675267e-10,9.74494300407958e-25
221184,Nashville State Community College,TN,34980,1,5,1,1,2,2,0,0,1,0,0,0,24,0,2,2,1,3,2,20.79596,329.99521405275505,40.9,85447,7.1,2.5,68.40155491739742,13.807537617883472,10.082342916604956,2.909363164768542,0.43190779496511983,0.3174097664543524,0.13451622687291478,0.03700333636639369,2,390,5,0.007880942498670053,1.4074581735675267e-10,9.74494300407958e-25
221351,Rhodes College,TN,32820,1,5,0,0,1,2,1,1,4,1,0,0,17,2,1,0,0,0,0,13.41924,269.8741064531906,31,66401,12.7,4.1,40.34177792483032,46.3369013446365,7.4920040181113094,2.2803824955809717,0.6180657830142366,0.09523809523809523,0.07265586647029947,0.0859106529209622,1,355,4,0.4216162088566813,0.04637734720248026,1.46014379927242e-13
221397,Roane State Community College,TN,28940,1,5,1,1,2,0,0,0,1,0,0,0,6,0,1,2,1,2,2,9.32241,266.28196377306494,32.7,72422,7.9,2.2,83.83679756629455,5.2682729036804865,5.4583525075597406,1.5657968272152802,0.8477272727272728,0.03308080808080808,0.04696969696969697,0.008838383838383838,0,288,4,0.0027602510758403713,7.63072566611094e-12,0.03447819916983989
221485,Southwest Tennessee Community College,TN,32820,1,5,1,1,2,2,0,0,1,0,0,0,17,0,2,3,1,2,2,13.41924,269.8741064531906,31,66401,12.7,4.1,40.34177792483032,46.3369013446365,7.4920040181113094,2.2803824955809717,0.21494651633420064,0.6370338248048569,0.08557386527898236,0.01879155825383059,3,355,4,0.4216162088566813,0.04637734720248026,1.46014379927242e-13
221519,The University of the South,TN,49010,2,5,0,0,1,0,1,1,4,1,0,0,1,2,1,0,0,0,0,0.4399,79.89858495590563,23.9,63494,8.2,1.6,87.37440327347124,4.889747669924983,3.8145032962036827,0.9320300068197318,0.8115942028985508,0.03826086956521739,0.06376811594202898,0.00927536231884058,0,610,4,0.1021119702019373,0.07318021941022874,8.285670507778858e-6
221643,Pellissippi State Community College,TN,28940,1,5,1,1,2,1,0,0,1,0,0,0,6,0,1,2,0,1,2,9.32241,266.28196377306494,32.7,72422,7.9,2.2,83.83679756629455,5.2682729036804865,5.4583525075597406,1.5657968272152802,0.747069549361813,0.07111226882000521,0.09468611617608752,0.022271424850221412,0,288,4,0.0027602510758403713,7.63072566611094e-12,0.03447819916983989
221661,Southern Adventist University,TN,16860,1,5,0,0,1,1,1,1,2,1,0,1,6,2,2,1,1,0,1,5.75812,275.1503278697644,31.9,72161,9.2,2.8,75.54844289455586,11.745847603037102,6.431960431529736,1.6489757073489264,0.38364618153767033,0.06454101311391103,0.26793520185137565,0.1370532270506557,2,105,4,0.029521398382212922,0.0034558343400174466,5.235071100976708e-4
221740,The University of Tennessee-Chattanooga,TN,16860,1,5,1,0,3,2,2,0,2,1,1,0,6,1,2,1,0,1,1,5.75812,275.1503278697644,31.9,72161,9.2,2.8,75.54844289455586,11.745847603037102,6.431960431529736,1.6489757073489264,0.6868053576517527,0.09128906621069631,0.06222095563788354,0.02821316614420063,0,105,4,0.029521398382212922,0.0034558343400174466,5.235071100976708e-4
221759,The University of Tennessee-Knoxville,TN,28940,1,5,1,0,4,2,3,0,1,1,3,0,6,2,1,1,0,0,0,9.32241,266.28196377306494,32.7,72422,7.9,2.2,83.83679756629455,5.2682729036804865,5.4583525075597406,1.5657968272152802,0.7890658489135094,0.039535727239753356,0.060672008441322915,0.03663402248821183,0,288,4,0.0027602510758403713,7.63072566611094e-12,0.03447819916983989
221768,The University of Tennessee-Martin,TN,32280,2,5,1,0,2,0,2,0,2,1,0,0,1,1,2,2,0,1,2,0.33016,56.88949732446968,22.7,51880,12.8,2.2,84.71650109038042,7.865883208141507,3.050036346014054,1.350860188999273,0.7657245222929936,0.13853503184713375,0.04578025477707006,0.007961783439490446,0,346,4,0.030086764347895575,0.11832886253216453,0.13234817394971704
221838,Tennessee State University,TN,34980,1,5,1,0,2,2,3,0,2,1,2,1,24,2,3,1,1,1,1,20.79596,329.99521405275505,40.9,85447,7.1,2.5,68.40155491739742,13.807537617883472,10.082342916604956,2.909363164768542,0.04767375071797817,0.8469270534175761,0.026708788052843192,0.008184951177484204,3,390,5,0.007880942498670053,1.4074581735675267e-10,9.74494300407958e-25
221847,Tennessee Technological University,TN,18260,2,5,1,0,3,0,2,0,1,1,2,0,2,1,2,1,0,0,1,1.45812,95.9237817437794,23,55380,11.9,2.5,88.39876004718404,1.7947768359257128,5.960414780676487,0.772913066139961,0.7945619335347432,0.04677184737607698,0.052142777218305916,0.024392973033456417,0,125,4,0.05132213855249315,0.1976429694892142,0.17388052656009065
221908,Northeast State Community College,TN,28700,1,5,1,1,2,0,0,0,1,0,0,0,4,0,2,2,1,2,2,3.10842,154.6100090216097,23.9,57792,10.8,2.8,92.26841932557377,1.9974778183128408,2.3140373565991723,0.614781786245102,0.8545317505181835,0.027510834746561144,0.048991897493876016,0.007725645374034295,0,281,4,0.001371156917268877,1.296357642801126e-12,0.09877706777383809
221971,Union University,TN,27180,1,5,0,0,1,2,3,1,2,1,0,0,4,2,1,1,1,1,1,1.81719,106.19492121237474,23.7,61177,13.1,3.5,63.67798634154932,25.58895877701286,4.997826314254426,0.6900764366962178,0.6659167604049494,0.1670416197975253,0.021934758155230598,0.019122609673790775,1,256,4,0.023029474937415865,0.003876204132936798,0.043863633695053666
221999,Vanderbilt University,TN,34980,1,5,0,0,3,2,3,0,1,1,3,0,24,3,1,0,1,0,0,20.79596,329.99521405275505,40.9,85447,7.1,2.5,68.40155491739742,13.807537617883472,10.082342916604956,2.909363164768542,0.3879630904834045,0.10590827709681862,0.11857870816691916,0.18537391543864482,2,390,5,0.007880942498670053,1.4074581735675267e-10,9.74494300407958e-25
222053,Volunteer State Community College,TN,34980,1,5,1,1,2,1,0,0,1,0,0,0,24,0,2,3,1,2,2,20.79596,329.99521405275505,40.9,85447,7.1,2.5,68.40155491739742,13.807537617883472,10.082342916604956,2.909363164768542,0.6862473018809744,0.10083256244218317,0.12010484119642306,0.010792476102374344,0,390,5,0.007880942498670053,1.4074581735675267e-10,9.74494300407958e-25
222062,Walters State Community College,TN,34100,1,5,1,1,2,2,0,0,1,0,0,0,2,0,2,2,1,1,2,1.22533,280.8178045325802,20.4,60553,11.1,2.9,82.82258656851623,2.244293374029853,10.261725412745955,0.7842785208882505,0.8243091440125815,0.02808357672433161,0.09076611997303977,0.013480116827679174,0,375,4,0.021558159134273284,5.08860469042043e-7,0.04313824386686809
222178,Abilene Christian University,TX,10180,1,6,0,0,2,2,3,1,2,1,2,0,3,2,1,1,0,0,0,1.80408,65.75799178944983,26.6,67328,10.4,1.7,61.94791805241453,7.4181854463216705,24.41964879606226,1.8574564320872688,0.6191950464396285,0.07337461300309597,0.18142414860681114,0.019504643962848296,1,3,4,0.25526963964228605,0.035738656525512974,9.116715071863493e-4
222576,Amarillo College,TX,11100,1,6,1,1,2,2,0,0,2,0,0,1,2,0,2,2,1,2,2,2.71917,52.7893291129313,27.1,69611,10.2,2,56.522394701324295,6.1423154859755,30.483934435875653,2.9483261436394197,0.3572099822491386,0.0699592774355226,0.4886707737287251,0.02808812780620236,2,18,2,0.05353185569381209,0.5846697177270738,0.05151331090861076
222822,Angelina College,TX,31260,2,6,1,1,1,0,0,0,2,1,0,1,1,0,2,3,1,1,3,0.87275,109.38560993929545,17.9,60960,11.5,3.7,58.172443425952444,12.135204812374678,23.521054139215124,0.9452878831280435,0.4477843198016734,0.15990083669042454,0.31019522776572667,0.005268050821196158,2,327,2,0.07087411836046041,0.48035293987052635,0.06612683303422988
222831,Angelo State University,TX,41660,1,6,1,0,3,2,3,0,1,1,0,1,1,1,1,1,0,0,2,1.20986,47.00559293289643,25.5,68419,7.6,2.2,51.591919726249316,3.5111500504190567,40.43277734613922,1.3208139784768484,0.43287808127914723,0.06295802798134577,0.4123917388407728,0.013324450366422385,2,495,4,0.05421433109765434,0.19096881307677677,0.16587806074181646
222983,Austin College,TX,43300,1,6,0,0,1,2,1,1,4,1,0,1,2,2,2,0,0,0,0,1.43337,153.6578567684596,23.9,72182,8.2,1.9,71.0807397950285,5.148007841659864,16.34818644174219,1.5125194471769325,0.5039439088518843,0.07186678352322524,0.2506573181419807,0.10692375109553023,1,519,4,0.10221845650385807,0.07334681173857444,2.147694799687674e-4
222992,Austin Community College District,TX,12420,1,6,1,0,4,2,0,0,1,0,0,1,14,0,1,3,1,2,3,24.26592,575.0516622807437,50.9,100431,6.2,3.1,48.70361395735253,6.922754216613258,32.192597684324355,7.318865305745671,0.37184055492208284,0.09264538198403649,0.3976387305207146,0.07630178639300646,2,40,1,0.7147478333644227,0.12201303217635362,1.7018879748049194e-25
223232,Baylor University,TX,47380,1,6,0,0,4,2,3,1,2,1,3,0,4,2,1,1,0,0,0,3.02045,108.44812291794608,27.5,66205,10.2,2.7,55.11662169544274,13.014285950768926,26.373884686056716,1.612673608237183,0.6015276893698281,0.05283259070655633,0.16760025461489497,0.08637810311903246,1,583,2,0.16354125630588096,0.6679522684904496,0.0013399428477108711
223506,Brazosport College,TX,26420,1,6,1,0,1,1,0,0,1,0,0,1,43,0,1,3,1,2,3,74.42788,842.0721523815805,36,82168,11,4.1,32.83264282148034,16.951497207766767,38.23376401423768,8.248817513007223,0.37031521469347234,0.08687019111442046,0.4430379746835443,0.008438818565400843,2,241,2,8.708243611259525e-4,0.9985091592959233,5.641515759210517e-97
223816,Central Texas College,TX,28660,1,6,1,1,2,1,0,0,1,1,0,1,4,0,2,3,1,3,2,4.9436,175.39130852226086,25.6,69923,10.4,3.7,45.69787199611619,19.211505785257707,25.06857350918359,2.679828465086172,0.29913173373167773,0.2709364205022874,0.29735785640929885,0.043786761273457195,2,280,2,0.1319555052118745,0.7315608246621399,2.752866026755306e-4
224147,Texas A & M University-Corpus Christi,TX,18580,1,6,1,0,3,2,3,0,1,1,2,1,3,1,2,1,1,1,1,4.48012,251.03256668338298,23.2,67453,13,3,32.75202449934377,3.0865244680946047,59.565368784764694,2.0267314268367813,0.3343155031731641,0.03921124206708976,0.5366047144152312,0.027765185856754308,2,130,4,0.0503007173162524,0.19788274286746854,0.17578969546427822
224323,University of Dallas,TX,19100,1,6,0,0,1,2,2,1,1,1,0,1,45,2,1,0,0,0,0,79.8559,920.424558113531,39.4,90275,7.7,3.2,41.94113396755906,16.034419498120993,29.691632052234084,8.207095530824898,0.5589248793935218,0.030323914541695383,0.27980702963473464,0.07512060647829083,1,138,2,0.04587748349180929,0.9466184467505251,6.072934501974282e-58
224527,East Texas Baptist University,TX,30980,1,6,0,0,1,0,1,1,2,1,0,0,4,2,2,1,1,0,1,2.91044,108.57349404004526,21.1,66647,11.3,2.7,60.589807726666756,15.924052720550844,17.273333241709157,0.8311458061324061,0.6248266296809986,0.17267683772538142,0.13384188626907073,0.011789181692094313,1,321,4,0.18070039479856817,0.12104326578105191,3.891959808188162e-4
224545,Texas A&M University-Texarkana,TX,45500,1,6,1,0,1,2,1,0,4,1,0,0,2,2,3,3,1,2,1,1.46296,71.70549300057934,20.6,55646,13.5,2.9,63.167824137365336,24.386859517690162,6.948925466178159,1.1244326570787992,0.4904306220095694,0.18277511961722487,0.18373205741626794,0.013875598086124402,2,553,4,0.004829641429834176,7.221602512935474e-4,0.24763280729478157
224554,East Texas A&M University,TX,19100,1,6,1,0,3,0,3,0,1,1,2,1,45,1,2,3,1,2,2,79.8559,920.424558113531,39.4,90275,7.7,3.2,41.94113396755906,16.034419498120993,29.691632052234084,8.207095530824898,0.4016365103146249,0.2112481272329146,0.2571165149245131,0.023164688256309785,2,138,2,0.04587748349180929,0.9466184467505251,6.072934501974282e-58
224615,Dallas College,TX,19100,1,6,1,0,4,2,0,0,1,0,0,1,45,0,1,3,1,2,3,79.8559,920.424558113531,39.4,90275,7.7,3.2,41.94113396755906,16.034419498120993,29.691632052234084,8.207095530824898,0.16235153647960787,0.21482435744359957,0.45192609815873813,0.06951863256456985,3,138,2,0.04587748349180929,0.9466184467505251,6.072934501974282e-58
224642,El Paso Community College,TX,21340,1,6,1,1,4,2,0,0,1,0,0,1,7,0,2,2,1,1,3,8.74182,156.55003397456204,25.9,59751,16.2,3.6,11.080987711940992,3.0405567719307878,82.64045702153557,1.145756833245251,0.0471653765395343,0.017831959635212637,0.8118712588924755,0.006737910934219186,3,169,2,0.06762718091087437,0.7509758916609506,7.105905635214922e-5
224891,Frank Phillips College,TX,14420,2,6,1,1,1,0,0,0,1,1,0,0,1,0,1,3,0,1,2,0.20184,22.74447285037131,16.8,67228,9.1,2.1,67.64764169639318,2.1502179944510504,24.831549742370193,0.6292112564407452,0.386969397828233,0.022704837117472853,0.4531095755182626,0.0029615004935834156,2,68,4,0.018369096690056295,0.04863916926639703,0.19302302396740512
224961,Galveston College,TX,26420,1,6,1,0,1,2,0,0,2,1,0,1,43,0,2,2,1,2,3,74.42788,842.0721523815805,36,82168,11,4.1,32.83264282148034,16.951497207766767,38.23376401423768,8.248817513007223,0.3117704280155642,0.17558365758754862,0.4280155642023346,0.019455252918287938,2,241,2,8.708243611259525e-4,0.9985091592959233,5.641515759210517e-97
225247,Hardin-Simmons University,TX,10180,1,6,0,0,1,2,3,1,2,1,0,1,3,1,2,1,0,0,0,1.80408,65.75799178944983,26.6,67328,10.4,1.7,61.94791805241453,7.4181854463216705,24.41964879606226,1.8574564320872688,0.5428784489187174,0.10514541387024609,0.2632363907531693,0.011931394481730051,1,3,4,0.25526963964228605,0.035738656525512974,9.116715071863493e-4
225399,Houston Christian University,TX,26420,1,6,0,0,1,2,3,1,2,1,0,1,43,1,3,2,1,1,1,74.42788,842.0721523815805,36,82168,11,4.1,32.83264282148034,16.951497207766767,38.23376401423768,8.248817513007223,0.1759175007582651,0.23354564755838642,0.3624507127691841,0.059447983014861996,3,241,2,8.708243611259525e-4,0.9985091592959233,5.641515759210517e-97
225414,University of Houston-Clear Lake,TX,26420,1,6,1,0,2,2,3,0,1,1,0,1,43,1,2,2,0,3,2,74.42788,842.0721523815805,36,82168,11,4.1,32.83264282148034,16.951497207766767,38.23376401423768,8.248817513007223,0.2981828193832599,0.0710352422907489,0.4971090308370044,0.07323788546255507,2,241,2,8.708243611259525e-4,0.9985091592959233,5.641515759210517e-97
225432,University of Houston-Downtown,TX,26420,1,6,1,0,3,2,2,0,1,0,0,1,43,1,3,3,1,3,2,74.42788,842.0721523815805,36,82168,11,4.1,32.83264282148034,16.951497207766767,38.23376401423768,8.248817513007223,0.11118343965629475,0.1805103502148158,0.569782580393178,0.08423382372086968,3,241,2,8.708243611259525e-4,0.9985091592959233,5.641515759210517e-97
225511,University of Houston,TX,26420,1,6,1,0,4,2,3,0,1,1,3,1,43,2,2,2,1,1,1,74.42788,842.0721523815805,36,82168,11,4.1,32.83264282148034,16.951497207766767,38.23376401423768,8.248817513007223,0.17391942467160784,0.11528582960299405,0.3773391061862479,0.23314008952814266,3,241,2,8.708243611259525e-4,0.9985091592959233,5.641515759210517e-97
225548,Howard Payne University,TX,15220,2,6,0,0,0,0,1,1,2,1,0,1,1,2,2,1,0,1,1,0.38347,40.602367568924926,20.2,57470,13,3,69.91420450100398,3.546561660625342,22.471118992359244,0.594570631340131,0.5106918238993711,0.10817610062893082,0.2729559748427673,0.00880503144654088,1,80,4,0.11141966710488843,0.08897795651906103,0.020221019250275734
225575,Huston-Tillotson University,TX,12420,1,6,0,0,1,2,1,1,1,1,0,1,14,3,3,1,1,2,1,24.26592,575.0516622807437,50.9,100431,6.2,3.1,48.70361395735253,6.922754216613258,32.192597684324355,7.318865305745671,0.02868217054263566,0.703875968992248,0.1992248062015504,0.003875968992248062,3,40,1,0.7147478333644227,0.12201303217635362,1.7018879748049194e-25
225627,University of the Incarnate Word,TX,41700,1,6,0,0,2,2,3,1,2,1,0,1,25,1,2,2,1,1,1,26.62733,364.09785875209354,32.3,76213,10,3.5,32.386311357541295,6.528668101533275,54.69902539984295,2.7480787596803733,0.15922330097087378,0.07728155339805826,0.6514563106796116,0.024854368932038837,3,496,4,0.048602943140843013,0.0433538666742268,4.3887347400387916e-38
226116,Lamar State College-Port Arthur,TX,13140,1,6,1,1,1,2,0,0,2,0,0,1,5,0,1,1,0,1,3,3.96827,188.86567552912942,19.5,64659,13.9,3.5,51.718759056213415,23.364337608076063,18.4947092813745,2.7344409528585505,0.2866762866762867,0.3189033189033189,0.33381433381433384,0.03463203463203463,2,51,2,0.031688129523850785,0.44199802468973126,0.13147679110650481
226134,Laredo College,TX,29700,1,6,1,0,3,2,0,0,1,0,0,1,2,0,2,2,0,1,2,2.69294,80.1113090105132,21.4,63058,18.6,3.5,3.5767599723722032,0.43706877984656173,95.00025993895149,0.49722608004634344,0.02156586966713549,0.001875293014533521,0.9563994374120957,0.0028129395218002813,3,303,2,0.06847910838946956,0.7484030450119047,5.359300576364734e-4
226152,Texas A & M International University,TX,29700,1,6,1,0,2,2,2,0,1,1,1,1,2,2,3,1,0,1,1,2.69294,80.1113090105132,21.4,63058,18.6,3.5,3.5767599723722032,0.43706877984656173,95.00025993895149,0.49722608004634344,0.02032011134307585,0.006402226861517049,0.9210855949895616,0.003340292275574113,3,303,2,0.06847910838946956,0.7484030450119047,5.359300576364734e-4
226277,Lincoln College of Technology-Grand Prairie,TX,19100,1,6,2,1,1,1,0,0,3,0,0,0,45,0,3,0,1,3,0,79.8559,920.424558113531,39.4,90275,7.7,3.2,41.94113396755906,16.034419498120993,29.691632052234084,8.207095530824898,0.19831618334892423,0.24555659494855003,0.4892422825070159,0.01403180542563143,3,138,2,0.04587748349180929,0.9466184467505251,6.072934501974282e-58
226383,Lubbock Christian University,TX,31180,1,6,0,0,1,2,2,1,2,1,0,0,4,2,2,1,0,1,1,3.58708,68.13637089871678,31.6,63629,11.3,3.3,50.55225977675435,6.363114287944511,37.788396132787675,2.134605305708264,0.5803030303030303,0.05227272727272727,0.27424242424242423,0.006818181818181818,1,326,2,0.32267868053597054,0.43699158262951837,5.111598442464506e-4
226408,College of the Mainland,TX,26420,1,6,1,0,2,2,0,0,1,0,0,1,43,0,1,2,0,2,3,74.42788,842.0721523815805,36,82168,11,4.1,32.83264282148034,16.951497207766767,38.23376401423768,8.248817513007223,0.3554178243214362,0.17973926052575337,0.38576618935670015,0.021158367172472752,2,241,2,8.708243611259525e-4,0.9985091592959233,5.641515759210517e-97
226471,University of Mary Hardin-Baylor,TX,28660,1,6,0,0,1,1,2,1,2,1,0,1,4,1,2,1,1,1,0,4.9436,175.39130852226086,25.6,69923,10.4,3.7,45.69787199611619,19.211505785257707,25.06857350918359,2.679828465086172,0.5080179602309173,0.13662604233483003,0.27196921103271327,0.014753046824887749,1,280,2,0.1319555052118745,0.7315608246621399,2.752866026755306e-4
226587,McMurry University,TX,10180,1,6,0,0,1,2,1,1,2,1,0,1,3,2,1,3,0,0,3,1.80408,65.75799178944983,26.6,67328,10.4,1.7,61.94791805241453,7.4181854463216705,24.41964879606226,1.8574564320872688,0.43636363636363634,0.13884297520661157,0.343801652892562,0.014049586776859505,2,3,4,0.25526963964228605,0.035738656525512974,9.116715071863493e-4
226806,Midland College,TX,33260,1,6,1,0,2,2,0,0,1,1,0,1,1,0,1,2,0,2,3,1.80019,99.16690276136013,30.7,92952,8.7,2.4,42.368861064665396,6.303779045545192,46.01125436759453,2.324199112315922,0.2579496915045088,0.06430944470811581,0.5930232558139535,0.01400094921689606,3,361,2,0.09819017768741092,0.7049666330953567,1.0755820731821223e-4
226833,Midwestern State University,TX,48660,1,6,1,0,2,2,2,0,2,1,0,1,1,1,2,2,0,2,1,1.49358,57.01467326289559,24.9,65379,10.7,2,65.62152680137656,9.01793007405027,19.035471819386977,2.060820310930784,0.43004291845493564,0.15536480686695278,0.2515021459227468,0.03690987124463519,2,605,4,0.029639941435883537,0.11816880616373547,0.1326984023793604
227146,Navarro College,TX,18620,2,6,1,0,2,0,0,0,1,1,0,0,1,0,2,2,1,1,3,0.54711,54.18529130257713,18.2,63111,12.9,2.7,50.512693973789546,9.107857652026102,32.11054449745024,0.8444371333004331,0.495198644323103,0.21295424590472603,0.2248164187535304,0.008472980606288835,2,131,4,0.02441342111757547,0.09833928053850717,0.17841475689555697
227182,Lone Star College System,TX,26420,1,6,1,0,4,2,0,0,1,0,0,1,43,0,1,3,1,1,3,74.42788,842.0721523815805,36,82168,11,4.1,32.83264282148034,16.951497207766767,38.23376401423768,8.248817513007223,0.24789735489323966,0.1579443266686065,0.4260852697066689,0.07117817405883249,3,241,2,8.708243611259525e-4,0.9985091592959233,5.641515759210517e-97
227216,University of North Texas,TX,19100,1,6,1,0,4,2,3,0,1,1,3,1,45,2,2,1,0,1,1,79.8559,920.424558113531,39.4,90275,7.7,3.2,41.94113396755906,16.034419498120993,29.691632052234084,8.207095530824898,0.3523397349202056,0.16356505274546929,0.29583446037327565,0.08033540708682715,2,138,2,0.04587748349180929,0.9466184467505251,6.072934501974282e-58
227331,Our Lady of the Lake University,TX,41700,1,6,0,0,1,2,3,1,2,1,0,1,25,0,3,2,1,1,1,26.62733,364.09785875209354,32.3,76213,10,3.5,32.386311357541295,6.528668101533275,54.69902539984295,2.7480787596803733,0.07622203811101906,0.0695940347970174,0.7133388566694283,0.004142502071251036,3,496,4,0.048602943140843013,0.0433538666742268,4.3887347400387916e-38
227368,The University of Texas Rio Grande Valley,TX,32580,1,6,1,0,4,2,3,0,1,1,2,1,5,1,3,2,1,1,1,8.91977,567.6934034274111,20.6,54338,23.3,4.5,5.986701450822163,0.5716515111936743,91.92882776125393,1.0109005052820867,0.01883885875669951,0.005359607176096794,0.939471741711865,0.009146635001123272,3,351,4,0.08850901690179613,0.31612940688945845,1.070211240423842e-17
227377,Texas Southmost College,TX,15180,1,6,1,1,2,2,0,0,1,0,0,1,3,0,1,2,1,0,3,4.2612,477.86247013017856,22.1,52601,21.3,3.4,8.678071904627805,0.5104196001126443,89.29972777621327,0.777715197596921,0.02512678653757492,9.220839096357768e-4,0.934071000461042,0.0025357307514983865,3,79,2,0.0981544228609096,0.7046716186669745,1.9404599820343807e-4
227401,Paris Junior College,TX,37580,2,6,1,1,1,0,0,0,2,1,0,0,1,0,1,2,1,1,3,0.6228,31.918375058859553,20.4,59020,15.1,2.2,71.57514450867052,12.809890815671162,9.216441875401413,0.817276814386641,0.6027520866230544,0.10128581096323032,0.214301827205053,0.013986013986013986,1,427,4,0.012601125399297478,0.001212555146577185,0.20696331092562326
227526,Prairie View A & M University,TX,26420,1,6,1,0,2,0,2,0,1,1,2,1,43,1,3,1,1,0,0,74.42788,842.0721523815805,36,82168,11,4.1,32.83264282148034,16.951497207766767,38.23376401423768,8.248817513007223,0.012133676092544987,0.8534704370179949,0.07311053984575835,0.008020565552699229,3,241,2,8.708243611259525e-4,0.9985091592959233,5.641515759210517e-97
227757,Rice University,TX,26420,1,6,0,0,2,2,3,0,1,1,3,0,43,3,1,0,1,0,0,74.42788,842.0721523815805,36,82168,11,4.1,32.83264282148034,16.951497207766767,38.23376401423768,8.248817513007223,0.26707163803938,0.08567239212400503,0.16422287390029325,0.28822790113112695,2,241,2,8.708243611259525e-4,0.9985091592959233,5.641515759210517e-97
227845,Saint Edward's University,TX,12420,1,6,0,0,1,2,2,1,1,1,1,1,14,1,2,1,1,0,0,24.26592,575.0516622807437,50.9,100431,6.2,3.1,48.70361395735253,6.922754216613258,32.192597684324355,7.318865305745671,0.2832044975404076,0.03162333099086437,0.55024595924104,0.02354181307097681,2,40,1,0.7147478333644227,0.12201303217635362,1.7018879748049194e-25
227863,University of St Thomas,TX,26420,1,6,0,0,1,2,3,1,2,1,0,1,43,1,2,2,1,2,1,74.42788,842.0721523815805,36,82168,11,4.1,32.83264282148034,16.951497207766767,38.23376401423768,8.248817513007223,0.17410433689503457,0.12507856693903205,0.5257699560025142,0.09868007542426147,3,241,2,8.708243611259525e-4,0.9985091592959233,5.641515759210517e-97
227881,Sam Houston State University,TX,26660,2,6,1,0,4,0,2,0,2,1,2,1,1,1,2,2,1,1,1,0.80209,102.27818628523889,21.6,52324,10.8,4.2,52.98283235048436,19.611265568701768,21.808026530688576,1.0372900796668703,0.4613593805354522,0.1740472695986639,0.27850599726706815,0.021559795536211346,2,247,4,0.050268963592177175,0.19778116918802682,0.17574276621870277
227979,San Jacinto Community College,TX,26420,1,6,1,0,4,2,0,0,1,0,0,1,43,0,2,3,0,2,3,74.42788,842.0721523815805,36,82168,11,4.1,32.83264282148034,16.951497207766767,38.23376401423768,8.248817513007223,0.17789203084832905,0.09590402742073693,0.618337617823479,0.048911739502999145,3,241,2,8.708243611259525e-4,0.9985091592959233,5.641515759210517e-97
228042,Schreiner University,TX,28500,2,6,0,0,1,0,1,1,2,1,0,1,1,1,2,1,0,0,0,0.53489,48.4794735937694,31.3,69395,7.2,1.8,67.13342930322122,1.493765073192619,26.803641870291088,1.1348127652414515,0.4823321554770318,0.05918727915194346,0.3948763250883392,0.011484098939929329,2,278,4,0.11201749637079,0.08867037239459626,0.01921656279618957
228158,South Plains College,TX,31180,1,6,1,1,2,0,0,0,1,1,0,1,4,0,2,3,1,2,2,3.58708,68.13637089871678,31.6,63629,11.3,3.3,50.55225977675435,6.363114287944511,37.788396132787675,2.134605305708264,0.3729307530892982,0.07635812543716484,0.5081604103520634,0.023082303567265098,2,326,2,0.32267868053597054,0.43699158262951837,5.111598442464506e-4
228246,Southern Methodist University,TX,19100,1,6,0,0,3,1,3,1,1,1,3,0,45,2,1,0,1,0,0,79.8559,920.424558113531,39.4,90275,7.7,3.2,41.94113396755906,16.034419498120993,29.691632052234084,8.207095530824898,0.5808616293115018,0.05435512011810495,0.16534693329754396,0.0810629445711985,1,138,2,0.04587748349180929,0.9466184467505251,6.072934501974282e-58
228343,Southwestern University,TX,12420,1,6,0,0,1,2,1,1,4,1,0,1,14,2,1,0,0,0,0,24.26592,575.0516622807437,50.9,100431,6.2,3.1,48.70361395735253,6.922754216613258,32.192597684324355,7.318865305745671,0.5376344086021505,0.05779569892473118,0.2849462365591398,0.04032258064516129,1,40,1,0.7147478333644227,0.12201303217635362,1.7018879748049194e-25
228431,Stephen F Austin State University,TX,34860,2,6,1,0,3,0,2,0,1,1,1,0,1,1,2,2,0,1,1,0.65162,68.85805007911196,28.2,53555,16.5,4.3,57.09155642859335,16.457444522881435,21.639912832632515,0.8501887603204321,0.5607651523027342,0.12485705374779082,0.2308971826593201,0.012163426551616592,1,388,4,0.05009223041586631,0.19707011185882875,0.17535018290989615
228459,Texas State University,TX,12420,1,6,1,0,4,2,2,0,1,1,2,1,14,1,2,1,1,1,1,24.26592,575.0516622807437,50.9,100431,6.2,3.1,48.70361395735253,6.922754216613258,32.192597684324355,7.318865305745671,0.39077865548927937,0.0942554677844054,0.4197700037616207,0.027218012789510453,2,40,1,0.7147478333644227,0.12201303217635362,1.7018879748049194e-25
228468,Southwestern Adventist University,TX,19100,1,6,0,0,0,0,1,1,2,1,0,1,45,1,2,2,0,1,1,79.8559,920.424558113531,39.4,90275,7.7,3.2,41.94113396755906,16.034419498120993,29.691632052234084,8.207095530824898,0.20605187319884727,0.12103746397694524,0.5201729106628242,0.056195965417867436,3,138,2,0.04587748349180929,0.9466184467505251,6.072934501974282e-58
228529,Tarleton State University,TX,44500,2,6,1,0,3,0,2,0,2,1,2,0,1,1,2,3,1,1,1,0.43794,40.43100515984398,32.1,65115,10.1,3.6,72.16056994108781,1.7582317212403527,22.27930766771704,0.9521852308535415,0.6275447366514526,0.06621748895167717,0.23842642903716582,0.011446786930377454,1,539,4,0.049405096138069725,0.19447013430360896,0.1739589787029814
228547,Tarrant County College District,TX,19100,1,6,1,1,4,2,0,0,1,0,0,1,45,0,1,2,1,2,3,79.8559,920.424558113531,39.4,90275,7.7,3.2,41.94113396755906,16.034419498120993,29.691632052234084,8.207095530824898,0.2827986569035964,0.19003600469274648,0.35735668918645574,0.06834823415186699,2,138,2,0.04587748349180929,0.9466184467505251,6.072934501974282e-58
228699,Texarkana College,TX,45500,1,6,1,1,1,2,0,0,2,0,0,0,2,0,1,2,1,1,3,1.46296,71.70549300057934,20.6,55646,13.5,2.9,63.167824137365336,24.386859517690162,6.948925466178159,1.1244326570787992,0.5125628140703518,0.32206486980356325,0.09136592051164916,0.006852444038373686,1,553,4,0.004829641429834176,7.221602512935474e-4,0.24763280729478157
228705,Texas A&M University-Kingsville,TX,28780,2,6,1,0,2,0,3,0,1,1,2,1,1,1,3,1,1,1,1,0.30579,34.69736361857291,23.2,61292,19.3,4.6,20.805127702017725,3.6299421171392137,71.37251054645346,1.275385068184048,0.1523809523809524,0.04325396825396825,0.7640873015873015,0.005555555555555556,3,283,4,0.05031280192452168,0.19785384154765145,0.17575499380852008
228723,Texas A&M University-College Station,TX,17780,1,6,1,0,4,2,3,0,1,1,3,1,1,2,1,1,1,0,1,2.78335,132.51680198791934,39.7,60087,11.7,3,53.71764240932689,10.578978568990605,26.76343255429608,5.156376309123897,0.5417709179528838,0.02363931762794476,0.2552883834281072,0.12367181153533713,1,117,4,0.12351895052727248,0.1878396730336979,0.042012552733420215
228769,The University of Texas at Arlington,TX,19100,1,6,1,0,4,2,3,0,2,1,3,1,45,1,2,2,1,2,2,79.8559,920.424558113531,39.4,90275,7.7,3.2,41.94113396755906,16.034419498120993,29.691632052234084,8.207095530824898,0.23931946052171105,0.15540958893046544,0.38490322233289365,0.13581177484049856,3,138,2,0.04587748349180929,0.9466184467505251,6.072934501974282e-58
228778,The University of Texas at Austin,TX,12420,1,6,1,0,4,2,3,0,1,1,3,1,14,3,1,1,0,0,0,24.26592,575.0516622807437,50.9,100431,6.2,3.1,48.70361395735253,6.922754216613258,32.192597684324355,7.318865305745671,0.3164720553225258,0.04686543475796395,0.28277973018932095,0.24999433170842308,2,40,1,0.7147478333644227,0.12201303217635362,1.7018879748049194e-25
228787,The University of Texas at Dallas,TX,19100,1,6,1,0,4,2,3,0,1,1,3,0,45,2,2,1,1,0,1,79.8559,920.424558113531,39.4,90275,7.7,3.2,41.94113396755906,16.034419498120993,29.691632052234084,8.207095530824898,0.2266260162601626,0.058898904206433365,0.1828384588193708,0.41520855425945563,3,138,2,0.04587748349180929,0.9466184467505251,6.072934501974282e-58
228796,The University of Texas at El Paso,TX,21340,1,6,1,0,4,2,3,0,1,1,3,1,7,1,3,1,1,1,1,8.74182,156.55003397456204,25.9,59751,16.2,3.6,11.080987711940992,3.0405567719307878,82.64045702153557,1.145756833245251,0.04199419002050581,0.021616541353383457,0.8756408065618592,0.007219753930280246,3,169,2,0.06762718091087437,0.7509758916609506,7.105905635214922e-5
228802,The University of Texas at Tyler,TX,46340,1,6,1,0,3,2,3,0,2,1,2,0,3,1,2,2,1,1,1,2.4174,262.33733473770616,28.6,74192,7.7,2.7,57.4654587573426,16.257135765698685,20.927856374617356,1.7407131629022916,0.49387061536594246,0.11724723874256585,0.26932880203908244,0.04138851802403204,2,568,4,0.05025633098218578,0.19772757218083908,0.17571242905643583
228875,Texas Christian University,TX,19100,1,6,0,0,3,2,3,1,2,1,2,0,45,2,1,0,1,0,0,79.8559,920.424558113531,39.4,90275,7.7,3.2,41.94113396755906,16.034419498120993,29.691632052234084,8.207095530824898,0.6362095119121978,0.043008833764611405,0.18345676809137146,0.0244490050861069,1,138,2,0.04587748349180929,0.9466184467505251,6.072934501974282e-58
228981,Texas Lutheran University,TX,41700,1,6,0,0,1,0,1,1,2,1,0,1,25,1,2,1,0,1,0,26.62733,364.09785875209354,32.3,76213,10,3.5,32.386311357541295,6.528668101533275,54.69902539984295,2.7480787596803733,0.3869565217391304,0.1289855072463768,0.4043478260869565,0.02391304347826087,2,496,4,0.048602943140843013,0.0433538666742268,4.3887347400387916e-38
229018,The University of Texas Permian Basin,TX,36220,1,6,1,0,2,2,2,0,1,1,1,1,2,1,2,3,1,2,2,1.64654,183.38006105541078,17.6,71536,14,3.9,28.67528271405493,4.191213089265975,63.48464051890631,1.0652641296294048,0.2660436137071651,0.07871235721703011,0.5322949117341641,0.01723779854620976,2,404,4,0.03216479599967974,0.1286879431888009,0.13860284579625376
229027,The University of Texas at San Antonio,TX,41700,1,6,1,0,4,2,3,0,1,1,3,1,25,1,2,2,0,1,1,26.62733,364.09785875209354,32.3,76213,10,3.5,32.386311357541295,6.528668101533275,54.69902539984295,2.7480787596803733,0.190887072358462,0.08095670602482592,0.6096881622767182,0.05652437178322737,3,496,4,0.048602943140843013,0.0433538666742268,4.3887347400387916e-38
229115,Texas Tech University,TX,31180,1,6,1,0,4,2,3,0,1,1,3,1,4,2,1,1,1,0,1,3.58708,68.13637089871678,31.6,63629,11.3,3.3,50.55225977675435,6.363114287944511,37.788396132787675,2.134605305708264,0.5287025901264263,0.061981168050218534,0.29796720542078553,0.03235458038778563,1,326,2,0.32267868053597054,0.43699158262951837,5.111598442464506e-4
229179,Texas Woman's University,TX,19100,1,6,1,0,3,2,3,0,2,1,2,1,45,1,2,2,1,2,2,79.8559,920.424558113531,39.4,90275,7.7,3.2,41.94113396755906,16.034419498120993,29.691632052234084,8.207095530824898,0.2718372048377808,0.19015166058744482,0.3778076406220004,0.09282011902476484,2,138,2,0.04587748349180929,0.9466184467505251,6.072934501974282e-58
229267,Trinity University,TX,41700,1,6,0,0,1,2,1,1,1,1,1,0,25,3,1,0,0,0,0,26.62733,364.09785875209354,32.3,76213,10,3.5,32.386311357541295,6.528668101533275,54.69902539984295,2.7480787596803733,0.5233608166470357,0.043188064389477816,0.2469572045543777,0.07773851590106007,1,496,4,0.048602943140843013,0.0433538666742268,4.3887347400387916e-38
229504,Vernon College,TX,46900,2,6,1,1,1,0,0,0,1,1,0,1,1,0,2,3,0,2,3,0.12616,12.99351603676719,17.2,54102,16.1,5.5,54.494292961318955,5.79422954977806,30.24730500951173,3.0833861762840837,0.5214552238805971,0.10167910447761194,0.28777985074626866,0.0037313432835820895,1,575,4,0.05215107174903607,0.326411370609558,0.11137707160314707
229540,Victoria College,TX,47020,1,6,1,1,1,2,0,0,2,0,0,1,2,0,2,3,1,2,3,0.98554,56.83301226794533,20,70236,11.2,2.7,43.6927978570124,5.44574547963553,46.98236499786918,1.1313594577591979,0.3068535825545171,0.06386292834890965,0.5713395638629284,0.020872274143302182,2,576,2,0.0847990861259461,0.5948537917856763,0.032472103622857136
229780,Wayland Baptist University,TX,38380,2,6,0,0,1,0,2,1,2,1,0,1,1,2,2,3,1,3,2,0.37347,18.703214033757824,15.3,52707,16,3.2,32.165903553163574,4.155621602806116,60.829517765817876,0.4203818245106702,0.27168073676132004,0.16308518802762856,0.2904834996162701,0.02686108979278588,2,440,4,0.028668519655050958,0.11527272165194664,0.1312621608489874
229799,Weatherford College,TX,19100,1,6,1,0,2,0,0,0,1,1,0,0,45,0,1,2,1,2,3,79.8559,920.424558113531,39.4,90275,7.7,3.2,41.94113396755906,16.034419498120993,29.691632052234084,8.207095530824898,0.6047120418848168,0.03795811518324607,0.23055347793567688,0.014397905759162303,1,138,2,0.04587748349180929,0.9466184467505251,6.072934501974282e-58
229814,West Texas A & M University,TX,11100,1,6,1,0,2,0,2,0,2,1,1,1,2,1,2,2,1,2,1,2.71917,52.7893291129313,27.1,69611,10.2,2,56.522394701324295,6.1423154859755,30.483934435875653,2.9483261436394197,0.5088091137899059,0.04146244535700093,0.34733077228772025,0.01828056696251159,1,18,2,0.05353185569381209,0.5846697177270738,0.05151331090861076
229832,Western Texas College,TX,43660,2,6,1,1,1,0,0,0,1,1,0,1,1,0,1,3,0,1,2,0.16488,18.20984062152229,13,60039,9.5,1.3,48.98107714701601,3.2569141193595343,43.33454633672974,0.8309073265405142,0.3152542372881356,0.07909604519774012,0.4711864406779661,0.005649717514124294,2,526,2,0.08661269975260388,0.6097702048269787,0.02808862398320612
229841,Wharton County Junior College,TX,20900,2,6,1,1,2,0,0,0,2,1,0,1,1,0,1,2,0,1,2,0.41794,38.47925824234254,20.7,66924,10.7,3,43.2980810642676,10.917835095946787,42.01560032540556,0.5000717806383692,0.2539056335805586,0.13807795486823418,0.43711535426858134,0.15228025879753826,3,161,2,0.09755891999787972,0.6997631433136694,0.0016341173786375907
229887,Wiley University,TX,30980,1,6,0,0,0,0,1,1,2,1,0,1,4,0,3,0,1,1,0,2.91044,108.57349404004526,21.1,66647,11.3,2.7,60.589807726666756,15.924052720550844,17.273333241709157,0.8311458061324061,0.0642570281124498,0.8326639892904953,0.03346720214190094,0.002677376171352075,3,321,4,0.18070039479856817,0.12104326578105191,3.891959808188162e-4
230038,Brigham Young University,UT,39340,1,7,0,0,4,2,3,1,1,1,3,0,4,2,2,1,0,0,1,7.17986,133.05221810082486,43.9,100704,5.5,2.7,77.83536169228927,0.6959745733203712,14.360168582674316,1.5216174131529026,0.8038838684868295,0.0039278160793254045,0.08078116845661548,0.01697475760156014,0,454,4,0.12831574350497033,0.1871815476260829,0.033248237610249455
230047,Brigham Young University-Hawaii,HI,46520,1,8,0,0,1,0,1,1,2,1,0,0,13,2,1,1,0,2,0,10.01146,1666.3946715231784,38.5,106195,6.1,2.8,17.161033455659812,2.194784776645964,9.42320101164066,41.610714121616624,0.20071047957371227,0.003256364712847839,0.06364712847838958,0.08555358200118414,3,570,2,0.005919433789484656,0.9921689335755728,1.2594340872652337e-8
230171,Utah Tech University,UT,41100,1,7,1,0,3,2,1,0,4,1,0,0,1,0,1,2,1,1,2,1.96431,80.91609441917502,35.2,80632,6.4,2.1,81.27332243892256,0.3904678996696041,12.111122989752127,1.1362768605769964,0.7412190082644629,0.017355371900826446,0.1387396694214876,0.012293388429752066,0,487,4,0.029109479418667542,0.11486446493386397,0.13075494601217116
230603,Southern Utah University,UT,16260,2,7,1,0,3,0,2,0,1,1,0,0,1,1,1,2,0,2,2,0.62252,18.886180909004832,31.6,66247,9,2.5,83.04472145473237,0.6987727301934075,10.496048319732699,1.2320889288697552,0.7286332491886044,0.020825820411107105,0.0858276235124414,0.01433465560764515,0,94,4,0.038488926696642146,0.15244927649873116,0.15131413724322593
230728,Utah State University,UT,30860,1,7,1,0,4,2,3,0,1,1,3,0,1,1,1,2,1,1,2,1.55102,84.86158011446234,40.2,81126,6.7,1.8,82.09178476099599,0.6918028136323193,11.31320034557904,1.5441451431960902,0.8165073239189545,0.007587053767213402,0.0671870888518551,0.007762476975703886,0,320,4,0.050296348492826666,0.19788561103248,0.17579888480773476
230746,Salt Lake Community College,UT,41620,1,7,1,1,4,1,0,0,1,0,0,0,11,0,1,2,1,2,3,12.7587,163.71744628378536,38.4,98083,5,2.7,67.3110113099297,1.6243817943834404,20.28521714594747,3.986064410950959,0.5860585930846534,0.031170158405723045,0.25025549310168627,0.03708908192812128,1,494,4,0.06255444097086192,0.157832187158722,0.06770160654464283
230764,University of Utah,UT,41620,1,7,1,0,4,2,3,0,1,1,3,0,11,1,1,1,1,1,1,12.7587,163.71744628378536,38.4,98083,5,2.7,67.3110113099297,1.6243817943834404,20.28521714594747,3.986064410950959,0.6267635741769987,0.013467293715262932,0.14129970072680634,0.06551945275758872,1,494,4,0.06255444097086192,0.157832187158722,0.06770160654464283
230782,Weber State University,UT,36260,1,7,1,0,4,2,2,0,1,1,0,0,2,0,1,2,1,1,2,6.53374,422.9030909261838,34.7,101203,5.4,2,77.66516573968354,1.0979928800350183,14.63817048122515,1.7011696210746066,0.7128260423084822,0.021821729307866092,0.13919696036147053,0.020281371944957896,0,405,4,0.029704422802908775,0.10878999224954411,0.15510087086408678
230807,Westminster University,UT,41620,1,7,0,0,1,2,2,0,1,1,0,0,11,2,1,1,1,1,0,12.7587,163.71744628378536,38.4,98083,5,2.7,67.3110113099297,1.6243817943834404,20.28521714594747,3.986064410950959,0.6752577319587629,0.020618556701030927,0.13505154639175257,0.031958762886597936,0,494,4,0.06255444097086192,0.157832187158722,0.06770160654464283
230816,Bennington College,VT,13540,2,1,0,0,0,0,1,0,4,1,0,0,1,2,1,1,0,0,0,0.37269,55.27579694662073,41.8,73325,7.3,2.6,90.75102632214441,1.145724328530414,2.8093053207759797,0.8505728621642653,0.6271820448877805,0.03366583541147132,0.10473815461346633,0.016209476309226933,1,55,4,0.102240928641304,0.07338192788201284,2.5834946955925276e-4
230852,Champlain College,VT,15540,1,1,0,0,1,2,2,0,2,1,0,0,3,1,1,3,1,3,1,2.27846,182.3380942105622,50.2,93043,4.9,2.2,87.04519719459634,1.768299640985578,2.648279978582025,3.421170439682944,0.6567530695770805,0.08212824010914052,0.10886766712141882,0.04120054570259209,1,84,4,0.0827487858059368,0.05384499616361171,4.5588131054846606e-4
230861,Community College of Vermont,VT,12740,2,1,1,1,2,0,0,0,2,0,0,0,2,0,1,3,1,3,3,0.60017,87.35336840263983,48.1,83449,5.7,1.8,91.05086892047252,0.8181015378975957,2.77254777812953,0.8131029541629871,0.8190876882196634,0.03808680248007086,0.04140832595217006,0.02192205491585474,0,45,4,0.012454501492671842,6.792168409817426e-6,0.20731768297608197
231059,Saint Michael's College,VT,15540,1,1,0,0,1,1,1,1,4,1,0,0,3,1,1,1,0,0,0,2.27846,182.3380942105622,50.2,93043,4.9,2.2,87.04519719459634,1.768299640985578,2.648279978582025,3.421170439682944,0.8166939443535188,0.03518821603927987,0.058919803600654665,0.014729950900163666,0,84,4,0.0827487858059368,0.05384499616361171,4.5588131054846606e-4
231165,Vermont State University,VT,30150,2,1,1,0,2,0,1,0,2,1,0,0,4,1,2,2,1,2,2,2.23586,57.2911579905426,41.3,83269,6.1,2,90.18811553496194,0.7469161754313777,2.439777088010877,1.8391133613016915,0.7833797821129972,0.04408411451735495,0.04864454015708133,0.014694704839118318,0,310,4,0.060642478589192306,0.13797886318444405,0.04790621119653561
231174,University of Vermont,VT,15540,1,1,1,0,3,2,3,0,1,1,3,0,3,2,1,1,0,0,0,2.27846,182.3380942105622,50.2,93043,4.9,2.2,87.04519719459634,1.768299640985578,2.648279978582025,3.421170439682944,0.8337466931216931,0.00818452380952381,0.053736772486772486,0.026868386243386243,0,84,4,0.0827487858059368,0.05384499616361171,4.5588131054846606e-4
231411,Advanced Technology Institute,VA,47260,1,5,2,1,0,2,0,0,3,0,0,0,21,2,2,0,1,3,0,17.87235,558.1840408485176,35.8,82330,8,2.9,52.56007184281866,29.05040467537845,8.031792125825648,4.00020142846352,0.3896499238964992,0.365296803652968,0.1248097412480974,0.0197869101978691,2,580,4,0.36490109138300697,0.16785306722091398,1.4708278514671972e-38
231420,Averett University,VA,19260,2,5,0,0,1,0,2,1,2,1,0,0,3,2,2,2,0,2,0,1.0207,100.8790841444594,17.5,49874,13,2.7,58.97521308905653,32.76280983638679,4.119721759576761,0.6740472224943667,0.4893009985734665,0.2838801711840228,0.05206847360912981,0.014265335235378032,2,141,4,0.011155788979692188,8.862783817220006e-4,0.17185174100817188
231536,Blue Ridge Community College,VA,44420,1,5,1,1,1,0,0,0,1,0,0,0,2,0,2,3,1,2,3,1.26822,126.57343721624306,27.7,73544,6,2.1,83.05656747252054,6.692056583242654,5.1907397770102985,0.8728769456403462,0.6477896561687374,0.06414331118173938,0.152845998266397,0.02484830973707021,1,538,4,0.005427402166943225,0.006782064919310758,0.2443295156191845
231581,Bridgewater College,VA,25500,1,5,0,0,1,1,1,1,4,1,0,0,3,1,2,1,1,0,0,1.36992,157.98294167128972,31.6,75065,8.1,2.7,75.54090749824807,4.042571829011913,14.661440084092503,2.013986218173324,0.6631944444444444,0.11458333333333333,0.07777777777777778,0.0125,1,227,4,0.15090876154416472,0.03633092642341217,0.0023414491374687133
231624,William & Mary,VA,47260,1,5,1,0,2,1,3,0,1,1,3,0,21,3,1,0,0,0,0,17.87235,558.1840408485176,35.8,82330,8,2.9,52.56007184281866,29.05040467537845,8.031792125825648,4.00020142846352,0.6114929887269728,0.0577398955182843,0.08812207863623865,0.1165795985702502,1,580,4,0.36490109138300697,0.16785306722091398,1.4708278514671972e-38
231697,Central Virginia Community College,VA,31340,1,5,1,1,1,2,0,0,1,0,0,0,6,0,2,3,1,2,3,2.63798,124.40509737631035,31.1,68996,8,2.5,73.8356621354218,16.061911007664957,3.6289130319411065,1.3919741620482338,0.5838994565217391,0.24048913043478262,0.05502717391304348,0.014266304347826086,1,329,4,0.012104607282729425,0.0013567453641724818,3.902692479223196e-5
231712,Christopher Newport University,VA,47260,1,5,1,0,1,2,1,0,4,1,1,0,21,1,1,0,0,0,0,17.87235,558.1840408485176,35.8,82330,8,2.9,52.56007184281866,29.05040467537845,8.031792125825648,4.00020142846352,0.718141592920354,0.08694690265486725,0.08230088495575222,0.04247787610619469,0,580,4,0.36490109138300697,0.16785306722091398,1.4708278514671972e-38
231785,Bryant & Stratton College-Virginia Beach,VA,47260,1,5,0,0,1,2,0,0,6,0,0,0,21,0,3,0,1,3,2,17.87235,558.1840408485176,35.8,82330,8,2.9,52.56007184281866,29.05040467537845,8.031792125825648,4.00020142846352,0.22081447963800904,0.6063348416289592,0.06153846153846154,0.018552036199095023,3,580,4,0.36490109138300697,0.16785306722091398,1.4708278514671972e-38
231882,Danville Community College,VA,19260,2,5,1,1,1,0,0,0,1,0,0,0,3,0,2,2,1,1,2,1.0207,100.8790841444594,17.5,49874,13,2.7,58.97521308905653,32.76280983638679,4.119721759576761,0.6740472224943667,0.499725425590335,0.37781438769906645,0.06534870950027458,0.0060406370126304225,1,141,4,0.011155788979692188,8.862783817220006e-4,0.17185174100817188
232025,Emory & Henry University,VA,28700,1,5,0,0,1,0,3,1,1,1,0,0,4,1,2,1,0,0,0,3.10842,154.6100090216097,23.9,57792,10.8,2.8,92.26841932557377,1.9974778183128408,2.3140373565991723,0.614781786245102,0.6566780821917808,0.11815068493150685,0.0351027397260274,0.009417808219178082,1,281,4,0.001371156917268877,1.296357642801126e-12,0.09877706777383809
232043,Eastern Mennonite University,VA,25500,1,5,0,0,1,2,2,1,2,1,0,0,3,0,2,1,1,0,0,1.36992,157.98294167128972,31.6,75065,8.1,2.7,75.54090749824807,4.042571829011913,14.661440084092503,2.013986218173324,0.5462962962962963,0.125,0.11574074074074074,0.02546296296296296,1,227,4,0.15090876154416472,0.03633092642341217,0.0023414491374687133
232089,Ferrum College,VA,40220,1,5,0,0,0,0,1,1,2,1,0,0,6,1,3,1,1,0,0,3.14986,168.66073337986992,31.3,68761,7.8,2.1,75.44652778218715,12.802473760738572,5.397065266392792,2.4715384175804638,0.47975460122699387,0.2147239263803681,0.06625766871165645,0.006134969325153374,2,471,4,0.027397813891960485,9.185806196773069e-4,5.812817106778976e-4
232186,George Mason University,VA,47900,1,5,1,0,4,1,3,0,1,1,3,0,42,1,2,2,1,1,1,63.18377,1047.1802189984844,54.4,126684,5.6,3.3,41.06570405659555,24.18943978809748,18.036973735502013,10.792739971040032,0.3272607910717216,0.12371573937305104,0.17679304119481373,0.23292302642376497,2,590,1,0.9472972929019546,0.0526294215034272,2.414900657154856e-26
232195,Germanna Community College,VA,29470,2,5,1,1,2,0,0,0,1,0,0,0,1,0,1,3,1,2,3,0.37822,111.07293690296238,29.6,94008,7.6,2,74.85061604357253,10.07879012215113,7.006504151023214,0.9994183279572735,0.4740110706088835,0.19873093020116106,0.1744295936276495,0.041852301876603215,2,299,2,0.06357010239221883,0.4203041262193937,0.08377900651848078
232308,Hollins University,VA,40220,1,5,0,0,0,1,2,0,1,1,0,0,6,2,2,0,0,0,0,3.14986,168.66073337986992,31.3,68761,7.8,2.1,75.44652778218715,12.802473760738572,5.397065266392792,2.4715384175804638,0.6045883940620783,0.15114709851551958,0.09581646423751687,0.020242914979757085,1,471,4,0.027397813891960485,9.185806196773069e-4,5.812817106778976e-4
232414,J Sargeant Reynolds Community College,VA,40060,1,5,1,1,2,1,0,0,1,0,0,0,15,0,2,2,1,2,3,13.41248,307.31935884772787,41.1,86679,6.8,3,54.65476928949754,27.628969437419475,8.42454191916782,4.168505749868779,0.40035514274006284,0.32796066111186994,0.09657150662477804,0.06501844010381096,2,466,4,0.15204583972600974,0.012632993868883861,3.9055993612991516e-7
232450,Brightpoint Community College,VA,40060,1,5,1,1,2,1,0,0,2,0,0,0,15,0,1,3,1,2,3,13.41248,307.31935884772787,41.1,86679,6.8,3,54.65476928949754,27.628969437419475,8.42454191916782,4.168505749868779,0.462312925170068,0.26040816326530614,0.14108843537414967,0.0364625850340136,2,466,4,0.15204583972600974,0.012632993868883861,3.9055993612991516e-7
232557,Liberty University,VA,31340,1,5,0,0,4,2,3,1,1,1,0,0,6,1,2,3,0,3,2,2.63798,124.40509737631035,31.1,68996,8,2.5,73.8356621354218,16.061911007664957,3.6289130319411065,1.3919741620482338,0.5500184842883549,0.10936783733826248,0.08439186691312385,0.01608872458410351,1,329,4,0.012104607282729425,0.0013567453641724818,3.902692479223196e-5
232575,Laurel Ridge Community College,VA,49020,1,5,1,1,2,0,0,0,1,0,0,0,2,0,1,2,1,1,3,1.46386,137.74524731140593,29.4,84298,6.4,3.3,76.89874714795131,4.473788477040154,12.364570382413618,1.6845873239244191,0.6355298093169202,0.06999758629012792,0.16727009413468502,0.022688872797489743,1,611,4,0.024718446986077523,0.00782303432965886,0.04246244230790577
232609,University of Lynchburg,VA,31340,1,5,0,0,1,2,3,1,1,1,0,0,6,2,1,1,1,0,0,2.63798,124.40509737631035,31.1,68996,8,2.5,73.8356621354218,16.061911007664957,3.6289130319411065,1.3919741620482338,0.54627539503386,0.08747178329571106,0.06884875846501129,0.01636568848758465,1,329,4,0.012104607282729425,0.0013567453641724818,3.902692479223196e-5
232672,Mary Baldwin University,VA,44420,1,5,0,0,1,2,3,1,2,1,0,0,2,0,3,3,0,2,1,1.26822,126.57343721624306,27.7,73544,6,2.1,83.05656747252054,6.692056583242654,5.1907397770102985,0.8728769456403462,0.4876099120703437,0.2509992006394884,0.08473221422861711,0.015187849720223821,2,538,4,0.005427402166943225,0.006782064919310758,0.2443295156191845
232681,University of Mary Washington,VA,47900,1,5,1,0,1,1,1,0,4,1,0,0,42,1,1,1,1,1,1,63.18377,1047.1802189984844,54.4,126684,5.6,3.3,41.06570405659555,24.18943978809748,18.036973735502013,10.792739971040032,0.5937417130734554,0.08538849111641475,0.13444709626093873,0.046406788650225406,1,590,1,0.9472972929019546,0.0526294215034272,2.414900657154856e-26
232706,Marymount University,VA,47900,1,5,0,0,1,2,3,1,2,1,1,0,42,1,1,1,1,1,2,63.18377,1047.1802189984844,54.4,126684,5.6,3.3,41.06570405659555,24.18943978809748,18.036973735502013,10.792739971040032,0.29405737704918034,0.14907786885245902,0.24538934426229508,0.06967213114754098,2,590,1,0.9472972929019546,0.0526294215034272,2.414900657154856e-26
232867,New River Community College,VA,13980,1,5,1,1,1,0,0,0,1,0,0,0,3,0,1,2,0,1,3,1.81664,124.89689727171364,35.9,65839,8.2,2,84.58637924960367,4.231438259644178,3.766293817156949,3.8637264400211384,0.7966171617161716,0.05198019801980198,0.052805280528052806,0.013613861386138614,0,61,4,0.0052629800567265215,3.0462467274727554e-7,0.25336410294863543
232946,Northern Virginia Community College,VA,47900,1,5,1,1,4,1,0,0,1,0,0,1,42,0,1,2,1,1,3,63.18377,1047.1802189984844,54.4,126684,5.6,3.3,41.06570405659555,24.18943978809748,18.036973735502013,10.792739971040032,0.2679188615832003,0.1585345505684933,0.2849855791004219,0.14835649417204969,2,590,1,0.9472972929019546,0.0526294215034272,2.414900657154856e-26
232982,Old Dominion University,VA,47260,1,5,1,0,4,2,3,0,1,1,3,0,21,1,2,3,1,2,1,17.87235,558.1840408485176,35.8,82330,8,2.9,52.56007184281866,29.05040467537845,8.031792125825648,4.00020142846352,0.41733789770438984,0.3162505034232783,0.10929319371727748,0.05195328231977447,2,580,4,0.36490109138300697,0.16785306722091398,1.4708278514671972e-38
233019,Patrick & Henry Community College,VA,32300,2,5,1,1,1,0,0,0,1,0,0,0,1,0,2,2,0,2,2,0.63638,161.8025448513244,16.8,49860,12.3,2,62.14054495741538,26.78588264873189,7.297526635029385,1.0355448002765644,0.5342696629213484,0.25224719101123594,0.12191011235955056,0.006741573033707865,1,347,4,0.012747492708950136,0.002416287465463346,0.20660954462477055
233116,Piedmont Virginia Community College,VA,16820,1,5,1,1,2,1,0,0,1,0,0,0,2,0,1,2,1,2,3,2.24335,136.41267111116292,53.5,93598,6.6,2.1,72.6734571065594,10.638999710254753,6.842445449885217,4.7718813381772796,0.5575711766187956,0.16679264298311916,0.11841773746535651,0.041320231796422274,1,104,4,0.037288735785351676,0.04486525517559391,0.07612579144092368
233277,Radford University,VA,13980,1,5,1,0,2,0,2,0,2,1,0,0,3,1,2,2,0,1,1,1.81664,124.89689727171364,35.9,65839,8.2,2,84.58637924960367,4.231438259644178,3.766293817156949,3.8637264400211384,0.6562091503267974,0.1437908496732026,0.08823529411764706,0.01764705882352941,1,61,4,0.0052629800567265215,3.0462467274727554e-7,0.25336410294863543
233295,Randolph-Macon College,VA,40060,1,5,0,0,1,1,1,1,4,1,0,0,15,1,1,0,0,0,0,13.41248,307.31935884772787,41.1,86679,6.8,3,54.65476928949754,27.628969437419475,8.42454191916782,4.168505749868779,0.7462195923734385,0.08678500986193294,0.05456936226166995,0.026298487836949377,0,466,4,0.15204583972600974,0.012632993868883861,3.9055993612991516e-7
233310,Rappahannock Community College,VA,47260,1,5,1,1,1,0,0,0,1,0,0,0,21,0,1,2,1,1,3,17.87235,558.1840408485176,35.8,82330,8,2.9,52.56007184281866,29.05040467537845,8.031792125825648,4.00020142846352,0.5882009345794392,0.24532710280373832,0.05899532710280374,0.011682242990654205,1,580,4,0.36490109138300697,0.16785306722091398,1.4708278514671972e-38
233338,Richard Bland College,VA,40060,1,5,1,1,1,0,0,0,1,1,0,0,15,1,1,1,0,0,3,13.41248,307.31935884772787,41.1,86679,6.8,3,54.65476928949754,27.628969437419475,8.42454191916782,4.168505749868779,0.38063806380638066,0.39163916391639164,0.061606160616061605,0.0088008800880088,2,466,4,0.15204583972600974,0.012632993868883861,3.9055993612991516e-7
233374,University of Richmond,VA,40060,1,5,0,0,1,2,3,0,1,1,1,0,15,3,1,1,1,0,0,13.41248,307.31935884772787,41.1,86679,6.8,3,54.65476928949754,27.628969437419475,8.42454191916782,4.168505749868779,0.6217152757724517,0.059774761767253826,0.09875830205024545,0.0626624314178458,1,466,4,0.15204583972600974,0.012632993868883861,3.9055993612991516e-7
233541,Shenandoah University,VA,49020,1,5,0,0,1,2,3,1,2,1,0,0,2,1,1,1,1,0,1,1.46386,137.74524731140593,29.4,84298,6.4,3.3,76.89874714795131,4.473788477040154,12.364570382413618,1.6845873239244191,0.5978358881875564,0.08836789900811542,0.11000901713255185,0.032010820559062216,1,611,4,0.024718446986077523,0.00782303432965886,0.04246244230790577
233648,Southwest Virginia Community College,VA,14140,2,5,1,1,1,0,0,0,1,0,0,0,4,0,2,3,1,2,2,0.98187,104.70454510208296,20.3,50550,13.3,1.5,90.26755069408374,3.641011539205801,1.3484473504639107,0.37785042826443416,0.9021490626428899,0.031092821216278006,0.019661636945587563,0.004572473708276178,0,65,4,0.006152328298624435,7.261404585638098e-7,0.23102993858242082
233718,Sweet Briar College,VA,31340,1,5,0,0,0,0,1,0,4,1,0,0,6,1,2,0,0,0,0,2.63798,124.40509737631035,31.1,68996,8,2.5,73.8356621354218,16.061911007664957,3.6289130319411065,1.3919741620482338,0.6794871794871795,0.09401709401709402,0.04700854700854701,0.027777777777777776,0,329,4,0.012104607282729425,0.0013567453641724818,3.902692479223196e-5
233754,Virginia Peninsula Community College,VA,47260,1,5,1,1,2,1,0,0,1,0,0,0,21,0,1,3,1,2,3,17.87235,558.1840408485176,35.8,82330,8,2.9,52.56007184281866,29.05040467537845,8.031792125825648,4.00020142846352,0.4184384164222874,0.311766862170088,0.12005131964809385,0.03354105571847507,2,580,4,0.36490109138300697,0.16785306722091398,1.4708278514671972e-38
233772,Tidewater Community College,VA,47260,1,5,1,1,3,2,0,0,1,0,0,0,21,0,2,3,1,2,3,17.87235,558.1840408485176,35.8,82330,8,2.9,52.56007184281866,29.05040467537845,8.031792125825648,4.00020142846352,0.399808417649524,0.3243129976650901,0.11704484224390828,0.046039633598754716,2,580,4,0.36490109138300697,0.16785306722091398,1.4708278514671972e-38
233903,Virginia Highlands Community College,VA,28700,1,5,1,1,1,1,0,0,2,0,0,0,4,0,2,2,1,2,3,3.10842,154.6100090216097,23.9,57792,10.8,2.8,92.26841932557377,1.9974778183128408,2.3140373565991723,0.614781786245102,0.8777777777777778,0.03333333333333333,0.04035087719298246,0.006432748538011696,0,281,4,0.001371156917268877,1.296357642801126e-12,0.09877706777383809
233949,Virginia Western Community College,VA,40220,1,5,1,1,2,2,0,0,2,0,0,0,6,0,2,2,1,2,3,3.14986,168.66073337986992,31.3,68761,7.8,2.1,75.44652778218715,12.802473760738572,5.397065266392792,2.4715384175804638,0.6513780337309749,0.14541341011929249,0.08124228712464007,0.03537638831756479,1,471,4,0.027397813891960485,9.185806196773069e-4,5.812817106778976e-4
234030,Virginia Commonwealth University,VA,40060,1,5,1,0,4,2,3,0,1,1,3,0,15,1,2,1,1,1,1,13.41248,307.31935884772787,41.1,86679,6.8,3,54.65476928949754,27.628969437419475,8.42454191916782,4.168505749868779,0.40722629720184733,0.21837363035407045,0.11387304174590238,0.13972652358960427,2,466,4,0.15204583972600974,0.012632993868883861,3.9055993612991516e-7
234076,University of Virginia-Main Campus,VA,16820,1,5,1,0,4,1,3,0,1,1,3,0,2,3,1,1,0,0,0,2.24335,136.41267111116292,53.5,93598,6.6,2.1,72.6734571065594,10.638999710254753,6.842445449885217,4.7718813381772796,0.4949035510740903,0.07491231915826392,0.07299430074528715,0.18714379658044716,2,104,4,0.037288735785351676,0.04486525517559391,0.07612579144092368
234155,Virginia State University,VA,40060,1,5,1,0,2,1,1,0,4,1,2,1,15,1,3,1,0,1,0,13.41248,307.31935884772787,41.1,86679,6.8,3,54.65476928949754,27.628969437419475,8.42454191916782,4.168505749868779,0.028593069494413936,0.9195228176481727,0.004923309979170612,0.0030297292179511455,3,466,4,0.15204583972600974,0.012632993868883861,3.9055993612991516e-7
234164,Virginia Union University,VA,40060,1,5,0,0,1,2,2,1,1,1,0,1,15,1,3,0,1,1,0,13.41248,307.31935884772787,41.1,86679,6.8,3,54.65476928949754,27.628969437419475,8.42454191916782,4.168505749868779,0.010375099760574621,0.9058260175578612,0.0223463687150838,0.004788507581803671,3,466,4,0.15204583972600974,0.012632993868883861,3.9055993612991516e-7
234669,Bellevue College,WA,42660,1,8,1,0,3,2,0,0,1,1,0,0,33,0,1,3,0,2,2,40.6192,691.9542895829012,47.2,115177,5.4,3.3,56.754170441564575,5.975179225587899,11.66524697679915,15.931382203489974,0.31278015738619386,0.055483613905767504,0.13118836537503736,0.20251021018029683,2,511,2,3.6324704063358944e-5,0.9999635565523644,1.6817273131752944e-17
234696,Bellingham Technical College,WA,13380,1,8,1,0,1,2,0,0,3,0,0,0,4,0,2,2,0,3,2,2.30503,109.34941204102297,39.3,81784,7.2,3,75.7044376862774,0.9188600582205004,10.612009388164145,4.353956347639727,0.5727143533870204,0.01468498342018001,0.1743249644718143,0.060634770251065846,1,53,3,0.0015308130593150993,2.568726340755021e-4,0.47986536295755644
234711,Big Bend Community College,WA,34180,2,8,1,0,1,0,0,0,1,1,0,1,1,0,2,3,1,2,1,1.01799,37.991121836629766,18.4,73267,12.3,4.1,49.20382322026739,1.2239805892002869,43.85603001994126,0.8153321741863869,0.3630573248407643,0.01679212507237985,0.5055008685581934,0.009843659525188187,2,377,2,0.08466708189936435,0.5937542891150193,0.03279199461460991
234827,Central Washington University,WA,21260,2,8,1,0,3,0,2,0,2,1,1,0,1,1,1,2,1,1,2,0.47172,20.53374762353205,37,73804,7,3.8,79.25040278131095,1.0535911133723395,10.544390740269652,1.7213601288900193,0.5546308151941954,0.05121638924455826,0.21681604780196329,0.0441741357234315,1,168,4,0.048247140947725,0.18997414304408736,0.17152049410405182
234845,Centralia College,WA,16500,2,8,1,0,1,0,0,0,1,1,0,0,1,0,1,3,1,3,2,0.85154,35.43976087914707,21.5,74796,8.4,3,79.89994598022406,0.6505859971346032,11.520304389693967,1.0886159193930995,0.5771561771561772,0.03822843822843823,0.18694638694638693,0.017715617715617717,1,97,4,0.016461285956080443,0.03295104265545108,0.19763398454221545
234915,City University of Seattle,WA,42660,1,8,0,0,1,2,3,0,5,1,0,0,33,0,1,3,1,3,3,40.6192,691.9542895829012,47.2,115177,5.4,3.3,56.754170441564575,5.975179225587899,11.66524697679915,15.931382203489974,0.2031615925058548,0.06908665105386416,0.5778688524590164,0.04918032786885246,3,511,2,3.6324704063358944e-5,0.9999635565523644,1.6817273131752944e-17
234933,Clark College,WA,38900,1,8,1,0,2,2,0,0,1,0,0,0,18,0,1,3,1,2,2,25.20987,376.9760639120412,42.5,97436,6,3.4,68.1825808701116,2.8459884957756625,13.903403706564136,7.056839245898532,0.5443724574355884,0.03555823414193159,0.18231128521922554,0.05258399879463613,1,448,4,0.005389763107241888,7.778442105138718e-4,3.6185041858688145e-9
234951,Clover Park Technical College,WA,42660,1,8,1,0,1,2,0,0,3,0,0,0,33,0,1,2,1,3,2,40.6192,691.9542895829012,47.2,115177,5.4,3.3,56.754170441564575,5.975179225587899,11.66524697679915,15.931382203489974,0.3629032258064516,0.14854318418314255,0.15374609781477627,0.0691987513007284,2,511,2,3.6324704063358944e-5,0.9999635565523644,1.6817273131752944e-17
234979,Columbia Basin College,WA,28420,1,8,1,0,2,1,0,0,1,1,0,1,2,0,1,3,1,2,2,3.11807,105.99467337650793,29.6,89010,8.6,3.4,55.883607487965314,1.6789231800440656,35.024871154271715,2.6356047170204646,0.3366045142296369,0.014066077854105331,0.5139025188092902,0.023061825318940136,2,276,2,0.11446000350361608,0.7448883596457426,1.595948731289355e-8
235097,Eastern Washington University,WA,44060,1,8,1,0,3,0,3,0,1,1,1,0,8,1,2,2,1,1,1,5.97123,140.78684704567385,32.2,77488,7.3,3.2,81.09116547177048,1.7932653741356472,6.847667900918236,2.1111228339889774,0.5825471698113207,0.046337402885682576,0.19464483906770255,0.022058823529411766,1,531,4,0.006824719942650475,3.3763589104643404e-4,2.1601667511526643e-5
235103,Edmonds College,WA,42660,1,8,1,0,2,1,0,0,1,1,0,0,33,0,1,3,1,3,2,40.6192,691.9542895829012,47.2,115177,5.4,3.3,56.754170441564575,5.975179225587899,11.66524697679915,15.931382203489974,0.3292132627035511,0.08985677849715519,0.14655679811653913,0.1383166568569747,2,511,2,3.6324704063358944e-5,0.9999635565523644,1.6817273131752944e-17
235149,Everett Community College,WA,42660,1,8,1,0,2,2,0,0,1,1,0,0,33,0,1,3,1,2,2,40.6192,691.9542895829012,47.2,115177,5.4,3.3,56.754170441564575,5.975179225587899,11.66524697679915,15.931382203489974,0.44526558891454965,0.04849884526558892,0.1849114703618168,0.0922247882986913,2,511,2,3.6324704063358944e-5,0.9999635565523644,1.6817273131752944e-17
235237,Pierce College District,WA,42660,1,8,1,0,2,2,0,0,1,1,0,0,33,0,1,3,1,2,2,40.6192,691.9542895829012,47.2,115177,5.4,3.3,56.754170441564575,5.975179225587899,11.66524697679915,15.931382203489974,0.362778730703259,0.11477987421383648,0.20154373927958832,0.07947398513436249,2,511,2,3.6324704063358944e-5,0.9999635565523644,1.6817273131752944e-17
235316,Gonzaga University,WA,44060,1,8,0,0,2,2,3,1,1,1,0,0,8,1,1,0,1,0,0,5.97123,140.78684704567385,32.2,77488,7.3,3.2,81.09116547177048,1.7932653741356472,6.847667900918236,2.1111228339889774,0.6303272450532724,0.011986301369863013,0.13375190258751904,0.06640030441400305,1,531,4,0.006824719942650475,3.3763589104643404e-4,2.1601667511526643e-5
235334,Grays Harbor College,WA,10140,2,8,1,0,1,0,0,0,1,0,0,0,1,0,1,3,1,3,2,0.77053,40.5229807766155,18.2,64414,9.5,3.5,76.04116646983246,1.4756076985970696,11.183211555682453,1.3250619703321092,0.5360419397116645,0.037352555701179554,0.19593709043250326,0.02162516382699869,1,2,4,0.016461285956080443,0.03295104265545108,0.19763398454221545
235343,Green River College,WA,42660,1,8,1,0,2,2,0,0,1,0,0,0,33,0,1,3,0,2,2,40.6192,691.9542895829012,47.2,115177,5.4,3.3,56.754170441564575,5.975179225587899,11.66524697679915,15.931382203489974,0.2605581256528876,0.10073123414415759,0.1493806894493359,0.128189822414565,3,511,2,3.6324704063358944e-5,0.9999635565523644,1.6817273131752944e-17
235431,Highline College,WA,42660,1,8,1,0,2,1,0,0,1,1,0,0,33,0,1,3,1,3,2,40.6192,691.9542895829012,47.2,115177,5.4,3.3,56.754170441564575,5.975179225587899,11.66524697679915,15.931382203489974,0.17229484386347133,0.19226579520697168,0.19753086419753085,0.16285403050108932,3,511,2,3.6324704063358944e-5,0.9999635565523644,1.6817273131752944e-17
235671,Bates Technical College,WA,42660,1,8,1,0,1,2,0,0,3,0,0,0,33,0,1,2,1,3,2,40.6192,691.9542895829012,47.2,115177,5.4,3.3,56.754170441564575,5.975179225587899,11.66524697679915,15.931382203489974,0.306662202879143,0.11248744559758955,0.15467023769668564,0.1526615333110144,2,511,2,3.6324704063358944e-5,0.9999635565523644,1.6817273131752944e-17
235699,Lake Washington Institute of Technology,WA,42660,1,8,1,0,1,1,0,0,2,0,0,0,33,0,1,2,1,3,2,40.6192,691.9542895829012,47.2,115177,5.4,3.3,56.754170441564575,5.975179225587899,11.66524697679915,15.931382203489974,0.37732767069585105,0.05945769356419471,0.17837308069258412,0.11630186213655667,2,511,2,3.6324704063358944e-5,0.9999635565523644,1.6817273131752944e-17
235750,Lower Columbia College,WA,31020,1,8,1,0,1,2,0,0,1,1,0,0,1,0,2,3,1,3,2,1.1236,98.4613232797511,17.6,76531,8,3.4,79.63243147027413,0.6425774296902813,10.479708081167676,1.1676753292986828,0.6509988249118684,0.028985507246376812,0.13513513513513514,0.027418723070896985,1,322,4,0.014565357706192264,0.01735533172433549,0.202216566036758
236072,North Seattle College,WA,42660,1,8,1,0,2,2,0,0,2,0,0,0,33,0,1,3,0,3,3,40.6192,691.9542895829012,47.2,115177,5.4,3.3,56.754170441564575,5.975179225587899,11.66524697679915,15.931382203489974,0.3223938223938224,0.12886100386100385,0.18725868725868725,0.11027992277992278,2,511,2,3.6324704063358944e-5,0.9999635565523644,1.6817273131752944e-17
236188,Olympic College,WA,14740,1,8,1,0,2,2,0,0,1,1,0,0,1,0,1,2,1,3,2,2.77881,703.2980850840698,37.9,104158,5.4,2.6,72.63324948449156,2.178990287209273,9.363000708936559,4.799536492239484,0.452046783625731,0.04269005847953217,0.12884990253411305,0.06413255360623782,2,76,2,0.06002089383759173,0.3911207005205424,0.09235691262131455
236230,Pacific Lutheran University,WA,42660,1,8,0,0,1,1,1,1,4,1,0,0,33,1,2,1,1,1,0,40.6192,691.9542895829012,47.2,115177,5.4,3.3,56.754170441564575,5.975179225587899,11.66524697679915,15.931382203489974,0.4562992125984252,0.05196850393700787,0.18425196850393702,0.11968503937007874,2,511,2,3.6324704063358944e-5,0.9999635565523644,1.6817273131752944e-17
236258,Peninsula College,WA,38820,2,8,1,0,1,0,0,0,1,0,0,0,1,0,2,3,1,3,2,0.77813,44.7516597544896,31.6,70370,6.2,2.4,80.20510711577758,0.8134887486666752,6.776502640946886,1.6963746417693701,0.5326991676575505,0.0356718192627824,0.1361474435196195,0.014268727705112961,1,446,4,0.014565357706192264,0.01735533172433549,0.202216566036758
236328,University of Puget Sound,WA,42660,1,8,0,0,1,2,1,0,4,1,0,0,33,2,1,0,0,0,0,40.6192,691.9542895829012,47.2,115177,5.4,3.3,56.754170441564575,5.975179225587899,11.66524697679915,15.931382203489974,0.6729745712596097,0.03134240094618569,0.10526315789473684,0.06505026611472502,1,511,2,3.6324704063358944e-5,0.9999635565523644,1.6817273131752944e-17
236382,Renton Technical College,WA,42660,1,8,1,0,1,2,0,0,3,0,0,0,33,0,1,3,1,3,2,40.6192,691.9542895829012,47.2,115177,5.4,3.3,56.754170441564575,5.975179225587899,11.66524697679915,15.931382203489974,0.21107128634010355,0.17801672640382318,0.20230983671843886,0.17323775388291518,3,511,2,3.6324704063358944e-5,0.9999635565523644,1.6817273131752944e-17
236452,Saint Martin's University,WA,36500,1,8,0,0,1,2,1,1,1,1,0,0,3,1,2,1,1,2,0,2.99067,413.9328885100447,38.5,96563,6.4,3,69.53057341665915,3.158155195992871,10.615681435932418,6.03744311475355,0.3723994452149792,0.09500693481276005,0.24410540915395285,0.10055478502080444,2,408,4,0.05897858899344202,0.09298417462254485,0.035487984269388456
236504,South Seattle College,WA,42660,1,8,1,0,2,2,0,0,1,0,0,0,33,0,1,2,0,3,3,40.6192,691.9542895829012,47.2,115177,5.4,3.3,56.754170441564575,5.975179225587899,11.66524697679915,15.931382203489974,0.242,0.1944,0.1696,0.158,3,511,2,3.6324704063358944e-5,0.9999635565523644,1.6817273131752944e-17
236513,Seattle Central College,WA,42660,1,8,1,0,2,2,0,0,2,0,0,0,33,0,1,3,0,3,2,40.6192,691.9542895829012,47.2,115177,5.4,3.3,56.754170441564575,5.975179225587899,11.66524697679915,15.931382203489974,0.2499577488592192,0.18083488254182864,0.13807672807165794,0.14940003380091263,3,511,2,3.6324704063358944e-5,0.9999635565523644,1.6817273131752944e-17
236577,Seattle Pacific University,WA,42660,1,8,0,0,1,2,3,1,1,1,0,0,33,1,2,1,0,0,0,40.6192,691.9542895829012,47.2,115177,5.4,3.3,56.754170441564575,5.975179225587899,11.66524697679915,15.931382203489974,0.36885245901639346,0.08469945355191257,0.1830601092896175,0.1621129326047359,2,511,2,3.6324704063358944e-5,0.9999635565523644,1.6817273131752944e-17
236595,Seattle University,WA,42660,1,8,0,0,2,2,3,1,1,1,1,0,33,1,1,1,0,0,0,40.6192,691.9542895829012,47.2,115177,5.4,3.3,56.754170441564575,5.975179225587899,11.66524697679915,15.931382203489974,0.30900134348410213,0.06538289296909987,0.15584415584415584,0.2682489923869234,2,511,2,3.6324704063358944e-5,0.9999635565523644,1.6817273131752944e-17
236610,Shoreline Community College,WA,42660,1,8,1,0,1,1,0,0,1,0,0,0,33,0,1,3,1,3,2,40.6192,691.9542895829012,47.2,115177,5.4,3.3,56.754170441564575,5.975179225587899,11.66524697679915,15.931382203489974,0.3287788215200683,0.09457728437233134,0.12254483347566182,0.1332194705380017,2,511,2,3.6324704063358944e-5,0.9999635565523644,1.6817273131752944e-17
236638,Skagit Valley College,WA,34580,1,8,1,0,1,2,0,0,1,1,0,1,1,0,1,3,1,3,2,1.31328,75.90200236716547,30.2,89263,7.4,2.8,70.88206627680313,0.7020589668615984,19.31575901559454,2.062012670565302,0.44641396236705755,0.025906735751295335,0.2855194982274339,0.04090537223888737,2,382,2,0.09690604506174505,0.6944072287634689,0.003211153082854709
236656,South Puget Sound Community College,WA,36500,1,8,1,0,1,2,0,0,1,0,0,0,3,0,1,3,1,2,2,2.99067,413.9328885100447,38.5,96563,6.4,3,69.53057341665915,3.158155195992871,10.615681435932418,6.03744311475355,0.47153883260974433,0.043174143753014954,0.1763145200192957,0.06608779546550893,2,408,4,0.05897858899344202,0.09298417462254485,0.035487984269388456
236692,Spokane Community College,WA,44060,1,8,1,0,2,2,0,0,2,0,0,0,8,0,2,3,0,3,2,5.97123,140.78684704567385,32.2,77488,7.3,3.2,81.09116547177048,1.7932653741356472,6.847667900918236,2.1111228339889774,0.6164249633371354,0.03796643311064038,0.1248166856770409,0.025256640052142742,1,531,4,0.006824719942650475,3.3763589104643404e-4,2.1601667511526643e-5
236708,Spokane Falls Community College,WA,44060,1,8,1,0,1,2,0,0,1,0,0,0,8,0,1,3,0,3,2,5.97123,140.78684704567385,32.2,77488,7.3,3.2,81.09116547177048,1.7932653741356472,6.847667900918236,2.1111228339889774,0.6215823856762642,0.037019114444713286,0.11492862327607065,0.023711589644326157,1,531,4,0.006824719942650475,3.3763589104643404e-4,2.1601667511526643e-5
236753,Tacoma Community College,WA,42660,1,8,1,0,2,2,0,0,1,0,0,0,33,0,1,2,0,3,2,40.6192,691.9542895829012,47.2,115177,5.4,3.3,56.754170441564575,5.975179225587899,11.66524697679915,15.931382203489974,0.3307532003572492,0.10791902351890444,0.18249479011610598,0.08425126525751712,2,511,2,3.6324704063358944e-5,0.9999635565523644,1.6817273131752944e-17
236887,Walla Walla Community College,WA,47460,1,8,1,0,1,2,0,0,2,0,0,1,3,0,2,2,0,3,2,0.62161,48.944397606095045,29.8,74202,9.3,3.6,67.70804845481894,1.5990733739804701,23.8348803912421,1.787294284197487,0.4816326530612245,0.07405247813411078,0.2868804664723032,0.017201166180758017,2,585,4,0.2364066395005286,0.142570047802575,9.34692877706605e-8
236896,Walla Walla University,WA,47460,1,8,0,0,1,1,1,1,2,1,0,0,3,0,1,1,0,0,0,0.62161,48.944397606095045,29.8,74202,9.3,3.6,67.70804845481894,1.5990733739804701,23.8348803912421,1.787294284197487,0.47832476120499634,0.03306392358559882,0.21969140337986776,0.050698016164584865,2,585,4,0.2364066395005286,0.142570047802575,9.34692877706605e-8
236939,Washington State University,WA,39420,2,8,1,0,4,0,3,0,1,1,3,0,1,1,1,2,0,1,1,0.47003,21.768084004011065,49.8,55406,9.7,4.3,73.53147671425229,1.3765078824755865,8.14203348722422,6.788928366274494,0.5850468861696312,0.030023968714519993,0.17572852277027878,0.0681216096884067,1,456,4,0.05029638726538463,0.19788561105457766,0.17579881924345767
236975,Wenatchee Valley College,WA,48300,1,8,1,0,1,2,0,0,1,1,0,1,1,0,1,2,1,2,2,1.24538,26.27150425780982,27.8,81938,5.6,2.3,62.464468676227334,0.40951356212561624,31.296471759623568,0.7997558977982624,0.35803497085761865,0.012073272273105746,0.48043297252289757,0.01498751040799334,2,600,2,0.09249128950706727,0.6581074816315098,0.013880917473210923
237011,Western Washington University,WA,13380,1,8,1,0,3,2,2,0,1,1,1,0,4,1,1,1,1,0,1,2.30503,109.34941204102297,39.3,81784,7.2,3,75.7044376862774,0.9188600582205004,10.612009388164145,4.353956347639727,0.691498805052919,0.0200751109593718,0.1103448275862069,0.05817685216797542,0,53,3,0.0015308130593150993,2.568726340755021e-4,0.47986536295755644
237039,Whatcom Community College,WA,13380,1,8,1,0,1,2,0,0,1,1,0,0,4,0,1,3,1,2,2,2.30503,109.34941204102297,39.3,81784,7.2,3,75.7044376862774,0.9188600582205004,10.612009388164145,4.353956347639727,0.5266903914590747,0.018090154211150653,0.1473902728351127,0.06138790035587188,1,53,3,0.0015308130593150993,2.568726340755021e-4,0.47986536295755644
237057,Whitman College,WA,47460,1,8,0,0,1,2,1,0,4,1,0,0,3,3,1,0,0,0,0,0.62161,48.944397606095045,29.8,74202,9.3,3.6,67.70804845481894,1.5990733739804701,23.8348803912421,1.787294284197487,0.5779758115849777,0.02928071292170592,0.11712285168682368,0.0547422024188415,1,585,4,0.2364066395005286,0.142570047802575,9.34692877706605e-8
237066,Whitworth University,WA,44060,1,8,0,0,1,1,1,1,4,1,0,0,8,1,1,0,0,0,0,5.97123,140.78684704567385,32.2,77488,7.3,3.2,81.09116547177048,1.7932653741356472,6.847667900918236,2.1111228339889774,0.6375,0.025,0.123,0.0375,1,531,4,0.006824719942650475,3.3763589104643404e-4,2.1601667511526643e-5
237109,Yakima Valley College,WA,49420,1,8,1,0,1,2,0,0,1,1,0,1,3,0,2,3,1,2,2,2.57152,59.879216607575124,19.2,70656,11.7,4.6,39.35726729716277,0.6330886012941762,52.36008275261324,1.1125715530114484,0.2536698429049704,0.007983517898532062,0.6270924542879217,0.010301313417460727,3,615,2,0.09809283601022616,0.7041655644702711,3.428603181289943e-4
237181,Bethany College,WV,48260,1,5,0,0,0,0,1,1,4,1,0,0,3,2,3,0,0,0,0,1.14754,197.87559722316254,20.8,58784,11.6,3.4,90.06832005856005,3.586803074402635,1.7855586733360056,0.5742719208045035,0.47772657450076805,0.18125960061443933,0.043010752688172046,0.006144393241167435,2,599,4,0.10216586900093685,0.07330918177385984,1.0719973024486042e-4
237312,University of Charleston,WV,16620,1,5,0,0,1,2,3,0,5,1,0,0,4,2,2,3,1,3,2,2.05398,117.63612144522072,27.2,60117,12.2,3.3,87.48283819706131,4.20354628574767,1.4362359906133457,1.0019571758244967,0.5069490403706155,0.07379219060225016,0.06485771012574454,0.010919920582395765,1,100,4,0.013870168853839548,0.07415619959374356,0.15903507995290297
237330,Concord University,WV,14140,2,5,1,0,1,0,2,0,1,1,0,0,4,1,3,2,0,1,1,0.98187,104.70454510208296,20.3,50550,13.3,1.5,90.26755069408374,3.641011539205801,1.3484473504639107,0.37785042826443416,0.8018076178179471,0.08005164622336991,0.006455777921239509,0.005810200129115558,0,65,4,0.006152328298624435,7.261404585638098e-7,0.23102993858242082
237358,Davis & Elkins College,WV,21180,2,5,0,0,0,0,1,1,2,1,0,0,1,1,2,1,0,0,0,0.27576,26.523033280467487,19.8,52757,11.8,3.8,89.9260226283725,1.4033942558746737,1.116913257905425,0.00725268349289237,0.5703125,0.0546875,0.041666666666666664,0.005208333333333333,1,166,4,0.11107549568723224,0.08720472831945818,0.017388948770381368
237367,Fairmont State University,WV,21900,2,5,1,0,1,0,1,0,2,1,0,0,2,1,2,2,1,1,1,0.55909,181.06128461736168,27.2,67370,10,2.8,91.0247008531721,2.546996011375628,1.643742510150423,0.5777245166252303,0.8636529347429821,0.05359095880422895,0.007291286912139993,0.004374772147283996,0,177,4,0.03799117922096072,0.11220285141506951,0.11876431118945838
237525,Marshall University,WV,26580,1,5,1,0,3,2,3,0,2,1,2,0,8,1,2,2,1,1,1,3.70729,127.15726006468658,23.5,60078,12.1,2.6,92.8187436105619,1.9264745946500004,1.3640691718209257,0.6845971046235929,0.7763260025873221,0.05847347994825356,0.027943078913324707,0.015523932729624839,0,245,3,0.001071541512628043,4.426972289212309e-12,0.5039696452397818
237686,West Virginia University at Parkersburg,WV,37620,1,5,1,0,1,0,0,0,2,0,0,0,1,0,2,2,1,2,2,0.8846,147.67680227769713,23.6,57391,10.5,3,93.7757178385711,1.0581053583540583,1.3915894189464164,0.4250508704499209,0.937204910292729,0.014164305949008499,0.01794145420207743,0.0028328611898017,0,428,4,0.01245396518447628,9.48316305142644e-7,0.20731907205110442
237701,Potomac State College of West Virginia University,WV,19060,2,5,1,0,1,0,0,0,1,1,0,0,3,0,2,2,0,1,1,0.94306,125.72783654178959,21.9,62091,11.3,2.8,87.70597841070557,5.248870697516595,1.7602273450257673,0.7814985260746931,0.8289112534309241,0.0484903934126258,0.03293687099725526,0.0054894784995425435,0,137,4,7.504361967698737e-4,2.65235372323956e-9,0.36596427846849333
237792,Shepherd University,WV,47900,1,5,1,0,1,0,1,0,1,1,0,0,42,1,1,1,0,2,1,63.18377,1047.1802189984844,54.4,126684,5.6,3.3,41.06570405659555,24.18943978809748,18.036973735502013,10.792739971040032,0.7152215799614644,0.08362235067437379,0.08439306358381503,0.015028901734104046,0,590,1,0.9472972929019546,0.0526294215034272,2.414900657154856e-26
237899,West Virginia State University,WV,16620,1,5,1,0,1,1,1,0,4,1,1,1,4,1,1,2,0,1,2,2.05398,117.63612144522072,27.2,60117,12.2,3.3,87.48283819706131,4.20354628574767,1.4362359906133457,1.0019571758244967,0.540268456375839,0.1261744966442953,0.03154362416107383,0.006040268456375839,1,100,4,0.013870168853839548,0.07415619959374356,0.15903507995290297
237950,West Virginia University Institute of Technology,WV,13220,1,5,1,0,1,2,1,0,1,1,0,0,4,3,1,2,0,0,1,1.12714,88.96663554688502,20.1,52620,15.9,2.5,88.50630800078075,5.7739056372766475,1.6386606810156679,0.5793424064446298,0.7710196779964222,0.03398926654740608,0.03220035778175313,0.012522361359570662,0,52,4,0.11091079666645874,0.08694207325190668,0.017077064787328115
238014,West Virginia Northern Community College,WV,48540,1,5,1,1,1,2,0,0,2,0,0,0,5,0,2,3,0,2,2,1.3692,145.13648042120747,23.7,57418,11.8,3,90.8997955010225,2.543821209465381,1.4103125912941863,0.49444931346771837,0.8716475095785441,0.04980842911877394,0.022030651340996167,0.007662835249042145,0,602,4,0.0017177888007565013,5.091811748711003e-9,0.32826886748190864
238032,West Virginia University,WV,34060,1,5,1,0,4,2,3,0,1,1,3,0,2,1,1,1,0,0,0,1.41323,140.0753322501598,40.1,64640,9.4,2.9,86.13813745816321,3.9215131294976757,2.8714363550165225,2.733454568612328,0.8174413033061811,0.03109194484374168,0.04482776979183304,0.016770483948251078,0,374,4,0.12884873092765667,0.1871084418950829,0.03227441475302709
238193,Alverno College,WI,33340,1,3,0,0,1,2,2,1,2,1,0,1,15,1,2,2,1,2,1,15.68938,1078.4288618178362,39.6,78218,8.5,2.5,63.8978723187277,15.596855962440836,12.074664518291991,4.136683540076153,0.29938650306748466,0.17914110429447852,0.40736196319018403,0.04539877300613497,2,363,4,0.28562659833551335,0.005165277437032738,8.113248739208536e-16
238263,Madison Area Technical College,WI,31540,1,3,1,0,3,2,0,0,2,0,0,0,4,0,1,2,1,2,3,6.9183,209.08543272526242,50.1,88804,4.8,1.8,78.43805559169161,4.456297067198589,7.1174999638639544,5.193038752294639,0.5839042580868962,0.08984476628219581,0.1521116988986211,0.049085075015176484,1,332,4,0.034355942066133974,0.030402739757960345,0.07788969319075646
238397,Blackhawk Technical College,WI,27500,1,3,1,1,1,1,0,0,6,0,0,0,2,0,2,2,0,3,3,1.6435,228.84620144959925,25.8,75673,6.3,2.5,79.6270155156678,4.614542135686036,10.128384545177974,1.0824459993915423,0.6774193548387096,0.07369299221357063,0.1699110122358176,0.01307007786429366,0,261,4,0.012502752751762984,1.2771008817319025e-4,0.20721862172493996
238458,Carroll University,WI,33340,1,3,0,0,1,2,3,1,2,1,0,0,15,2,1,1,1,0,0,15.68938,1078.4288618178362,39.6,78218,8.5,2.5,63.8978723187277,15.596855962440836,12.074664518291991,4.136683540076153,0.7103950901419256,0.031837360951285004,0.12236286919831224,0.029535864978902954,0,363,4,0.28562659833551335,0.005165277437032738,8.113248739208536e-16
238722,Fox Valley Technical College,WI,11540,1,3,1,1,3,1,0,0,2,0,0,0,2,0,1,2,1,2,3,2.45768,257.1313146274574,32.8,85825,4.2,1.8,85.43545131994401,1.3651085576641386,5.368070700823541,3.4638358126363076,0.6649124814094497,0.031003317698203865,0.06246424894176868,0.04095641230980437,1,27,4,0.024335657411197368,0.010634638086553837,1.5405394495300222e-5
238759,Gateway Technical College,WI,28450,1,3,1,1,3,2,0,0,2,0,0,1,4,0,1,2,0,2,3,1.68438,619.6376578287561,31.2,81239,7.9,2.9,71.50227383369548,5.936308908916041,15.187784229211934,1.8060057706693264,0.5190273172272225,0.13816516658771513,0.26275067108795197,0.01405337123006474,1,277,4,0.038547940361569374,0.3496730053000412,0.10724131436228612
238980,Lakeland University,WI,43100,1,3,0,0,1,0,2,1,5,1,0,0,1,1,1,2,1,2,3,1.17991,230.66783033671913,27.5,73094,5.5,1.8,80.82311362731056,2.1103304489325456,7.7531337135883245,5.770779127221568,0.5996055226824457,0.13740959894806049,0.10585141354372124,0.034845496383957925,1,516,4,0.028654379835094154,0.11524748550344835,0.13128420986281494
239008,Lakeshore Technical College,WI,31820,2,3,1,1,1,0,0,0,2,0,0,0,1,0,1,2,1,3,3,0.81406,138.13812468523403,22.6,69148,6.4,1.6,87.274893742476,0.7616146230007617,5.495909392428076,2.395400830405621,0.7011245674740484,0.032439446366782004,0.1254325259515571,0.0921280276816609,0,338,4,0.012454120292632598,2.1861387406100433e-6,0.20731869786393806
239017,Lawrence University,WI,11540,1,3,0,0,1,2,1,0,4,1,0,0,2,2,1,0,0,0,0,2.45768,257.1313146274574,32.8,85825,4.2,1.8,85.43545131994401,1.3651085576641386,5.368070700823541,3.4638358126363076,0.6133879781420765,0.036885245901639344,0.11202185792349727,0.04644808743169399,1,27,4,0.024335657411197368,0.010634638086553837,1.5405394495300222e-5
239071,Maranatha Baptist University,WI,48020,2,3,0,0,0,0,2,1,2,1,0,0,1,2,2,3,0,1,2,0.86003,154.54475658819993,28.5,83750,5.3,2.4,86.95975721777147,0.9220608583421509,8.498540748578538,0.6197458228201341,0.7784711388455539,0.0234009360374415,0.06708268330733229,0.06396255850234009,0,593,4,0.029757718495287994,0.11485170275211118,0.12980835691970627
239105,Marquette University,WI,33340,1,3,0,0,3,2,3,1,1,1,2,0,15,1,1,1,1,0,0,15.68938,1078.4288618178362,39.6,78218,8.5,2.5,63.8978723187277,15.596855962440836,12.074664518291991,4.136683540076153,0.6659869494290375,0.054377379010331704,0.15837411636759108,0.06239804241435563,1,363,4,0.28562659833551335,0.005165277437032738,8.113248739208536e-16
239248,Milwaukee Area Technical College,WI,33340,1,3,1,1,3,2,0,0,2,1,0,0,15,0,2,2,1,3,3,15.68938,1078.4288618178362,39.6,78218,8.5,2.5,63.8978723187277,15.596855962440836,12.074664518291991,4.136683540076153,0.30530498959187535,0.33962026114930927,0.19806976597489434,0.053112975462057656,2,363,4,0.28562659833551335,0.005165277437032738,8.113248739208536e-16
239309,Milwaukee Institute of Art & Design,WI,33340,1,3,0,0,0,2,1,0,4,1,0,0,15,2,2,1,0,0,0,15.68938,1078.4288618178362,39.6,78218,8.5,2.5,63.8978723187277,15.596855962440836,12.074664518291991,4.136683540076153,0.6475138121546962,0.057458563535911604,0.16906077348066298,0.04640883977900553,1,363,4,0.28562659833551335,0.005165277437032738,8.113248739208536e-16
239318,Milwaukee School of Engineering,WI,33340,1,3,0,0,1,2,1,0,7,1,1,0,15,2,1,1,1,0,0,15.68938,1078.4288618178362,39.6,78218,8.5,2.5,63.8978723187277,15.596855962440836,12.074664518291991,4.136683540076153,0.6871948929778445,0.026661659782200527,0.10777318813368382,0.049943672549755916,0,363,4,0.28562659833551335,0.005165277437032738,8.113248739208536e-16
239372,Moraine Park Technical College,WI,22540,1,3,1,1,1,2,0,0,2,0,0,0,3,0,1,2,1,2,3,1.04137,144.72196696637351,22.3,74275,5.7,2,85.98096737950969,1.697763523051365,6.845789680901121,1.8408442724487935,0.7875600961538461,0.05348557692307692,0.0889423076923077,0.016526442307692308,0,189,4,0.01953845723726971,2.2306603909015793e-7,1.8629937792344353e-4
239390,Mount Mary University,WI,33340,1,3,0,0,1,2,2,1,2,1,0,1,15,2,3,1,1,1,1,15.68938,1078.4288618178362,39.6,78218,8.5,2.5,63.8978723187277,15.596855962440836,12.074664518291991,4.136683540076153,0.3170731707317073,0.22628726287262874,0.3333333333333333,0.06368563685636856,2,363,4,0.28562659833551335,0.005165277437032738,8.113248739208536e-16
239460,Northcentral Technical College,WI,48140,1,3,1,1,2,2,0,0,2,0,0,0,1,0,1,2,1,2,3,1.38403,89.56741728412798,28.1,77884,4.9,1.9,86.1838254951121,0.5780221526990023,3.535327991445272,5.6660621518319685,0.784366576819407,0.022686433063791554,0.05615453728661276,0.06221922731356694,0,595,4,0.01245374377380447,1.4081984372741541e-6,0.20731946073395807
239488,Northeast Wisconsin Technical College,WI,24580,1,3,1,1,3,2,0,0,2,0,0,0,5,0,1,2,1,2,3,3.31145,177.0807215384899,30.9,79267,5.6,1.6,80.12562472632835,2.0118075163448035,8.930830904890605,2.770387594558275,0.7509587449157467,0.0368390470656595,0.10703079604880883,0.037187681580476466,0,215,4,0.008607293142759152,1.0530123207301627e-6,0.001777433900843102
239628,Ripon College,WI,22540,1,3,0,0,0,0,1,0,4,1,0,0,3,1,2,0,0,0,0,1.04137,144.72196696637351,22.3,74275,5.7,2,85.98096737950969,1.697763523051365,6.845789680901121,1.8408442724487935,0.7828492392807745,0.04564315352697095,0.11341632088520055,0.012448132780082987,0,189,4,0.01953845723726971,2.2306603909015793e-7,1.8629937792344353e-4
239716,Saint Norbert College,WI,24580,1,3,0,0,1,1,1,1,4,1,0,0,5,1,1,0,0,0,1,3.31145,177.0807215384899,30.9,79267,5.6,1.6,80.12562472632835,2.0118075163448035,8.930830904890605,2.770387594558275,0.8497467642093416,0.014631401238041642,0.062464828362408555,0.015756893640967922,0,215,4,0.008607293142759152,1.0530123207301627e-6,0.001777433900843102
239910,Southwest Wisconsin Technical College,WI,38420,2,3,1,1,1,0,0,0,2,1,0,0,2,0,1,2,1,1,3,0.5177,45.111370754660115,25.6,66858,6.5,2,92.96696928723199,1.4757581610971606,2.5729186787714893,0.7031099092138304,0.8634333120612636,0.053605615826419914,0.04020421186981493,0.007019783024888321,0,441,4,0.019895620799430584,1.8793467889211336e-7,0.0836267042618896
240107,Viterbo University,WI,29100,1,3,0,0,1,2,3,1,2,1,0,0,3,2,1,2,1,1,1,1.7019,94.78794398338087,33.6,73340,5.2,1.9,89.31488336565016,1.1175744755861097,2.4125976849403608,3.3221693401492445,0.8092715231788079,0.033112582781456956,0.06622516556291391,0.017880794701986755,0,290,4,0.12977853622635852,0.10936000036855942,0.03205992259850712
240189,University of Wisconsin-Whitewater,WI,48580,2,3,1,0,3,0,2,0,2,1,0,0,1,1,1,2,1,1,1,1.05657,190.22441455909384,32.4,80520,4.5,1.9,83.05365475075007,0.7410772594338283,12.134548586463746,0.837616059513331,0.7929155313351499,0.04884448481178726,0.09395499041275608,0.019174487839337975,0,603,4,0.04494488030926733,0.17518536055293676,0.1629513382500598
240198,Northwood Technical College,WI,39960,2,3,1,1,1,0,0,0,2,0,0,0,1,0,2,2,1,3,3,0.46797,54.222557615724085,23.2,65933,6.9,1.8,90.81778746500844,1.320597474197064,3.2245656772870057,0.581233839776054,0.841970802919708,0.025912408759124088,0.03686131386861314,0.015328467153284672,0,464,4,0.012455204648034002,4.6370160256738535e-6,0.20731648804344127
240268,University of Wisconsin-Eau Claire,WI,20740,1,3,1,0,3,2,2,0,2,1,0,0,2,1,1,1,0,0,1,1.73915,105.64134861492238,31.6,74595,6.2,2,89.201046488227007,1.3063853031653394,2.6995946295604174,3.0457407354167265,0.8513809275664409,0.010943199583116207,0.039603960396039604,0.0286607608129234,0,160,4,0.08167714174212568,0.1424625646107622,0.09632900057034827
240277,University of Wisconsin-Green Bay,WI,24580,1,3,1,0,3,2,1,0,4,1,1,0,5,1,1,2,0,1,2,3.31145,177.0807215384899,30.9,79267,5.6,1.6,80.12562472632835,2.0118075163448035,8.930830904890605,2.770387594558275,0.7495385489138151,0.03208859860854749,0.09243220218656822,0.043873349424960954,0,215,4,0.008607293142759152,1.0530123207301627e-6,0.001777433900843102
240329,University of Wisconsin-La Crosse,WI,29100,1,3,1,0,3,2,2,0,1,1,1,0,3,1,1,1,0,0,0,1.7019,94.78794398338087,33.6,73340,5.2,1.9,89.31488336565016,1.1175744755861097,2.4125976849403608,3.3221693401492445,0.8863116288745579,0.006760973580195548,0.04035781152485958,0.0203869357187435,0,290,4,0.12977853622635852,0.10936000036855942,0.03205992259850712
240338,Wisconsin Lutheran College,WI,33340,1,3,0,0,1,2,1,1,2,1,0,0,15,1,1,0,1,0,0,15.68938,1078.4288618178362,39.6,78218,8.5,2.5,63.8978723187277,15.596855962440836,12.074664518291991,4.136683540076153,0.7210179076343073,0.0640904806786051,0.11498586239396795,0.019792648444863337,0,363,4,0.28562659833551335,0.005165277437032738,8.113248739208536e-16
240365,University of Wisconsin-Oshkosh,WI,36780,1,3,1,0,3,2,2,0,2,1,0,0,1,1,1,1,0,0,2,1.71769,395.1461211216376,31.1,74925,5.7,1.4,84.94198603939012,2.7024666849082197,5.08590024975403,3.2165291758117007,0.7784299339691856,0.02922474932746393,0.06957691367082416,0.04084128148691612,0,414,4,0.07921022243223177,0.14681790463979116,0.10257556237729985
240374,University of Wisconsin-Parkside,WI,28450,1,3,1,0,1,0,2,0,1,1,0,0,4,1,2,2,1,1,1,1.68438,619.6376578287561,31.2,81239,7.9,2.9,71.50227383369548,5.936308908916041,15.187784229211934,1.8060057706693264,0.5811678385814736,0.0871293182512993,0.21125038214613268,0.03148884133292571,1,277,4,0.038547940361569374,0.3496730053000412,0.10724131436228612
240417,University of Wisconsin-Stout,WI,32860,2,3,1,0,2,0,2,0,2,1,0,0,1,1,1,2,0,1,1,0.45527,53.55113055829143,29.6,74824,6.2,3,90.4715882882685,0.8720100160344411,2.4688646297801307,3.0794912908823338,0.8349331235247837,0.013847364280094414,0.04280094413847364,0.03257277734067663,0,356,4,0.04007307472081588,0.13599470766913097,0.1360443421241126
240426,University of Wisconsin-Superior,WI,20260,1,3,1,0,1,1,2,0,2,1,1,0,6,1,2,3,0,2,2,2.8087,33.382921849615656,31.8,71769,6.6,2.7,89.19072880692134,1.5733257378858545,1.9464520952753945,0.9210666856552854,0.7756794104099494,0.022570244127130355,0.041916167664670656,0.013818516812528788,0,156,4,0.02769234995571401,0.11826872581659886,0.1853587459606808
240444,University of Wisconsin-Madison,WI,31540,1,3,1,0,4,2,3,0,1,1,3,0,4,2,1,1,0,0,0,6.9183,209.08543272526242,50.1,88804,4.8,1.8,78.43805559169161,4.456297067198589,7.1174999638639544,5.193038752294639,0.5970337054587316,0.025272401145824967,0.08267073595159692,0.10336519155087945,1,332,4,0.034355942066133974,0.030402739757960345,0.07788969319075646
240453,University of Wisconsin-Milwaukee,WI,33340,1,3,1,0,4,2,3,0,1,1,3,0,15,1,2,2,0,1,1,15.68938,1078.4288618178362,39.6,78218,8.5,2.5,63.8978723187277,15.596855962440836,12.074664518291991,4.136683540076153,0.5970011408703211,0.0863801814527082,0.1546694192426794,0.07019068832509372,1,363,4,0.28562659833551335,0.005165277437032738,8.113248739208536e-16
240462,University of Wisconsin-Platteville,WI,38420,2,3,1,0,2,0,2,0,1,1,0,0,2,1,1,1,0,0,1,0.5177,45.111370754660115,25.6,66858,6.5,2,92.96696928723199,1.4757581610971606,2.5729186787714893,0.7031099092138304,0.8830484102891836,0.01374021409170794,0.04936890877136923,0.012302284710017574,0,441,4,0.019895620799430584,1.8793467889211336e-7,0.0836267042618896
240471,University of Wisconsin-River Falls,WI,33460,1,3,1,0,2,0,1,0,2,1,1,0,28,1,1,1,0,0,1,37.13668,526.9422743609588,45.4,99833,5,2.9,71.35126241764208,9.093973936280788,6.831305329394012,6.935622678171555,0.8649386084583902,0.018644838562983174,0.03956343792633015,0.027285129604365622,0,364,4,0.354036710732893,1.1986923080226212e-4,1.4381830072163415e-16
240480,University of Wisconsin-Stevens Point,WI,44620,2,3,1,0,2,0,2,0,1,1,1,0,1,1,1,1,0,1,1,0.70832,88.44342471480353,34,76070,4.9,2.1,89.04732324373164,0.7581319177772758,4.173255025976959,2.877230630223628,0.8593135970657585,0.013361278490961487,0.045454545454545456,0.029080429656798534,0,541,4,0.05151591869980215,0.1957445893327838,0.1727016835285823
240505,Casper College,WY,16220,1,7,1,1,1,2,0,0,2,1,0,0,1,0,1,2,1,2,2,0.79977,14.975459833386568,27.7,72156,6.6,2.7,84.61932805681633,0.532653137777111,9.473973767458144,0.5501581704740113,0.7684551674468851,0.01764494058336334,0.102268635217861,0.008642419877565718,0,93,4,0.012453759766886197,5.499904854355075e-7,0.20731948873090209
240514,Central Wyoming College,WY,40180,2,7,1,0,1,0,0,0,2,1,0,0,1,0,1,2,0,2,3,0.39533,4.304740612937837,26.5,64904,8.5,4.5,68.69197885311006,0.5463789745276099,6.943566134621708,0.31113247160600005,0.442246835443038,0.006329113924050633,0.14477848101265822,0.004746835443037975,2,470,4,0.015803799485691612,0.02754646910224541,0.19922292956940885
240657,Northwest College,WY,17650,2,7,1,0,1,0,0,0,2,1,0,0,1,0,1,2,0,1,2,0.30449,4.388071778677169,36,73035,6.6,1.4,86.94866826496765,0.226608427206148,6.003481230910703,0.44993267430785905,0.7084639498432602,0.00522466039707419,0.09299895506792058,0.00522466039707419,0,115,4,0.012455118324344894,1.5245836960252347e-6,0.20731694036164164
240666,Northern Wyoming Community College District,WY,43260,2,7,1,1,1,0,0,0,2,1,0,0,1,0,1,2,1,1,3,0.32055,12.703295097791116,31.1,71388,5.7,1.4,89.22788956481048,0.689440024957105,4.97894244267665,0.9546092653252223,0.7888198757763976,0.009834368530020704,0.10817805383022774,0.006211180124223602,0,518,4,0.012453706885603483,3.080162212093917e-7,0.20731960668842317
240693,Western Wyoming Community College,WY,40540,2,7,1,0,1,0,0,0,2,1,0,0,1,0,1,2,1,2,3,0.41542,3.9840873969364905,20.9,75034,9.9,3.7,76.76568292330653,1.3047036733907853,16.828751624861585,0.47421886283761017,0.7424727738629084,0.005765534913516977,0.17616912235746315,0.005765534913516977,0,475,4,0.012453649754648024,5.044409054753276e-7,0.20731969656742288
240718,WyoTech,WY,29660,2,7,2,1,1,0,0,0,3,1,0,0,2,0,2,0,0,0,0,0.38249,8.948861121567406,55,61917,7.1,2.6,79.87398363355905,1.0300922899945097,10.570210985908128,3.5922507777981125,0.650137741046832,0.006887052341597796,0.27203856749311295,0.011707988980716254,1,302,4,0.08851134234240593,0.31613632524786583,2.027996512076623e-8
240727,University of Wyoming,WY,29660,2,7,1,0,3,0,3,0,1,1,3,0,2,1,1,2,0,1,1,0.38249,8.948861121567406,55,61917,7.1,2.6,79.87398363355905,1.0300922899945097,10.570210985908128,3.5922507777981125,0.7753111335351497,0.012333221213140486,0.0961991254624958,0.010987778898979707,0,302,4,0.08851134234240593,0.31613632524786583,2.027996512076623e-8
243744,Stanford University,CA,41940,1,8,0,0,3,1,3,0,1,1,3,0,14,3,1,1,0,0,0,19.69337,734.8998188077436,55.5,162111,4.4,3.3,27.280297887055386,2.146052199293468,26.292452739170596,39.02536742060907,0.24228799800174847,0.07943049831397528,0.17572124391157737,0.2733857874359935,3,500,2,3.1248236769001385e-4,0.9996868862359936,6.370343643703146e-28
243780,Purdue University-Main Campus,IN,29200,1,3,1,0,4,2,3,0,1,1,3,0,2,2,1,1,1,0,0,2.26805,138.10792146638414,36,62011,9,2.1,74.97277396882784,5.196975375322413,9.369722889707017,6.707083177178634,0.5756511205330103,0.027231980617807388,0.07321623258631133,0.1370321017565112,1,292,2,0.13015949979178412,0.49055454753745087,0.016413331956113466
244446,Georgia Piedmont Technical College,GA,12060,1,5,1,1,1,1,0,0,2,0,0,0,42,0,2,3,1,3,3,62.56377,712.1271698222058,42.2,89724,8,3.4,42.76842651905408,33.267864132867956,12.42343611965839,6.576953402903948,0.07859583721652687,0.7704255980118049,0.06585896241068655,0.030133581857719787,3,34,2,0.026171251060412504,0.9727961255520519,1.238234901231096e-58
245625,Warren County Community College,NJ,10900,1,2,1,1,0,0,0,0,1,0,0,0,14,0,1,2,1,2,2,8.73603,601.2331455197686,33.5,84587,6.9,3.5,67.92536197792361,5.483612121295371,19.93228045233361,3.05619371728348,0.5897920604914934,0.1001890359168242,0.21550094517958412,0.031190926275992438,1,15,4,0.12580632948112416,0.0015525911227286064,1.3698953720050149e-26
245953,Mid-America Christian University,OK,36420,1,6,0,0,1,2,2,1,2,1,0,0,16,1,3,3,1,3,1,14.63267,265.4814145926088,34.1,72094,9.9,3,60.468595273453175,9.452615278004629,15.709231466301091,3.2445889916194375,0.5096106456382454,0.13947757516017742,0.15032035485460818,0.008871365204534253,1,406,4,0.03401645738003854,0.018303837564142854,3.7515582093628607e-13
246813,Athens Technical College,GA,12020,1,5,1,1,1,2,0,0,3,0,0,0,3,0,2,2,1,2,3,2.20197,214.81910433860065,43.2,65608,10.3,2.8,64.38007783938927,18.153290008492394,9.620476209939282,3.7057725582092402,0.5854000935891437,0.19396350023397285,0.1544220870379036,0.021759475900795508,1,33,4,0.029263744981776946,0.005245895262011942,0.08088015646160343
247603,Sussex County Community College,NJ,35620,1,2,1,1,1,0,0,0,1,0,0,0,217,0,2,2,1,2,2,197.98537,3224.7177117071606,44.2,99155,9.3,4.4,42.798960347423645,14.856779569116647,25.709157196817117,11.900338898778227,0.6473372781065089,0.0863905325443787,0.1806706114398422,0.01932938856015779,1,396,1,0.9999999998954081,3.009904373621305e-11,8.301191742903615e-141
247834,Collin County Community College District,TX,19100,1,6,1,0,4,1,0,0,1,1,0,0,45,0,1,2,1,1,3,79.8559,920.424558113531,39.4,90275,7.7,3.2,41.94113396755906,16.034419498120993,29.691632052234084,8.207095530824898,0.37647461554666106,0.14930482409943122,0.22972403623341056,0.14490730987992417,2,138,2,0.04587748349180929,0.9466184467505251,6.072934501974282e-58
247940,Owensboro Community and Technical College,KY,36980,1,5,1,1,1,0,0,0,1,0,0,0,3,0,2,2,0,2,3,1.12762,158.61358413556624,25.5,68002,11,2.8,85.63611855057555,3.752150547170146,4.092690800092229,1.9518986892747558,0.8230345227734261,0.05628082390484479,0.0501885697708152,0.023208587177255584,0,418,4,0.009407532719634137,1.947177474508412e-7,0.06936863146200861
248934,ECPI University,VA,47260,1,5,2,0,3,2,0,0,3,0,0,0,21,2,3,2,1,3,0,17.87235,558.1840408485176,35.8,82330,8,2.9,52.56007184281866,29.05040467537845,8.031792125825648,4.00020142846352,0.3201215947620718,0.4145913714486145,0.15105810826610547,0.030223313457266456,2,580,4,0.36490109138300697,0.16785306722091398,1.4708278514671972e-38
262031,St Charles Community College,MO,41180,1,4,1,1,2,1,0,0,1,0,0,0,32,0,1,2,1,1,2,28.1085,357.4542758616538,38.2,80196,7.1,2.7,70.57801021043456,17.06924951527118,3.940160449686038,2.9002259103118275,0.6689414378670052,0.10141247421044279,0.06633867640057134,0.023170925249960325,1,488,5,1.7016254104290031e-6,1.1660740054093254e-24,2.3048914129312328e-18
262086,University of Massachusetts Global,CA,31080,1,8,1,0,2,1,3,0,1,0,0,0,135,0,1,3,1,3,2,129.74487,2673.43186481921,38,95958,9.2,4.4,27.695761689845614,5.973392242791565,44.974456408180146,16.688166553328852,0.6223182145428365,0.12685385169186464,0.04564434845212383,0.042476601871850254,1,324,2,4.88045109563549e-10,0.9999999995119424,1.519820505768976e-178
262129,New College of Florida,FL,35840,1,5,1,0,0,2,1,0,4,1,0,0,6,2,2,1,0,0,0,8.89339,684.7452576598271,38.3,80859,5.8,2.1,74.02621497539184,5.677587511623802,14.350883071584628,2.059057344837008,0.5576923076923077,0.05897435897435897,0.22692307692307692,0.03717948717948718,1,400,4,0.024592129851301502,0.010367395755115746,0.01091939953696677
363633,Luna Community College,NM,29780,2,6,1,1,0,0,0,0,2,0,0,1,2,0,1,3,0,2,3,0.30999,4.66307187833601,27.6,50585,16.8,2.3,18.510274524984677,1.1097132165553727,74.97338623826575,0.3129133197845092,0.13477537437603992,0.024958402662229616,0.7770382695507487,0.014975041597337771,3,305,2,0.05574078091070981,0.657450526026059,3.0393842560727947e-4
364016,Paradise Valley Community College,AZ,38060,1,6,1,0,2,2,0,0,1,0,0,0,38,0,1,2,1,3,3,50.28754,345.1753869819712,35.3,88301,7.6,3,52.71450939934624,5.395988747908528,31.06594595798482,4.193881824404216,0.5170127595696773,0.044408306229672255,0.2974731048286215,0.040530397798348765,1,433,2,8.15027280611419e-5,0.9999184941930167,3.467910617002379e-58
364025,Chandler-Gilbert Community College,AZ,38060,1,6,1,1,3,2,0,0,1,1,0,1,38,0,1,2,0,1,3,50.28754,345.1753869819712,35.3,88301,7.6,3,52.71450939934624,5.395988747908528,31.06594595798482,4.193881824404216,0.48351888234010043,0.056683402459433894,0.29331295932474716,0.0563923451939169,2,433,2,8.15027280611419e-5,0.9999184941930167,3.467910617002379e-58
366003,South Florida Bible College and Theological Seminary,FL,33100,1,5,0,0,0,2,0,1,2,0,0,0,54,0,1,2,1,3,2,62.49291,1233.2893766984143,36.7,76527,9.8,3.2,27.40245253421548,19.262265111354232,46.74187839868555,2.493578871587193,0.20822622107969152,0.14652956298200515,0.2133676092544987,0.002570694087403599,3,360,1,0.5386944681626634,0.46095198633318446,2.262704342640269e-63
366252,Pennsylvania College of Technology,PA,48700,1,2,1,0,1,2,0,0,3,1,0,0,2,0,2,1,0,1,1,1.13489,92.34859595589225,24.8,63917,8.7,3.1,88.06580373428262,3.9765968507961125,2.371154913692076,0.91022037378071885,0.8589600535594734,0.03905378263780406,0.0528899799151975,0.01316670386074537,0,606,4,0.02508208810408013,0.0019195005103823505,6.229596118640964e-5
366395,Suffolk County Community College,NY,35620,1,2,1,1,3,1,0,0,1,0,0,1,217,0,1,2,1,1,2,197.98537,3224.7177117071606,44.2,99155,9.3,4.4,42.798960347423645,14.856779569116647,25.709157196817117,11.900338898778227,0.40498550724637683,0.09327536231884058,0.3897391304347826,0.04544927536231884,2,396,1,0.9999999998954081,3.009904373621305e-11,8.301191742903615e-141
366401,Las Positas College,CA,41860,1,8,1,1,2,2,0,0,1,0,0,1,36,0,1,1,0,2,2,46.45029,1880.7289412489185,52.9,136027,5.4,3.8,35.02985664890359,6.5815089636684725,23.200673235839865,27.828308499258025,0.2951958908248565,0.04733608621210595,0.29620304159532684,0.24997482123073825,2,499,2,1.0767877880280349e-6,0.9999989232071413,1.1505609338236225e-49
366465,Ogeechee Technical College,GA,44340,2,5,1,1,1,0,0,0,2,0,0,0,2,0,2,2,1,2,2,0.9344,108.79595468461801,30.1,57446,12.8,4.6,60.70526541095891,28.069349315068493,5.982448630136986,1.3955479452054795,0.512646281615704,0.362400906002265,0.07361268403171008,0.0056625141562853904,1,537,4,0.008838115438131363,0.0010934841533037955,0.3543830099454873
366553,Southern Technical College,FL,15980,1,5,2,1,0,2,0,0,6,0,0,0,4,0,3,0,1,3,2,8.17666,1046.7417436775459,31.2,76107,8.1,2.2,62.01150592051034,7.626952814474369,24.737362199235385,1.6862630952002406,0.4961038961038961,0.2714285714285714,0.14675324675324675,0.013636363636363636,2,88,2,0.0783993862385828,0.7839087457079962,6.957331558934199e-14
366711,California State University-San Marcos,CA,41740,1,8,1,0,3,1,2,0,1,1,1,1,28,1,2,1,1,1,1,32.88774,781.0957594252355,43.2,106268,6.9,3.9,42.408143581772414,4.35490550582071,34.63488217797879,12.080793633128941,0.25108589951377636,0.038833063209076174,0.5089141004862237,0.0960129659643436,3,497,2,3.5503139928722206e-4,0.999644646696276,9.524339239529187e-32
367459,NorthWest Arkansas Community College,AR,22220,1,5,1,1,2,2,0,0,1,0,0,0,4,0,1,3,1,2,3,5.77726,220.21756552632405,35.9,81650,6.8,2.2,59.18238057487459,2.2687225432125264,18.203439000495045,3.462021788875695,0.5766423357664233,0.03298708590679394,0.25533408197641777,0.03354856822010107,1,183,4,0.06562320733633824,0.037559045902643556,0.015768917205911684
368911,Southeastern Technical College,GA,47080,2,5,1,1,1,0,0,0,6,0,0,0,2,0,2,3,1,2,3,0.35742,59.06204835365616,18.8,52500,16.3,2.9,59.28319623971798,23.543730065469195,10.959095741704438,0.7917855743942701,0.5560398505603985,0.3001245330012453,0.11021170610211706,0.0012453300124533001,1,577,4,0.012576274158218086,9.313936583173618e-4,0.20702825656638496
372329,IBMC College,CO,22660,1,7,2,1,0,2,0,0,3,0,0,0,2,0,3,0,1,2,0,3.67368,141.52697090242154,53,93765,4.7,3.2,79.2243744691971,0.9842991224058709,12.935530585135341,2.1923520829250234,0.4332874828060523,0.01925722145804677,0.47455295735900965,0.011004126547455296,2,191,4,0.09178361340094751,0.31450726058045814,6.146501014427967e-13
377218,School of Automotive Machinists & Technology,TX,26420,1,6,2,1,0,2,0,0,3,0,0,0,43,2,2,0,0,3,0,74.42788,842.0721523815805,36,82168,11,4.1,32.83264282148034,16.951497207766767,38.23376401423768,8.248817513007223,0.5555555555555556,0.06666666666666667,0.3111111111111111,0.014814814814814815,1,241,2,8.708243611259525e-4,0.9985091592959233,5.641515759210517e-97
379746,College of Health Care Professions,TX,26420,1,6,2,1,0,2,0,0,6,0,0,0,43,0,3,0,1,3,0,74.42788,842.0721523815805,36,82168,11,4.1,32.83264282148034,16.951497207766767,38.23376401423768,8.248817513007223,0.030235162374020158,0.46808510638297873,0.46472564389697646,0.0033594624860022394,3,241,2,8.708243611259525e-4,0.9985091592959233,5.641515759210517e-97
383190,Hawaii Community College,HI,25900,2,8,1,1,1,0,0,0,1,1,0,0,2,0,1,3,1,2,3,2.05769,51.07919871646666,31.4,78639,10.3,3.4,29.944257881410707,0.7727111469657724,11.665022428062537,20.214415193736667,0.15931232091690545,0.010888252148997135,0.20057306590257878,0.14040114613180515,3,237,2,0.07330314467603119,0.5815010715659071,0.014844074340441988
383996,Eastern New Mexico University Ruidoso Branch Community College,NM,40760,2,6,1,1,0,0,0,0,1,0,0,0,1,0,1,3,1,2,3,0.20224,4.186197285178756,32.2,53303,13.9,2.6,60.17108386075949,0.8455300632911392,32.950949367088604,0.5241297468354431,0.33865814696485624,0.03514376996805112,0.37859424920127793,0.01597444089456869,2,481,2,0.06845101803094318,0.46043041730766976,0.0719830153343054
384333,Estrella Mountain Community College,AZ,38060,1,6,1,1,3,1,0,0,1,0,0,1,38,0,1,2,0,2,3,50.28754,345.1753869819712,35.3,88301,7.6,3,52.71450939934624,5.395988747908528,31.06594595798482,4.193881824404216,0.25334799120527685,0.08045172896262243,0.5547671397161703,0.032280631621027386,3,433,2,8.15027280611419e-5,0.9999184941930167,3.467910617002379e-58
384342,Heartland Community College,IL,14010,1,3,1,1,1,1,0,0,1,0,0,0,3,0,1,2,1,2,3,1.71556,144.98740179613858,47.2,79905,7.1,2,76.24507449462567,8.36753013593229,6.448040290051062,5.191307794539393,0.6307972902553414,0.14356435643564355,0.11255862428348098,0.01928087545596665,1,62,4,0.019575436063661578,0.013739997610264653,0.22585603028702664
392257,The College of Health Care Professions-Northwest,TX,26420,1,6,2,0,1,2,0,0,6,0,0,0,43,0,3,3,1,3,0,74.42788,842.0721523815805,36,82168,11,4.1,32.83264282148034,16.951497207766767,38.23376401423768,8.248817513007223,0.1335527455395808,0.34037761995496274,0.435302269184133,0.013164732374848432,3,241,2,8.708243611259525e-4,0.9985091592959233,5.641515759210517e-97
395362,Copper Mountain Community College,CA,40140,1,8,1,1,1,0,0,0,1,0,0,0,38,0,2,3,1,3,3,46.75704,171.41298402907972,24.5,89662,9.3,4.1,27.99809397686423,6.705471518299704,53.116642969700386,7.4526531191880405,0.36097256857855364,0.07668329177057356,0.4270573566084788,0.05112219451371571,2,469,2,1.060481404962087e-4,0.9998938311884709,9.816394853840875e-41
399212,Santiago Canyon College,CA,31080,1,8,1,1,3,2,0,0,1,0,0,1,135,0,1,3,0,3,3,129.74487,2673.43186481921,38,95958,9.2,4.4,27.695761689845614,5.973392242791565,44.974456408180146,16.688166553328852,0.25770183573651784,0.026297402019945373,0.5523724830083212,0.08346566728069618,3,324,2,4.88045109563549e-10,0.9999999995119424,1.519820505768976e-178
399911,Soka University of America,CA,31080,1,8,0,0,0,1,1,0,4,1,0,0,135,2,1,0,0,0,0,129.74487,2673.43186481921,38,95958,9.2,4.4,27.695761689845614,5.973392242791565,44.974456408180146,16.688166553328852,0.14072494669509594,0.021321961620469083,0.13219616204690832,0.1023454157782516,3,324,2,4.88045109563549e-10,0.9999999995119424,1.519820505768976e-178
404426,Coconino Community College,AZ,22380,1,6,1,1,1,0,0,0,1,0,0,0,3,0,1,2,1,2,3,1.44508,7.762423220686378,40.3,72966,10.1,3.5,52.16251003404656,1.3805464057353227,15.450355689650399,1.741080078611565,0.46219686162624823,0.0224679029957204,0.20827389443651925,0.015335235378031383,2,185,4,0.020857170268420516,0.1543639256665952,0.28204700924255816
405872,Carroll Community College,MD,12580,1,2,1,1,1,0,0,0,1,0,0,0,26,0,1,2,1,1,3,28.49436,1095.3176922801579,44,99470,6.7,3,52.18194056648403,28.448050772152804,8.140804004722337,5.931103558739344,0.7540983606557377,0.0605296343001261,0.0773434216057167,0.03572929802437999,0,42,4,0.001431104925068159,3.6311551846083747e-9,6.417649568757216e-17
408844,Florida National University-Main Campus,FL,33100,1,5,2,0,1,1,0,0,6,0,0,0,54,0,3,2,1,3,2,62.49291,1233.2893766984143,36.7,76527,9.8,3.2,27.40245253421548,19.262265111354232,46.74187839868555,2.493578871587193,0.019179064348449543,0.042839218497938696,0.8707653701380176,0.005735794945330704,3,360,1,0.5386944681626634,0.46095198633318446,2.262704342640269e-63
409698,California State University-Monterey Bay,CA,41500,1,8,1,0,2,1,2,0,1,1,1,1,4,1,2,1,0,1,1,4.37613,133.34875720983075,28.2,97230,9.5,3,26.860947915167056,2.0461000930045494,61.58180858429708,5.513090333239643,0.2627860543695285,0.02595607433573952,0.5449239748118568,0.060666564275840884,3,492,2,0.06746699320517205,0.7434882485458322,0.0032924352792398927
413617,College of Menominee Nation,WI,43020,2,3,0,0,0,0,0,0,2,0,0,1,1,0,3,0,1,3,3,0.45291,36.20848322159008,19,66189,10.4,1.9,77.91835022410633,0.6049767061888676,3.4223134839151266,0.578481375990815,0.06428571428571428,0.0035714285714285713,0.014285714285714285,0,3,515,4,0.1131599113113011,0.26132604630352374,1.3629292862823335e-11
413626,Leech Lake Tribal College,MN,14660,2,4,1,1,0,0,0,0,1,0,0,1,2,0,3,1,1,3,2,0.98678,32.67622056975071,28.3,71384,7.1,3.4,89.31372747724924,0.42968037455157176,1.6761588195950465,0.4154928150144916,0.06037735849056604,0.007547169811320755,0.007547169811320755,0,3,74,2,0.09877369009743261,0.6889169981200901,2.4232116664826912e-5
414878,Trine University-Regional/Non-Traditional Campuses,IN,11420,2,3,0,0,2,0,2,0,5,0,0,0,2,3,1,3,0,3,2,0.34726,112.46107733898569,25.6,74911,6.9,4.4,91.37821804987617,0.656568565340091,4.454875309566319,0.6680873121004435,0.3031536113936928,0.05595116988809766,0.06205493387589013,0.015259409969481181,2,24,4,0.05121127595709935,0.06239509861385457,0.023923733880159944
414911,Pennsylvania Highlands Community College,PA,27780,1,2,1,1,1,0,0,0,2,0,0,0,5,0,1,2,0,1,3,1.31538,191.1992025517984,23.9,58418,8.9,2.5,90.18002402347611,2.832641518040414,2.1256214934087487,0.5488908148215725,0.8305263157894737,0.05263157894736842,0.042105263157894736,0.008421052631578947,0,264,4,0.03807026943250838,2.2727700459968587e-7,3.4408803779841217e-6
418533,Lancaster County Career and Technology Center,PA,29540,1,2,1,1,0,1,0,0,3,0,0,0,8,0,3,0,1,3,1,5.57931,591.0762546567342,32.4,86959,5.4,2.2,79.12878115752665,3.4308901996841903,11.529382665598433,2.4042399508182912,0.4263157894736842,0.29473684210526313,0.12631578947368421,0.02894736842105263,2,300,4,0.14352273149193384,0.05314370155442046,8.435305185981775e-18
420440,York County Community College,ME,38860,1,1,1,1,1,1,0,0,2,1,0,0,9,0,1,3,0,2,3,5.62843,270.4192773834068,45.9,92175,4.4,2.2,87.74684947667467,2.3281803273737083,2.5122458660763303,1.6604985759794473,0.8382470119521912,0.03187250996015936,0.0398406374501992,0.01752988047808765,0,447,4,0.0014399585847687908,2.7237417576172976e-13,6.612128616055672e-10
420538,Arkansas State University-Mountain Home,AR,34260,2,5,1,1,1,0,0,0,2,0,0,0,1,0,2,3,1,2,3,0.42407,76.55644855478572,19.4,48452,9.1,2.8,91.45424104511048,0.3207017709340439,2.8815997358926593,0.6932817695191831,0.916597853014038,0.011560693641618497,0.006606110652353427,0.007431874483897605,0,378,4,0.012453903603326488,1.1632102657875947e-6,0.2073191733110202
426314,Embry-Riddle Aeronautical University-Worldwide,FL,19660,1,5,0,0,3,2,2,0,2,0,0,0,6,2,1,3,1,3,3,7.0615,444.87281666566906,28.9,71277,7.5,2.2,68.46392409544715,10.048714862281386,15.466685548396233,2.05069744388586,0.5176507099076733,0.08534409186127706,0.20288618201567227,0.04391341453952983,1,146,4,0.04702972826624166,0.01702567203643371,6.906824087478504e-4
428392,Klamath Community College,OR,28900,2,8,1,1,1,0,0,0,2,0,0,0,2,0,2,3,1,3,3,0.70247,11.806423519650863,22.7,58830,11.4,3.6,74.42025993992625,0.7217390066479706,13.876749185018578,0.9253064187794497,0.594694632942628,0.016656384947563233,0.19740900678593462,0.009253547193090685,1,287,4,0.0053878371193581435,0.004246508628879062,0.2432332603803834
433174,Carolinas College of Health Sciences,NC,16740,1,5,1,0,0,2,0,0,6,0,0,0,24,2,2,1,0,3,3,27.68407,494.5980195033105,39.9,83304,7.9,3,56.76484707631501,21.674883786957626,12.516439959875841,4.37648799472043,0.5402298850574713,0.25287356321839083,0.09359605911330049,0.04597701149425287,1,103,4,0.0064655327419721655,6.432950837504707e-6,8.012822364942764e-15
433420,California Aeronautical University,CA,12540,1,8,2,0,0,1,1,0,2,1,0,0,7,0,2,1,0,3,0,9.15075,112.4906921887248,18.8,70210,15.3,5,29.555610195885585,4.806928393847499,56.46116438543288,5.051279949730896,0.3903846153846154,0.07884615384615384,0.38461538461538464,0.09230769230769231,2,41,2,0.03333053458114768,0.948492624252575,4.8284251179448976e-14
433660,Florida Gulf Coast University,FL,15980,1,5,1,0,3,1,2,0,1,1,1,0,4,2,1,1,1,1,1,8.17666,1046.7417436775459,31.2,76107,8.1,2.2,62.01150592051034,7.626952814474369,24.737362199235385,1.6862630952002406,0.57285091429687,0.05524825925684909,0.255352378473352,0.019066831522092795,1,88,2,0.0783993862385828,0.7839087457079962,6.957331558934199e-14
434061,South Louisiana Community College,LA,29180,1,5,1,1,2,2,0,0,2,0,0,0,6,0,3,2,1,3,2,4.13428,145.89821456447223,27.6,60892,13.8,3.3,65.86733361068916,22.738663080391266,5.570498369728224,1.5475487872132512,0.45982750794371313,0.41594794976547134,0.048116205174761686,0.014979573309123922,2,291,3,0.004663226348467724,0.002335740922772353,0.4695449963658139
434159,Lincoln College of Technology-Marietta,GA,12060,1,5,2,1,0,1,0,0,3,0,0,0,42,0,3,0,1,3,0,62.56377,712.1271698222058,42.2,89724,8,3.4,42.76842651905408,33.267864132867956,12.42343611965839,6.576953402903948,0.10796221322537113,0.6126855600539811,0.203778677462888,0.008097165991902834,3,34,2,0.026171251060412504,0.9727961255520519,1.238234901231096e-58
434672,Community College of Baltimore County,MD,12580,1,2,1,1,3,1,0,0,2,0,0,0,26,0,2,3,1,3,3,28.49436,1095.3176922801579,44,99470,6.7,3,52.18194056648403,28.448050772152804,8.140804004722337,5.931103558739344,0.31105743424584004,0.4138486312399356,0.07911969940955448,0.052979066022544284,2,42,4,0.001431104925068159,3.6311551846083747e-9,6.417649568757216e-17
436818,University of Connecticut-Waterbury Campus,CT,47930,1,1,1,0,0,2,1,0,0,0,0,0,2,1,3,1,0,1,0,4.54969,1102.195571887628,33.8,86191,8.7,3.9,59.8117673951412,10.554785051289208,19.929269906301307,3.7835544839318724,0.41119221411192214,0.10827250608272507,0.27858880778588807,0.11313868613138686,2,591,4,0.18092149111905767,0.13339294478649702,5.767355662574862e-4
436827,University of Connecticut-Avery Point,CT,35980,1,1,1,0,0,1,1,0,0,0,0,0,5,1,2,1,0,1,1,2.79971,468.07031158091445,35.8,86586,7.8,3.1,70.59516878533849,4.888363437641756,15.04120069578635,3.7486025338338615,0.609375,0.033203125,0.173828125,0.080078125,1,402,4,0.21754011943149987,0.004689993328858694,2.704250689960297e-9
436836,University of Connecticut-Stamford,CT,14860,1,1,1,0,1,2,1,0,0,1,0,0,5,1,3,1,0,0,0,9.5633,1422.4537988503446,50.9,114565,6.3,4.1,56.29719866573254,10.011711438520177,22.64406637876047,5.3092551734234,0.29409228115567054,0.1457524795170332,0.3471323846485554,0.10780508840017249,2,78,4,0.15878240297945487,0.011528288859828354,3.0242677463127385e-4
437103,Baton Rouge Community College,LA,12940,1,5,1,1,3,2,0,0,2,0,0,0,10,0,2,3,1,3,2,8.75313,200.40086903199287,30.4,69599,11.8,4,53.29053721354533,33.876110602721546,6.557539988552666,2.0325300778121655,0.3899343156399787,0.5094976034084857,0.04695544115036393,0.011805432274099059,2,48,2,0.15090417667225686,0.3901330712583721,8.654327581656301e-17
437635,The College of Health Care Professions-Austin,TX,12420,1,6,2,1,0,2,0,0,3,0,0,0,14,0,3,0,1,3,0,24.26592,575.0516622807437,50.9,100431,6.2,3.1,48.70361395735253,6.922754216613258,32.192597684324355,7.318865305745671,0.16282527881040892,0.18215613382899629,0.5301115241635688,0.017100371747211896,3,40,1,0.7147478333644227,0.12201303217635362,1.7018879748049194e-25
438586,American InterContinental University-Atlanta,GA,12060,1,5,2,0,0,2,0,0,5,0,0,0,42,0,3,3,1,3,1,62.56377,712.1271698222058,42.2,89724,8,3.4,42.76842651905408,33.267864132867956,12.42343611965839,6.576953402903948,0.1057160417947142,0.4775660725261217,0.001229256299938537,0.003073140749846343,3,34,2,0.026171251060412504,0.9727961255520519,1.238234901231096e-58
439190,Cascadia College,WA,42660,1,8,1,0,1,1,0,0,1,0,0,0,33,0,0,2,1,1,2,40.6192,691.9542895829012,47.2,115177,5.4,3.3,56.754170441564575,5.975179225587899,11.66524697679915,15.931382203489974,0.3960843373493976,0.030873493975903613,0.14759036144578314,0.13629518072289157,2,511,2,3.6324704063358944e-5,0.9999635565523644,1.6817273131752944e-17
441371,Ultimate Medical Academy,FL,45300,1,5,0,1,2,2,0,0,6,0,0,0,18,0,3,3,1,3,0,33.04691,1313.5226940327348,34.9,74392,8.3,2.8,58.36718168203926,11.226707731524673,21.76385023592221,3.827680106854166,0.3547569818573634,0.5944261626721803,0.0076298086723550484,0.005969888465010629,2,550,4,0.12147790433415886,8.405157036734581e-4,2.494267566217848e-13
441502,Blue Cliff College-Gulfport,MS,25060,1,5,2,1,0,2,0,0,0,0,0,0,2,0,3,0,1,3,0,4.21201,190.08027038637513,26.7,62418,12.2,3.9,65.75245547850076,19.738082293251917,6.68255773371858,2.087127048606247,0.2186046511627907,0.29534883720930233,0.03255813953488372,0.0069767441860465115,3,222,4,0.028646974376332002,0.006363271384813859,1.2068000101002193e-16
441760,Lamar Institute of Technology,TX,13140,1,6,1,1,2,2,0,0,3,0,0,0,5,0,1,3,1,1,3,3.96827,188.86567552912942,19.5,64659,13.9,3.5,51.718759056213415,23.364337608076063,18.4947092813745,2.7344409528585505,0.4074074074074074,0.29760966640399267,0.22695035460992907,0.03467297084318361,2,51,2,0.031688129523850785,0.44199802468973126,0.13147679110650481
441900,Nevada State University,NV,29820,1,8,1,0,2,0,1,0,2,1,0,1,13,1,1,2,0,2,3,23.29548,295.19108147261124,27.8,76472,9.7,4.8,38.26918354977017,11.531206912242203,31.854892021971644,10.494095850353803,0.21606408313487768,0.10088763801688677,0.4529118856895432,0.10326910586707079,3,306,2,0.053126439882979104,0.759081726701098,1.7670920001988555e-20
441937,California State University-Channel Islands,CA,37100,1,8,1,0,2,0,1,0,4,1,1,1,6,1,2,2,0,2,1,8.37469,454.9534562589953,36.1,109797,6.6,3.6,41.948776611432784,1.6520014472177478,44.34301448770044,7.072739408861701,0.23228151329919047,0.021311746241533123,0.5992070047910127,0.0626135800429539,3,421,2,0.03505761404428043,0.9596126184762591,4.160852251324141e-12
442356,Saint Joseph's University - Lancaster,PA,29540,1,2,0,0,1,0,0,1,6,0,0,0,8,2,3,2,1,3,3,5.57931,591.0762546567342,32.4,86959,5.4,2.2,79.12878115752665,3.4308901996841903,11.529382665598433,2.4042399508182912,0.6130681818181818,0.12386363636363637,0.16988636363636364,0.05568181818181818,1,300,4,0.14352273149193384,0.05314370155442046,8.435305185981775e-18
443049,Faith International University,WA,42660,1,8,0,0,0,2,1,1,2,0,0,0,33,0,2,3,1,3,2,40.6192,691.9542895829012,47.2,115177,5.4,3.3,56.754170441564575,5.975179225587899,11.66524697679915,15.931382203489974,0.44654088050314467,0.24842767295597484,0.1540880503144654,0.06289308176100629,2,511,2,3.6324704063358944e-5,0.9999635565523644,1.6817273131752944e-17
443331,West Coast University-Los Angeles,CA,31080,1,8,2,0,1,2,1,0,6,0,0,0,135,0,2,1,0,3,1,129.74487,2673.43186481921,38,95958,9.2,4.4,27.695761689845614,5.973392242791565,44.974456408180146,16.688166553328852,0.3481825635419514,0.03006285870456409,0.3506422519814157,0.20005465974309922,2,324,2,4.88045109563549e-10,0.9999999995119424,1.519820505768976e-178
444219,Folsom Lake College,CA,40900,1,8,1,1,3,2,0,0,1,0,0,0,20,0,1,3,0,2,3,24.26388,476.3991813276809,37.1,97188,7.8,3.8,47.565475925532105,6.455191832468674,22.7866276951584,14.868685469924841,0.43759587226328267,0.054455445544554455,0.23511365221029146,0.12836424487519174,2,484,2,4.211908562388775e-4,0.9995574158190782,1.2607960255121965e-20
444565,Culinary Institute Inc,TX,26420,1,6,2,1,0,2,0,0,3,0,0,0,43,0,3,0,1,3,1,74.42788,842.0721523815805,36,82168,11,4.1,32.83264282148034,16.951497207766767,38.23376401423768,8.248817513007223,0.2372093023255814,0.33488372093023255,0.37209302325581395,0.03488372093023256,3,241,2,8.708243611259525e-4,0.9985091592959233,5.641515759210517e-97
445133,American InterContinental University-Houston,TX,26420,1,6,2,0,0,2,0,0,5,0,0,0,43,0,3,3,1,3,1,74.42788,842.0721523815805,36,82168,11,4.1,32.83264282148034,16.951497207766767,38.23376401423768,8.248817513007223,0.11231884057971014,0.39492753623188404,0.007246376811594203,0.021739130434782608,3,241,2,8.708243611259525e-4,0.9985091592959233,5.641515759210517e-97
445188,University of California-Merced,CA,32900,1,8,1,0,2,1,1,0,1,1,3,1,2,1,3,1,0,0,0,2.90201,149.74221381991117,15.3,65510,15.7,6.2,23.199437631159093,2.568909135392366,63.38124265595225,7.076474581410815,0.08949198160816418,0.04867107771672087,0.5768756308175396,0.21969272176741056,3,357,2,0.2224869827434964,0.497749475307048,1.1668568061063748e-5
445267,Central Methodist University-College of Graduate and Extended Studies,MO,17860,1,4,0,0,1,0,1,1,2,0,0,0,5,1,2,3,1,3,3,2.15014,125.43856157339997,48,72340,7.8,2.5,77.209391016398925,9.011971313495867,4.206237733356898,4.229492033076916,0.7506389193136181,0.12194231471339904,0.02774735304855787,0.00511135450894487,0,119,4,0.08939602857483794,0.05590874822661589,6.523879549806502e-4
445708,Johnson & Wales University-Charlotte,NC,16740,1,5,0,0,1,2,0,0,3,1,0,0,24,1,3,1,0,0,0,27.68407,494.5980195033105,39.9,83304,7.9,3,56.76484707631501,21.674883786957626,12.516439959875841,4.37648799472043,0.33825944170771755,0.43267651888341546,0.12151067323481117,0.018883415435139574,2,103,4,0.0064655327419721655,6.432950837504707e-6,8.012822364942764e-15
445948,Northwest Career College,NV,29820,1,8,2,1,1,2,0,0,2,0,0,0,13,0,3,1,1,3,0,23.29548,295.19108147261124,27.8,76472,9.7,4.8,38.26918354977017,11.531206912242203,31.854892021971644,10.494095850353803,0.1440284230664116,0.323585679147308,0.33916370593058215,0.060399016124624214,3,306,2,0.053126439882979104,0.759081726701098,1.7670920001988555e-20
446552,Southern Technical College,FL,36740,1,5,2,1,1,1,0,0,3,0,0,0,18,0,3,0,1,3,2,27.93746,800.0327766541411,36.7,78533,8.8,3.4,41.891639397425536,14.983430848760051,33.27600290076478,4.426171885346771,0.27949260042283297,0.3200845665961945,0.32346723044397463,0.016067653276955602,2,413,2,0.029656022915085022,0.9687040184899887,2.994362683776872e-26
446774,Blue Ridge Community and Technical College,WV,25180,1,5,1,1,1,0,0,0,2,0,0,0,3,0,1,2,1,3,3,3.02649,300.24545626324505,24.2,78802,8.3,2.7,77.15934960961378,8.946998007592954,6.906019844770675,1.2830044044421096,0.7370710488158531,0.08844852585790237,0.08989850169163847,0.01208313194780087,0,224,4,0.001772652468468234,3.585857208875788e-8,0.3283092364048092
447591,The College of Health Care Professions-Southwest Houston,TX,26420,1,6,2,1,0,2,0,0,6,0,0,0,43,0,3,0,1,3,0,74.42788,842.0721523815805,36,82168,11,4.1,32.83264282148034,16.951497207766767,38.23376401423768,8.248817513007223,0.045283018867924525,0.3584905660377358,0.5094339622641509,0.045283018867924525,3,241,2,8.708243611259525e-4,0.9985091592959233,5.641515759210517e-97
447689,Georgia Gwinnett College,GA,12060,1,5,1,0,3,1,1,0,1,1,0,1,42,1,3,2,1,1,2,62.56377,712.1271698222058,42.2,89724,8,3.4,42.76842651905408,33.267864132867956,12.42343611965839,6.576953402903948,0.20248277950193022,0.33366134282037696,0.27386269018242376,0.10725910226326546,3,34,2,0.026171251060412504,0.9727961255520519,1.238234901231096e-58
447999,WellSpring School of Allied Health-Kansas City,MO,28140,1,4,2,1,0,2,0,0,6,0,0,0,20,0,3,0,1,3,0,22.18142,305.675097182773,39.8,83460,6.8,2.7,69.21301702055143,11.586453887983728,10.940823445929071,2.9573399719224467,0.5238095238095238,0.30952380952380953,0.061224489795918366,0,1,272,4,0.07515614746401443,0.07457876622622062,7.854356368245922e-18
448594,Lemoore College,CA,25260,1,8,1,1,1,0,0,0,1,0,0,1,1,0,2,3,1,2,3,1.53298,110.20923319014514,13.6,70995,12.9,5.5,28.03754778274994,5.810251927618103,58.218632989341025,3.6014820806533674,0.1597566471383506,0.04867057232987832,0.6876971608832808,0.03830554303740424,3,225,2,0.09814404199931245,0.7045871711275837,2.190682476882833e-4
448673,Rasmussen University-Illinois,IL,40420,1,3,2,1,1,2,0,0,6,0,0,0,5,0,3,3,1,3,3,3.36522,423.9386180068578,25,68033,10.4,4.5,64.42193972459452,10.106917229779926,17.135581031849327,2.582000582428489,0.17144060657118787,0.4995787700084246,0.14490311710193765,0.02948609941027801,3,474,4,0.04689876311031671,0.01350967331908268,1.2019250995929406e-9
449250,The College of Health Care Professions-San Antonio,TX,41700,1,6,2,1,0,2,0,0,3,0,0,0,25,0,3,0,1,3,0,26.62733,364.09785875209354,32.3,76213,10,3.5,32.386311357541295,6.528668101533275,54.69902539984295,2.7480787596803733,0.15143369175627241,0.11917562724014337,0.6693548387096774,0.008064516129032258,3,496,4,0.048602943140843013,0.0433538666742268,4.3887347400387916e-38
449384,Gnomon,CA,31080,1,8,2,0,0,2,1,0,4,0,0,0,135,2,1,2,0,3,2,129.74487,2673.43186481921,38,95958,9.2,4.4,27.695761689845614,5.973392242791565,44.974456408180146,16.688166553328852,0.22950819672131148,0.00819672131147541,0.10655737704918032,0.18032786885245902,3,324,2,4.88045109563549e-10,0.9999999995119424,1.519820505768976e-178
451228,MyComputerCareer at Indianapolis,IN,26900,1,3,2,1,1,2,0,0,0,0,0,0,16,0,3,3,1,3,0,21.30055,521.3122639314072,38.5,79852,7.7,2.7,67.40262575379509,14.98886178995378,8.907047001133774,3.95266788885733,0.32669511616880037,0.47083926031294454,0.10384068278805121,0.011853959222380275,2,251,4,0.29715169781802964,0.030672587754793413,1.5484268542631128e-34
451477,MyComputerCareer at Columbus,OH,18140,1,3,2,1,0,2,0,0,3,0,0,0,24,0,2,3,1,3,0,21.75788,453.5305559849711,39.8,81945,8.6,2.8,68.15103309697452,15.916624229934168,5.630144113305156,5.0326594318931805,0.3504492939666239,0.4037227214377407,0.13093709884467267,0.029525032092426188,2,123,4,0.4027699685234773,1.3503723605727494e-8,1.9430381998667755e-30
451750,Bryant & Stratton College-Wauwatosa,WI,33340,1,3,0,0,1,1,0,0,6,0,0,0,15,0,3,0,1,3,2,15.68938,1078.4288618178362,39.6,78218,8.5,2.5,63.8978723187277,15.596855962440836,12.074664518291991,4.136683540076153,0.3271375464684015,0.42602230483271375,0.1382899628252788,0.04014869888475837,2,363,4,0.28562659833551335,0.005165277437032738,8.113248739208536e-16
454227,Chamberlain University-Illinois,IL,16980,1,3,2,0,4,1,3,0,6,0,0,0,71,1,2,3,1,3,3,93.71595,1353.6634887507412,41.6,90887,8.1,4.1,49.31818969983231,15.69979283142304,24.078430619334277,7.278174099499606,0.4684838160136286,0.23212335648451493,0.15563709430830386,0.07456427729000131,2,106,2,2.0857054032759834e-5,0.999979142945989,7.502532897136216e-97
454236,Chamberlain University-Ohio,OH,18140,1,3,2,0,0,2,1,0,6,0,0,0,24,1,3,1,1,3,2,21.75788,453.5305559849711,39.8,81945,8.6,2.8,68.15103309697452,15.916624229934168,5.630144113305156,5.0326594318931805,0.4640151515151515,0.375,0.07386363636363637,0.05303030303030303,2,123,4,0.4027699685234773,1.3503723605727494e-8,1.9430381998667755e-30
454245,Chamberlain University-Arizona,AZ,38060,1,6,2,0,0,2,1,0,6,0,0,0,38,1,2,1,1,3,3,50.28754,345.1753869819712,35.3,88301,7.6,3,52.71450939934624,5.395988747908528,31.06594595798482,4.193881824404216,0.42485549132947975,0.1252408477842004,0.29383429672447015,0.0953757225433526,2,433,2,8.15027280611419e-5,0.9999184941930167,3.467910617002379e-58
454582,Ottawa University-Online,KS,28140,1,4,0,0,0,2,2,1,2,0,0,0,20,0,2,3,1,3,3,22.18142,305.675097182773,39.8,83460,6.8,2.7,69.21301702055143,11.586453887983728,10.940823445929071,2.9573399719224467,0.4610526315789474,0.10947368421052632,0.28,0.01263157894736842,2,272,4,0.07515614746401443,0.07457876622622062,7.854356368245922e-18
455114,College of Western Idaho,ID,14260,1,7,1,1,3,0,0,0,2,0,0,0,7,0,1,2,0,2,3,8.11115,68.93360935226842,37.1,85987,6.1,2.1,76.50986604858744,1.0252553583647201,14.999352742829315,2.040031314918353,0.6334588907650344,0.019742823743343293,0.2145733212105468,0.022989998701130016,1,66,4,0.022137975387384472,0.011320124416502998,0.09864370472562647
455196,Jersey College,NJ,35620,1,2,2,1,1,1,0,0,6,0,0,0,217,2,3,0,1,3,2,197.98537,3224.7177117071606,44.2,99155,9.3,4.4,42.798960347423645,14.856779569116647,25.709157196817117,11.900338898778227,0.2102919346857991,0.5886524822695035,0.08477651327725548,0.030512947385782616,3,396,1,0.9999999998954081,3.009904373621305e-11,8.301191742903615e-141
455512,Woodland Community College,CA,40900,1,8,1,1,1,1,0,0,1,0,0,0,20,0,1,3,1,2,3,24.26388,476.3991813276809,37.1,97188,7.8,3.8,47.565475925532105,6.455191832468674,22.7866276951584,14.868685469924841,0.2273122014763352,0.029526704298740773,0.4804602692140686,0.12310030395136778,3,484,2,4.211908562388775e-4,0.9995574158190782,1.2607960255121965e-20
455868,National Career College,CA,31080,1,8,2,1,0,2,0,0,6,0,0,0,135,0,3,1,1,3,0,129.74487,2673.43186481921,38,95958,9.2,4.4,27.695761689845614,5.973392242791565,44.974456408180146,16.688166553328852,0.09411764705882353,0.02857142857142857,0.653781512605042,0.12100840336134454,3,324,2,4.88045109563549e-10,0.9999999995119424,1.519820505768976e-178
456490,Polytechnic University of Puerto Rico-Orlando,FL,36740,1,5,0,0,0,1,1,0,7,0,0,1,18,0,3,2,1,3,3,27.93746,800.0327766541411,36.7,78533,8.8,3.4,41.891639397425536,14.983430848760051,33.27600290076478,4.426171885346771,0.0136986301369863,0.03424657534246575,0.9383561643835616,0,3,413,2,0.029656022915085022,0.9687040184899887,2.994362683776872e-26
456959,University of Minnesota-Rochester,MN,40340,1,4,1,0,0,2,1,0,6,1,0,0,2,2,2,1,0,0,0,2.28522,92.251185821482,43,91882,4.7,2.3,80.07237815177533,5.590271396189426,5.300583751236205,4.761029572645085,0.540133779264214,0.16220735785953178,0.08361204013377926,0.14214046822742474,1,472,4,0.11207854223097674,0.08884760766020945,0.019324684800303252
457129,Chamberlain University-Florida,FL,27260,1,5,2,0,0,2,1,0,6,0,0,0,10,1,3,2,1,3,3,16.8396,525.9456388718772,36.5,79643,8.6,2.6,58.8326919879332,20.078921114515786,11.108755552388418,4.146357395662605,0.19078415521422798,0.5198059822150364,0.19967663702506064,0.043654001616814875,3,257,2,0.198492640579567,0.6039151382513877,3.3934666581366853e-7
458113,Ascent College,VA,47900,1,5,0,0,0,1,1,1,8,0,0,0,42,0,1,3,1,3,3,63.18377,1047.1802189984844,54.4,126684,5.6,3.3,41.06570405659555,24.18943978809748,18.036973735502013,10.792739971040032,0.40625,0.09375,0.046875,0.0390625,2,590,1,0.9472972929019546,0.0526294215034272,2.414900657154856e-26
458140,Northwest School of Wooden Boat Building,WA,39040,2,8,0,1,0,0,0,0,3,1,0,0,1,0,1,0,0,3,0,0.33577,18.615335457588305,43.9,74048,6.3,2.9,84.563838341722,0.3424963516692974,4.407779134526611,1.292551448908479,0.835820895522388,0,0.05970149253731343,0,0,451,4,0.11315991130743502,0.26132604453868774,1.9414600972624825e-10
458210,West Coast University-Orange County,CA,31080,1,8,2,0,1,2,2,0,6,0,0,0,135,0,2,2,0,3,1,129.74487,2673.43186481921,38,95958,9.2,4.4,27.695761689845614,5.973392242791565,44.974456408180146,16.688166553328852,0.13053348467650397,0.027922814982973894,0.37412031782065835,0.3811577752553916,3,324,2,4.88045109563549e-10,0.9999999995119424,1.519820505768976e-178
458229,West Coast University-Ontario,CA,40140,1,8,2,0,1,2,1,0,6,0,0,0,38,0,2,1,0,3,1,46.75704,171.41298402907972,24.5,89662,9.3,4.1,27.99809397686423,6.705471518299704,53.116642969700386,7.4526531191880405,0.12239297475301866,0.04857299670691548,0.5159165751920965,0.2247530186608123,3,469,2,1.060481404962087e-4,0.9998938311884709,9.816394853840875e-41
459949,Texas A&M University-San Antonio,TX,41700,1,6,1,0,2,2,1,0,4,1,0,1,25,1,3,2,1,2,2,26.62733,364.09785875209354,32.3,76213,10,3.5,32.386311357541295,6.528668101533275,54.69902539984295,2.7480787596803733,0.20149043869516312,0.06228908886389201,0.6803993250843644,0.0140607424071991,3,496,4,0.048602943140843013,0.0433538666742268,4.3887347400387916e-38
460394,Moreno Valley College,CA,40140,1,8,1,1,3,1,0,0,1,0,0,1,38,0,1,3,1,3,3,46.75704,171.41298402907972,24.5,89662,9.3,4.1,27.99809397686423,6.705471518299704,53.116642969700386,7.4526531191880405,0.13961499493414387,0.09341438703140831,0.6532252617359,0.05734549138804458,3,469,2,1.060481404962087e-4,0.9998938311884709,9.816394853840875e-41
460464,Norco College,CA,40140,1,8,1,1,3,1,0,0,1,0,0,1,38,0,1,3,1,2,3,46.75704,171.41298402907972,24.5,89662,9.3,4.1,27.99809397686423,6.705471518299704,53.116642969700386,7.4526531191880405,0.16371976030184213,0.07079973366871348,0.6107864171043871,0.09099652289709255,3,469,2,1.060481404962087e-4,0.9998938311884709,9.816394853840875e-41
460871,Chamberlain University-Virginia,VA,47900,1,5,2,0,0,1,1,0,6,0,0,0,42,1,2,1,1,3,2,63.18377,1047.1802189984844,54.4,126684,5.6,3.3,41.06570405659555,24.18943978809748,18.036973735502013,10.792739971040032,0.14057142857142857,0.5154285714285715,0.19885714285714284,0.08342857142857144,3,590,1,0.9472972929019546,0.0526294215034272,2.414900657154856e-26
461032,Carolina College of Biblical Studies,NC,22180,1,5,0,0,0,2,1,0,8,0,0,0,6,0,3,3,0,3,2,3.9238,376.30476777253807,27.2,61763,13.3,3.9,39.31087211376727,36.07650746725113,13.10209490799735,2.4185738314898826,0.3352601156069364,0.45664739884393063,0.08670520231213873,0.005780346820809248,2,182,4,0.0386904295883482,0.23710993446522585,7.31611506189828e-4
461759,Simmons College of Kentucky,KY,31140,1,5,0,0,0,2,1,1,4,1,0,1,13,0,2,1,1,3,1,13.72558,346.53444055968015,32.9,73863,8.9,3,72.3504580498602,13.323662825177514,7.006771298553503,2.1964827715841517,0.0021645021645021645,0.354978354978355,0.004329004329004329,0,3,325,2,0.08462995435660976,0.4532637560786125,8.616063700716227e-11
462354,John Paul the Great Catholic University,CA,41740,1,8,0,0,0,1,1,1,4,1,0,1,28,1,2,0,0,1,0,32.88774,781.0957594252355,43.2,106268,6.9,3.9,42.408143581772414,4.35490550582071,34.63488217797879,12.080793633128941,0.4092140921409214,0.016260162601626018,0.36314363143631434,0.051490514905149054,2,497,2,3.5503139928722206e-4,0.999644646696276,9.524339239529187e-32
463056,University of Connecticut-Hartford Campus,CT,25540,1,1,1,0,1,2,1,0,0,0,0,0,10,1,2,1,0,0,0,11.53112,794.4433467888126,42.7,95118,6.6,3.3,62.89822671171578,10.431597277627844,16.176659335780048,5.575954460624813,0.41824104234527687,0.1465798045602606,0.18371335504885994,0.18306188925081432,2,228,1,0.8839079838915069,0.0036562657171485334,1.8532616638888144e-20
464226,Ottawa University-Surprise,AZ,38060,1,6,0,0,0,1,1,1,2,1,0,1,38,1,2,1,0,0,0,50.28754,345.1753869819712,35.3,88301,7.6,3,52.71450939934624,5.395988747908528,31.06594595798482,4.193881824404216,0.3995127892813642,0.11693057247259439,0.3459196102314251,0.012180267965895249,2,433,2,8.15027280611419e-5,0.9999184941930167,3.467910617002379e-58
466921,Chamberlain University-Missouri,MO,41180,1,4,2,0,0,1,1,0,6,0,0,0,32,0,3,1,0,3,2,28.1085,357.4542758616538,38.2,80196,7.1,2.7,70.57801021043456,17.06924951527118,3.940160449686038,2.9002259103118275,0.5148936170212766,0.3829787234042553,0.036170212765957444,0.02553191489361702,1,488,5,1.7016254104290031e-6,1.1660740054093254e-24,2.3048914129312328e-18
466930,Chamberlain University-Texas,TX,26420,1,6,2,0,1,2,1,0,6,0,0,0,43,1,3,1,1,3,3,74.42788,842.0721523815805,36,82168,11,4.1,32.83264282148034,16.951497207766767,38.23376401423768,8.248817513007223,0.12692088787706318,0.435685828116107,0.25697211155378485,0.13147410358565736,3,241,2,8.708243611259525e-4,0.9985091592959233,5.641515759210517e-97
470047,WellSpring School of Allied Health-Lawrence,KS,29940,1,4,2,1,0,2,0,0,6,0,0,0,4,0,3,0,1,3,0,1.20302,263.95671833029115,53.2,69746,5.3,2.9,76.02118003025718,4.167844258615816,7.181925487523067,4.32079267177603,0.7213114754098361,0.16393442622950818,0.03278688524590164,0,0,307,4,0.2860667719910685,0.12832197059675318,6.117710799879432e-17
475200,Whitworth University-Adult Degree Programs,WA,44060,1,8,0,0,0,1,1,1,4,0,0,0,8,3,2,2,1,3,3,5.97123,140.78684704567385,32.2,77488,7.3,3.2,81.09116547177048,1.7932653741356472,6.847667900918236,2.1111228339889774,0.7346938775510204,0.025510204081632654,0.11224489795918367,0.015306122448979591,0,531,4,0.006824719942650475,3.3763589104643404e-4,2.1601667511526643e-5
475732,Chamberlain University-Georgia,GA,12060,1,5,2,0,1,2,1,0,6,0,0,0,42,1,3,1,1,3,3,62.56377,712.1271698222058,42.2,89724,8,3.4,42.76842651905408,33.267864132867956,12.42343611965839,6.576953402903948,0.15219155844155843,0.6428571428571429,0.09212662337662338,0.05154220779220779,3,34,2,0.026171251060412504,0.9727961255520519,1.238234901231096e-58
475741,Chamberlain University-Indiana,IN,26900,1,3,2,0,0,2,1,0,6,0,0,0,16,0,3,1,0,3,2,21.30055,521.3122639314072,38.5,79852,7.7,2.7,67.40262575379509,14.98886178995378,8.907047001133774,3.95266788885733,0.456,0.376,0.076,0.04,2,251,4,0.29715169781802964,0.030672587754793413,1.5484268542631128e-34
477039,West Coast University-Texas,TX,19100,1,6,2,0,1,2,2,0,6,0,0,0,45,0,3,2,1,3,2,79.8559,920.424558113531,39.4,90275,7.7,3.2,41.94113396755906,16.034419498120993,29.691632052234084,8.207095530824898,0.1817597944765575,0.3262684649967887,0.2960822093770071,0.10918432883750803,3,138,2,0.04587748349180929,0.9466184467505251,6.072934501974282e-58
480037,MyComputerCareer at Raleigh,NC,39580,1,5,2,1,1,2,0,0,3,0,0,0,12,0,3,3,1,3,0,14.87302,702.0788903232706,51.2,100103,5.6,2.8,57.23766928303734,18.40016351756402,12.360569675829119,6.93746125534693,0.2433107384944702,0.5337138779878702,0.13342846949696754,0.014983945772386728,3,458,4,0.07727783007982697,0.05862133414693756,6.214650410628721e-18
480657,Rasmussen University-Kansas,KS,45820,1,4,2,0,0,2,0,0,6,0,0,0,2,0,3,3,1,3,2,2.32468,71.91142304448508,30.1,69888,7.6,2.3,75.17593819364386,5.149956122993273,11.578797942082351,1.0818693325532975,0.473421926910299,0.24916943521594684,0.10963455149501661,0.023255813953488372,2,558,4,0.054754342922833064,0.19293061479436346,5.498869032015131e-10
480824,The College of Health Care Professions-Dallas,TX,19100,1,6,2,1,0,2,0,0,6,0,0,0,45,0,3,0,1,3,0,79.8559,920.424558113531,39.4,90275,7.7,3.2,41.94113396755906,16.034419498120993,29.691632052234084,8.207095530824898,0.09788867562380038,0.33013435700575816,0.4760076775431862,0.015355086372360844,3,138,2,0.04587748349180929,0.9466184467505251,6.072934501974282e-58
480833,The College of Health Care Professions-Fort Worth,TX,19100,1,6,2,1,1,2,0,0,3,0,0,0,45,0,3,0,1,3,0,79.8559,920.424558113531,39.4,90275,7.7,3.2,41.94113396755906,16.034419498120993,29.691632052234084,8.207095530824898,0.1643041237113402,0.17783505154639176,0.43943298969072164,0.01610824742268041,3,138,2,0.04587748349180929,0.9466184467505251,6.072934501974282e-58
481155,Helms College,GA,12260,1,5,0,1,0,2,0,0,3,0,0,0,7,0,3,0,1,3,0,6.24181,179.32634886919803,29.5,69344,11.9,3.7,51.61916174955662,34.69698693167527,6.6080191482919215,2.0583772976107895,0.22540983606557377,0.7254098360655737,0.02459016393442623,0.004098360655737705,3,38,4,0.008903299561316873,0.13526956573940174,3.062426560067198e-12
481225,Mid-South Christian College,TN,32820,1,5,0,0,0,2,1,1,8,1,0,0,17,0,1,0,0,2,1,13.41924,269.8741064531906,31,66401,12.7,4.1,40.34177792483032,46.3369013446365,7.4920040181113094,2.2803824955809717,0.1111111111111111,0.2222222222222222,0.3333333333333333,0,3,355,4,0.4216162088566813,0.04637734720248026,1.46014379927242e-13
481252,Ultrasound Medical Institute,FL,33100,1,5,2,1,0,1,0,0,6,0,0,0,54,0,3,0,0,3,2,62.49291,1233.2893766984143,36.7,76527,9.8,3.2,27.40245253421548,19.262265111354232,46.74187839868555,2.493578871587193,0.08695652173913043,0.6902173913043478,0.1793478260869565,0.010869565217391304,3,360,1,0.5386944681626634,0.46095198633318446,2.262704342640269e-63
482149,Augusta University,GA,12260,1,5,1,0,3,2,3,0,2,1,2,0,7,1,2,1,0,1,1,6.24181,179.32634886919803,29.5,69344,11.9,3.7,51.61916174955662,34.69698693167527,6.6080191482919215,2.0583772976107895,0.4597880840715651,0.26819524057668925,0.10074691679694285,0.08129233976029182,2,38,4,0.008903299561316873,0.13526956573940174,3.062426560067198e-12
482158,Middle Georgia State University,GA,31420,1,5,1,0,2,2,1,0,2,1,0,0,4,1,2,3,0,2,2,2.34943,136.31025904253764,24.3,59526,15.5,3.6,45.97540680079849,44.595923266494424,4.009908786386485,1.7238223739375083,0.4933316868362559,0.33205729809829587,0.07767349962953815,0.02840207458631761,2,331,4,0.0177083644460056,0.10766158177527521,0.2050108138033081
482413,DeVry College of New York,NY,35620,1,2,2,0,0,2,2,0,5,0,0,0,217,0,3,3,1,3,2,197.98537,3224.7177117071606,44.2,99155,9.3,4.4,42.798960347423645,14.856779569116647,25.709157196817117,11.900338898778227,0.1484375,0.296875,0.265625,0.08203125,3,396,1,0.9999999998954081,3.009904373621305e-11,8.301191742903615e-141
482431,DeVry University-California,CA,40140,1,8,2,0,1,2,1,0,5,0,0,0,38,1,3,3,1,3,2,46.75704,171.41298402907972,24.5,89662,9.3,4.1,27.99809397686423,6.705471518299704,53.116642969700386,7.4526531191880405,0.2403846153846154,0.15955528846153846,0.37950721153846156,0.0928485576923077,3,469,2,1.060481404962087e-4,0.9998938311884709,9.816394853840875e-41
482468,DeVry University-Georgia,GA,12060,1,5,2,0,0,1,1,0,5,0,0,0,42,0,3,3,1,3,2,62.56377,712.1271698222058,42.2,89724,8,3.4,42.76842651905408,33.267864132867956,12.42343611965839,6.576953402903948,0.17519181585677748,0.6355498721227621,0.06265984654731457,0.010230179028132993,3,34,2,0.026171251060412504,0.9727961255520519,1.238234901231096e-58
482477,DeVry University-Illinois,IL,16980,1,3,2,0,4,1,2,0,2,0,0,0,71,1,3,3,1,3,2,93.71595,1353.6634887507412,41.6,90887,8.1,4.1,49.31818969983231,15.69979283142304,24.078430619334277,7.278174099499606,0.39282243172319953,0.3261978812323841,0.15054913013898338,0.019413937214500923,2,106,2,2.0857054032759834e-5,0.999979142945989,7.502532897136216e-97
482556,DeVry University-New Jersey,NJ,35620,1,2,2,0,0,1,1,0,2,0,0,0,217,0,3,3,1,3,2,197.98537,3224.7177117071606,44.2,99155,9.3,4.4,42.798960347423645,14.856779569116647,25.709157196817117,11.900338898778227,0.21,0.37,0.22,0.08,3,396,1,0.9999999998954081,3.009904373621305e-11,8.301191742903615e-141
482574,DeVry University-Ohio,OH,18140,1,3,2,0,0,2,1,0,5,0,0,0,24,0,3,3,1,3,2,21.75788,453.5305559849711,39.8,81945,8.6,2.8,68.15103309697452,15.916624229934168,5.630144113305156,5.0326594318931805,0.5290322580645161,0.31290322580645163,0.04516129032258064,0.00967741935483871,1,123,4,0.4027699685234773,1.3503723605727494e-8,1.9430381998667755e-30
482680,University of North Georgia,GA,12060,1,5,1,0,3,0,2,0,1,1,0,0,42,2,1,2,0,1,2,62.56377,712.1271698222058,42.2,89724,8,3.4,42.76842651905408,33.267864132867956,12.42343611965839,6.576953402903948,0.6973360197000223,0.03833669129169465,0.16817774792925902,0.03352361764047459,0,34,2,0.026171251060412504,0.9727961255520519,1.238234901231096e-58
482699,South Georgia State College,GA,20060,2,5,1,0,1,0,0,0,1,1,0,0,1,0,3,3,1,1,2,0.51684,55.27883620137838,13.1,48870,21,2.4,55.2646853958672,25.71588886309109,15.7805123442458,0.617212290070428,0.5763062596999483,0.25090532850491465,0.11639937920331092,0.0020693222969477496,1,153,4,0.013398507106360445,0.0077572874907741165,0.2050369004291762
483018,Antioch College,OH,19430,1,3,0,0,0,0,1,0,4,1,0,0,14,1,3,0,0,2,0,8.1608,636.7840212344423,32.8,71739,9,3.2,73.49365258308009,14.81325360258798,3.764704440741104,2.3484217233604547,0.47770700636942676,0.14012738853503184,0.1592356687898089,0.044585987261146494,2,144,4,0.009553376934196748,2.2433095808604002e-8,2.293363573390857e-7
483036,Texas A&M University-Central Texas,TX,28660,1,6,1,0,1,0,1,0,1,0,0,1,4,0,3,3,1,3,2,4.9436,175.39130852226086,25.6,69923,10.4,3.7,45.69787199611619,19.211505785257707,25.06857350918359,2.679828465086172,0.3589076723016905,0.235370611183355,0.3021239705244907,0.03901170351105332,2,280,2,0.1319555052118745,0.7315608246621399,2.752866026755306e-4
483045,Central Georgia Technical College,GA,47580,1,5,1,1,3,2,0,0,3,0,0,0,2,0,2,3,1,2,3,1.98209,376.5091291826833,31.1,79345,9.5,3.2,50.18944649334793,33.56658880272843,7.843236179991826,2.591708751873023,0.35719071013845466,0.5234479678427869,0.060741402411790976,0.010719071013845467,2,586,4,0.1218917256499957,0.24835205182589987,0.021626869100853843
483212,Louisiana Delta Community College,LA,33740,1,5,1,1,1,2,0,0,2,0,0,0,3,0,3,3,0,3,2,2.23674,78.81880029821708,24.6,51660,19.3,3.9,56.14823358995681,37.00743045682556,3.5623273156468787,0.8418501926911487,0.46624843161856966,0.45119196988707655,0.031869510664993723,0.005520702634880803,2,369,4,0.01640583285471842,0.09681175748672909,0.26385383835692167
483595,Ana G. Mendez University,FL,36740,1,5,0,0,2,2,2,0,2,0,0,1,18,0,3,3,1,3,2,27.93746,800.0327766541411,36.7,78533,8.8,3.4,41.891639397425536,14.983430848760051,33.27600290076478,4.426171885346771,0.031701146003869626,0.002530138413454383,0.778836136329811,1.488316713796696e-4,3,413,2,0.029656022915085022,0.9687040184899887,2.994362683776872e-26
484613,University of Phoenix-Arizona,AZ,38060,1,6,2,0,4,2,3,0,5,0,0,0,38,0,3,3,1,3,0,50.28754,345.1753869819712,35.3,88301,7.6,3,52.71450939934624,5.395988747908528,31.06594595798482,4.193881824404216,0.29860945148127493,0.26064597218902963,0.12090071430468148,0.010382644255025358,2,433,2,8.15027280611419e-5,0.9999184941930167,3.467910617002379e-58
484905,University of North Texas at Dallas,TX,19100,1,6,1,0,1,2,3,0,1,1,0,1,45,1,3,2,0,2,2,79.8559,920.424558113531,39.4,90275,7.7,3.2,41.94113396755906,16.034419498120993,29.691632052234084,8.207095530824898,0.10077742585660812,0.2948459545061906,0.525194356464152,0.02764180823495537,3,138,2,0.04587748349180929,0.9466184467505251,6.072934501974282e-58
485111,Georgia Military College,GA,33300,2,5,1,0,2,0,0,0,2,1,0,0,2,0,2,3,1,2,2,0.43642,168.69780426192278,24.4,54403,14.7,2.9,51.42981531552174,41.33632739104532,2.875670225929151,1.7391503597451996,0.3526340039932422,0.44785747197051146,0.09414836430655814,0.02442021194900937,2,362,4,0.03905038235864256,0.04346215850326269,0.039798714930267744
485272,West Coast University-Miami,FL,33100,1,5,2,0,0,2,1,0,6,0,0,0,54,0,3,1,1,3,2,62.49291,1233.2893766984143,36.7,76527,9.8,3.2,27.40245253421548,19.262265111354232,46.74187839868555,2.493578871587193,0.045914396887159536,0.1642023346303502,0.7455252918287938,0.014007782101167316,3,360,1,0.5386944681626634,0.46095198633318446,2.262704342640269e-63
485458,Coastal Pines Technical College,GA,48180,2,5,1,1,1,0,0,0,2,0,0,0,1,0,1,2,1,2,3,0.56178,45.31561016230843,16.5,51821,13.4,2.4,68.66922994766634,22.59425397842572,5.158603011855174,0.8223859873972018,0.579064587973274,0.303637713437268,0.07275426874536006,0.005196733481811433,1,596,4,0.012824481686845076,0.003049656267625836,0.2064234522764704
485500,ABCO Technology,CA,31080,1,8,2,1,0,2,0,0,0,0,0,0,135,0,1,3,1,3,0,129.74487,2673.43186481921,38,95958,9.2,4.4,27.695761689845614,5.973392242791565,44.974456408180146,16.688166553328852,0.2011173184357542,0.40782122905027934,0.2011173184357542,0.1005586592178771,3,324,2,4.88045109563549e-10,0.9999999995119424,1.519820505768976e-178
486354,United International College,FL,33100,1,5,2,0,0,1,0,0,5,0,0,0,54,0,0,0,1,2,0,62.49291,1233.2893766984143,36.7,76527,9.8,3.2,27.40245253421548,19.262265111354232,46.74187839868555,2.493578871587193,0.09268292682926829,0.14634146341463414,0.11707317073170732,0,3,360,1,0.5386944681626634,0.46095198633318446,2.262704342640269e-63
486840,Kennesaw State University,GA,12060,1,5,1,0,4,1,2,0,1,1,2,0,42,2,2,2,1,1,1,62.56377,712.1271698222058,42.2,89724,8,3.4,42.76842651905408,33.267864132867956,12.42343611965839,6.576953402903948,0.42345115840093484,0.2680389204736972,0.15649086537381182,0.05759421136603672,2,34,2,0.026171251060412504,0.9727961255520519,1.238234901231096e-58
486938,Chamberlain University-Nevada,NV,29820,1,8,2,0,0,2,1,0,6,0,0,0,13,1,2,1,1,3,2,23.29548,295.19108147261124,27.8,76472,9.7,4.8,38.26918354977017,11.531206912242203,31.854892021971644,10.494095850353803,0.25559481743227325,0.11071849234393404,0.27326266195524146,0.2838633686690224,3,306,2,0.053126439882979104,0.759081726701098,1.7670920001988555e-20
486947,Chamberlain University-Michigan,MI,19820,1,3,2,0,0,2,1,0,6,0,0,0,24,1,3,1,1,3,3,43.76828,1124.4671569616844,34.8,76664,9.8,4,63.489952084020665,21.192493742043325,5.2573004925027895,5.0591204406478845,0.5988764044943821,0.22134831460674156,0.04943820224719101,0.0696629213483146,1,149,5,1.1949274011385209e-5,8.123617870406212e-9,2.5192607683777794e-16
486956,Chamberlain University-New Jersey,NJ,35620,1,2,2,0,1,1,1,0,6,0,0,0,217,0,2,1,1,3,2,197.98537,3224.7177117071606,44.2,99155,9.3,4.4,42.798960347423645,14.856779569116647,25.709157196817117,11.900338898778227,0.2077577045696068,0.44580233793836344,0.20988310308182784,0.08395324123273114,3,396,1,0.9999999998954081,3.009904373621305e-11,8.301191742903615e-141
487162,Southern Regional Technical College,GA,45620,2,5,1,1,2,0,0,0,2,0,0,0,2,0,2,2,1,2,3,0.71885,71.95010050002317,20.4,60262,13.3,3,56.63907630242749,32.72588161647075,7.339500591222091,0.5856576476316339,0.44174220650011053,0.42206500110546097,0.10170240990493036,0.003979659518019014,2,554,4,0.02063614054352954,0.06728063528891252,0.18754387112133147
487320,Texas State Technical College,TX,47380,1,6,1,1,3,2,0,0,3,1,0,1,4,0,2,3,0,2,2,3.02045,108.44812291794608,27.5,66205,10.2,2.7,55.11662169544274,13.014285950768926,26.373884686056716,1.612673608237183,0.2713059195661997,0.06615454134658834,0.4853140533212833,0.008224130140081337,2,583,2,0.16354125630588096,0.6679522684904496,0.0013399428477108711
487524,Husson University,ME,12620,1,1,0,0,1,2,3,0,2,1,0,0,4,1,2,3,1,1,2,1.5471,45.540631854316736,30.1,66356,8.5,2.2,91.1382586775257,1.1014155516773318,2.0832525370047184,1.0606942020554586,0.8038692461641094,0.061374249499666446,0.01000667111407605,0.01200800533689126,0,43,4,0.0031548051067293134,4.6044933562837446e-7,0.3955533331597227
488305,Elim Bible Institute and College,NY,40380,1,2,0,0,0,0,0,1,8,1,0,0,14,0,2,3,0,3,2,10.58413,361.5087062104799,38.2,76284,8.2,2.9,73.21055202458776,10.284926583479228,8.617996944481975,2.97615392101193,0.62,0.12,0.06,0,1,473,4,0.0334978347917004,2.8238396704646783e-8,2.7720848314395884e-24
488776,John Patrick University of Health and Applied Sciences,IN,43780,1,3,2,0,0,2,0,0,3,0,0,0,7,1,2,1,1,3,2,3.2456,342.39687278390915,31.5,67217,9.1,3.2,71.32333004683264,10.95945279763372,9.586825240325364,2.4118807000246485,0.3609154929577465,0.1742957746478873,0.29225352112676056,0.056338028169014086,2,529,4,0.020292233640420595,1.955846205518625e-4,3.362667342959013e-13
489201,Clovis Community College,CA,23420,1,8,1,1,3,2,0,0,1,0,0,1,11,0,1,3,1,2,3,11.77665,145.47532008102618,23.4,74468,14.3,5.4,26.75361838893064,3.9328671566192424,55.403956133535424,9.771539444578892,0.25689609588437473,0.038159866043888255,0.5277165770688288,0.12505508063805412,3,198,2,8.986010464665058e-4,0.9989644369967745,1.3239175792476844e-20
489283,The College of Health Care Professions-McAllen Campus,TX,32580,1,6,2,1,0,2,0,0,3,0,0,0,5,0,3,0,1,3,0,8.91977,567.6934034274111,20.6,54338,23.3,4.5,5.986701450822163,0.5716515111936743,91.92882776125393,1.0109005052820867,0.013605442176870748,0.002551020408163265,0.9787414965986394,0.0017006802721088435,3,351,4,0.08850901690179613,0.31612940688945845,1.070211240423842e-17
489344,Chamberlain University-North Carolina,NC,16740,1,5,2,0,0,2,1,0,6,0,0,0,24,0,2,1,0,3,2,27.68407,494.5980195033105,39.9,83304,7.9,3,56.76484707631501,21.674883786957626,12.516439959875841,4.37648799472043,0.2890855457227139,0.504424778761062,0.12684365781710916,0.029498525073746312,2,103,4,0.0064655327419721655,6.432950837504707e-6,8.012822364942764e-15
489353,Chamberlain University-California,CA,40900,1,8,2,0,0,2,1,0,6,0,0,0,20,1,2,1,0,3,2,24.26388,476.3991813276809,37.1,97188,7.8,3.8,47.565475925532105,6.455191832468674,22.7866276951584,14.868685469924841,0.32111861137897785,0.06943105110896818,0.23529411764705882,0.3076181292189007,2,484,2,4.211908562388775e-4,0.9995574158190782,1.2607960255121965e-20
489779,Purdue University Global,IN,29200,1,3,1,0,4,2,3,0,2,0,0,0,2,0,2,3,1,3,3,2.26805,138.10792146638414,36,62011,9,2.1,74.97277396882784,5.196975375322413,9.369722889707017,6.707083177178634,0.5177596505877063,0.19029267561607469,0.16400111332348472,0.029802813282805575,1,292,2,0.13015949979178412,0.49055454753745087,0.016413331956113466
490115,Nashville Film Institute,TN,34980,1,5,2,1,0,2,0,0,0,0,0,0,24,0,2,0,0,3,0,20.79596,329.99521405275505,40.9,85447,7.1,2.5,68.40155491739742,13.807537617883472,10.082342916604956,2.909363164768542,0.5892857142857143,0.26785714285714285,0.08928571428571429,0.03571428571428571,1,390,5,0.007880942498670053,1.4074581735675267e-10,9.74494300407958e-25
490805,Purdue University Northwest,IN,16980,1,3,1,0,2,1,2,0,2,1,1,1,71,2,1,1,1,1,2,93.71595,1353.6634887507412,41.6,90887,8.1,4.1,49.31818969983231,15.69979283142304,24.078430619334277,7.278174099499606,0.5110288446706771,0.11584143143606355,0.2537405522134814,0.03393490667900663,1,106,2,2.0857054032759834e-5,0.999979142945989,7.502532897136216e-97
491631,Women's Institute of Torah Seminary and College,MD,12580,1,2,0,0,0,2,1,0,8,0,0,0,26,1,1,0,0,0,2,28.49436,1095.3176922801579,44,99470,6.7,3,52.18194056648403,28.448050772152804,8.140804004722337,5.931103558739344,1,0,0,0,0,42,4,0.001431104925068159,3.6311551846083747e-9,6.417649568757216e-17
492722,The College of Health Care Professions-South San Antonio,TX,41700,1,6,2,1,0,2,0,0,6,0,0,0,25,0,3,0,1,3,0,26.62733,364.09785875209354,32.3,76213,10,3.5,32.386311357541295,6.528668101533275,54.69902539984295,2.7480787596803733,0.08557844690966719,0.06339144215530904,0.8351822503961965,0.001584786053882726,3,496,4,0.048602943140843013,0.0433538666742268,4.3887347400387916e-38
492759,Chamberlain University-Louisiana,LA,35380,1,5,2,0,0,1,1,0,6,0,0,0,13,0,2,1,0,3,2,9.81662,416.21392081329884,33.4,62655,13.7,4.2,41.46722599020845,37.43915930330399,13.08434063863122,3.1372305335237582,0.24579560155239327,0.5976714100905562,0.08408796895213454,0.02069857697283312,3,393,4,0.07643155616256932,0.08472801493706762,6.612178212848682e-8
492801,Drury University-College of Continuing Professional Studies,MO,44180,1,4,0,0,0,2,1,1,2,0,0,0,12,0,3,3,1,3,2,4.86785,161.88540344522434,30.8,65071,8.6,2.2,86.63640005341166,2.1313310804564645,4.4013270745811806,1.4285567550355907,0.6927374301675978,0.06368715083798883,0.11620111731843576,0.024581005586592177,0,534,4,0.06448475752456417,2.8614413179829734e-6,7.95833286835047e-17
492962,Indiana Institute of Technology-College of Professional Studies,IN,23060,1,3,0,0,1,2,1,0,5,0,0,0,5,0,3,3,1,3,2,4.55416,334.6543552150934,30.2,71213,9.1,2.9,72.86788342965552,9.104862367593585,8.233790644158308,4.60128761396174,0.5091863517060368,0.2866141732283465,0.07034120734908136,0.011286089238845144,1,194,4,0.16345493275157646,0.16793738187204732,0.0036414457151986985
493451,WellSpring School of Allied Health-Springfield,MO,44180,1,4,2,1,0,2,0,0,3,0,0,0,12,0,3,0,1,3,0,4.86785,161.88540344522434,30.8,65071,8.6,2.2,86.63640005341166,2.1313310804564645,4.4013270745811806,1.4285567550355907,0.8905109489051095,0.014598540145985401,0.0364963503649635,0,0,534,4,0.06448475752456417,2.8614413179829734e-6,7.95833286835047e-17
494898,WellSpring School of Allied Health-Wichita,KS,48620,1,4,2,1,0,2,0,0,6,0,0,0,9,0,3,0,1,3,0,6.52622,157.32880276470786,31.8,70655,9,3.1,68.66884659113545,6.4492156255841815,14.808878646444649,3.629972633469298,0.6559139784946236,0.0967741935483871,0.13978494623655913,0.021505376344086023,1,604,1,0.5113567270857822,0.2888645854089564,3.5139987639513747e-19
494959,Northern Pennsylvania Regional College,PA,47620,2,2,1,1,0,0,0,0,5,0,0,0,1,0,0,3,1,3,3,0.3792,42.882243140813365,19.9,60480,7.6,2.4,94.19831223628692,0.7542194092827004,1.2684599156118144,0.43776371308016876,0.8490566037735849,0.018867924528301886,0.05660377358490566,0,0,587,4,0.1130965676890155,0.2611617030293362,1.3040097942727214e-4
495147,Pacific Northwest Christian College,WA,28420,1,8,0,1,0,2,0,0,8,1,0,0,2,0,3,1,0,0,1,3.11807,105.99467337650793,29.6,89010,8.6,3.4,55.883607487965314,1.6789231800440656,35.024871154271715,2.6356047170204646,0.29577464788732394,0.06338028169014084,0.528169014084507,0,2,276,2,0.11446000350361608,0.7448883596457426,1.595948731289355e-8
497046,Madera Community College,CA,23420,1,8,1,1,2,0,0,0,1,0,0,1,11,0,1,3,1,2,3,11.77665,145.47532008102618,23.4,74468,14.3,5.4,26.75361838893064,3.9328671566192424,55.403956133535424,9.771539444578892,0.17994389901823282,0.031697054698457225,0.6563814866760168,0.091164095371669,3,198,2,8.986010464665058e-4,0.9989644369967745,1.3239175792476844e-20
498562,Commonwealth University of Pennsylvania,PA,14100,2,2,1,0,3,0,2,0,2,1,0,0,1,1,2,1,0,0,1,0.65362,135.25240544399546,26.6,64644,7.7,3.5,90.5204859092439,1.6599859245433126,4.0742327346164435,0.7343716532541844,0.7752196304150257,0.060486721195597296,0.0700797738059174,0.011208724628900333,0,64,4,0.07925772593093218,0.14673455264371266,0.10245551247870045
498571,Pennsylvania Western University,PA,38300,1,2,1,0,3,0,3,0,2,1,0,0,36,1,2,2,0,1,1,24.3994,432.58903711303543,38.2,75762,7.1,3.1,82.7781830700755,7.758715378247007,2.416698771281261,2.636458273564104,0.7374690941784671,0.0832771409305462,0.040346145201168804,0.010451786918408631,0,438,4,0.013286297751505905,3.019324705412817e-15,2.0459890435333933e-22
500096,Lincoln College of Technology-East Point,GA,12060,1,5,2,1,0,1,0,0,0,0,0,0,42,0,1,1,1,3,0,62.56377,712.1271698222058,42.2,89724,8,3.4,42.76842651905408,33.267864132867956,12.42343611965839,6.576953402903948,0.02476780185758514,0.7925696594427245,0.11455108359133127,0.0030959752321981426,3,34,2,0.026171251060412504,0.9727961255520519,1.238234901231096e-58
