unitid,instnm,cbsa,cbsa_type,city,stabbr,zip,fips,obereg,sector,iclevel,control,hbcu,tribal,carnegie
100636,COMMUNITY COLLEGE OF THE AIR FORCE,33860,1,MONTGOMERY,AL,36112-6613,1,0,4,2,1,2,2,40
100654,ALABAMA A & M UNIVERSITY,26620,1,NORMAL,AL,35762,1,5,1,1,1,1,2,16
100663,UNIVERSITY OF ALABAMA AT BIRMINGHAM,13820,1,BIRMINGHAM,AL,35294-0110,1,5,1,1,1,2,2,15
100690,SOUTHERN CHRISTIAN UNIVERSITY,33860,1,MONTGOMERY,AL,36117-3553,1,5,2,1,2,2,2,51
100706,UNIVERSITY OF ALABAMA IN HUNTSVILLE,26620,1,HUNTSVILLE,AL,35899,1,5,1,1,1,2,2,16
100724,ALABAMA STATE UNIVERSITY,33860,1,MONTGOMERY,AL,36101-0271,1,5,1,1,1,1,2,21
100751,THE UNIVERSITY OF ALABAMA,13820,1,TUSCALOOSA,AL,35487,1,5,1,1,1,2,2,15
100760,CENTRAL ALABAMA COMMUNITY COLLEGE,10760,2,ALEXANDER CITY,AL,35010,1,5,4,2,1,2,2,40
100812,ATHENS STATE UNIVERSITY,26620,1,ATHENS,AL,35611,1,5,1,1,1,2,2,32
100830,AUBURN UNIVERSITY-MONTGOMERY,33860,1,MONTGOMERY,AL,36117-3596,1,5,1,1,1,2,2,21
100858,AUBURN UNIVERSITY MAIN CAMPUS,12220,1,AUBURN UNIVERSITY,AL,36849,1,5,1,1,1,2,2,15
100919,BESSEMER STATE TECHNICAL COLLEGE,13820,1,BESSEMER,AL,35022,1,5,4,2,1,2,2,40
100937,BIRMINGHAM SOUTHERN COLLEGE,13820,1,Birmingham,AL,35254,1,5,2,1,2,2,2,31
101028,CHATTAHOOCHEE VALLEY COMMUNITY COLLEGE,17980,1,PHENIX CITY,AL,36869,1,5,4,2,1,2,2,40
101073,CONCORDIA COLLEGE,42820,2,SELMA,AL,36701,1,5,2,1,2,1,2,33
101116,SOUTH UNIVERSITY-MONTGOMERY,33860,1,MONTGOMERY,AL,36116-1120,1,5,3,1,3,2,2,40
101143,ENTERPRISE-OZARK COMMUNITY COLLEGE,21460,2,ENTERPRISE,AL,36330-1300,1,5,4,2,1,2,2,40
101161,JAMES H FAULKNER STATE COMMUNITY COLLEGE,19300,2,BAY MINETTE,AL,36507-2698,1,5,4,2,1,2,2,40
101189,FAULKNER UNIVERSITY,33860,1,MONTGOMERY,AL,36109-3378,1,5,2,1,2,2,2,32
101240,GADSDEN STATE COMMUNITY COLLEGE,23460,1,GADSDEN,AL,35902-0227,1,5,4,2,1,1,2,40
101286,GEORGE C WALLACE COMMUNITY COLLEGE-DOTHAN,21460,2,DOTHAN,AL,36303-9234,1,5,4,2,1,2,2,40
101295,GEORGE C WALLACE STATE COMMUNITY COLLEGE-HANCEVILLE,18980,2,HANCEVILLE,AL,35077-2000,1,5,4,2,1,2,2,40
101301,GEORGE C WALLACE STATE COMMUNITY COLLEGE-SELMA,42820,2,SELMA,AL,36703-2808,1,5,4,2,1,2,2,40
101365,HERZING COLLEGE,13820,1,BIRMINGHAM,AL,35209,1,5,3,1,3,2,2,40
101435,HUNTINGDON COLLEGE,33860,1,MONTGOMERY,AL,36106-2148,1,5,2,1,2,2,2,31
101453,HERITAGE CHRISTIAN UNIVERSITY,22520,1,FLORENCE,AL,35630-9977,1,5,2,1,2,2,2,51
101462,J F DRAKE STATE TECHNICAL COLLEGE,26620,1,HUNTSVILLE,AL,35811-1544,1,5,4,2,1,1,2,40
101471,J F INGRAM STATE TECHNICAL COLLEGE,33860,1,DEATSVILLE,AL,36022,1,5,4,2,1,2,2,40
101480,JACKSONVILLE STATE UNIVERSITY,11500,1,JACKSONVILLE,AL,36265,1,5,1,1,1,2,2,21
101499,JEFFERSON DAVIS COMMUNITY COLLEGE,-2,-2,BREWTON,AL,36426,1,5,4,2,1,2,2,40
101505,JEFFERSON STATE COMMUNITY COLLEGE,13820,1,BIRMINGHAM,AL,35215-3098,1,5,4,2,1,2,2,40
101514,JOHN C CALHOUN STATE COMMUNITY COLLEGE,26620,1,Tanner,AL,35671,1,5,4,2,1,2,2,40
101541,JUDSON COLLEGE,-2,-2,MARION,AL,36756,1,5,2,1,2,2,2,31
101569,LAWSON STATE COMMUNITY COLLEGE,13820,1,BIRMINGHAM,AL,35221-1717,1,5,4,2,1,1,2,40
101587,UNIVERSITY OF WEST ALABAMA,-2,-2,LIVINGSTON,AL,35470,1,5,1,1,1,2,2,21
101602,LURLEEN B WALLACE COMMUNITY COLLEGE,-2,-2,ANDALUSIA,AL,36420-1418,1,5,4,2,1,2,2,40
101648,MARION MILITARY INSTITUTE,-2,-2,MARION,AL,36756,1,5,5,2,2,2,2,40
101675,MILES COLLEGE,13820,1,FAIRFIELD,AL,35064,1,5,2,1,2,1,2,32
101693,UNIVERSITY OF MOBILE,33660,1,MOBILE,AL,36663-0220,1,5,2,1,2,2,2,21
101709,UNIVERSITY OF MONTEVALLO,13820,1,MONTEVALLO,AL,35115,1,5,1,1,1,2,2,21
101736,NORTHWEST SHOALS COMMUNITY COLLEGE-MUSCLE SHOALS,22520,1,MUSCLE SHOALS,AL,35661,1,5,4,2,1,2,2,40
101879,UNIVERSITY OF NORTH ALABAMA,22520,1,Florence,AL,35632-0001,1,5,1,1,1,2,2,21
101897,NORTHEAST ALABAMA COMMUNITY COLLEGE,22840,2,RAINSVILLE,AL,35986,1,5,4,2,1,2,2,40
101912,OAKWOOD COLLEGE,26620,1,HUNTSVILLE,AL,35896,1,5,2,1,2,1,2,32
101949,ALABAMA SOUTHERN COMMUNITY COLLEGE,-2,-2,MONROEVILLE,AL,36460,1,5,4,2,1,2,2,40
101958,PRINCE INSTITUTE OF PROFESSIONAL STUDIES INC,33860,1,MONTGOMERY,AL,36117-4231,1,5,6,2,3,2,2,40
101994,REID STATE TECHNICAL COLLEGE,-2,-2,EVERGREEN,AL,36401,1,5,4,2,1,2,2,40
102030,BISHOP STATE COMMUNITY COLLEGE,33660,1,MOBILE,AL,36603-5898,1,5,4,2,1,1,2,40
102049,SAMFORD UNIVERSITY,13820,1,BIRMINGHAM,AL,35229-2240,1,5,2,1,2,2,2,21
102067,SHELTON STATE COMMUNITY COLLEGE,46220,1,TUSCALOOSA,AL,35405-8522,1,5,4,2,1,2,2,40
102076,SNEAD STATE COMMUNITY COLLEGE,10700,2,BOAZ,AL,35957-0734,1,5,4,2,1,2,2,40
102094,UNIVERSITY OF SOUTH ALABAMA,33660,1,MOBILE,AL,36688-0002,1,5,1,1,1,2,2,16
102234,SPRING HILL COLLEGE,33660,1,MOBILE,AL,36608-1791,1,5,2,1,2,2,2,21
102261,SOUTHEASTERN BIBLE COLLEGE,13820,1,BIRMINGHAM,AL,35244-2083,1,5,2,1,2,2,2,51
102270,STILLMAN COLLEGE,46220,1,TUSCALOOSA,AL,35403,1,5,2,1,2,1,2,32
102298,TALLADEGA COLLEGE,45180,2,TALLADEGA,AL,35160,1,5,2,1,2,1,2,31
102313,H COUNCILL TRENHOLM STATE TECHNICAL COLLEGE,33860,1,MONTGOMERY,AL,36108-3199,1,5,4,2,1,1,2,40
102322,TROY STATE UNIVERSITY DOTHAN,20020,1,DOTHAN,AL,36304,1,5,1,1,1,2,2,21
102359,TROY STATE UNIVERSITY-MONTGOMERY,33860,1,MONTGOMERY,AL,36103-4419,1,5,1,1,1,2,2,21
102368,TROY STATE UNIVERSITY-MAIN CAMPUS,45980,2,TROY,AL,36082-0001,1,5,1,1,1,2,2,21
102377,TUSKEGEE UNIVERSITY,46260,2,TUSKEGEE,AL,36088-1920,1,5,2,1,2,1,2,21
102395,UNITED STATES SPORTS ACADEMY,19300,2,DAPHNE,AL,36526-7055,1,5,2,1,2,2,2,59
102429,BEVILL STATE COMMUNITY COLLEGE,13820,1,SUMITON,AL,35148,1,5,4,2,1,2,2,40
102553,UNIVERSITY OF ALASKA ANCHORAGE,11260,1,ANCHORAGE,AK,99508-8046,2,8,1,1,1,2,2,21
102614,UNIVERSITY OF ALASKA FAIRBANKS,21820,1,FAIRBANKS,AK,99775-7480,2,8,1,1,1,2,2,16
102632,UNIVERSITY OF ALASKA SOUTHEAST,27940,2,JUNEAU,AK,99801,2,8,1,1,1,2,2,21
102669,ALASKA PACIFIC UNIVERSITY,11260,1,ANCHORAGE,AK,99508,2,8,2,1,2,2,2,21
102845,CHARTER COLLEGE,11260,1,ANCHORAGE,AK,99508,2,8,3,1,3,2,2,40
103361,PRINCE WILLIAM SOUND COMMUNITY COLLEGE,-2,-2,VALDEZ,AK,99686,2,8,4,2,1,2,2,40
103440,SHELDON JACKSON COLLEGE,-2,-2,SITKA,AK,99835-7699,2,8,2,1,2,2,2,32
103644,EVEREST COLLEGE,38060,1,PHOENIX,AZ,85021-1641,4,6,6,2,3,2,2,40
103723,COLLINS COLLEGE,38060,1,TEMPE,AZ,85281-5206,4,6,3,1,3,2,2,56
103787,AMERICAN INDIAN COLL OF THE ASSEMBLIES OF GOD INC,38060,1,PHOENIX,AZ,85021,4,6,2,1,2,2,2,51
103963,ARIZONA AUTOMOTIVE INSTITUTE,38060,1,GLENDALE,AZ,85301-3579,4,6,6,2,3,2,2,40
104090,INTERNATIONAL INSTITUTE OF THE AMERICAS,38060,1,PHOENIX,AZ,85019-1600,4,6,2,1,2,2,2,40
104151,ARIZONA STATE UNIVERSITY AT THE TEMPE CAMPUS,38060,1,TEMPE,AZ,85287,4,6,1,1,1,2,2,15
104160,ARIZONA WESTERN COLLEGE,49740,1,YUMA,AZ,85365-8834,4,6,4,2,1,2,2,40
104179,UNIVERSITY OF ARIZONA,46060,1,TUCSON,AZ,85721-0066,4,6,1,1,1,2,2,15
104188,THE ART CENTER DESIGN COLLEGE-TUCSON,46060,1,TUCSON,AZ,85716,4,6,3,1,3,2,2,40
104346,CENTRAL ARIZONA COLLEGE,38060,1,COOLIDGE,AZ,85228-9778,4,6,4,2,1,2,2,40
104364,CHAPARRAL COLLEGE,46060,1,Tucson,AZ,85712,4,6,3,1,3,2,2,55
104425,COCHISE COLLEGE,43420,2,Douglas,AZ,85607-9724,4,6,4,2,1,2,2,40
104531,DEVRY UNIVERSITY-ARIZONA,38060,1,PHOENIX,AZ,85021-2995,4,6,3,1,3,2,2,54
104577,EASTERN ARIZONA COLLEGE,40940,2,Thatcher,AZ,85552-0769,4,6,4,2,1,2,2,40
104708,GLENDALE COMMUNITY COLLEGE,38060,1,GLENDALE,AZ,85302,4,6,4,2,1,2,2,40
104717,GRAND CANYON UNIVERSITY,38060,1,PHOENIX,AZ,85017,4,6,3,1,3,2,2,21
104805,HIGH-TECH INSTITUTE-PHOENIX,38060,1,Phoenix,AZ,85014,4,6,6,2,3,2,2,40
104984,LAMSON COLLEGE,38060,1,TEMPE,AZ,85281-1700,4,6,6,2,3,2,2,40
105118,LONG TECHNICAL COLLEGE,38060,1,PHOENIX,AZ,85029,4,6,6,2,3,2,2,40
105145,GATEWAY COMMUNITY COLLEGE,38060,1,Phoenix,AZ,85034,4,6,4,2,1,2,2,40
105154,MESA COMMUNITY COLLEGE,38060,1,MESA,AZ,85202,4,6,4,2,1,2,2,40
105163,ITT TECHNICAL INSTITUTE,46060,1,TUCSON,AZ,85704-5829,4,6,3,1,3,2,2,40
105172,ITT TECHNICAL INSTITUTE,38060,1,TEMPE,AZ,85282,4,6,3,1,3,2,2,54
105206,MOHAVE COMMUNITY COLLEGE,29420,1,KINGMAN,AZ,86401-1238,4,6,4,2,1,2,2,40
105297,DINE COLLEGE,-2,-2,TSAILE,AZ,86556,4,6,4,2,1,2,1,60
105330,NORTHERN ARIZONA UNIVERSITY,22380,1,FLAGSTAFF,AZ,86011-4132,4,6,1,1,1,2,2,16
105349,NORTHLAND PIONEER COLLEGE,-2,-2,HOLBROOK,AZ,86025-0610,4,6,4,2,1,2,2,40
105428,PHOENIX COLLEGE,38060,1,PHOENIX,AZ,85013,4,6,4,2,1,2,2,40
105516,UNIVERSITY OF PHOENIX-PHOENIX CAMPUS,38060,1,Phoenix,AZ,85040-1958,4,6,3,1,3,2,2,55
105525,PIMA COMMUNITY COLLEGE,46060,1,TUCSON,AZ,85709-0001,4,6,4,2,1,2,2,40
105589,PRESCOTT COLLEGE,39140,1,PRESCOTT,AZ,86301,4,6,2,1,2,2,2,22
105659,REFRIGERATION SCHOOL INC,38060,1,PHOENIX,AZ,85034-1816,4,6,6,2,3,2,2,40
105668,RIO SALADO COLLEGE,38060,1,TEMPE,AZ,85281,4,6,4,2,1,2,2,40
105747,SCOTTSDALE COMMUNITY COLLEGE,38060,1,SCOTTSDALE,AZ,85256,4,6,4,2,1,2,2,40
105792,SOUTH MOUNTAIN COMMUNITY COLLEGE,38060,1,PHOENIX,AZ,85040,4,6,4,2,1,2,2,40
105899,SOUTHWESTERN CONSERVATIVE BAPTIST BIBLE COLLEGE,38060,1,PHOENIX,AZ,85032-7097,4,6,2,1,2,2,2,51
106041,UNIVERSAL TECHNICAL INSTITUTE INC,38060,1,Avondale,AZ,85323,4,6,6,2,3,2,2,40
106050,METROPOLITAN COLLEGE,38060,1,PHOENIX,AZ,85008,4,6,2,1,2,2,2,55
106102,WESTERN INTERNATIONAL UNIVERSITY,38060,1,PHOENIX,AZ,85021,4,6,3,1,3,2,2,21
106148,YAVAPAI COLLEGE,39140,1,PRESCOTT,AZ,86301,4,6,4,2,1,2,2,40
106245,UNIVERSITY OF ARKANSAS AT LITTLE ROCK,30780,1,Little Rock,AR,72204,5,5,1,1,1,2,2,16
106263,UNIVERSITY OF ARKANSAS FOR MEDICAL SCIENCES,30780,1,LITTLE ROCK,AR,72205,5,5,1,1,1,2,2,52
106306,ARKANSAS BAPTIST COLLEGE,30780,1,LITTLE ROCK,AR,72202-6099,5,5,2,1,2,1,2,31
106342,LYON COLLEGE,12900,2,BATESVILLE,AR,72501,5,5,2,1,2,2,2,31
106397,UNIVERSITY OF ARKANSAS MAIN CAMPUS,22220,1,FAYETTEVILLE,AR,72701,5,5,1,1,1,2,2,15
106412,UNIVERSITY OF ARKANSAS AT PINE BLUFF,38220,1,PINE BLUFF,AR,71601,5,5,1,1,1,1,2,32
106449,ARKANSAS STATE UNIVERSITY-BEEBE,42620,2,BEEBE,AR,72012-1000,5,5,4,2,1,2,2,40
106458,ARKANSAS STATE UNIVERSITY-MAIN CAMPUS,27860,1,State University,AR,72467,5,5,1,1,1,2,2,21
106467,ARKANSAS TECH UNIVERSITY,40780,2,RUSSELLVILLE,AR,72801-2222,5,5,1,1,1,2,2,21
106485,UNIVERSITY OF ARKANSAS AT MONTICELLO,-2,-2,Monticello,AR,71656,5,5,1,1,1,2,2,32
106625,BLACK RIVER TECHNICAL COLLEGE,37500,2,POCAHONTAS,AR,72455,5,5,4,2,1,2,2,40
106704,UNIVERSITY OF CENTRAL ARKANSAS,30780,1,CONWAY,AR,72035-0001,5,5,1,1,1,2,2,21
106713,CENTRAL BAPTIST COLLEGE,30780,1,CONWAY,AR,72034,5,5,2,1,2,2,2,51
106795,COSSATOT COMMUNITY COLLEGE OF THE UNIV OF ARKANSAS,-2,-2,DE QUEEN,AR,71832,5,5,4,2,1,2,2,40
106810,CROWLEY'S RIDGE COLLEGE,37500,2,PARAGOULD,AR,72450,5,5,5,2,2,2,2,40
106883,EAST ARKANSAS COMMUNITY COLLEGE,22620,2,FORREST CITY,AR,72335,5,5,4,2,1,2,2,40
106980,NATIONAL PARK COMMUNITY COLLEGE,26300,1,HOT SPRINGS,AR,71913,5,5,4,2,1,2,2,40
106999,UNIVERSITY OF ARKANSAS COMMUNITY COLL-BATESVILLE,12900,2,BATESVILLE,AR,72503-3350,5,5,4,2,1,2,2,40
107044,HARDING UNIVERSITY,42620,2,Searcy,AR,72143,5,5,2,1,2,2,2,22
107071,HENDERSON STATE UNIVERSITY,11660,2,ARKADELPHIA,AR,71999-0001,5,5,1,1,1,2,2,21
107080,HENDRIX COLLEGE,30780,1,CONWAY,AR,72032-3080,5,5,2,1,2,2,2,31
107141,JOHN BROWN UNIVERSITY,22220,1,SILOAM SPRINGS,AR,72761,5,5,2,1,2,2,2,32
107318,MID-SOUTH COMMUNITY COLLEGE,32820,1,WEST MEMPHIS,AR,72301-3829,5,5,4,2,1,2,2,40
107327,ARKANSAS NORTHEASTERN COLLEGE,14180,2,BLYTHEVILLE,AR,72316-1109,5,5,4,2,1,2,2,40
107460,NORTH ARKANSAS COLLEGE,25460,2,HARRISON,AR,72601,5,5,4,2,1,2,2,40
107512,OUACHITA BAPTIST UNIVERSITY,11660,2,ARKADELPHIA,AR,71998-0001,5,5,2,1,2,2,2,32
107521,OUACHITA TECHNICAL COLLEGE,-2,-2,MALVERN,AR,72104-0816,5,5,4,2,1,2,2,40
107549,OZARKA COLLEGE,-2,-2,MELBOURNE,AR,72556-0010,5,5,4,2,1,2,2,40
107558,UNIVERSITY OF THE OZARKS,-2,-2,CLARKSVILLE,AR,72830,5,5,2,1,2,2,2,32
107585,UNIVERSITY OF ARKANSAS COMMUNITY COLLEGE-MORRILTON,-2,-2,MORRILTON,AR,72110,5,5,4,2,1,2,2,40
107600,PHILANDER SMITH COLLEGE,30780,1,LITTLE ROCK,AR,72202-3799,5,5,2,1,2,1,2,32
107619,PHILLIPS COMMUNITY COLLEGE OF THE UNIVERSITY OF ARKANSAS,48340,2,HELENA,AR,72342-0785,5,5,4,2,1,2,2,40
107637,SOUTHEAST ARKANSAS COLLEGE,38220,1,PINE BLUFF,AR,71603,5,5,4,2,1,2,2,40
107664,PULASKI TECHNICAL COLLEGE,30780,1,NORTH LITTLE ROCK,AR,72118,5,5,4,2,1,2,2,40
107725,UNIVERSITY OF ARKANSAS COMMUNITY COLLEGE-HOPE,26260,2,HOPE,AR,71802-0140,5,5,4,2,1,2,2,40
107743,RICH MOUNTAIN COMMUNITY COLLEGE,-2,-2,MENA,AR,71953,5,5,4,2,1,2,2,40
107877,WILLIAMS BAPTIST COLLEGE,-2,-2,Walnut Ridge,AR,72476,5,5,2,1,2,2,2,32
107974,SOUTH ARKANSAS COMMUNITY COLLEGE,20980,2,EL DORADO,AR,71731-7010,5,5,4,2,1,2,2,40
107983,SOUTHERN ARKANSAS UNIVERSITY MAIN CAMPUS,31620,2,MAGNOLIA,AR,71753,5,5,1,1,1,2,2,21
107992,SOUTHERN ARKANSAS UNIVERSITY TECH,15780,2,CAMDEN,AR,71701,5,5,4,2,1,2,2,40
108092,UNIVERSITY OF ARKANSAS AT FT SMITH,22900,1,FT SMITH,AR,72913-3649,5,5,1,1,1,2,2,40
108232,ACADEMY OF ART UNIVERSITY,41860,1,SAN FRANCISCO,CA,94105,6,8,3,1,3,2,2,56
108250,ITT TECHNICAL INSTITUTE,40900,1,RANCHO CORDOVA,CA,95670-6034,6,8,3,1,3,2,2,40
108667,COLLEGE OF ALAMEDA,41860,1,ALAMEDA,CA,94501,6,8,4,2,1,2,2,40
108807,ALLAN HANCOCK COLLEGE,42060,1,SANTA MARIA,CA,93454-6399,6,8,4,2,1,2,2,40
108852,AMERICAN ACADEMY OF DRAMATIC ARTS-WEST,31100,1,Los Angeles,CA,90028,6,8,5,2,2,2,2,40
109013,AMERICAN INTERCONTINENTAL UNIVERSITY,31100,1,LOS ANGELES,CA,90066,6,8,3,1,3,2,2,56
109208,AMERICAN RIVER COLLEGE,40900,1,SACRAMENTO,CA,95841-4286,6,8,4,2,1,2,2,40
109350,ANTELOPE VALLEY COLLEGE,31100,1,LANCASTER,CA,93536-5426,6,8,4,2,1,2,2,40
109651,ART CENTER COLLEGE OF DESIGN,31100,1,PASADENA,CA,91103,6,8,2,1,2,2,2,56
109785,AZUSA PACIFIC UNIVERSITY,31100,1,AZUSA,CA,91702-7000,6,8,2,1,2,2,2,21
109819,BAKERSFIELD COLLEGE,12540,1,BAKERSFIELD,CA,93305-1299,6,8,4,2,1,2,2,40
109907,BARSTOW COLLEGE,40140,1,Barstow,CA,92311,6,8,4,2,1,2,2,40
110051,BETHANY COLLEGE OF THE ASSEMBLIES OF GOD,42100,1,SCOTTS VALLEY,CA,95066-2898,6,8,2,1,2,2,2,32
110060,BETHESDA CHRISTIAN UNIVERSITY,31100,1,ANAHEIM,CA,92801,6,8,2,1,2,2,2,51
110097,BIOLA UNIVERSITY,31100,1,LA MIRADA,CA,90639-0001,6,8,2,1,2,2,2,16
110176,BROOKS COLLEGE,31100,1,LONG BEACH,CA,90804,6,8,6,2,3,2,2,40
110185,BROOKS INSTITUTE OF PHOTOGRAPHY,42060,1,SANTA BARBARA,CA,93103,6,8,3,1,3,2,2,56
110246,BUTTE COLLEGE,17020,1,Oroville,CA,95965-8399,6,8,4,2,1,2,2,40
110316,CALIFORNIA INSTITUTE OF INTEGRAL STUDIES,12540,1,SAN FRANCISCO,CA,94103,6,8,2,1,2,2,2,59
110334,CABRILLO COLLEGE,42100,1,APTOS,CA,95003,6,8,4,2,1,2,2,40
110361,CALIFORNIA BAPTIST UNIVERSITY,40140,1,RIVERSIDE,CA,92504-3297,6,8,2,1,2,2,2,21
110370,CALIFORNIA COLLEGE OF THE ARTS,41860,1,OAKLAND,CA,94618-1487,6,8,2,1,2,2,2,56
110404,CALIFORNIA INSTITUTE OF TECHNOLOGY,31100,1,PASADENA,CA,91125,6,8,2,1,2,2,2,15
110413,CALIFORNIA LUTHERAN UNIVERSITY,37100,1,THOUSAND OAKS,CA,91360-2787,6,8,2,1,2,2,2,21
110422,CALIFORNIA POLYTECHNIC STATE UNIVERSITY-SAN LUIS OBISPO,42020,1,SAN LUIS OBISPO,CA,93407,6,8,1,1,1,2,2,21
110468,ALLIANT INTERNATIONAL UNIVERSITY-SAN DIEGO,41740,1,SAN DIEGO,CA,92131-1799,6,8,2,1,2,2,2,59
110486,CALIFORNIA STATE UNIVERSITY-BAKERSFIELD,12540,1,BAKERSFIELD,CA,93311-1099,6,8,1,1,1,2,2,21
110495,CALIFORNIA STATE UNIVERSITY-STANISLAUS,33700,1,TURLOCK,CA,95382,6,8,1,1,1,2,2,21
110510,CALIFORNIA STATE UNIVERSITY-SAN BERNARDINO,40140,1,SAN BERNARDINO,CA,92407-2397,6,8,1,1,1,2,2,21
110529,CALIFORNIA STATE POLYTECHNIC UNIVERSITY-POMONA,31100,1,POMONA,CA,91768,6,8,1,1,1,2,2,21
110538,CALIFORNIA STATE UNIVERSITY-CHICO,17020,1,CHICO,CA,95929-0150,6,8,1,1,1,2,2,21
110547,CALIFORNIA STATE UNIVERSITY-DOMINGUEZ HILLS,31100,1,CARSON,CA,90747-0005,6,8,1,1,1,2,2,21
110556,CALIFORNIA STATE UNIVERSITY-FRESNO,23420,1,FRESNO,CA,93740,6,8,1,1,1,2,2,21
110565,CALIFORNIA STATE UNIVERSITY-FULLERTON,31100,1,FULLERTON,CA,92831-3599,6,8,1,1,1,2,2,21
110574,CALIFORNIA STATE UNIVERSITY-EAST BAY,41860,1,HAYWARD,CA,94542,6,8,1,1,1,2,2,21
110583,CALIFORNIA STATE UNIVERSITY-LONG BEACH,31100,1,LONG BEACH,CA,90840-0115,6,8,1,1,1,2,2,21
110592,CALIFORNIA STATE UNIVERSITY-LOS ANGELES,31100,1,LOS ANGELES,CA,90032,6,8,1,1,1,2,2,21
110608,CALIFORNIA STATE UNIVERSITY-NORTHRIDGE,31100,1,NORTHRIDGE,CA,91330,6,8,1,1,1,2,2,21
110617,CALIFORNIA STATE UNIVERSITY-SACRAMENTO,40900,1,SACRAMENTO,CA,95819-2694,6,8,1,1,1,2,2,21
110635,UNIVERSITY OF CALIFORNIA-BERKELEY,41860,1,BERKELEY,CA,94720,6,8,1,1,1,2,2,15
110644,UNIVERSITY OF CALIFORNIA-DAVIS,40900,1,DAVIS,CA,95616-8678,6,8,1,1,1,2,2,15
110653,UNIVERSITY OF CALIFORNIA-IRVINE,31100,1,IRVINE,CA,92697,6,8,1,1,1,2,2,15
110662,UNIVERSITY OF CALIFORNIA-LOS ANGELES,31100,1,LOS ANGELES,CA,90095,6,8,1,1,1,2,2,15
110671,UNIVERSITY OF CALIFORNIA-RIVERSIDE,40140,1,RIVERSIDE,CA,92521,6,8,1,1,1,2,2,15
110680,UNIVERSITY OF CALIFORNIA-SAN DIEGO,41740,1,LA JOLLA,CA,92093,6,8,1,1,1,2,2,15
110699,UNIVERSITY OF CALIFORNIA-SAN FRANCISCO,41860,1,SAN FRANCISCO,CA,94143,6,8,1,1,1,2,2,16
110705,UNIVERSITY OF CALIFORNIA-SANTA BARBARA,42060,1,SANTA BARBARA,CA,93106,6,8,1,1,1,2,2,15
110714,UNIVERSITY OF CALIFORNIA-SANTA CRUZ,42100,1,SANTA CRUZ,CA,95064,6,8,1,1,1,2,2,15
110918,CALIFORNIA CHRISTIAN COLLEGE,23420,1,FRESNO,CA,93703-3599,6,8,2,1,2,2,2,51
110945,CALIFORNIA COLLEGE-SAN DIEGO,41740,1,SAN DIEGO,CA,92108-3824,6,8,3,1,3,2,2,40
111009,CALIFORNIA CULINARY ACADEMY,41860,1,SAN FRANCISCO,CA,94102,6,8,6,2,3,2,2,40
111081,CALIFORNIA INSTITUTE OF THE ARTS,31100,1,VALENCIA,CA,91355-2397,6,8,2,1,2,2,2,56
111188,CALIFORNIA MARITIME ACADEMY,46700,1,VALLEJO,CA,94590,6,8,1,1,1,2,2,59
111434,CANADA COLLEGE,41860,1,Redwood City,CA,94061-1099,6,8,4,2,1,2,2,40
111461,COLLEGE OF THE CANYONS,31100,1,SANTA CLARITA,CA,91355-1899,6,8,4,2,1,2,2,40
111887,CERRITOS COLLEGE,31100,1,NORWALK,CA,90650-6298,6,8,4,2,1,2,2,40
111896,CERRO COSO COMMUNITY COLLEGE,12540,1,RIDGECREST,CA,93555-7777,6,8,4,2,1,2,2,40
111920,CHABOT COLLEGE,41860,1,HAYWARD,CA,94545,6,8,4,2,1,2,2,40
111939,CHAFFEY COLLEGE,40140,1,RANCHO CUCAMONGA,CA,91737-3002,6,8,4,2,1,2,2,40
111948,CHAPMAN UNIVERSITY,31100,1,ORANGE,CA,92866,6,8,2,1,2,2,2,21
111966,CHARLES R DREW UNIVERSITY OF MEDICINE AND SCIENCE,31100,1,LOS ANGELES,CA,90059,6,8,2,1,2,2,2,53
112075,CONCORDIA UNIVERSITY,31100,1,Irvine,CA,92612-3299,6,8,2,1,2,2,2,22
112084,CHRISTIAN HERITAGE COLLEGE,41740,1,EL CAJON,CA,92019,6,8,2,1,2,2,2,31
112172,CITRUS COLLEGE,31100,1,GLENDORA,CA,91741-1899,6,8,4,2,1,2,2,40
112190,CITY COLLEGE OF SAN FRANCISCO,41860,1,SAN FRANCISCO,CA,94112-1898,6,8,4,2,1,2,2,40
112260,CLAREMONT MCKENNA COLLEGE,31100,1,CLAREMONT,CA,91711-6400,6,8,2,1,2,2,2,31
112312,CLEVELAND CHIROPRACTIC COLLEGE OF LOS ANGELES,31100,1,LOS ANGELES,CA,90004-2196,6,8,2,1,2,2,2,53
112385,COASTLINE COMMUNITY COLLEGE,31100,1,FOUNTAIN VALLEY,CA,92708-2597,6,8,4,2,1,2,2,40
112394,COGSWELL POLYTECHNICAL COLLEGE,41940,1,SUNNYVALE,CA,94089,6,8,2,1,2,2,2,32
112446,COLEMAN COLLEGE,41740,1,LA MESA,CA,91942-1500,6,8,2,1,2,2,2,59
112516,COLLEGE OF OCEANEERING,31100,1,WILMINGTON,CA,90744-6399,6,8,5,2,2,2,2,40
112561,COLUMBIA COLLEGE,38020,2,SONORA,CA,95370,6,8,4,2,1,2,2,40
112570,COLUMBIA COLLEGE-HOLLYWOOD,31100,1,TARZANA,CA,91356-1411,6,8,2,1,2,2,2,56
112686,COMPTON COMMUNITY COLLEGE,31100,1,COMPTON,CA,90221-5393,6,8,4,2,1,2,2,40
112826,CONTRA COSTA COLLEGE,41860,1,SAN PABLO,CA,94806,6,8,4,2,1,2,2,40
113096,COSUMNES RIVER COLLEGE,40900,1,SACRAMENTO,CA,95823-5799,6,8,4,2,1,2,2,40
113111,CRAFTON HILLS COLLEGE,40140,1,Yucaipa,CA,92399-1799,6,8,4,2,1,2,2,40
113193,CUESTA COLLEGE,42020,1,SAN LUIS OBISPO,CA,93403-8106,6,8,4,2,1,2,2,40
113218,CUYAMACA COLLEGE,41740,1,EL CAJON,CA,92019,6,8,4,2,1,2,2,40
113236,CYPRESS COLLEGE,31100,1,CYPRESS,CA,90630-5897,6,8,4,2,1,2,2,40
113245,D-Q UNIVERSITY,40900,1,DAVIS,CA,95617-0409,6,8,5,2,2,2,1,60
113333,DE ANZA COLLEGE,41940,1,CUPERTINO,CA,95014,6,8,4,2,1,2,2,40
113573,COLLEGE OF THE DESERT,40140,1,PALM DESERT,CA,92260,6,8,4,2,1,2,2,40
113582,DESIGN INSTITUTE OF SAN DIEGO,41740,1,SAN DIEGO,CA,92121,6,8,3,1,3,2,2,56
113607,DEVRY UNIVERSITY-CALIFORNIA,31100,1,POMONA,CA,91768-2642,6,8,3,1,3,2,2,32
113634,DIABLO VALLEY COLLEGE,41860,1,PLEASANT HILL,CA,94523,6,8,4,2,1,2,2,40
113698,DOMINICAN UNIVERSITY OF CALIFORNIA,41860,1,SAN RAFAEL,CA,94901-2298,6,8,2,1,2,2,2,21
113704,DOMINICAN SCHOOL OF PHILOSOPHY AND THEOLOGY,41860,1,BERKELEY,CA,94709-1295,6,8,2,1,2,2,2,51
113713,DON BOSCO TECHNICAL INSTITUTE,31100,1,ROSEMEAD,CA,91770-4299,6,8,5,2,2,2,2,40
113856,EAST LOS ANGELES COLLEGE,31100,1,MONTEREY PARK,CA,91754-6099,6,8,4,2,1,2,2,40
113980,EL CAMINO COLLEGE,31100,1,TORRANCE,CA,90506,6,8,4,2,1,2,2,40
114123,EMPIRE COLLEGE SCHOOL OF BUSINESS,42220,1,SANTA ROSA,CA,95403-2126,6,8,6,2,3,2,2,40
114266,EVERGREEN VALLEY COLLEGE,41940,1,SAN JOSE,CA,95135-1598,6,8,4,2,1,2,2,40
114354,FASHION INSTITUTE OF DESIGN AND MERCHANDISING-LOS ANGELES,31100,1,LOS ANGELES,CA,90015-1421,6,8,6,2,3,2,2,40
114372,FASHION CAREERS OF CALIFORNIA,41740,1,SAN DIEGO,CA,92110-3555,6,8,6,2,3,2,2,40
114433,FEATHER RIVER COMMUNITY COLLEGE DISTRICT,-2,-2,QUINCY,CA,95971-9124,6,8,4,2,1,2,2,40
114716,FOOTHILL COLLEGE,41940,1,LOS ALTOS HILLS,CA,94022,6,8,4,2,1,2,2,40
114789,FRESNO CITY COLLEGE,23420,1,FRESNO,CA,93741,6,8,4,2,1,2,2,40
114813,FRESNO PACIFIC UNIVERSITY,23420,1,FRESNO,CA,93702,6,8,2,1,2,2,2,21
114859,FULLERTON COLLEGE,31100,1,Fullerton,CA,92832-2095,6,8,4,2,1,2,2,40
114938,GAVILAN COLLEGE,41940,1,GILROY,CA,95020,6,8,4,2,1,2,2,40
115001,GLENDALE COMMUNITY COLLEGE,31100,1,GLENDALE,CA,91208-2894,6,8,4,2,1,2,2,40
115083,GOLDEN GATE UNIVERSITY-SAN FRANCISCO,41860,1,SAN FRANCISCO,CA,94105-2968,6,8,2,1,2,2,2,55
115126,GOLDEN WEST COLLEGE,31100,1,HUNTINGTON BEACH,CA,92647-2710,6,8,4,2,1,2,2,40
115296,GROSSMONT COLLEGE,41740,1,EL CAJON,CA,92020-1799,6,8,4,2,1,2,2,40
115393,HARTNELL COLLEGE,41500,1,SALINAS,CA,93901,6,8,4,2,1,2,2,40
115409,HARVEY MUDD COLLEGE,31100,1,CLAREMONT,CA,91711,6,8,2,1,2,2,2,31
115454,HEALD COLLEGE-SACRAMENTO,40900,1,RANCHO CORDOVA,CA,95670,6,8,5,2,2,2,2,40
115472,HEALD COLLEGE-FRESNO,23420,1,FRESNO,CA,93704,6,8,5,2,2,2,2,40
115490,HEALD COLLEGE-SAN JOSE,41940,1,MILPITAS,CA,95035-8008,6,8,5,2,2,2,2,40
115515,HEALD COLLEGE-SAN FRANCISCO,41860,1,SAN FRANCISCO,CA,94105,6,8,5,2,2,2,2,40
115533,HEALD COLLEGE-CONCORD,41860,1,CONCORD,CA,94520-0522,6,8,5,2,2,2,2,40
115728,HOLY NAMES UNIVERSITY,41860,1,OAKLAND,CA,94619-1699,6,8,2,1,2,2,2,21
115755,HUMBOLDT STATE UNIVERSITY,21700,2,ARCATA,CA,95521-8299,6,8,1,1,1,2,2,21
115773,HUMPHREYS COLLEGE-STOCKTON,44700,1,STOCKTON,CA,95207-3896,6,8,2,1,2,2,2,33
115861,IMPERIAL VALLEY COLLEGE,20940,1,IMPERIAL,CA,92251-0158,6,8,4,2,1,2,2,40
116040,INSTITUTE OF COMPUTER TECHNOLOGY,31100,1,Los Angeles,CA,90010-1308,6,8,3,1,3,2,2,40
116226,INTERIOR DESIGNERS INSTITUTE,31100,1,NEWPORT BEACH,CA,92660,6,8,3,1,3,2,2,56
116439,IRVINE VALLEY COLLEGE,31100,1,IRVINE,CA,92618-0301,6,8,4,2,1,2,2,40
116466,ITT TECHNICAL INSTITUTE,41740,1,SAN DIEGO,CA,92123,6,8,3,1,3,2,2,54
116475,ITT TECHNICAL INSTITUTE,31100,1,WEST COVINA,CA,91790-2767,6,8,3,1,3,2,2,54
116484,ITT TECHNICAL INSTITUTE,31100,1,ANAHEIM,CA,92801,6,8,3,1,3,2,2,54
116712,JOHN F KENNEDY UNIVERSITY,41860,1,Pleasant Hill,CA,94523-4817,6,8,2,1,2,2,2,21
116846,UNIVERSITY OF JUDAISM,31100,1,LOS ANGELES,CA,90077-1519,6,8,2,1,2,2,2,31
117052,REEDLEY COLLEGE,23420,1,REEDLEY,CA,93654,6,8,4,2,1,2,2,40
117104,LIFE PACIFIC COLLEGE,31100,1,SAN DIMAS,CA,91773,6,8,2,1,2,2,2,51
117113,ART INSTITUTE OF CALIFORNIA-SAN DIEGO,41740,1,SAN DIEGO,CA,92108-4423,6,8,3,1,3,2,2,56
117140,UNIVERSITY OF LA VERNE,31100,1,LA VERNE,CA,91750-4401,6,8,2,1,2,2,2,16
117168,LAGUNA COLLEGE OF ART AND DESIGN,31100,1,LAGUNA BEACH,CA,92651,6,8,2,1,2,2,2,56
117195,LAKE TAHOE COMMUNITY COLLEGE,40900,1,South Lake Tahoe,CA,96150,6,8,4,2,1,2,2,40
117247,LANEY COLLEGE,41860,1,OAKLAND,CA,94607,6,8,4,2,1,2,2,40
117274,LASSEN COMMUNITY COLLEGE,45000,2,SUSANVILLE,CA,96130,6,8,4,2,1,2,2,40
117557,LINCOLN UNIVERSITY,41860,1,OAKLAND,CA,94612-2801,6,8,2,1,2,2,2,55
117627,LA SIERRA UNIVERSITY,40140,1,RIVERSIDE,CA,92515-8247,6,8,2,1,2,2,2,21
117636,LOMA LINDA UNIVERSITY,40140,1,LOMA LINDA,CA,92350,6,8,2,1,2,2,2,16
117645,LONG BEACH CITY COLLEGE,31100,1,LONG BEACH,CA,90808-1706,6,8,4,2,1,2,2,40
117690,LOS ANGELES HARBOR COLLEGE,31100,1,WILMINGTON,CA,90744-2397,6,8,4,2,1,2,2,40
117706,LOS ANGELES PIERCE COLLEGE,31100,1,WOODLAND HILLS,CA,91371-0002,6,8,4,2,1,2,2,40
117715,LOS ANGELES SOUTHWEST COLLEGE,31100,1,LOS ANGELES,CA,90047-4899,6,8,4,2,1,2,2,40
117724,LOS ANGELES TRADE TECHNICAL COLLEGE,31100,1,LOS ANGELES,CA,90015-4181,6,8,4,2,1,2,2,40
117733,LOS ANGELES VALLEY COLLEGE,31100,1,Valley Glen,CA,91401-4096,6,8,4,2,1,2,2,40
117751,THE MASTER'S COLLEGE AND SEMINARY,31100,1,Santa Clarita,CA,91321-1200,6,8,2,1,2,2,2,32
117788,LOS ANGELES CITY COLLEGE,31100,1,LOS ANGELES,CA,90029,6,8,4,2,1,2,2,40
117803,LOS ANGELES COUNTY COLLEGE OF NURS AND ALLIED HLTH,31100,1,LOS ANGELES,CA,90033-1084,6,8,4,2,1,2,2,40
117867,LOS ANGELES MISSION COLLEGE,31100,1,Sylmar,CA,91342-3245,6,8,4,2,1,2,2,40
117894,LOS MEDANOS COLLEGE,41860,1,PITTSBURG,CA,94565,6,8,4,2,1,2,2,40
117928,THE ART INSTITUTE OF CALIFORNIA-SAN FRANCISCO,41860,1,SAN FRANCISCO,CA,94102-4908,6,8,3,1,3,2,2,56
117946,LOYOLA MARYMOUNT UNIVERSITY,31100,1,LOS ANGELES,CA,90045-2659,6,8,2,1,2,2,2,21
118198,MTI COLLEGE,40900,1,SACRAMENTO,CA,95841-9817,6,8,6,2,3,2,2,40
118259,MARIC COLLEGE-SACRAMENTO CAMPUS,40900,1,SACRAMENTO,CA,95821,6,8,6,2,3,2,2,40
118277,MARIC COLLEGE,41740,1,SAN DIEGO,CA,92123,6,8,6,2,3,2,2,40
118286,MARIC COLLEGE,41740,1,VISTA,CA,92083-7736,6,8,6,2,3,2,2,40
118347,COLLEGE OF MARIN,41860,1,KENTFIELD,CA,94904-2590,6,8,4,2,1,2,2,40
118541,MARYMOUNT COLLEGE,31100,1,RANCHO PALOS VERDES,CA,90275-6299,6,8,5,2,2,2,2,40
118684,MENDOCINO COLLEGE,46380,2,UKIAH,CA,95482,6,8,4,2,1,2,2,40
118693,MENLO COLLEGE,41860,1,ATHERTON,CA,94027,6,8,2,1,2,2,2,32
118718,MERCED COLLEGE,32900,1,MERCED,CA,95348-2898,6,8,4,2,1,2,2,40
118772,MERRITT COLLEGE,41860,1,OAKLAND,CA,94619-3196,6,8,4,2,1,2,2,40
118888,MILLS COLLEGE,41860,1,OAKLAND,CA,94613,6,8,2,1,2,2,2,31
118912,MIRACOSTA COLLEGE,41740,1,OCEANSIDE,CA,92056-3899,6,8,4,2,1,2,2,40
118930,MISSION COLLEGE,41940,1,SANTA CLARA,CA,95054-1897,6,8,4,2,1,2,2,40
118976,MODESTO JUNIOR COLLEGE,33700,1,MODESTO,CA,95350-5800,6,8,4,2,1,2,2,40
119058,MONTEREY INSTITUTE OF INTERNATIONAL STUDIES,41500,1,Monterey,CA,93940,6,8,2,1,2,2,2,21
119067,MONTEREY PENINSULA COLLEGE,41500,1,MONTEREY,CA,93940-4799,6,8,4,2,1,2,2,40
119137,MOORPARK COLLEGE,37100,1,MOORPARK,CA,93021-1695,6,8,4,2,1,2,2,40
119164,MT SAN ANTONIO COLLEGE,31100,1,WALNUT,CA,91789-1399,6,8,4,2,1,2,2,40
119173,MOUNT ST MARY'S COLLEGE,31100,1,LOS ANGELES,CA,90049-1599,6,8,2,1,2,2,2,21
119216,MT SAN JACINTO COLLEGE,40140,1,SAN JACINTO,CA,92583-2399,6,8,4,2,1,2,2,40
119270,MUSICIANS INSTITUTE,31100,1,HOLLYWOOD,CA,90028,6,8,3,1,3,2,2,56
119331,NAPA VALLEY COLLEGE,34900,1,NAPA,CA,94558-6236,6,8,4,2,1,2,2,40
119544,THE NATIONAL HISPANIC UNIVERSITY,41940,1,SAN JOSE,CA,95127-3823,6,8,2,1,2,2,2,31
119605,NATIONAL UNIVERSITY,41740,1,LA JOLLA,CA,92037-1011,6,8,2,1,2,2,2,21
119711,NEW COLLEGE OF CALIFORNIA,41860,1,San Francisco,CA,94110,6,8,2,1,2,2,2,22
119775,NEWSCHOOL OF ARCHITECTURE AND DESIGN,41740,1,SAN DIEGO,CA,92101,6,8,3,1,3,2,2,56
120166,NORTHWESTERN POLYTECHNIC UNIVERSITY,41860,1,FREMONT,CA,94539,6,8,2,1,2,2,2,54
120184,NOTRE DAME DE NAMUR UNIVERSITY,41860,1,BELMONT,CA,94002-1908,6,8,2,1,2,2,2,21
120254,OCCIDENTAL COLLEGE,31100,1,LOS ANGELES,CA,90041-3392,6,8,2,1,2,2,2,31
120290,OHLONE COLLEGE,41860,1,FREMONT,CA,94539-0390,6,8,4,2,1,2,2,40
120342,ORANGE COAST COLLEGE,31100,1,COSTA MESA,CA,92628-5005,6,8,4,2,1,2,2,40
120403,OTIS COLLEGE OF ART AND DESIGN,31100,1,LOS ANGELES,CA,90045-3505,6,8,2,1,2,2,2,56
120421,OXNARD COLLEGE,37100,1,OXNARD,CA,93033-6699,6,8,4,2,1,2,2,40
120537,HOPE INTERNATIONAL UNIVERSITY,31100,1,FULLERTON,CA,92831-3199,6,8,2,1,2,2,2,21
120768,PACIFIC OAKS COLLEGE,31100,1,PASADENA,CA,91103,6,8,2,1,2,2,2,59
120838,PACIFIC STATES UNIVERSITY,31100,1,LOS ANGELES,CA,90006-4234,6,8,2,1,2,2,2,55
120865,PACIFIC UNION COLLEGE,34900,1,ANGWIN,CA,94508-9707,6,8,2,1,2,2,2,32
120883,UNIVERSITY OF THE PACIFIC,44700,1,STOCKTON,CA,95211-0197,6,8,2,1,2,2,2,16
120953,PALO VERDE COLLEGE,40140,1,BLYTHE,CA,92225,6,8,4,2,1,2,2,40
120971,PALOMAR COLLEGE,41740,1,SAN MARCOS,CA,92069-1487,6,8,4,2,1,2,2,40
121044,PASADENA CITY COLLEGE,31100,1,PASADENA,CA,91106-2003,6,8,4,2,1,2,2,40
121071,PATTEN UNIVERSITY,41860,1,OAKLAND,CA,94601,6,8,2,1,2,2,2,32
121150,PEPPERDINE UNIVERSITY,31100,1,MALIBU,CA,90263,6,8,2,1,2,2,2,16
121257,PITZER COLLEGE,31100,1,CLAREMONT,CA,91711-6101,6,8,2,1,2,2,2,31
121275,PLATT COLLEGE-SAN DIEGO,41740,1,SAN DIEGO,CA,92115-3919,6,8,3,1,3,2,2,40
121309,POINT LOMA NAZARENE UNIVERSITY,41740,1,SAN DIEGO,CA,92106-2899,6,8,2,1,2,2,2,22
121345,POMONA COLLEGE,31100,1,CLAREMONT,CA,91711-6319,6,8,2,1,2,2,2,31
121363,PORTERVILLE COLLEGE,47300,1,PORTERVILLE,CA,93257,6,8,4,2,1,2,2,40
121619,SANTA ANA COLLEGE,31100,1,SANTA ANA,CA,92706-3398,6,8,4,2,1,2,2,40
121691,UNIVERSITY OF REDLANDS,40140,1,REDLANDS,CA,92373-0999,6,8,2,1,2,2,2,21
121707,COLLEGE OF THE REDWOODS,21700,2,EUREKA,CA,95501-9302,6,8,4,2,1,2,2,40
121886,RIO HONDO COLLEGE,31100,1,WHITTIER,CA,90601-1699,6,8,4,2,1,2,2,40
121901,RIVERSIDE COMMUNITY COLLEGE,40140,1,RIVERSIDE,CA,92506-1299,6,8,4,2,1,2,2,40
122180,SACRAMENTO CITY COLLEGE,40900,1,SACRAMENTO,CA,95822-1386,6,8,4,2,1,2,2,40
122205,SADDLEBACK COLLEGE,31100,1,MISSION VIEJO,CA,92692-3635,6,8,4,2,1,2,2,40
122223,ST JOHNS SEMINARY COLLEGE,37100,1,CAMARILLO,CA,93012,6,8,2,1,2,2,2,51
122296,SAMUEL MERRITT COLLEGE,41860,1,OAKLAND,CA,94609,6,8,2,1,2,2,2,53
122320,SAN DIEGO COMMUNITY COLLEGE DISTRICT-DISTRICT OFF,41740,1,SAN DIEGO,CA,92108-3883,6,8,0,2,1,2,2,40
122339,SAN DIEGO CITY COLLEGE,41740,1,SAN DIEGO,CA,92101-4787,6,8,4,2,1,2,2,40
122366,SAN DIEGO GOLF ACADEMY,41740,1,VISTA,CA,92081,6,8,6,2,3,2,2,40
122375,SAN DIEGO MESA COLLEGE,41740,1,SAN DIEGO,CA,92111-4998,6,8,4,2,1,2,2,40
122384,SAN DIEGO MIRAMAR COLLEGE,41740,1,SAN DIEGO,CA,92126-2999,6,8,4,2,1,2,2,40
122409,SAN DIEGO STATE UNIVERSITY,41740,1,SAN DIEGO,CA,92182,6,8,1,1,1,2,2,16
122436,UNIVERSITY OF SAN DIEGO,41740,1,SAN DIEGO,CA,92110-2492,6,8,2,1,2,2,2,16
122454,SAN FRANCISCO ART INSTITUTE,41860,1,SAN FRANCISCO,CA,94133-2299,6,8,2,1,2,2,2,56
122506,SAN FRANCISCO CONSERVATORY OF MUSIC,41860,1,SAN FRANCISCO,CA,94122-4498,6,8,2,1,2,2,2,56
122597,SAN FRANCISCO STATE UNIVERSITY,41860,1,SAN FRANCISCO,CA,94132,6,8,1,1,1,2,2,21
122612,UNIVERSITY OF SAN FRANCISCO,41860,1,SAN FRANCISCO,CA,94117-1080,6,8,2,1,2,2,2,16
122658,SAN JOAQUIN DELTA COLLEGE,44700,1,STOCKTON,CA,95207,6,8,4,2,1,2,2,40
122685,SAN JOAQUIN VALLEY COLLEGE,47300,1,VISALIA,CA,93291-9283,6,8,6,2,3,2,2,40
122728,WILLIAM JESSUP UNIVERSITY,40900,1,Rocklin,CA,95765-3707,6,8,2,1,2,2,2,51
122746,SAN JOSE CITY COLLEGE,41940,1,SAN JOSE,CA,95128-2798,6,8,4,2,1,2,2,40
122755,SAN JOSE STATE UNIVERSITY,41940,1,SAN JOSE,CA,95192-0001,6,8,1,1,1,2,2,21
122791,COLLEGE OF SAN MATEO,41860,1,SAN MATEO,CA,94402-3784,6,8,4,2,1,2,2,40
122889,SANTA BARBARA CITY COLLEGE,42060,1,SANTA BARBARA,CA,93109-2394,6,8,4,2,1,2,2,40
122931,SANTA CLARA UNIVERSITY,41940,1,SANTA CLARA,CA,95053,6,8,2,1,2,2,2,21
122977,SANTA MONICA COLLEGE,31100,1,SANTA MONICA,CA,90405-1628,6,8,4,2,1,2,2,40
123013,SANTA ROSA JUNIOR COLLEGE,42220,1,Santa Rosa,CA,95401-4395,6,8,4,2,1,2,2,40
123165,SCRIPPS COLLEGE,31100,1,CLAREMONT,CA,91711-3948,6,8,2,1,2,2,2,31
123208,WYO TECH,41860,1,FREMONT,CA,94539,6,8,6,2,3,2,2,40
123217,COLLEGE OF THE SEQUOIAS,47300,1,VISALIA,CA,93277-2214,6,8,4,2,1,2,2,40
123280,SHASTA BIBLE COLLEGE,39820,1,Redding,CA,96002,6,8,2,1,2,2,2,51
123299,SHASTA COLLEGE,39820,1,REDDING,CA,96003,6,8,4,2,1,2,2,40
123341,SIERRA COLLEGE,40900,1,ROCKLIN,CA,95677,6,8,4,2,1,2,2,40
123457,SIMPSON UNIVERSITY,39820,1,Redding,CA,96003-8606,6,8,2,1,2,2,2,22
123484,COLLEGE OF THE SISKIYOUS,-2,-2,WEED,CA,96094-2899,6,8,4,2,1,2,2,40
123509,SKYLINE COLLEGE,41860,1,SAN BRUNO,CA,94066-1698,6,8,4,2,1,2,2,40
123527,SAN BERNARDINO VALLEY COLLEGE,40140,1,San Bernardino,CA,92410-2798,6,8,4,2,1,2,2,40
123554,SAINT MARYS COLLEGE OF CALIFORNIA,41860,1,MORAGA,CA,94556,6,8,2,1,2,2,2,21
123563,SOLANO COUNTY COMMUNITY COLLEGE DISTRICT,46700,1,FAIRFIELD,CA,94534-3197,6,8,4,2,1,2,2,40
123572,SONOMA STATE UNIVERSITY,42220,1,ROHNERT PARK,CA,94928-3609,6,8,1,1,1,2,2,21
123633,SOUTH BAYLO UNIVERSITY,31100,1,ANAHEIM,CA,92801-1701,6,8,2,1,2,2,2,53
123651,VANGUARD UNIVERSITY OF SOUTHERN CALIFORNIA,31100,1,COSTA MESA,CA,92626,6,8,2,1,2,2,2,32
123800,SOUTHWESTERN COLLEGE,41740,1,CHULA VISTA,CA,91910,6,8,4,2,1,2,2,40
123952,SOUTHERN CALIFORNIA INSTITUTE OF ARCHITECTURE,31100,1,LOS ANGELES,CA,90013,6,8,2,1,2,2,2,56
123961,UNIVERSITY OF SOUTHERN CALIFORNIA,31100,1,LOS ANGELES,CA,90089,6,8,2,1,2,2,2,15
124113,TAFT COLLEGE,12540,1,Taft,CA,93268,6,8,4,2,1,2,2,40
124292,THOMAS AQUINAS COLLEGE,37100,1,SANTA PAULA,CA,93060,6,8,2,1,2,2,2,31
125028,VENTURA COLLEGE,37100,1,VENTURA,CA,93003-3872,6,8,4,2,1,2,2,40
125091,VICTOR VALLEY COLLEGE,40140,1,VICTORVILLE,CA,92395-5849,6,8,4,2,1,2,2,40
125170,VISTA COLLEGE,41860,1,BERKELEY,CA,94704-1183,6,8,4,2,1,2,2,40
125231,WALDEN UNIVERSITY,33460,1,MINNEAPOLIS,MN,55401,27,4,3,1,3,2,2,16
125462,WEST HILLS COMMUNITY COLLEGE,23420,1,COALINGA,CA,93210,6,8,4,2,1,2,2,40
125471,WEST LOS ANGELES COLLEGE,31100,1,CULVER CITY,CA,90230-3519,6,8,4,2,1,2,2,40
125480,THE UNIVERSITY OF WEST LOS ANGELES,31100,1,INGLEWOOD,CA,90301-2902,6,8,2,1,2,2,2,57
125499,WEST VALLEY COLLEGE,41940,1,SARATOGA,CA,95070,6,8,4,2,1,2,2,40
125532,WESTERN CAREER COLLEGE,40900,1,SACRAMENTO,CA,95826,6,8,6,2,3,2,2,40
125727,WESTMONT COLLEGE,42060,1,SANTA BARBARA,CA,93108-1089,6,8,2,1,2,2,2,31
125763,WHITTIER COLLEGE,31100,1,WHITTIER,CA,90608,6,8,2,1,2,2,2,31
125897,WOODBURY UNIVERSITY,31100,1,BURBANK,CA,91510-7846,6,8,2,1,2,2,2,22
126076,YESHIVA OHR ELCHONON CHABAD WEST COAST TAL SEM,31100,1,LOS ANGELES,CA,90046,6,8,2,1,2,2,2,51
126119,YUBA COLLEGE,49700,1,MARYSVILLE,CA,95901,6,8,4,2,1,2,2,40
126182,ADAMS STATE COLLEGE,-2,-2,ALAMOSA,CO,81102,8,7,1,1,1,2,2,21
126207,AIMS COMMUNITY COLLEGE,24540,1,GREELEY,CO,80632,8,7,4,2,1,2,2,40
126289,ARAPAHOE COMMUNITY COLLEGE,19740,1,LITTLETON,CO,80160-9002,8,7,4,2,1,2,2,40
126359,BEL-REA INSTITUTE OF ANIMAL TECHNOLOGY,19740,1,DENVER,CO,80247,8,7,6,2,3,2,2,40
126401,BLAIR COLLEGE,17820,1,COLORADO SPRINGS,CO,80916,8,7,6,2,3,2,2,40
126562,UNIVERSITY OF COLORADO AT DENVER,19740,1,DENVER,CO,80217-3364,8,7,1,1,1,2,2,16
126571,UNIVERSITY OF COLORADO HEALTH SCIENCES CENTER,19740,1,DENVER,CO,80262,8,7,1,1,1,2,2,52
126580,UNIVERSITY OF COLORADO AT COLORADO SPRINGS,17820,1,COLORADO SPRINGS,CO,80933-7150,8,7,1,1,1,2,2,21
126614,UNIVERSITY OF COLORADO AT BOULDER,14500,1,BOULDER,CO,80309-0017,8,7,1,1,1,2,2,15
126669,COLORADO CHRISTIAN UNIVERSITY,19740,1,LAKEWOOD,CO,80226,8,7,2,1,2,2,2,21
126678,COLORADO COLLEGE,17820,1,COLORADO SPRINGS,CO,80903,8,7,2,1,2,2,2,31
126702,ART INSTITUTE OF COLORADO,19740,1,DENVER,CO,80203-2114,8,7,3,1,3,2,2,56
126711,COLORADO MOUNTAIN COLLEGE,-2,-2,GLENWOOD SPRINGS,CO,81601,8,7,4,2,1,2,2,40
126748,COLORADO NORTHWESTERN COMMUNITY COLLEGE,-2,-2,RANGELY,CO,81648-3598,8,7,4,2,1,2,2,40
126775,COLORADO SCHOOL OF MINES,19740,1,GOLDEN,CO,80401,8,7,1,1,1,2,2,54
126784,COLORADO SCHOOL OF TRADES,19740,1,LAKEWOOD,CO,80215-2996,8,7,6,2,3,2,2,40
126818,COLORADO STATE UNIVERSITY,22660,1,Fort Collins,CO,80523-0100,8,7,1,1,1,2,2,15
126827,COLORADO TECHNICAL UNIVERSITY,17820,1,COLORADO SPRINGS,CO,80907-3812,8,7,3,1,3,2,2,21
126863,COMMUNITY COLLEGE OF AURORA,19740,1,AURORA,CO,80011-9036,8,7,4,2,1,2,2,40
126872,COLLEGE AMERICA-DENVER,19740,1,DENVER,CO,80222,8,7,3,1,3,2,2,40
126924,DENVER ACADEMY OF COURT REPORTING-MAIN CAMPUS,19740,1,Westminster,CO,80031-2901,8,7,6,2,3,2,2,40
126942,COMMUNITY COLLEGE OF DENVER,19740,1,DENVER,CO,80204,8,7,4,2,1,2,2,40
126951,DENVER AUTOMOTIVE AND DIESEL COLLEGE,19740,1,DENVER,CO,80223-9366,8,7,6,2,3,2,2,40
127024,WESTWOOD COLLEGE-DENVER NORTH,19740,1,DENVER,CO,80221,8,7,3,1,3,2,2,54
127060,UNIVERSITY OF DENVER,19740,1,DENVER,CO,80208,8,7,2,1,2,2,2,15
127185,FORT LEWIS COLLEGE,20420,2,DURANGO,CO,81301-3999,8,7,1,1,1,2,2,31
127200,FRONT RANGE COMMUNITY COLLEGE,19740,1,WESTMINSTER,CO,80301,8,7,4,2,1,2,2,40
127389,LAMAR COMMUNITY COLLEGE,-2,-2,LAMAR,CO,81052-3999,8,7,4,2,1,2,2,40
127556,MESA STATE COLLEGE,24300,1,GRAND JUNCTION,CO,81501-3122,8,7,1,1,1,2,2,31
127565,METROPOLITAN STATE COLLEGE OF DENVER,19740,1,DENVER,CO,80217-3362,8,7,1,1,1,2,2,32
127617,MORGAN COMMUNITY COLLEGE,22820,2,FT MORGAN,CO,80701,8,7,4,2,1,2,2,40
127653,NAROPA UNIVERSITY,14500,1,BOULDER,CO,80302-6697,8,7,2,1,2,2,2,59
127714,NAZARENE BIBLE COLLEGE,17820,1,COLORADO SPRINGS,CO,80910-3704,8,7,2,1,2,2,2,51
127732,NORTHEASTERN JUNIOR COLLEGE,44540,2,STERLING,CO,80751-2944,8,7,4,2,1,2,2,40
127741,UNIVERSITY OF NORTHERN COLORADO,24540,1,GREELEY,CO,80639,8,7,1,1,1,2,2,16
127778,OTERO JUNIOR COLLEGE,-2,-2,LA JUNTA,CO,81050,8,7,4,2,1,2,2,40
127787,PARKS COLLEGE,19740,1,DENVER,CO,80229,8,7,6,2,3,2,2,40
127820,PIKES PEAK COMMUNITY COLLEGE,17820,1,COLORADO SPRINGS,CO,80906-5498,8,7,4,2,1,2,2,40
127884,PUEBLO COMMUNITY COLLEGE,39380,1,Pueblo,CO,81004-1499,8,7,4,2,1,2,2,40
127909,RED ROCKS COMMUNITY COLLEGE,19740,1,LAKEWOOD,CO,80228-1255,8,7,4,2,1,2,2,40
127918,REGIS UNIVERSITY,19740,1,DENVER,CO,80221-1099,8,7,2,1,2,2,2,21
127945,ROCKY MOUNTAIN COLLEGE OF ART AND DESIGN,19740,1,LAKEWOOD,CO,80214,8,7,3,1,3,2,2,56
128106,COLORADO STATE UNIVERSITY-PUEBLO,39380,1,PUEBLO,CO,81001-4901,8,7,1,1,1,2,2,21
128179,INTELLITEC COLLEGE-COLORADO SPRINGS,17820,1,COLORADO SPRINGS,CO,80909-6096,8,7,6,2,3,2,2,40
128188,INTELLITEC COLLEGE-GRAND JUNCTION,24300,1,GRAND JUNCTION,CO,81506,8,7,6,2,3,2,2,40
128258,TRINIDAD STATE JUNIOR COLLEGE,-2,-2,TRINIDAD,CO,81082,8,7,4,2,1,2,2,40
128328,UNITED STATES AIR FORCE ACADEMY,17820,1,USAFA,CO,80840-5002,8,0,1,1,1,2,2,59
128391,WESTERN STATE COLLEGE OF COLORADO,-2,-2,GUNNISON,CO,81231,8,7,1,1,1,2,2,31
128425,YESHIVA TORAS CHAIM TALMUDICAL SEMINARY,19740,1,DENVER,CO,80204,8,7,2,1,2,2,2,51
128498,ALBERTUS MAGNUS COLLEGE,35300,1,NEW HAVEN,CT,06511-1189,9,1,2,1,2,2,2,32
128577,ASNUNTUCK COMMUNITY COLLEGE,25540,1,ENFIELD,CT,06082,9,1,4,2,1,2,2,40
128683,BRIARWOOD COLLEGE,25540,1,SOUTHINGTON,CT,06489-1057,9,1,3,1,3,2,2,40
128744,UNIVERSITY OF BRIDGEPORT,14860,1,Bridgeport,CT,06604-5620,9,1,2,1,2,2,2,16
128771,CENTRAL CONNECTICUT STATE UNIVERSITY,25540,1,NEW BRITAIN,CT,06050,9,1,1,1,1,2,2,21
128780,CHARTER OAK STATE COLLEGE,25540,1,NEW BRITAIN,CT,06053-2142,9,1,1,1,1,2,2,31
128902,CONNECTICUT COLLEGE,35980,1,NEW LONDON,CT,06320,9,1,2,1,2,2,2,31
129020,UNIVERSITY OF CONNECTICUT,25540,1,STORRS,CT,06269,9,1,1,1,1,2,2,15
129215,EASTERN CONNECTICUT STATE UNIVERSITY,48740,2,WILLIMANTIC,CT,06226,9,1,1,1,1,2,2,21
129242,FAIRFIELD UNIVERSITY,14860,1,FAIRFIELD,CT,06824-5195,9,1,2,1,2,2,2,21
129367,CAPITAL COMMUNITY COLLEGE,25540,1,HARTFORD,CT,06103,9,1,4,2,1,2,2,40
129525,UNIVERSITY OF HARTFORD,25540,1,WEST HARTFORD,CT,06117-1599,9,1,2,1,2,2,2,16
129534,HOLY APOSTLES COLLEGE AND SEMINARY,25540,1,CROMWELL,CT,06416-2005,9,1,2,1,2,2,2,51
129543,HOUSATONIC COMMUNITY COLLEGE,14860,1,BRIDGEPORT,CT,06604-4704,9,1,4,2,1,2,2,40
129613,GIBBS COLLEGE,14860,1,NORWALK,CT,06855,9,1,6,2,3,2,2,40
129686,LYME ACADEMY COLLEGE OF FINE ARTS,35980,1,OLD LYME,CT,06371,9,1,2,1,2,2,2,56
129695,MANCHESTER COMMUNITY COLLEGE,25540,1,MANCHESTER,CT,06045-1046,9,1,4,2,1,2,2,40
129729,NAUGATUCK VALLEY COMMUNITY COLLEGE,35300,1,WATERBURY,CT,06708-3089,9,1,4,2,1,2,2,40
129756,MIDDLESEX COMMUNITY COLLEGE,25540,1,MIDDLETOWN,CT,06457-4829,9,1,4,2,1,2,2,40
129774,MITCHELL COLLEGE,35980,1,NEW LONDON,CT,06320,9,1,2,1,2,2,2,40
129808,THREE RIVERS COMMUNITY COLLEGE,35980,1,NORWICH,CT,06360,9,1,4,2,1,2,2,40
129941,UNIVERSITY OF NEW HAVEN,35300,1,WEST HAVEN,CT,06516,9,1,2,1,2,2,2,21
130004,NORWALK COMMUNITY COLLEGE,14860,1,Norwalk,CT,06854,9,1,4,2,1,2,2,40
130040,NORTHWESTERN CONNECTICUT COMMUNITY COLLEGE,45860,2,WINSTED,CT,06098,9,1,4,2,1,2,2,40
130110,PAIER COLLEGE OF ART INC,35300,1,HAMDEN,CT,06514-3902,9,1,3,1,3,2,2,56
130183,POST UNIVERSITY,35300,1,WATERBURY,CT,06723,9,1,2,1,2,2,2,32
130217,QUINEBAUG VALLEY COMMUNITY COLLEGE,48740,2,DANIELSON,CT,06239-1436,9,1,4,2,1,2,2,40
130226,QUINNIPIAC UNIVERSITY,35300,1,HAMDEN,CT,06518,9,1,2,1,2,2,2,21
130253,SACRED HEART UNIVERSITY,14860,1,FAIRFIELD,CT,06825-1000,9,1,2,1,2,2,2,21
130314,SAINT JOSEPH COLLEGE,25540,1,WEST HARTFORD,CT,06117-2791,9,1,2,1,2,2,2,21
130396,GATEWAY COMMUNITY COLLEGE,35300,1,NEW HAVEN,CT,06511,9,1,4,2,1,2,2,40
130448,ST VINCENT'S COLLEGE,14860,1,BRIDGEPORT,CT,06606-4201,9,1,5,2,2,2,2,40
130493,SOUTHERN CONNECTICUT STATE UNIVERSITY,35300,1,NEW HAVEN,CT,06515-1355,9,1,1,1,1,2,2,21
130590,TRINITY COLLEGE,25540,1,HARTFORD,CT,06106-3100,9,1,2,1,2,2,2,31
130606,TUNXIS COMMUNITY COLLEGE,25540,1,FARMINGTON,CT,06032-3187,9,1,4,2,1,2,2,40
130624,UNITED STATES COAST GUARD ACADEMY,35980,1,New London,CT,06320-4195,9,0,1,1,1,2,2,59
130697,WESLEYAN UNIVERSITY,25540,1,MIDDLETOWN,CT,06459,9,1,2,1,2,2,2,31
130776,WESTERN CONNECTICUT STATE UNIVERSITY,14860,1,DANBURY,CT,06810-6860,9,1,1,1,1,2,2,21
130794,YALE UNIVERSITY,35300,1,NEW HAVEN,CT,06520,9,1,2,1,2,2,2,15
130891,DELAWARE TECHNICAL AND COMMUNITY COLLEGE-OWENS,42580,2,GEORGETOWN,DE,19947,10,2,4,2,1,2,2,40
130907,DELAWARE TECHNICAL AND COMMUNITY COLLEGE-TERRY,20100,1,DOVER,DE,19901,10,2,4,2,1,2,2,40
130916,DELAWARE TECHNICAL AND COMMUNITY COLLEGE-STANTON-WILMINGTON,37980,1,NEWARK,DE,19702,10,2,4,2,1,2,2,40
130934,DELAWARE STATE UNIVERSITY,20100,1,Dover,DE,19901,10,2,1,1,1,1,2,21
130943,UNIVERSITY OF DELAWARE,37980,1,NEWARK,DE,19716,10,2,1,1,1,2,2,15
130989,GOLDEY-BEACOM COLLEGE,37980,1,WILMINGTON,DE,19808-1927,10,2,2,1,2,2,2,55
131098,WESLEY COLLEGE,20100,1,DOVER,DE,19901-3875,10,2,2,1,2,2,2,32
131113,WILMINGTON COLLEGE,37980,1,NEW CASTLE,DE,19720,10,2,2,1,2,2,2,16
131159,AMERICAN UNIVERSITY,47900,1,WASHINGTON,DC,20016-8001,11,2,2,1,2,2,2,15
131283,CATHOLIC UNIVERSITY OF AMERICA,47900,1,WASHINGTON,DC,20064,11,2,2,1,2,2,2,15
131308,CORCORAN COLLEGE OF ART AND DESIGN,47900,1,WASHINGTON,DC,20006-4804,11,2,2,1,2,2,2,56
131399,UNIVERSITY OF THE DISTRICT OF COLUMBIA,47900,1,WASHINGTON,DC,20008,11,2,1,1,1,1,2,21
131450,GALLAUDET UNIVERSITY,47900,1,Washington,DC,20002-3695,11,2,2,1,2,2,2,21
131469,GEORGE WASHINGTON UNIVERSITY,47900,1,WASHINGTON,DC,20052,11,2,2,1,2,2,2,15
131496,GEORGETOWN UNIVERSITY,47900,1,WASHINGTON,DC,20057,11,2,2,1,2,2,2,15
131520,HOWARD UNIVERSITY,47900,1,WASHINGTON,DC,20059-0001,11,2,2,1,2,1,2,15
131788,SOUTHEASTERN UNIVERSITY,47900,1,WASHINGTON,DC,20024-2788,11,2,2,1,2,2,2,21
131803,STRAYER UNIVERSITY-WASHINGTON CAMPUS,47900,1,WASHINGTON,DC,20005,11,2,3,1,3,2,2,22
131876,TRINITY UNIVERSITY,47900,1,WASHINGTON,DC,20017-1094,11,2,2,1,2,2,2,21
132338,THE ART INSTITUTE OF FORT LAUDERDALE INC,33100,1,FT LAUDERDALE,FL,33316-3000,12,5,3,1,3,2,2,56
132408,THE BAPTIST COLLEGE OF FLORIDA,-2,-2,GRACEVILLE,FL,32440,12,5,2,1,2,2,2,51
132471,BARRY UNIVERSITY,33100,1,MIAMI,FL,33161-6695,12,5,2,1,2,2,2,21
132602,BETHUNE COOKMAN COLLEGE,19660,1,DAYTONA BEACH,FL,32114-3099,12,5,2,1,2,1,2,32
132657,LYNN UNIVERSITY,33100,1,BOCA RATON,FL,33431-5598,12,5,2,1,2,2,2,21
132693,BREVARD COMMUNITY COLLEGE-COCOA CAMPUS,37340,1,COCOA,FL,32922,12,5,4,2,1,2,2,40
132709,BROWARD COMMUNITY COLLEGE,33100,1,FT LAUDERDALE,FL,33301,12,5,4,2,1,2,2,40
132842,CARLOS ALBIZU UNIVERSITY-MIAMI CAMPUS,33100,1,Miami,FL,33172-2209,12,5,2,1,2,2,2,59
132851,CENTRAL FLORIDA COMMUNITY COLLEGE,36100,1,OCALA,FL,34474,12,5,4,2,1,2,2,40
132879,FLORIDA CHRISTIAN COLLEGE INC,36740,1,KISSIMMEE,FL,34744,12,5,2,1,2,2,2,51
132903,UNIVERSITY OF CENTRAL FLORIDA,36740,1,ORLANDO,FL,32816,12,5,1,1,1,2,2,16
133021,CHIPOLA COLLEGE,-2,-2,MARIANNA,FL,32446-2053,12,5,1,1,1,2,2,40
133085,CLEARWATER CHRISTIAN COLLEGE,45300,1,CLEARWATER,FL,33759-4595,12,5,2,1,2,2,2,32
133386,DAYTONA BEACH COMMUNITY COLLEGE,19660,1,DAYTONA BEACH,FL,32114,12,5,4,2,1,2,2,40
133492,ECKERD COLLEGE,45300,1,ST PETERSBURG,FL,33711-4700,12,5,2,1,2,2,2,31
133508,EDISON COLLEGE,15980,1,FT MYERS,FL,33919-0000,12,5,4,2,1,2,2,40
133526,EDWARD WATERS COLLEGE,27260,1,JACKSONVILLE,FL,32209,12,5,2,1,2,1,2,32
133553,EMBRY RIDDLE AERONAUTICAL UNIVERSITY-DAYTONA BEACH,19660,1,DAYTONA BEACH,FL,32114-3900,12,5,2,1,2,2,2,21
133650,FLORIDA AGRICULTURAL AND MECHANICAL UNIVERSITY,45220,1,TALLAHASSEE,FL,32307,12,5,1,1,1,1,2,21
133669,FLORIDA ATLANTIC UNIVERSITY-BOCA RATON,33100,1,BOCA RATON,FL,33431-0991,12,5,1,1,1,2,2,16
133702,FLORIDA COMMUNITY COLLEGE AT JACKSONVILLE,27260,1,JACKSONVILLE,FL,32202,12,5,4,2,1,2,2,40
133711,FLAGLER COLLEGE,27260,1,ST AUGUSTINE,FL,32084,12,5,2,1,2,2,2,32
133809,FLORIDA COLLEGE,45300,1,TEMPLE TERRACE,FL,33617,12,5,2,1,2,2,2,40
133872,FLORIDA HOSPITAL COLLEGE OF HEALTH SCIENCES,36740,1,ORLANDO,FL,32803,12,5,2,1,2,2,2,40
133881,FLORIDA INSTITUTE OF TECHNOLOGY-MELBOURNE,37340,1,MELBOURNE,FL,32901-6975,12,5,2,1,2,2,2,16
133951,FLORIDA INTERNATIONAL UNIVERSITY,33100,1,MIAMI,FL,33199,12,5,1,1,1,2,2,15
133960,FLORIDA KEYS COMMUNITY COLLEGE,28580,2,KEY WEST,FL,33040,12,5,4,2,1,2,2,40
133979,FLORIDA MEMORIAL COLLEGE,33100,1,MIAMI,FL,33054-6199,12,5,2,1,2,1,2,32
133997,FLORIDA CAREER COLLEGE,33100,1,MIAMI,FL,33174,12,5,6,2,3,2,2,40
134079,FLORIDA SOUTHERN COLLEGE,29460,1,LAKELAND,FL,33801-5698,12,5,2,1,2,2,2,32
134097,FLORIDA STATE UNIVERSITY,45220,1,TALLAHASSEE,FL,32306-1037,12,5,1,1,1,2,2,15
134112,FLORIDA TECHNICAL COLLEGE,36740,1,ORLANDO,FL,32826,12,5,6,2,3,2,2,40
134121,FLORIDA TECHNICAL COLLEGE OF JACKSONVILLE INC,27260,1,JACKSONVILLE,FL,32211-5123,12,5,6,2,3,2,2,40
134130,UNIVERSITY OF FLORIDA,23540,1,GAINESVILLE,FL,32611,12,5,1,1,1,2,2,15
134149,FLORIDA METROPOLITAN UNIVERSITY,33100,1,Pompano Beach,FL,33062,12,5,3,1,3,2,2,55
134237,FULL SAIL REAL WORLD EDUCATION,36740,1,WINTER PARK,FL,32792-7429,12,5,3,1,3,2,2,40
134343,GULF COAST COMMUNITY COLLEGE,37460,1,PANAMA CITY,FL,32401,12,5,4,2,1,2,2,40
134422,KEY COLLEGE,33100,1,FT LAUDERDALE,FL,33317-2635,12,5,6,2,3,2,2,40
134495,HILLSBOROUGH COMMUNITY COLLEGE,45300,1,TAMPA,FL,33606,12,5,4,2,1,2,2,40
134510,HOBE SOUND BIBLE COLLEGE,38940,1,HOBE SOUND,FL,33455-1065,12,5,2,1,2,2,2,51
134608,INDIAN RIVER COMMUNITY COLLEGE,38940,1,FT PIERCE,FL,34981-5596,12,5,4,2,1,2,2,40
134680,INTERNATIONAL ACADEMY OF DESIGN AND TECHNOLOGY,45300,1,TAMPA,FL,33634-7357,12,5,3,1,3,2,2,56
134811,AI MIAMI INTERNATIONAL UNIVERSITY OF ART AND DESIGN,33100,1,MIAMI,FL,33132,12,5,3,1,3,2,2,56
134875,ATI COLLEGE OF HEALTH,33100,1,MIAMI,FL,33169,12,5,6,2,3,2,2,40
134909,ITT TECHNICAL INSTITUTE,45300,1,TAMPA,FL,33634-7350,12,5,3,1,3,2,2,54
134945,JACKSONVILLE UNIVERSITY,27260,1,JACKSONVILLE,FL,32211-3394,12,5,2,1,2,2,2,21
135063,JONES COLLEGE-JACKSONVILLE,27260,1,JACKSONVILLE,FL,32211,12,5,2,1,2,2,2,32
135081,KEISER COLLEGE,33100,1,Ft. Lauderdale,FL,33309,12,5,3,1,3,2,2,40
135160,LAKE CITY COMMUNITY COLLEGE,29380,2,LAKE CITY,FL,32025-2007,12,5,4,2,1,2,2,40
135188,LAKE-SUMTER COMMUNITY COLLEGE,36740,1,LEESBURG,FL,34788-8751,12,5,4,2,1,2,2,40
135364,LUTHER RICE SEMINARY,12060,1,LITHONIA,GA,30038-2418,13,5,2,1,2,2,2,51
135391,MANATEE COMMUNITY COLLEGE,42260,1,BRADENTON,FL,34207,12,5,4,2,1,2,2,40
135610,TRINITY INTERNATIONAL UNIVERSITY,33100,1,MIAMI,FL,33169-4541,12,5,2,1,2,2,2,32
135717,MIAMI DADE COLLEGE,33100,1,MIAMI,FL,33132-2204,12,5,1,1,1,2,2,40
135726,UNIVERSITY OF MIAMI,33100,1,CORAL GABLES,FL,33124,12,5,2,1,2,2,2,15
135939,REMINGTON COLLEGE-TAMPA CAMPUS,45300,1,TAMPA,FL,33612,12,5,3,1,3,2,2,54
136075,GULF COAST COLLEGE,45300,1,TAMPA,FL,33619,12,5,6,2,3,2,2,40
136145,NORTH FLORIDA COMMUNITY COLLEGE,-2,-2,MADISON,FL,32340,12,5,4,2,1,2,2,40
136172,UNIVERSITY OF NORTH FLORIDA,27260,1,JACKSONVILLE,FL,32224-2645,12,5,1,1,1,2,2,21
136215,NOVA SOUTHEASTERN UNIVERSITY,33100,1,FT LAUDERDALE,FL,33314-7796,12,5,2,1,2,2,2,16
136233,OKALOOSA-WALTON COLLEGE,23020,1,NICEVILLE,FL,32578-1295,12,5,1,1,1,2,2,40
136288,FLORIDA METROPOLITAN UNIVERSITY-NORTH ORLANDO,36740,1,ORLANDO,FL,32810,12,5,3,1,3,2,2,22
136330,PALM BEACH ATLANTIC UNIVERSITY-WEST PALM BEACH,33100,1,WEST PALM BEACH,FL,33401,12,5,2,1,2,2,2,21
136358,PALM BEACH COMMUNITY COLLEGE,33100,1,LAKE WORTH,FL,33461-4796,12,5,4,2,1,2,2,40
136400,PASCO-HERNANDO COMMUNITY COLLEGE,45300,1,New Port Richey,FL,34654-5199,12,5,4,2,1,2,2,40
136473,PENSACOLA JUNIOR COLLEGE,37860,1,Pensacola,FL,32504-8998,12,5,4,2,1,2,2,40
136516,POLK COMMUNITY COLLEGE,29460,1,WINTER HAVEN,FL,33881-4299,12,5,4,2,1,2,2,40
136774,RINGLING SCHOOL OF ART AND DESIGN,42260,1,SARASOTA,FL,34234-5895,12,5,2,1,2,2,2,56
136950,ROLLINS COLLEGE,36740,1,WINTER PARK,FL,32789-4499,12,5,2,1,2,2,2,21
137032,SAINT LEO UNIVERSITY,45300,1,ST LEO,FL,33574-9930,12,5,2,1,2,2,2,22
137078,ST PETERSBURG COLLEGE,45300,1,PINELLAS PARK,FL,33781,12,5,1,1,1,2,2,40
137096,SANTA FE COMMUNITY COLLEGE,23540,1,GAINESVILLE,FL,32606,12,5,4,2,1,2,2,40
137148,ARGOSY UNIVERSITY-SARASOTA CAMPUS,42260,1,SARASOTA,FL,34235,12,5,3,1,3,2,2,16
137209,SEMINOLE COMMUNITY COLLEGE,36740,1,SANFORD,FL,32773-6199,12,5,4,2,1,2,2,40
137272,SAINT JOHN VIANNEY COLLEGE SEMINARY,33100,1,MIAMI,FL,33165-3244,12,5,2,1,2,2,2,51
137281,SAINT JOHNS RIVER COMMUNITY COLLEGE,37260,2,PALATKA,FL,32177,12,5,4,2,1,2,2,40
137315,SOUTH FLORIDA COMMUNITY COLLEGE,42700,2,AVON PARK,FL,33825-9356,12,5,4,2,1,2,2,40
137351,UNIVERSITY OF SOUTH FLORIDA,45300,1,TAMPA,FL,33620-9951,12,5,1,1,1,2,2,15
137476,SAINT THOMAS UNIVERSITY,33100,1,MIAMI GARDENS,FL,33054-6459,12,5,2,1,2,2,2,21
137546,STETSON UNIVERSITY,19660,1,DELAND,FL,32723,12,5,2,1,2,2,2,21
137564,SOUTHEASTERN COLLEGE ASSEMBLIES OF GOD,29460,1,LAKELAND,FL,33801-6034,12,5,2,1,2,2,2,32
137759,TALLAHASSEE COMMUNITY COLLEGE,45220,1,TALLAHASSEE,FL,32304-2895,12,5,4,2,1,2,2,40
137777,TALMUDIC COLLEGE OF FLORIDA,33100,1,MIAMI BEACH,FL,33139,12,5,2,1,2,2,2,51
137801,FLORIDA METROPOLITAN UNIVERSITY-TAMPA,45300,1,TAMPA,FL,33614,12,5,3,1,3,2,2,22
137810,FLORIDA METROPOLITAN UNIVERSITY-PINELLAS,45300,1,CLEARWATER,FL,33759-1354,12,5,3,1,3,2,2,22
137847,THE UNIVERSITY OF TAMPA,45300,1,TAMPA,FL,33606-1490,12,5,2,1,2,2,2,22
137892,ATI CAREER TRAINING CENTER,33100,1,Fort Lauderdale,FL,33309-9731,12,5,6,2,3,2,2,40
137953,TRINITY BAPTIST COLLEGE,27260,1,JACKSONVILLE,FL,32221,12,5,2,1,2,2,2,31
137962,TRINITY COLLEGE OF FLORIDA,45300,1,TRINITY,FL,34655-4401,12,5,2,1,2,2,2,51
138187,VALENCIA COMMUNITY COLLEGE,36740,1,ORLANDO,FL,32801,12,5,4,2,1,2,2,40
138275,WARNER SOUTHERN COLLEGE,29460,1,LAKE WALES,FL,33859-8797,12,5,2,1,2,2,2,32
138293,WEBBER INTERNATIONAL UNIVERSITY,29460,1,BABSON PARK,FL,33827-0096,12,5,2,1,2,2,2,55
138354,THE UNIVERSITY OF WEST FLORIDA,37860,1,PENSACOLA,FL,32514-5750,12,5,1,1,1,2,2,21
138558,ABRAHAM BALDWIN AGRICULTURAL COLLEGE,45700,2,TIFTON,GA,31793-2601,13,5,4,2,1,2,2,40
138600,AGNES SCOTT COLLEGE,12060,1,DECATUR,GA,30030-3797,13,5,2,1,2,2,2,31
138655,INTERACTIVE COLLEGE OF TECHNOLOGY,12060,1,CHAMBLEE,GA,30341,13,5,6,2,3,2,2,40
138691,DARTON COLLEGE,10500,1,ALBANY,GA,31707-3098,13,5,4,2,1,2,2,40
138716,ALBANY STATE UNIVERSITY,10500,1,ALBANY,GA,31705,13,5,1,1,1,1,2,21
138725,AMERICAN INTERCONTINENTAL UNIVERSITY,12060,1,Atlanta,GA,30326-1001,13,5,3,1,3,2,2,56
138761,ANDREW COLLEGE,-2,-2,CUTHBERT,GA,39840-1395,13,5,5,2,2,2,2,40
138789,ARMSTRONG ATLANTIC STATE UNIVERSITY,42340,1,SAVANNAH,GA,31419,13,5,1,1,1,2,2,21
138813,THE ART INSTITUTE OF ATLANTA,12060,1,ATLANTA,GA,30328-1635,13,5,3,1,3,2,2,40
138868,ATLANTA CHRISTIAN COLLEGE,12060,1,EAST POINT,GA,30344,13,5,2,1,2,2,2,51
138877,ATLANTA COLLEGE OF ART,12060,1,ATLANTA,GA,30309,13,5,2,1,2,2,2,56
138901,ATLANTA METROPOLITAN COLLEGE,12060,1,ATLANTA,GA,30310-4498,13,5,4,2,1,2,2,40
138947,CLARK ATLANTA UNIVERSITY,12060,1,ATLANTA,GA,30314,13,5,2,1,2,1,2,16
138956,AUGUSTA TECHNICAL COLLEGE,12260,1,AUGUSTA,GA,30906,13,5,4,2,1,2,2,40
138983,AUGUSTA STATE UNIVERSITY,12260,1,AUGUSTA,GA,30904-2200,13,5,1,1,1,2,2,21
139010,BAINBRIDGE COLLEGE,12460,2,BAINBRIDGE,GA,39819,13,5,4,2,1,2,2,40
139074,BAUDER COLLEGE,12060,1,ATLANTA,GA,30313,13,5,3,1,3,2,2,40
139144,BERRY COLLEGE,40660,1,MOUNT BERRY,GA,30149,13,5,2,1,2,2,2,32
139153,BEULAH HEIGHTS BIBLE COLLEGE,12060,1,ATLANTA,GA,30316,13,5,2,1,2,2,2,51
139199,BRENAU UNIVERSITY,23580,1,GAINESVILLE,GA,30501-3668,13,5,2,1,2,2,2,21
139205,BREWTON-PARKER COLLEGE,-2,-2,MT VERNON,GA,30445,13,5,2,1,2,2,2,32
139250,COASTAL GEORGIA COMMUNITY COLLEGE,15260,1,BRUNSWICK,GA,31520-3644,13,5,4,2,1,2,2,40
139278,WESTCENTRAL TECHNICAL COLLEGE,12060,1,Waco,GA,30182,13,5,4,2,1,2,2,40
139311,CLAYTON COLLEGE AND STATE UNIVERSITY,12060,1,MORROW,GA,30260-0285,13,5,1,1,1,2,2,33
139357,COLUMBUS TECHNICAL COLLEGE,17980,1,COLUMBUS,GA,31904-6572,13,5,4,2,1,2,2,40
139366,COLUMBUS STATE UNIVERSITY,17980,1,COLUMBUS,GA,31907-5645,13,5,1,1,1,2,2,21
139393,COVENANT COLLEGE,16860,1,LOOKOUT MOUNTAIN,GA,30750-4164,13,5,2,1,2,2,2,32
139463,DALTON STATE COLLEGE,19140,1,DALTON,GA,30720-3797,13,5,1,1,1,2,2,40
139533,DEVRY UNIVERSITY-GEORGIA,12060,1,DECATUR,GA,30030-2198,13,5,3,1,3,2,2,54
139579,SOUTH UNIVERSITY-SAVANNAH,42340,1,SAVANNAH,GA,31406,13,5,3,1,3,2,2,40
139621,EAST GEORGIA COLLEGE,-2,-2,SWAINSBORO,GA,30401,13,5,4,2,1,2,2,40
139630,EMMANUEL COLLEGE,-2,-2,FRANKLIN SPRINGS,GA,30639,13,5,2,1,2,2,2,32
139658,EMORY UNIVERSITY,12060,1,ATLANTA,GA,30322,13,5,2,1,2,2,2,15
139700,FLOYD COLLEGE,40660,1,ROME,GA,30162-1864,13,5,4,2,1,2,2,40
139719,FORT VALLEY STATE UNIVERSITY,22980,2,FT VALLEY,GA,31030-4313,13,5,1,1,1,1,2,21
139755,GEORGIA INSTITUTE OF TECHNOLOGY-MAIN CAMPUS,12060,1,ATLANTA,GA,30332,13,5,1,1,1,2,2,15
139764,GEORGIA SOUTHWESTERN STATE UNIVERSITY,11140,2,AMERICUS,GA,31709-4693,13,5,1,1,1,2,2,21
139773,GAINESVILLE COLLEGE,23580,1,OAKWOOD,GA,30566,13,5,4,2,1,2,2,40
139861,GEORGIA COLLEGE AND STATE UNIVERSITY,33300,2,MILLEDGEVILLE,GA,31061,13,5,1,1,1,2,2,21
139904,GEORGIA MILITARY COLLEGE-MAIN CAMPUS,33300,2,MILLEDGEVILLE,GA,31061-3398,13,5,4,2,1,2,2,40
139931,GEORGIA SOUTHERN UNIVERSITY,44340,2,STATESBORO,GA,30460,13,5,1,1,1,2,2,21
139940,GEORGIA STATE UNIVERSITY,12060,1,ATLANTA,GA,30303-3083,13,5,1,1,1,2,2,15
139959,UNIVERSITY OF GEORGIA,12020,1,ATHENS,GA,30602,13,5,1,1,1,2,2,15
139968,GORDON COLLEGE,12060,1,BARNESVILLE,GA,30204,13,5,4,2,1,2,2,40
139986,GRIFFIN TECHNICAL COLLEGE,12060,1,GRIFFIN,GA,30223,13,5,4,2,1,2,2,40
139995,GUPTON JONES COLLEGE OF FUNERAL SERVICE,12060,1,DECATUR,GA,30035-4022,13,5,5,2,2,2,2,40
140012,GWINNETT TECHNICAL COLLEGE,12060,1,LAWRENCEVILLE,GA,30043-5702,13,5,4,2,1,2,2,40
140164,KENNESAW STATE UNIVERSITY,12060,1,KENNESAW,GA,30144-5591,13,5,1,1,1,2,2,21
140234,LAGRANGE COLLEGE,29300,2,LaGrange,GA,30240-2999,13,5,2,1,2,2,2,32
140252,LIFE UNIVERSITY,12060,1,Marietta,GA,30060,13,5,2,1,2,2,2,53
140304,CENTRAL GEORGIA TECHNICAL COLLEGE,31420,1,MACON,GA,31206,13,5,4,2,1,2,2,40
140322,MACON STATE COLLEGE,31420,1,MACON,GA,31206-5145,13,5,1,1,1,2,2,40
140331,CHATTAHOOCHEE TECHNICAL COLLEGE,12060,1,MARIETTA,GA,30060-3398,13,5,4,2,1,2,2,40
140340,HERZING COLLEGE,12060,1,ATLANTA,GA,30326,13,5,3,1,3,2,2,40
140401,MEDICAL COLLEGE OF GEORGIA,12260,1,AUGUSTA,GA,30912,13,5,1,1,1,2,2,52
140447,MERCER UNIVERSITY,31420,1,MACON,GA,31207,13,5,2,1,2,2,2,21
140483,MIDDLE GEORGIA COLLEGE,-2,-2,COCHRAN,GA,31014-1599,13,5,4,2,1,2,2,40
140553,MOREHOUSE COLLEGE,12060,1,ATLANTA,GA,30314,13,5,2,1,2,1,2,31
140669,NORTH GEORGIA COLLEGE & STATE UNIVERSITY,-2,-2,DAHLONEGA,GA,30597-1001,13,5,1,1,1,2,2,21
140696,OGLETHORPE UNIVERSITY,12060,1,ATLANTA,GA,30319-2797,13,5,2,1,2,2,2,31
140720,PAINE COLLEGE,12260,1,AUGUSTA,GA,30901-3182,13,5,2,1,2,1,2,31
140818,PIEDMONT COLLEGE,18460,2,DEMOREST,GA,30535-0010,13,5,2,1,2,2,2,22
140872,REINHARDT COLLEGE,12060,1,WALESKA,GA,30183-2981,13,5,2,1,2,2,2,33
140942,SAVANNAH TECHNICAL COLLEGE,42340,1,SAVANNAH,GA,31405-5594,13,5,4,2,1,2,2,40
140951,SAVANNAH COLLEGE OF ART AND DESIGN,42340,1,SAVANNAH,GA,31402-3146,13,5,2,1,2,2,2,56
140960,SAVANNAH STATE UNIVERSITY,42340,1,SAVANNAH,GA,31404,13,5,1,1,1,1,2,22
140988,SHORTER COLLEGE,40660,1,ROME,GA,30165,13,5,2,1,2,2,2,32
140997,SOUTH GEORGIA COLLEGE,20060,2,DOUGLAS,GA,31533-5098,13,5,4,2,1,2,2,40
141060,SPELMAN COLLEGE,12060,1,ATLANTA,GA,30314-4399,13,5,2,1,2,1,2,31
141097,SOUTHERN POLYTECHNIC STATE UNIVERSITY,12060,1,MARIETTA,GA,30060-2896,13,5,1,1,1,2,2,54
141158,SOUTHWEST GEORGIA TECHNICAL COLLEGE,45620,2,THOMASVILLE,GA,31792,13,5,4,2,1,2,2,40
141167,THOMAS UNIVERSITY,45620,2,THOMASVILLE,GA,31792,13,5,2,1,2,2,2,32
141185,TOCCOA FALLS COLLEGE,45740,2,TOCCOA FALLS,GA,30598,13,5,2,1,2,2,2,32
141228,WEST GEORGIA TECHNICAL COLLEGE,29300,2,LAGRANGE,GA,30240,13,5,4,2,1,2,2,40
141237,TRUETT-MCCONNELL COLLEGE,-2,-2,CLEVELAND,GA,30528,13,5,2,1,2,2,2,40
141264,VALDOSTA STATE UNIVERSITY,46660,1,VALDOSTA,GA,31698,13,5,1,1,1,2,2,21
141273,NORTHWESTERN TECHNICAL COLLEGE,16860,1,ROCK SPRING,GA,30739,13,5,4,2,1,2,2,40
141307,WAYCROSS COLLEGE,48180,2,WAYCROSS,GA,31503-0110,13,5,4,2,1,2,2,40
141325,WESLEYAN COLLEGE,31420,1,MACON,GA,31210-4462,13,5,2,1,2,2,2,31
141334,STATE UNIVERSITY OF WEST GEORGIA,12060,1,CARROLLTON,GA,30118-0001,13,5,1,1,1,2,2,21
141361,YOUNG HARRIS COLLEGE,-2,-2,YOUNG HARRIS,GA,30582,13,5,5,2,2,2,2,40
141468,HEALD COLLEGE-HONOLULU,26180,1,HONOLULU,HI,96814,15,8,5,2,2,2,2,40
141486,CHAMINADE UNIVERSITY OF HONOLULU,26180,1,HONOLULU,HI,96816-1578,15,8,2,1,2,2,2,21
141565,UNIVERSITY OF HAWAII AT HILO,25900,2,Hilo,HI,96720-4091,15,8,1,1,1,2,2,31
141574,UNIVERSITY OF HAWAII AT MANOA,26180,1,Honolulu,HI,96822,15,8,1,1,1,2,2,15
141583,HAWAII BUSINESS COLLEGE,26180,1,HONOLULU,HI,96813,15,8,6,2,3,2,2,40
141644,HAWAII PACIFIC UNIVERSITY,26180,1,HONOLULU,HI,96813,15,8,2,1,2,2,2,21
141680,HONOLULU COMMUNITY COLLEGE,26180,1,Honolulu,HI,96817-4598,15,8,4,2,1,2,2,40
141796,KAPIOLANI COMMUNITY COLLEGE,26180,1,Honolulu,HI,96816-4496,15,8,4,2,1,2,2,40
141802,KAUAI COMMUNITY COLLEGE,28180,2,Lihue,HI,96766-9591,15,8,4,2,1,2,2,40
141811,LEEWARD COMMUNITY COLLEGE,26180,1,Pearl City,HI,96782-3393,15,8,4,2,1,2,2,40
141839,MAUI COMMUNITY COLLEGE,27980,2,Kahului,HI,96732-1644,15,8,4,2,1,2,2,40
141981,UNIVERSITY OF HAWAII-WEST OAHU,26180,1,Pearl City,HI,96782-3699,15,8,1,1,1,2,2,31
141990,WINDWARD COMMUNITY COLLEGE,26180,1,Kaneohe,HI,96744-3598,15,8,4,2,1,2,2,40
142090,BOISE BIBLE COLLEGE,14260,1,BOISE,ID,83714-1220,16,7,2,1,2,2,2,51
142115,BOISE STATE UNIVERSITY,14260,1,BOISE,ID,83725,16,7,1,1,1,2,2,21
142179,EASTERN IDAHO TECHNICAL COLLEGE,26820,1,Idaho Falls,ID,83404-5788,16,7,4,2,1,2,2,40
142276,IDAHO STATE UNIVERSITY,38540,1,POCATELLO,ID,83209,16,7,1,1,1,2,2,16
142285,UNIVERSITY OF IDAHO,34140,2,MOSCOW,ID,83844-2282,16,7,1,1,1,2,2,15
142294,ALBERTSON COLLEGE OF IDAHO,14260,1,CALDWELL,ID,83605-4432,16,7,2,1,2,2,2,31
142328,LEWIS-CLARK STATE COLLEGE,30300,1,LEWISTON,ID,83501-2698,16,7,1,1,1,2,2,32
142337,ITT TECHNICAL INSTITUTE,14260,1,BOISE,ID,83713-1529,16,7,3,1,3,2,2,54
142443,NORTH IDAHO COLLEGE,17660,1,COEUR D'ALENE,ID,83814-2199,16,7,4,2,1,2,2,40
142461,NORTHWEST NAZARENE UNIVERSITY,14260,1,NAMPA,ID,83686-5897,16,7,2,1,2,2,2,22
142522,BRIGHAM YOUNG UNIVERSITY-IDAHO,39940,2,REXBURG,ID,83460-4107,16,7,2,1,2,2,2,40
142559,COLLEGE OF SOUTHERN IDAHO,46300,2,TWIN FALLS,ID,83301-1238,16,7,4,2,1,2,2,40
142887,AMERICAN ACADEMY OF ART,16980,1,CHICAGO,IL,60604-4302,17,3,3,1,3,2,2,56
143048,SCHOOL OF THE ART INSTITUTE OF CHICAGO,16980,1,CHICAGO,IL,60603,17,3,2,1,2,2,2,56
143075,THE COLLEGE OF OFFICE TECHNOLOGY,16980,1,CHICAGO,IL,60622-3312,17,3,6,2,3,2,2,40
143084,AUGUSTANA COLLEGE,19340,1,ROCK ISLAND,IL,61201-2296,17,3,2,1,2,2,2,31
143118,AURORA UNIVERSITY,16980,1,AURORA,IL,60506-4892,17,3,2,1,2,2,2,21
143163,BARAT COLLEGE,16980,1,LAKE FOREST,IL,60045-3263,17,3,2,1,2,2,2,32
143215,SOUTHWESTERN ILLINOIS COLLEGE,41180,1,BELLEVILLE,IL,62221-5899,17,3,4,2,1,2,2,40
143279,BLACK HAWK COLLEGE,19340,1,MOLINE,IL,61265-5899,17,3,4,2,1,2,2,40
143288,BLACKBURN COLLEGE,41180,1,CARLINVILLE,IL,62626,17,3,2,1,2,2,2,31
143297,BLESSING RIEMAN COLLEGE OF NURSING,39500,2,QUINCY,IL,62305-7005,17,3,2,1,2,2,2,53
143358,BRADLEY UNIVERSITY,37900,1,PEORIA,IL,61625-0001,17,3,2,1,2,2,2,21
143613,CARL SANDBURG COLLEGE,23660,2,GALESBURG,IL,61401,17,3,4,2,1,2,2,40
143853,MIDWESTERN UNIVERSITY,16980,1,DOWNERS GROVE,IL,60515-5514,17,3,2,1,2,2,2,52
143880,CAREER COLLEGES OF CHICAGO,16980,1,CHICAGO,IL,60603-6301,17,3,6,2,3,2,2,40
144005,CHICAGO STATE UNIVERSITY,16980,1,CHICAGO,IL,60628,17,3,1,1,1,2,2,21
144050,UNIVERSITY OF CHICAGO,16980,1,CHICAGO,IL,60637,17,3,2,1,2,2,2,15
144157,CITY COLLEGES OF CHICAGO-KENNEDY-KING COLLEGE,16980,1,CHICAGO,IL,60621-3798,17,3,4,2,1,2,2,40
144166,CITY COLLEGES OF CHICAGO-MALCOLM X COLLEGE,16980,1,CHICAGO,IL,60612-3197,17,3,4,2,1,2,2,40
144175,CITY COLLEGES OF CHICAGO-OLIVE-HARVEY COLLEGE,16980,1,CHICAGO,IL,60628-1696,17,3,4,2,1,2,2,40
144184,CITY COLLEGES OF CHICAGO-HARRY S TRUMAN COLLEGE,16980,1,CHICAGO,IL,60640-6063,17,3,4,2,1,2,2,40
144193,CITY COLLEGES OF CHICAGO-RICHARD J DALEY COLLEGE,16980,1,CHICAGO,IL,60652-1299,17,3,4,2,1,2,2,40
144209,CITY COLLEGES OF CHICAGO-HAROLD WASHINGTON COLLEGE,16980,1,CHICAGO,IL,60601-2449,17,3,4,2,1,2,2,40
144218,CITY COLLEGES OF CHICAGO-WILBUR WRIGHT COLLEGE,16980,1,CHICAGO,IL,60634-1500,17,3,4,2,1,2,2,40
144281,COLUMBIA COLLEGE CHICAGO,16980,1,CHICAGO,IL,60605-1996,17,3,2,1,2,2,2,21
144351,CONCORDIA UNIVERSITY,16980,1,RIVER FOREST,IL,60305-1499,17,3,2,1,2,2,2,21
144467,THE COOKING AND HOSPITALITY INSTITUTE OF CHICAGO,16980,1,CHICAGO,IL,60610,17,3,6,2,3,2,2,40
144564,DANVILLE AREA COMMUNITY COLLEGE,19180,1,DANVILLE,IL,61832-5118,17,3,4,2,1,2,2,40
144740,DEPAUL UNIVERSITY,16980,1,CHICAGO,IL,60604,17,3,2,1,2,2,2,16
144759,DEVRY UNIVERSITY-ILLINOIS,16980,1,CHICAGO,IL,60618-5994,17,3,3,1,3,2,2,54
144865,COLLEGE OF DUPAGE,16980,1,Glen Ellyn,IL,60137-6599,17,3,4,2,1,2,2,40
144883,EAST-WEST UNIVERSITY,16980,1,CHICAGO,IL,60605,17,3,2,1,2,2,2,32
144892,EASTERN ILLINOIS UNIVERSITY,16660,2,Charleston,IL,61920,17,3,1,1,1,2,2,21
144944,ELGIN COMMUNITY COLLEGE,16980,1,ELGIN,IL,60123-7193,17,3,4,2,1,2,2,40
144962,ELMHURST COLLEGE,16980,1,ELMHURST,IL,60126-3096,17,3,2,1,2,2,2,32
144971,EUREKA COLLEGE,37900,1,EUREKA,IL,61530,17,3,2,1,2,2,2,32
145336,GOVERNORS STATE UNIVERSITY,16980,1,UNIVERSITY PARK,IL,60466-0975,17,3,1,1,1,2,2,21
145372,GREENVILLE COLLEGE,41180,1,GREENVILLE,IL,62246-0159,17,3,2,1,2,2,2,32
145460,HARRINGTON COLLEGE OF DESIGN,16980,1,Chicago,IL,60606,17,3,3,1,3,2,2,56
145497,HEBREW THEOLOGICAL COLLEGE,16980,1,SKOKIE,IL,60077,17,3,2,1,2,2,2,51
145521,HIGHLAND COMMUNITY COLLEGE,23300,2,FREEPORT,IL,61032-9341,17,3,4,2,1,2,2,40
145558,ROSALIND FRANKLIN UNIVERSITY OF MEDICINE AND SCIENCE,16980,1,NORTH CHICAGO,IL,60064,17,3,2,1,2,2,2,52
145600,UNIVERSITY OF ILLINOIS AT CHICAGO,16980,1,Chicago,IL,60607,17,3,1,1,1,2,2,15
145619,BENEDICTINE UNIVERSITY,16980,1,LISLE,IL,60532-0900,17,3,2,1,2,2,2,21
145628,ILLINOIS COLLEGE OF OPTOMETRY,16980,1,CHICAGO,IL,60616,17,3,2,1,2,2,2,53
145637,UNIVERSITY OF ILLINOIS AT URBANA-CHAMPAIGN,16580,1,Champaign,IL,61820,17,3,1,1,1,2,2,15
145646,ILLINOIS WESLEYAN UNIVERSITY,14060,1,BLOOMINGTON,IL,61702-2900,17,3,2,1,2,2,2,31
145682,ILLINOIS CENTRAL COLLEGE,37900,1,EAST PEORIA,IL,61635-0001,17,3,4,2,1,2,2,40
145691,ILLINOIS COLLEGE,27300,2,JACKSONVILLE,IL,62650-2299,17,3,2,1,2,2,2,32
145707,ILLINOIS EASTERN COMMUNITY COLLEGES-OLNEY CENTRAL COLLEGE,-2,-2,OLNEY,IL,62450,17,3,4,2,1,2,2,40
145725,ILLINOIS INSTITUTE OF TECHNOLOGY,16980,1,CHICAGO,IL,60616,17,3,2,1,2,2,2,16
145770,ARGOSY UNIVERSITY-CHICAGO DOWNTOWN CAMPUS,16980,1,CHICAGO,IL,60603,17,3,3,1,3,2,2,59
145813,ILLINOIS STATE UNIVERSITY,14060,1,NORMAL,IL,61790-1000,17,3,1,1,1,2,2,16
145831,ILLINOIS VALLEY COMMUNITY COLLEGE,36860,2,OGLESBY,IL,61348-9692,17,3,4,2,1,2,2,40
146010,INTERNATIONAL ACADEMY OF DESIGN AND TECHNOLOGY,16980,1,Chicago,IL,60602-3300,17,3,3,1,3,2,2,56
146205,JOHN A LOGAN COLLEGE,32060,2,CARTERVILLE,IL,62918,17,3,4,2,1,2,2,40
146278,JOHN WOOD COMMUNITY COLLEGE,39500,2,Quincy,IL,62305-8736,17,3,4,2,1,2,2,40
146296,JOLIET JUNIOR COLLEGE,16980,1,JOLIET,IL,60431-8938,17,3,4,2,1,2,2,40
146339,JUDSON COLLEGE,16980,1,ELGIN,IL,60123-1498,17,3,2,1,2,2,2,32
146348,KANKAKEE COMMUNITY COLLEGE,28100,1,KANKAKEE,IL,60901,17,3,4,2,1,2,2,40
146366,KASKASKIA COLLEGE,41180,1,CENTRALIA,IL,62801,17,3,4,2,1,2,2,40
146393,KENDALL COLLEGE,16980,1,Chicago,IL,60622,17,3,2,1,2,2,2,33
146418,KISHWAUKEE COLLEGE,16980,1,MALTA,IL,60150-9699,17,3,4,2,1,2,2,40
146427,KNOX COLLEGE,23660,2,GALESBURG,IL,61401-9999,17,3,2,1,2,2,2,31
146472,COLLEGE OF LAKE COUNTY,16980,1,GRAYSLAKE,IL,60030-1198,17,3,4,2,1,2,2,40
146481,LAKE FOREST COLLEGE,16980,1,LAKE FOREST,IL,60045-2399,17,3,2,1,2,2,2,31
146506,LAKE LAND COLLEGE,16660,2,MATTOON,IL,61938,17,3,4,2,1,2,2,40
146533,LAKEVIEW COLLEGE OF NURSING,19180,1,DANVILLE,IL,61832,17,3,2,1,2,2,2,53
146603,LEWIS AND CLARK COMMUNITY COLLEGE,41180,1,GODFREY,IL,62035,17,3,4,2,1,2,2,40
146612,LEWIS UNIVERSITY,16980,1,ROMEOVILLE,IL,60446-2200,17,3,2,1,2,2,2,21
146621,LEXINGTON COLLEGE,16980,1,CHICAGO,IL,60607-3534,17,3,2,1,2,2,2,40
146667,LINCOLN CHRISTIAN COLLEGE AND SEMINARY,30660,2,LINCOLN,IL,62656-2111,17,3,2,1,2,2,2,51
146676,LINCOLN COLLEGE,30660,2,LINCOLN,IL,62656,17,3,2,1,2,2,2,40
146685,LINCOLN LAND COMMUNITY COLLEGE,44100,1,SPRINGFIELD,IL,62794-9256,17,3,4,2,1,2,2,40
146719,LOYOLA UNIVERSITY CHICAGO,16980,1,Chicago,IL,60611-9810,17,3,2,1,2,2,2,15
146755,TRINITY COLLEGE OF NURSING AND HEALTH SCIENCES,19340,1,ROCK ISLAND,IL,61201-5317,17,3,2,1,2,2,2,53
146816,MACCORMAC COLLEGE,16980,1,CHICAGO,IL,60602-4405,17,3,5,2,2,2,2,40
146825,MACMURRAY COLLEGE,27300,2,JACKSONVILLE,IL,62650-2590,17,3,2,1,2,2,2,32
147004,MCHENRY COUNTY COLLEGE,16980,1,CRYSTAL LAKE,IL,60012-2761,17,3,4,2,1,2,2,40
147013,MCKENDREE COLLEGE,41180,1,LEBANON,IL,62254,17,3,2,1,2,2,2,32
147165,MIDSTATE COLLEGE,37900,1,Peoria,IL,61614-3595,17,3,3,1,3,2,2,40
147244,MILLIKIN UNIVERSITY,19500,1,DECATUR,IL,62522-2084,17,3,2,1,2,2,2,32
147341,MONMOUTH COLLEGE,23660,2,MONMOUTH,IL,61462-1998,17,3,2,1,2,2,2,31
147369,MOODY BIBLE INSTITUTE,16980,1,CHICAGO,IL,60610-3284,17,3,2,1,2,2,2,51
147378,MORAINE VALLEY COMMUNITY COLLEGE,16980,1,PALOS HILLS,IL,60465-0937,17,3,4,2,1,2,2,40
147396,MORRISON INSTITUTE OF TECHNOLOGY,44580,2,MORRISON,IL,61270-2959,17,3,5,2,2,2,2,40
147411,MORTON COLLEGE,16980,1,CICERO,IL,60804-4398,17,3,4,2,1,2,2,40
147518,NATIVE AMERICAN EDUCATIONAL SERVICES COLLEGE INC,16980,1,CHICAGO,IL,60659,17,3,2,1,2,2,2,59
147536,NATIONAL-LOUIS UNIVERSITY,16980,1,CHICAGO,IL,60603,17,3,2,1,2,2,2,16
147590,NATIONAL UNIVERSITY OF HEALTH SCIENCES,16980,1,LOMBARD,IL,60148-4583,17,3,2,1,2,2,2,53
147660,NORTH CENTRAL COLLEGE,16980,1,NAPERVILLE,IL,60540,17,3,2,1,2,2,2,21
147679,NORTH PARK UNIVERSITY,16980,1,CHICAGO,IL,60625-4895,17,3,2,1,2,2,2,21
147703,NORTHERN ILLINOIS UNIVERSITY,16980,1,DeKalb,IL,60115-2854,17,3,1,1,1,2,2,15
147749,NORTHWESTERN BUSINESS COLLEGE,16980,1,CHICAGO,IL,60630,17,3,6,2,3,2,2,40
147767,NORTHWESTERN UNIVERSITY,16980,1,EVANSTON,IL,60208,17,3,2,1,2,2,2,15
147776,NORTHEASTERN ILLINOIS UNIVERSITY,16980,1,CHICAGO,IL,60625-4699,17,3,1,1,1,2,2,21
147800,OAKTON COMMUNITY COLLEGE,16980,1,DES PLAINES,IL,60016-1268,17,3,4,2,1,2,2,40
147828,OLIVET NAZARENE UNIVERSITY,28100,1,BOURBONNAIS,IL,60914-2271,17,3,2,1,2,2,2,21
147916,PARKLAND COLLEGE,16580,1,CHAMPAIGN,IL,61821-1899,17,3,4,2,1,2,2,40
148007,PRAIRIE STATE COLLEGE,16980,1,Chicago Heights,IL,60411,17,3,4,2,1,2,2,40
148016,PRINCIPIA COLLEGE,41180,1,ELSAH,IL,62028-9799,17,3,2,1,2,2,2,31
148131,QUINCY UNIVERSITY,39500,2,QUINCY,IL,62301-2699,17,3,2,1,2,2,2,22
148177,THE ILLINOIS INSTITUTE OF ART,16980,1,CHICAGO,IL,60654-1593,17,3,3,1,3,2,2,56
148256,REND LAKE COLLEGE,34500,2,INA,IL,62846,17,3,4,2,1,2,2,40
148292,RICHLAND COMMUNITY COLLEGE,19500,1,DECATUR,IL,62521-8512,17,3,4,2,1,2,2,40
148335,ROBERT MORRIS COLLEGE,16980,1,CHICAGO,IL,60605,17,3,2,1,2,2,2,55
148380,ROCK VALLEY COLLEGE,40420,1,ROCKFORD,IL,61114-5699,17,3,4,2,1,2,2,40
148399,ROCKFORD BUSINESS COLLEGE,40420,1,ROCKFORD,IL,61103,17,3,6,2,3,2,2,40
148405,ROCKFORD COLLEGE,40420,1,ROCKFORD,IL,61108-2393,17,3,2,1,2,2,2,21
148487,ROOSEVELT UNIVERSITY,16980,1,CHICAGO,IL,60605-1394,17,3,2,1,2,2,2,21
148496,DOMINICAN UNIVERSITY,16980,1,RIVER FOREST,IL,60305,17,3,2,1,2,2,2,21
148511,RUSH UNIVERSITY,16980,1,CHICAGO,IL,60612,17,3,2,1,2,2,2,52
148575,SAINT FRANCIS MEDICAL CENTER COLLEGE OF NURSING,37900,1,PEORIA,IL,61603-3783,17,3,2,1,2,2,2,53
148584,UNIVERSITY OF ST FRANCIS,16980,1,JOLIET,IL,60435-6188,17,3,2,1,2,2,2,21
148593,ST JOHNS COLLEGE,44100,1,SPRINGFIELD,IL,62702-5380,17,3,2,1,2,2,2,53
148627,SAINT XAVIER UNIVERSITY,16980,1,CHICAGO,IL,60655,17,3,2,1,2,2,2,21
148654,UNIVERSITY OF ILLINOIS AT SPRINGFIELD,44100,1,Springfield,IL,62707-5407,17,3,1,1,1,2,2,21
148672,SAUK VALLEY COMMUNITY COLLEGE,19940,2,DIXON,IL,61021,17,3,4,2,1,2,2,40
148821,SHAWNEE COMMUNITY COLLEGE,-2,-2,ULLIN,IL,62992,17,3,4,2,1,2,2,40
148849,SHIMER COLLEGE,16980,1,WAUKEGAN,IL,60079,17,3,2,1,2,2,2,31
148876,SAINT AUGUSTINE COLLEGE,16980,1,CHICAGO,IL,60640-3593,17,3,2,1,2,2,2,40
148937,SOUTHEASTERN ILLINOIS COLLEGE,25380,2,Harrisburg,IL,62946,17,3,4,2,1,2,2,40
148991,SPOON RIVER COLLEGE,15900,2,CANTON,IL,61520-9801,17,3,4,2,1,2,2,40
149019,SPRINGFIELD COLLEGE IN ILLINOIS,44100,1,SPRINGFIELD,IL,62702,17,3,5,2,2,2,2,40
149028,SAINT ANTHONY COLLEGE OF NURSING,40420,1,ROCKFORD,IL,61108-2468,17,3,2,1,2,2,2,53
149222,SOUTHERN ILLINOIS UNIVERSITY CARBONDALE,16060,2,CARBONDALE,IL,62901-4512,17,3,1,1,1,2,2,15
149231,SOUTHERN ILLINOIS UNIVERSITY EDWARDSVILLE,41180,1,EDWARDSVILLE,IL,62026-1001,17,3,1,1,1,2,2,21
149310,TAYLOR BUSINESS INSTITUTE,16980,1,CHICAGO,IL,60601,17,3,6,2,3,2,2,40
149329,TELSHE YESHIVA-CHICAGO,16980,1,CHICAGO,IL,60625,17,3,2,1,2,2,2,51
149365,SOUTH SUBURBAN COLLEGE,16980,1,South Holland,IL,60473-1200,17,3,4,2,1,2,2,40
149505,TRINITY CHRISTIAN COLLEGE,16980,1,Palos Heights,IL,60463-0929,17,3,2,1,2,2,2,32
149514,TRINITY INTERNATIONAL UNIVERSITY,16980,1,DEERFIELD,IL,60015-1283,17,3,2,1,2,2,2,51
149532,TRITON COLLEGE,16980,1,RIVER GROVE,IL,60171-1995,17,3,4,2,1,2,2,40
149639,VANDERCOOK COLLEGE OF MUSIC,16980,1,Chicago,IL,60616-3731,17,3,2,1,2,2,2,56
149727,WAUBONSEE COMMUNITY COLLEGE,16980,1,SUGAR GROVE,IL,60554-0901,17,3,4,2,1,2,2,40
149763,WEST SUBURBAN COLLEGE OF NURSING,16980,1,OAK PARK,IL,60302-2519,17,3,2,1,2,2,2,53
149772,WESTERN ILLINOIS UNIVERSITY,31380,2,MACOMB,IL,61455,17,3,1,1,1,2,2,21
149781,WHEATON COLLEGE,16980,1,WHEATON,IL,60187-5593,17,3,2,1,2,2,2,31
149842,WILLIAM RAINEY HARPER COLLEGE,16980,1,PALATINE,IL,60067-7398,17,3,4,2,1,2,2,40
150048,ANCILLA COLLEGE,38500,2,DONALDSON,IN,46513-0001,18,3,5,2,2,2,2,40
150066,ANDERSON UNIVERSITY,11300,1,ANDERSON,IN,46012-3495,18,3,2,1,2,2,2,22
150136,BALL STATE UNIVERSITY,34620,1,MUNCIE,IN,47306,18,3,1,1,1,2,2,16
150145,BETHEL COLLEGE,43780,1,MISHAWAKA,IN,46545,18,3,2,1,2,2,2,32
150163,BUTLER UNIVERSITY,26900,1,INDIANAPOLIS,IN,46208,18,3,2,1,2,2,2,21
150172,CALUMET COLLEGE OF SAINT JOSEPH,16980,1,WHITING,IN,46394,18,3,2,1,2,2,2,32
150251,COLLEGE OF COURT REPORTING INC,16980,1,HOBART,IN,46342,18,3,6,2,3,2,2,40
150400,DEPAUW UNIVERSITY,26900,1,GREENCASTLE,IN,46135-1772,18,3,2,1,2,2,2,31
150455,EARLHAM COLLEGE,39980,2,RICHMOND,IN,47374-4095,18,3,2,1,2,2,2,31
150534,UNIVERSITY OF EVANSVILLE,21780,1,EVANSVILLE,IN,47722,18,3,2,1,2,2,2,21
150561,TAYLOR UNIVERSITY-FT WAYNE,23060,1,FT WAYNE,IN,46807-2197,18,3,2,1,2,2,2,32
150604,FRANKLIN COLLEGE,26900,1,Franklin,IN,46131-2623,18,3,2,1,2,2,2,32
150668,GOSHEN COLLEGE,21140,1,GOSHEN,IN,46526-4794,18,3,2,1,2,2,2,31
150677,GRACE COLLEGE AND THEOLOGICAL SEMINARY,47700,2,WINONA LAKE,IN,46590,18,3,2,1,2,2,2,32
150756,HANOVER COLLEGE,31500,2,HANOVER,IN,47243-0108,18,3,2,1,2,2,2,31
150774,HOLY CROSS COLLEGE,43780,1,NOTRE DAME,IN,46556-0308,18,3,2,1,2,2,2,40
150941,HUNTINGTON COLLEGE,26540,2,HUNTINGTON,IN,46750,18,3,2,1,2,2,2,32
150978,IVY TECH STATE COLLEGE-NORTHCENTRAL,43780,1,SOUTH BEND,IN,46601-3415,18,3,4,2,1,2,2,40
150987,IVY TECH STATE COLLEGE-CENTRAL INDIANA,26900,1,INDIANAPOLIS,IN,46206-1763,18,3,4,2,1,2,2,40
150996,IVY TECH STATE COLLEGE-COLUMBUS,18020,1,COLUMBUS,IN,47203-1868,18,3,4,2,1,2,2,40
151005,IVY TECH STATE COLLEGE-EAST CENTRAL,34620,1,MUNCIE,IN,47302-9448,18,3,4,2,1,2,2,40
151014,IVY TECH STATE COLLEGE-KOKOMO,29020,1,KOKOMO,IN,46903-1373,18,3,4,2,1,2,2,40
151023,IVY TECH STATE COLLEGE-LAFAYETTE,29140,1,LAFAYETTE,IN,47905,18,3,4,2,1,2,2,40
151032,IVY TECH STATE COLLEGE-NORTHEAST,23060,1,FT WAYNE,IN,46805-1489,18,3,4,2,1,2,2,40
151041,IVY TECH STATE COLLEGE-SOUTH CENTRAL,31140,1,SELLERSBURG,IN,47172-1897,18,3,4,2,1,2,2,40
151050,IVY TECH STATE COLLEGE-SOUTHWEST,21780,1,EVANSVILLE,IN,47710-3398,18,3,4,2,1,2,2,40
151069,IVY TECH STATE COLLEGE-WABASH VALLEY,45460,1,TERRE HAUTE,IN,47802-4898,18,3,4,2,1,2,2,40
151078,IVY TECH STATE COLLEGE-WHITEWATER,39980,2,RICHMOND,IN,47374-1298,18,3,4,2,1,2,2,40
151087,IVY TECH STATE COLLEGE-NORTHWEST,16980,1,GARY,IN,46409-1499,18,3,4,2,1,2,2,40
151096,IVY TECH STATE COLLEGE-SOUTHEAST,31500,2,MADISON,IN,47250-1881,18,3,4,2,1,2,2,40
151102,INDIANA UNIVERSITY-PURDUE UNIVERSITY-FORT WAYNE,23060,1,FT WAYNE,IN,46805-1499,18,3,1,1,1,2,2,21
151111,INDIANA UNIVERSITY-PURDUE UNIVERSITY-INDIANAPOLIS,26900,1,INDIANAPOLIS,IN,46202-2896,18,3,1,1,1,2,2,16
151166,INDIANA BUSINESS COLLEGE-INDIANAPOLIS,26900,1,Indianapolis,IN,46204,18,3,6,2,3,2,2,40
151184,INDIANA BUSINESS COLLEGE-MARION,31980,2,MARION,IN,46952-2338,18,3,6,2,3,2,2,40
151193,INDIANA BUSINESS COLLEGE-COLUMBUS,18020,1,COLUMBUS,IN,47203-1843,18,3,6,2,3,2,2,40
151209,INDIANA BUSINESS COLLEGE-MUNCIE,34620,1,MUNCIE,IN,47303,18,3,6,2,3,2,2,40
151236,INDIANA BUSINESS COLLEGE-TERRE HAUTE,45460,1,TERRE HAUTE,IN,47802,18,3,6,2,3,2,2,40
151245,INDIANA BUSINESS COLLEGE-LAFAYETTE,29140,1,LAFAYETTE,IN,47905,18,3,6,2,3,2,2,40
151263,UNIVERSITY OF INDIANAPOLIS,26900,1,INDIANAPOLIS,IN,46227-3697,18,3,2,1,2,2,2,21
151290,INDIANA INSTITUTE OF TECHNOLOGY,23060,1,FT WAYNE,IN,46803-1228,18,3,2,1,2,2,2,55
151306,UNIVERSITY OF SOUTHERN INDIANA,21780,1,EVANSVILLE,IN,47712,18,3,1,1,1,2,2,21
151324,INDIANA STATE UNIVERSITY,45460,1,TERRE HAUTE,IN,47809,18,3,1,1,1,2,2,16
151333,INDIANA UNIVERSITY-KOKOMO,29020,1,KOKOMO,IN,46904-9003,18,3,1,1,1,2,2,32
151342,INDIANA UNIVERSITY-SOUTH BEND,43780,1,SOUTH BEND,IN,46634-7111,18,3,1,1,1,2,2,21
151351,INDIANA UNIVERSITY-BLOOMINGTON,14020,1,BLOOMINGTON,IN,47405-7000,18,3,1,1,1,2,2,15
151360,INDIANA UNIVERSITY-NORTHWEST,16980,1,GARY,IN,46408,18,3,1,1,1,2,2,21
151379,INDIANA UNIVERSITY-SOUTHEAST,31140,1,NEW ALBANY,IN,47150,18,3,1,1,1,2,2,21
151388,INDIANA UNIVERSITY-EAST,39980,2,RICHMOND,IN,47374,18,3,1,1,1,2,2,32
151458,INTERNATIONAL BUSINESS COLLEGE,23060,1,FT WAYNE,IN,46804-7145,18,3,3,1,3,2,2,40
151467,INTERNATIONAL BUSINESS COLLEGE-INDIANAPOLIS,26900,1,INDIANAPOLIS,IN,46256,18,3,6,2,3,2,2,40
151494,ITT TECHNICAL INSTITUTE,34980,1,NASHVILLE,TN,37214-3717,47,5,3,1,3,2,2,54
151500,ITT TECHNICAL INSTITUTE,23060,1,FT WAYNE,IN,46825-5532,18,3,3,1,3,2,2,54
151519,ITT TECHNICAL INSTITUTE,26900,1,INDIANAPOLIS,IN,46268-1119,18,3,3,1,3,2,2,54
151616,BROWN MACKIE COLLEGE-MERRILLVILLE,16980,1,MERRILLVILLE,IN,46410,18,3,6,2,3,2,2,40
151661,LINCOLN TECHNICAL INSTITUTE,26900,1,INDIANAPOLIS,IN,46268,18,3,6,2,3,2,2,40
151777,MANCHESTER COLLEGE,47340,2,NORTH MANCHESTER,IN,46962,18,3,2,1,2,2,2,32
151786,MARIAN COLLEGE,26900,1,INDIANAPOLIS,IN,46222-1997,18,3,2,1,2,2,2,32
151801,INDIANA WESLEYAN UNIVERSITY,31980,2,MARION,IN,46953-4974,18,3,2,1,2,2,2,21
151810,MARTIN UNIVERSITY,26900,1,INDIANAPOLIS,IN,46218-0567,18,3,2,1,2,2,2,32
151944,MICHIANA COLLEGE,43780,1,SOUTH BEND,IN,46617,18,3,6,2,3,2,2,40
151962,MID-AMERICA COLLEGE OF FUNERAL SERVICE,31140,1,JEFFERSONVILLE,IN,47130,18,3,2,1,2,2,2,40
152080,UNIVERSITY OF NOTRE DAME,43780,1,NOTRE DAME,IN,46556,18,3,2,1,2,2,2,15
152099,OAKLAND CITY UNIVERSITY,21780,1,OAKLAND CITY,IN,47660-1099,18,3,2,1,2,2,2,22
152220,PROFESSIONAL CAREERS INSTITUTE,26900,1,INDIANAPOLIS,IN,46278-1736,18,3,6,2,3,2,2,40
152248,PURDUE UNIVERSITY-CALUMET CAMPUS,16980,1,HAMMOND,IN,46323-2094,18,3,1,1,1,2,2,21
152266,PURDUE UNIVERSITY-NORTH CENTRAL CAMPUS,33140,1,WESTVILLE,IN,46391-9542,18,3,1,1,1,2,2,33
152318,ROSE-HULMAN INSTITUTE OF TECHNOLOGY,45460,1,TERRE HAUTE,IN,47803-3999,18,3,2,1,2,2,2,54
152336,UNIVERSITY OF SAINT FRANCIS-FT WAYNE,23060,1,FT WAYNE,IN,46808-3994,18,3,2,1,2,2,2,21
152363,SAINT JOSEPHS COLLEGE,16980,1,RENSSELAER,IN,47978,18,3,2,1,2,2,2,32
152381,SAINT MARY-OF-THE-WOODS COLLEGE,45460,1,ST MARY-OF-THE-WOODS,IN,47876-1099,18,3,2,1,2,2,2,32
152390,SAINT MARY'S COLLEGE,43780,1,NOTRE DAME,IN,46556,18,3,2,1,2,2,2,32
152415,SAWYER COLLEGE-HAMMOND,16980,1,HAMMOND,IN,46324,18,3,6,2,3,2,2,40
152530,TAYLOR UNIVERSITY-UPLAND,31980,2,UPLAND,IN,46989-1001,18,3,2,1,2,2,2,32
152567,TRI-STATE UNIVERSITY,11420,2,ANGOLA,IN,46703-1764,18,3,2,1,2,2,2,32
152600,VALPARAISO UNIVERSITY,16980,1,VALPARAISO,IN,46383,18,3,2,1,2,2,2,21
152637,VINCENNES UNIVERSITY,47180,2,VINCENNES,IN,47591,18,3,4,2,1,2,2,40
152673,WABASH COLLEGE,18820,2,CRAWFORDSVILLE,IN,47933-0352,18,3,2,1,2,2,2,31
152798,ALLEN COLLEGE,47940,1,WATERLOO,IA,50703-1999,19,4,2,1,2,2,2,53
152822,AIB COLLEGE OF BUSINESS,19780,1,DES MOINES,IA,50321-1799,19,4,5,2,2,2,2,40
152992,BRIAR CLIFF UNIVERSITY,43580,1,SIOUX CITY,IA,51104,19,4,2,1,2,2,2,32
153001,BUENA VISTA UNIVERSITY,44740,2,STORM LAKE,IA,50588,19,4,2,1,2,2,2,32
153108,CENTRAL COLLEGE,37800,2,PELLA,IA,50219,19,4,2,1,2,2,2,32
153126,CLARKE COLLEGE,20220,1,DUBUQUE,IA,52001-3198,19,4,2,1,2,2,2,32
153144,COE COLLEGE,16300,1,CEDAR RAPIDS,IA,52402-5092,19,4,2,1,2,2,2,31
153162,CORNELL COLLEGE,16300,1,Mount Vernon,IA,52314-1006,19,4,2,1,2,2,2,31
153214,DES MOINES AREA COMMUNITY COLLEGE,19780,1,ANKENY,IA,50021-3993,19,4,4,2,1,2,2,40
153241,DIVINE WORD COLLEGE,20220,1,EPWORTH,IA,52045,19,4,2,1,2,2,2,51
153250,DORDT COLLEGE,-2,-2,SIOUX CENTER,IA,51250-1697,19,4,2,1,2,2,2,32
153269,DRAKE UNIVERSITY,19780,1,DES MOINES,IA,50311-4505,19,4,2,1,2,2,2,21
153278,UNIVERSITY OF DUBUQUE,20220,1,DUBUQUE,IA,52001,19,4,2,1,2,2,2,22
153296,ELLSWORTH COMMUNITY COLLEGE,-2,-2,IOWA FALLS,IA,50126,19,4,4,2,1,-3,-3,40
153302,EMMAUS BIBLE COLLEGE,20220,1,DUBUQUE,IA,52001-3096,19,4,2,1,2,2,2,51
153311,EASTERN IOWA COMMUNITY COLLEGE DISTRICT,19340,1,Davenport,IA,52801-1221,19,4,4,2,1,2,2,40
153320,FAITH BAPTIST BIBLE COLLEGE AND THEOLOGICAL SEMINARY,19780,1,ANKENY,IA,50021-2152,19,4,2,1,2,2,2,51
153366,GRACELAND UNIVERSITY-LAMONI,-2,-2,Lamoni,IA,50140,19,4,2,1,2,2,2,32
153375,GRAND VIEW COLLEGE,19780,1,DES MOINES,IA,50316,19,4,2,1,2,2,2,32
153384,GRINNELL COLLEGE,-2,-2,GRINNELL,IA,50112-1690,19,4,2,1,2,2,2,31
153409,HAMILTON COLLEGE-MASON CITY BRANCH,32380,2,MASON CITY,IA,50401,19,4,3,1,3,2,2,40
153418,HAMILTON COLLEGE-MAIN CAMPUS,16300,1,CEDAR RAPIDS,IA,52404,19,4,3,1,3,2,2,40
153427,HAMILTON TECHNICAL COLLEGE,19340,1,DAVENPORT,IA,52807,19,4,3,1,3,2,2,54
153445,HAWKEYE COMMUNITY COLLEGE,47940,1,WATERLOO,IA,50701,19,4,4,2,1,2,2,40
153472,INDIAN HILLS COMMUNITY COLLEGE,36900,2,OTTUMWA,IA,52501,19,4,4,2,1,2,2,40
153524,IOWA CENTRAL COMMUNITY COLLEGE,22700,2,FT DODGE,IA,50501,19,4,4,2,1,2,2,40
153533,IOWA LAKES COMMUNITY COLLEGE,-2,-2,ESTHERVILLE,IA,51334,19,4,4,2,1,2,2,40
153603,IOWA STATE UNIVERSITY,11180,1,AMES,IA,50011,19,4,1,1,1,2,2,15
153621,IOWA WESLEYAN COLLEGE,-2,-2,Mount Pleasant,IA,52641,19,4,2,1,2,2,2,32
153630,IOWA WESTERN COMMUNITY COLLEGE,36540,1,COUNCIL BLUFFS,IA,51502-3004,19,4,4,2,1,2,2,40
153658,UNIVERSITY OF IOWA,26980,1,IOWA CITY,IA,52242-1316,19,4,1,1,1,2,2,15
153737,KIRKWOOD COMMUNITY COLLEGE,16300,1,CEDAR RAPIDS,IA,52406-2068,19,4,4,2,1,2,2,40
153825,LORAS COLLEGE,20220,1,DUBUQUE,IA,52004-0178,19,4,2,1,2,2,2,32
153834,LUTHER COLLEGE,-2,-2,Decorah,IA,52101-1045,19,4,2,1,2,2,2,31
153861,MAHARISHI UNIVERSITY OF MANAGEMENT,-2,-2,FAIRFIELD,IA,52557,19,4,2,1,2,2,2,21
153922,MARSHALLTOWN COMMUNITY COLLEGE,32260,2,MARSHALLTOWN,IA,50158,19,4,4,2,1,2,2,40
153977,MERCY COLLEGE OF HEALTH SCIENCES,19780,1,DES MOINES,IA,50309-1239,19,4,2,1,2,2,2,53
154004,MORNINGSIDE COLLEGE,43580,1,SIOUX CITY,IA,51106-1751,19,4,2,1,2,2,2,32
154013,MOUNT MERCY COLLEGE,16300,1,CEDAR RAPIDS,IA,52402-4797,19,4,2,1,2,2,2,32
154022,ASHFORD UNIVERSITY,17540,2,CLINTON,IA,52733-2967,19,4,2,1,2,2,2,31
154059,NORTH IOWA AREA COMMUNITY COLLEGE,32380,2,MASON CITY,IA,50401,19,4,4,2,1,2,2,40
154095,UNIVERSITY OF NORTHERN IOWA,16300,1,CEDAR FALLS,IA,50614,19,4,1,1,1,2,2,21
154101,NORTHWESTERN COLLEGE,-2,-2,ORANGE CITY,IA,51041,19,4,2,1,2,2,2,32
154110,NORTHEAST IOWA COMMUNITY COLLEGE-CALMAR,-2,-2,CALMAR,IA,52132-0400,19,4,4,2,1,2,2,40
154129,NORTHWEST IOWA COMMUNITY COLLEGE,-2,-2,SHELDON,IA,51201,19,4,4,2,1,2,2,40
154174,PALMER COLLEGE OF CHIROPRACTIC,19340,1,DAVENPORT,IA,52803-5287,19,4,2,1,2,2,2,53
154235,SAINT AMBROSE UNIVERSITY,19340,1,DAVENPORT,IA,52803-2898,19,4,2,1,2,2,2,21
154262,ST LUKE'S COLLEGE,43580,1,SIOUX CITY,IA,51104-0263,19,4,5,2,2,2,2,40
154350,SIMPSON COLLEGE,19780,1,INDIANOLA,IA,50125,19,4,2,1,2,2,2,32
154378,SOUTHEASTERN COMMUNITY COLLEGE,15460,2,WEST BURLINGTON,IA,52655-0180,19,4,4,2,1,2,2,40
154396,SOUTHWESTERN COMMUNITY COLLEGE,-2,-2,CRESTON,IA,50801,19,4,4,2,1,2,2,40
154493,UPPER IOWA UNIVERSITY,-2,-2,FAYETTE,IA,52142-1857,19,4,2,1,2,2,2,32
154509,VENNARD COLLEGE,36820,2,UNIVERSITY PARK,IA,52595-0029,19,4,2,1,2,2,2,51
154518,WALDORF COLLEGE,-2,-2,FOREST CITY,IA,50436-1713,19,4,2,1,2,2,2,33
154527,WARTBURG COLLEGE,47940,1,WAVERLY,IA,50677-0903,19,4,2,1,2,2,2,32
154572,WESTERN IOWA TECH COMMUNITY COLLEGE,43580,1,SIOUX CITY,IA,51102-5199,19,4,4,2,1,2,2,40
154590,WILLIAM PENN UNIVERSITY,36820,2,OSKALOOSA,IA,52577,19,4,2,1,2,2,2,32
154642,ALLEN COUNTY COMMUNITY COLLEGE,-2,-2,IOLA,KS,66749,20,4,4,2,1,2,2,40
154688,BAKER UNIVERSITY COLLEGE OF ARTS AND SCIENCES,29940,1,BALDWIN CITY,KS,66006-0065,20,4,2,1,2,2,2,21
154697,BARTON COUNTY COMMUNITY COLLEGE,24460,2,Great Bend,KS,67530,20,4,4,2,1,2,2,40
154712,BENEDICTINE COLLEGE,11860,2,ATCHISON,KS,66002-1499,20,4,2,1,2,2,2,22
154721,BETHANY COLLEGE,32700,2,LINDSBORG,KS,67456-1897,20,4,2,1,2,2,2,32
154749,BETHEL COLLEGE,48620,1,North Newton,KS,67117-0531,20,4,2,1,2,2,2,32
154776,BROWN MACKIE COLLEGE-SALINA,41460,2,SALINA,KS,67401-7307,20,4,6,2,3,2,2,40
154800,BUTLER COUNTY COMMUNITY COLLEGE,48620,1,EL DORADO,KS,67042-3280,20,4,4,2,1,2,2,40
154855,CENTRAL CHRISTIAN COLLEGE OF KANSAS,32700,2,MCPHERSON,KS,67460-5740,20,4,2,1,2,2,2,33
154907,CLOUD COUNTY COMMUNITY COLLEGE,-2,-2,CONCORDIA,KS,66901-1002,20,4,4,2,1,2,2,40
154925,COFFEYVILLE COMMUNITY COLLEGE AND AREA TECHNICAL SCHOOL,17700,2,COFFEYVILLE,KS,67337-5064,20,4,4,2,1,2,2,40
154934,COLBY COMMUNITY COLLEGE,-2,-2,COLBY,KS,67701,20,4,4,2,1,2,2,40
154952,COWLEY COUNTY COMMUNITY COLLEGE,49060,2,ARKANSAS CITY,KS,67005,20,4,4,2,1,2,2,40
154998,DODGE CITY COMMUNITY COLLEGE,19980,2,DODGE CITY,KS,67801-2399,20,4,4,2,1,2,2,40
155007,DONNELLY COLLEGE,28140,1,KANSAS CITY,KS,66102,20,4,5,2,2,2,2,40
155025,EMPORIA STATE UNIVERSITY,21380,2,EMPORIA,KS,66801-5087,20,4,1,1,1,2,2,21
155061,FORT HAYS STATE UNIVERSITY,25700,2,HAYS,KS,67601-4099,20,4,1,1,1,2,2,21
155070,BARCLAY COLLEGE,-2,-2,HAVILAND,KS,67059-0288,20,4,2,1,2,2,2,32
155089,FRIENDS UNIVERSITY,48620,1,WICHITA,KS,67213,20,4,2,1,2,2,2,21
155098,FORT SCOTT COMMUNITY COLLEGE,-2,-2,FT SCOTT,KS,66701,20,4,4,2,1,2,2,40
155104,GARDEN CITY COMMUNITY COLLEGE,23780,2,GARDEN CITY,KS,67846-6333,20,4,4,2,1,2,2,40
155140,HASKELL INDIAN NATIONS UNIVERSITY,29940,1,LAWRENCE,KS,66046-4800,20,4,1,1,1,2,1,60
155177,HESSTON COLLEGE,48620,1,HESSTON,KS,67062-2093,20,4,5,2,2,2,2,40
155186,HIGHLAND COMMUNITY COLLEGE,41140,1,HIGHLAND,KS,66035-4165,20,4,4,2,1,2,2,40
155195,HUTCHINSON COMMUNITY COLLEGE,26740,2,HUTCHINSON,KS,67501,20,4,4,2,1,2,2,40
155201,INDEPENDENCE COMMUNITY COLLEGE,17700,2,Independence,KS,67301-0708,20,4,4,2,1,2,2,40
155210,JOHNSON COUNTY COMMUNITY COLLEGE,28140,1,OVERLAND PARK,KS,66210-1299,20,4,4,2,1,2,2,40
155283,CONCORDE CAREER INSTITUTE,28140,1,Kansas City,MO,64111,29,4,6,2,3,2,2,40
155292,KANSAS CITY KANSAS COMMUNITY COLLEGE,28140,1,KANSAS CITY,KS,66112,20,4,4,2,1,2,2,40
155317,UNIVERSITY OF KANSAS MAIN CAMPUS,29940,1,LAWRENCE,KS,66045,20,4,1,1,1,2,2,15
155326,UNIVERSITY OF KANSAS MEDICAL CENTER,28140,1,KANSAS CITY,KS,66160,20,4,1,1,1,2,2,52
155335,NEWMAN UNIVERSITY,48620,1,WICHITA,KS,67213-2097,20,4,2,1,2,2,2,22
155399,KANSAS STATE UNIVERSITY,31740,2,MANHATTAN,KS,66506,20,4,1,1,1,2,2,15
155414,KANSAS WESLEYAN UNIVERSITY,41460,2,SALINA,KS,67401-6196,20,4,2,1,2,2,2,32
155450,LABETTE COMMUNITY COLLEGE,37660,2,PARSONS,KS,67357-4201,20,4,4,2,1,2,2,40
155496,MANHATTAN CHRISTIAN COLLEGE,31740,2,MANHATTAN,KS,66502-4801,20,4,2,1,2,2,2,51
155511,MCPHERSON COLLEGE,32700,2,MCPHERSON,KS,67460-1402,20,4,2,1,2,2,2,32
155520,MIDAMERICA NAZARENE UNIVERSITY,28140,1,OLATHE,KS,66062-1899,20,4,2,1,2,2,2,22
155566,NEOSHO COUNTY COMMUNITY COLLEGE,-2,-2,CHANUTE,KS,66720,20,4,4,2,1,2,2,40
155593,NORTH CENTRAL KANSAS TECHNICAL COLLEGE,-2,-2,BELOIT,KS,67420,20,4,4,2,1,2,2,40
155627,OTTAWA UNIVERSITY,28140,1,Ottawa,KS,66067-3399,20,4,2,1,2,2,2,32
155681,PITTSBURG STATE UNIVERSITY,38260,2,PITTSBURG,KS,66762,20,4,1,1,1,2,2,21
155715,PRATT COMMUNITY COLLEGE,-2,-2,PRATT,KS,67124,20,4,4,2,1,2,2,40
155812,UNIVERSITY OF SAINT MARY,28140,1,LEAVENWORTH,KS,66048-5082,20,4,2,1,2,2,2,21
155858,SEWARD COUNTY COMMUNITY COLLEGE,30580,2,Liberal,KS,67901,20,4,4,2,1,2,2,40
155900,SOUTHWESTERN COLLEGE,49060,2,WINFIELD,KS,67156-6224,20,4,2,1,2,2,2,32
155937,STERLING COLLEGE,-2,-2,STERLING,KS,67579,20,4,2,1,2,2,2,32
155973,TABOR COLLEGE,-2,-2,HILLSBORO,KS,67063-1799,20,4,2,1,2,2,2,32
156082,WASHBURN UNIVERSITY,45820,1,TOPEKA,KS,66621-0001,20,4,1,1,1,2,2,21
156125,WICHITA STATE UNIVERSITY,48620,1,WICHITA,KS,67260-0113,20,4,1,1,1,2,2,16
156189,ALICE LLOYD COLLEGE,-2,-2,PIPPA PASSES,KY,41844,21,5,2,1,2,2,2,32
156213,ASBURY COLLEGE,30460,1,WILMORE,KY,40390-1198,21,5,2,1,2,2,2,32
156231,ASHLAND COMMUNITY AND TECHNICAL COLLEGE,26580,1,Ashland,KY,41101-3683,21,5,4,2,1,2,2,40
156286,BELLARMINE UNIVERSITY,31140,1,LOUISVILLE,KY,40205-0671,21,5,2,1,2,2,2,21
156295,BEREA COLLEGE,40080,2,BEREA,KY,40404-2182,21,5,2,1,2,2,2,32
156356,BRESCIA UNIVERSITY,36980,1,OWENSBORO,KY,42301-3023,21,5,2,1,2,2,2,32
156365,CAMPBELLSVILLE UNIVERSITY,15820,2,CAMPBELLSVILLE,KY,42718-2799,21,5,2,1,2,2,2,22
156408,CENTRE COLLEGE,19220,2,DANVILLE,KY,40422-1394,21,5,2,1,2,2,2,31
156417,CLEAR CREEK BAPTIST BIBLE COLLEGE,33180,2,PINEVILLE,KY,40977-9752,21,5,2,1,2,2,2,51
156541,CUMBERLAND COLLEGE,18340,2,WILLIAMSBURG,KY,40769,21,5,2,1,2,2,2,22
156620,EASTERN KENTUCKY UNIVERSITY,40080,2,RICHMOND,KY,40475-3102,21,5,1,1,1,2,2,21
156648,ELIZABETHTOWN COMMUNITY COLLEGE,21060,1,ELIZABETHTOWN,KY,42701-3081,21,5,4,2,1,2,2,40
156745,GEORGETOWN COLLEGE,30460,1,GEORGETOWN,KY,40324,21,5,2,1,2,2,2,31
156790,HAZARD COMMUNITY AND TECHNICAL COLLEGE,-2,-2,HAZARD,KY,41701-2402,21,5,4,2,1,2,2,40
156851,HENDERSON COMMUNITY COLLEGE,21780,1,HENDERSON,KY,42420-4699,21,5,4,2,1,2,2,40
156860,HOPKINSVILLE COMMUNITY COLLEGE,17300,1,HOPKINSVILLE,KY,42241-2100,21,5,4,2,1,2,2,40
156903,PADUCAH TECHNICAL COLLEGE,37140,2,PADUCAH,KY,42001-8252,21,5,6,2,3,2,2,40
156921,JEFFERSON COMMUNITY COLLEGE,31140,1,LOUISVILLE,KY,40202-2005,21,5,4,2,1,2,2,40
157021,NATIONAL COLLEGE OF BUSINESS AND TECH-LEXINGTON,30460,1,Lexington,KY,40508,21,5,6,2,3,2,2,40
157030,KENTUCKY MOUNTAIN BIBLE COLLEGE,-2,-2,VANCLEVE,KY,41385-0010,21,5,2,1,2,2,2,51
157058,KENTUCKY STATE UNIVERSITY,23180,2,Frankfort,KY,40601,21,5,1,1,1,1,2,22
157076,KENTUCKY WESLEYAN COLLEGE,36980,1,OWENSBORO,KY,42302-1039,21,5,2,1,2,2,2,32
157085,UNIVERSITY OF KENTUCKY,30460,1,LEXINGTON,KY,40506-0032,21,5,1,1,1,2,2,15
157100,KENTUCKY CHRISTIAN COLLEGE,-2,-2,GRAYSON,KY,41143-1199,21,5,2,1,2,2,2,32
157173,LEXINGTON COMMUNITY COLLEGE,30460,1,LEXINGTON,KY,40506-0235,21,5,4,2,1,2,2,40
157216,LINDSEY WILSON COLLEGE,-2,-2,COLUMBIA,KY,42728-1223,21,5,2,1,2,2,2,31
157270,LOUISVILLE TECHNICAL INSTITUTE,31140,1,LOUISVILLE,KY,40218,21,5,6,2,3,2,2,40
157289,UNIVERSITY OF LOUISVILLE,31140,1,LOUISVILLE,KY,40292-0001,21,5,1,1,1,2,2,15
157304,MADISONVILLE COMMUNITY COLLEGE,31580,2,MADISONVILLE,KY,42431-9199,21,5,4,2,1,2,2,40
157331,MAYSVILLE COMMUNITY COLLEGE,32500,2,MAYSVILLE,KY,41056,21,5,4,2,1,2,2,40
157359,MID-CONTINENT UNIVERSITY,32460,2,MAYFIELD,KY,42066-9007,21,5,2,1,2,2,2,32
157377,MIDWAY COLLEGE,30460,1,MIDWAY,KY,40347-1120,21,5,2,1,2,2,2,33
157386,MOREHEAD STATE UNIVERSITY,-2,-2,MOREHEAD,KY,40351,21,5,1,1,1,2,2,21
157401,MURRAY STATE UNIVERSITY,34660,2,MURRAY,KY,42071-3318,21,5,1,1,1,2,2,21
157447,NORTHERN KENTUCKY UNIVERSITY,17140,1,HIGHLAND HEIGHTS,KY,41099,21,5,1,1,1,2,2,21
157465,DAYMAR COLLEGE,36980,1,OWENSBORO,KY,42301,21,5,6,2,3,2,2,40
157483,PADUCAH COMMUNITY COLLEGE,37140,2,PADUCAH,KY,42002-7380,21,5,4,2,1,2,2,40
157535,PIKEVILLE COLLEGE,-2,-2,PIKEVILLE,KY,41501,21,5,2,1,2,2,2,32
157553,BIG SANDY COMMUNITY AND TECHNICAL COLLEGE,-2,-2,PRESTONSBURG,KY,41653,21,5,4,2,1,2,2,40
157599,RETS INSTITUTE OF TECHNOLOGY,31140,1,LOUISVILLE,KY,40213-3263,21,5,6,2,3,2,2,40
157632,SAINT CATHARINE COLLEGE,-2,-2,ST CATHARINE,KY,40061,21,5,2,1,2,2,2,40
157696,SOUTHERN OHIO COLLEGE-FORT MITCHELL,17140,1,FT MITCHELL,KY,41017,21,5,6,2,3,2,2,40
157711,SOMERSET COMMUNITY COLLEGE,43700,2,SOMERSET,KY,42501,21,5,4,2,1,2,2,40
157739,SOUTHEAST KENTUCKY COMMUNITY AND TECHNICAL COLLEGE,-2,-2,CUMBERLAND,KY,40823,21,5,4,2,1,2,2,40
157748,THE SOUTHERN BAPTIST THEOLOGICAL SEMINARY,31140,1,LOUISVILLE,KY,40280-0001,21,5,2,1,2,2,2,51
157757,SPALDING UNIVERSITY,31140,1,LOUISVILLE,KY,40203-2188,21,5,2,1,2,2,2,21
157766,SPENCERIAN COLLEGE,31140,1,LOUISVILLE,KY,40216,21,5,6,2,3,2,2,40
157793,SULLIVAN UNIVERSITY,31140,1,LOUISVILLE,KY,40205-3013,21,5,3,1,3,2,2,33
157809,THOMAS MORE COLLEGE,17140,1,CRESTVIEW HILLS,KY,41017-3495,21,5,2,1,2,2,2,32
157818,TRANSYLVANIA UNIVERSITY,30460,1,LEXINGTON,KY,40508-1797,21,5,2,1,2,2,2,31
157863,UNION COLLEGE,-2,-2,BARBOURVILLE,KY,40906-1499,21,5,2,1,2,2,2,58
157951,WESTERN KENTUCKY UNIVERSITY,14540,1,BOWLING GREEN,KY,42101-3576,21,5,1,1,1,2,2,21
158088,LOUISIANA TECHNICAL COLLEGE-ALEXANDRIA CAMPUS,10780,1,ALEXANDRIA,LA,71302-3137,22,5,4,2,1,2,2,40
158219,LOUISIANA TECHNICAL COLLEGE-ASCENSION CAMPUS,12940,1,SORRENTO,LA,70778-3007,22,5,4,2,1,2,2,40
158307,LOUISIANA TECHNICAL COLLEGE-BASTROP CAMPUS,12820,2,BASTROP,LA,71221-1120,22,5,4,2,1,2,2,40
158343,BATON ROUGE SCHOOL OF COMPUTERS,12940,1,BATON ROUGE,LA,70816-8188,22,5,6,2,3,2,2,40
158352,LOUISIANA TECHNICAL COLLEGE-BATON ROUGE CAMPUS,12940,1,Baton Rouge,LA,70805-6699,22,5,4,2,1,2,2,40
158431,BOSSIER PARISH COMMUNITY COLLEGE,43340,1,Bossier City,LA,71111-6922,22,5,4,2,1,2,2,40
158440,CAMERON COLLEGE,35380,1,NEW ORLEANS,LA,70119,22,5,6,2,3,2,2,40
158477,CENTENARY COLLEGE OF LOUISIANA,43340,1,Shreveport,LA,71134-1188,22,5,2,1,2,2,2,21
158662,DELGADO COMMUNITY COLLEGE,35380,1,NEW ORLEANS,LA,70119,22,5,4,2,1,2,2,40
158723,DELTA SCHOOL OF BUSINESS AND TECHNOLOGY,29340,1,LAKE CHARLES,LA,70601,22,5,6,2,3,2,2,40
158769,LOUISIANA TECHNICAL COLLEGE-DELTA-OUACHITA CAMPUS,33740,1,WEST MONROE,LA,71292-9064,22,5,4,2,1,2,2,40
158802,DILLARD UNIVERSITY,35380,1,NEW ORLEANS,LA,70122,22,5,2,1,2,1,2,32
158884,NUNEZ COMMUNITY COLLEGE,35380,1,CHALMETTE,LA,70043,22,5,4,2,1,2,2,40
158893,LOUISIANA TECHNICAL COLLEGE-EVANGELINE CAMPUS,29180,1,ST MARTINVILLE,LA,70582,22,5,4,2,1,2,2,40
158936,LOUISIANA TECHNICAL COLLEGE-FLORIDA PARISHES,12940,1,GREENSBURG,LA,70441-0000,22,5,4,2,1,2,2,40
158945,LOUISIANA TECHNICAL COLLEGE-FOLKES CAMPUS,12940,1,Jackson,LA,70748-0808,22,5,4,2,1,2,2,40
159009,GRAMBLING STATE UNIVERSITY,40820,2,GRAMBLING,LA,71245,22,5,1,1,1,1,2,21
159018,LOUISIANA TECHNICAL COLLEGE-GULF AREA CAMPUS,10020,2,ABBEVILLE,LA,70510,22,5,4,2,1,2,2,40
159045,LOUISIANA TECHNICAL COLLEGE-HAMMOND AREA CAMPUS,25220,2,HAMMOND,LA,70401,22,5,4,2,1,2,2,40
159090,LOUISIANA TECHNICAL COLLEGE-HUEY P LONG CAMPUS,-2,-2,WINNFIELD,LA,71483,22,5,4,2,1,2,2,40
159197,ITI TECHNICAL COLLEGE,12940,1,BATON ROUGE,LA,70817,22,5,6,2,3,2,2,40
159249,LOUISIANA TECHNICAL COLLEGE-MORGAN SMITH CAMPUS,27660,2,JENNINGS,LA,70546,22,5,4,2,1,2,2,40
159258,LOUISIANA TECHNICAL COLLEGE-JEFFERSON CAMPUS,35380,1,METAIRIE,LA,70001-5605,22,5,4,2,1,2,2,40
159373,LOUISIANA STATE UNIVERSITY-HEALTH SCIENCES CENTER,35380,1,NEW ORLEANS,LA,70112-2223,22,5,1,1,1,2,2,52
159382,LOUISIANA STATE UNIVERSITY AT ALEXANDRIA,10780,1,ALEXANDRIA,LA,71302-9121,22,5,1,1,1,2,2,40
159391,LOUISIANA STATE UNIV & AG & MECH & HEBERT LAWS CTR,12940,1,BATON ROUGE,LA,70803-2750,22,5,1,1,1,2,2,15
159407,LOUISIANA STATE UNIVERSITY-EUNICE,18940,2,EUNICE,LA,70535,22,5,4,2,1,2,2,40
159416,LOUISIANA STATE UNIVERSITY-SHREVEPORT,43340,1,SHREVEPORT,LA,71115-2399,22,5,1,1,1,2,2,21
159568,LOUISIANA COLLEGE,10780,1,PINEVILLE,LA,71359,22,5,2,1,2,2,2,32
159647,LOUISIANA TECH UNIVERSITY,40820,2,RUSTON,LA,71272,22,5,1,1,1,2,2,16
159656,LOYOLA UNIVERSITY NEW ORLEANS,35380,1,NEW ORLEANS,LA,70118-6143,22,5,2,1,2,2,2,21
159692,LOUISIANA TECHNICAL COLLEGE-MANSFIELD CAMPUS,43340,1,MANSFIELD,LA,71052,22,5,4,2,1,2,2,40
159717,MCNEESE STATE UNIVERSITY,29340,1,LAKE CHARLES,LA,70609-2215,22,5,1,1,1,2,2,21
159939,UNIVERSITY OF NEW ORLEANS,35380,1,NEW ORLEANS,LA,70148,22,5,1,1,1,2,2,16
159948,NEW ORLEANS BAPTIST THEOLOGICAL SEMINARY,35380,1,NEW ORLEANS,LA,70126,22,5,2,1,2,2,2,51
159966,NICHOLLS STATE UNIVERSITY,26380,1,THIBODAUX,LA,70310,22,5,1,1,1,2,2,21
159984,LOUISIANA TECHNICAL COLLEGE-NORTH CENTRAL CAMPUS,33740,1,FARMERVILLE,LA,71241,22,5,4,2,1,2,2,40
159993,UNIVERSITY OF LOUISIANA AT MONROE,33740,1,Monroe,LA,71209,22,5,1,1,1,2,2,21
160001,LOUISIANA TECHNICAL COLLEGE-NORTHEAST LA CAMPUS,-2,-2,WINNSBORO,LA,71295,22,5,4,2,1,2,2,40
160010,LOUISIANA TECHNICAL COLLEGE-NORTHWEST LOUISIANA CAMPUS,33380,2,MINDEN,LA,71058,22,5,4,2,1,2,2,40
160038,NORTHWESTERN STATE UNIVERSITY OF LOUISIANA,35060,2,NATCHITOCHES,LA,71497-0002,22,5,1,1,1,2,2,21
160047,LOUISIANA TECHNICAL COLLEGE-OAKDALE CAMPUS,-2,-2,OAKDALE,LA,71463,22,5,4,2,1,2,2,40
160065,OUR LADY OF HOLY CROSS COLLEGE,35380,1,NEW ORLEANS,LA,70131-7399,22,5,2,1,2,2,2,32
160074,OUR LADY OF THE LAKE COLLEGE,12940,1,BATON ROUGE,LA,70808-4380,22,5,2,1,2,2,2,53
160214,LOUISIANA TECHNICAL COLLEGE-JUMONVILLE MEMORIAL,12940,1,NEW ROADS,LA,70760,22,5,4,2,1,2,2,40
160250,REMINGTON COLLEGE-NEW ORLEANS CAMPUS,35380,1,METAIRIE,LA,70005,22,5,6,2,3,2,2,40
160311,LOUISIANA TECHNICAL COLLEGE-RIVER PARISHES CAMPUS,35380,1,RESERVE,LA,70084,22,5,4,2,1,2,2,40
160384,LOUISIANA TECHNICAL COLLEGE-SABINE VALLEY CAMPUS,-2,-2,MANY,LA,71449,22,5,4,2,1,2,2,40
160409,SAINT JOSEPH SEMINARY COLLEGE,35380,1,St. Benedict,LA,70457,22,5,2,1,2,2,2,51
160436,LOUISIANA TECHNICAL COLLEGE-SIDNEY N COLLIER CAMPUS,35380,1,NEW ORLEANS,LA,70126,22,5,4,2,1,2,2,40
160454,LOUISIANA TECHNICAL COLLEGE-SLIDELL CAMPUS,35380,1,SLIDELL,LA,70458,22,5,4,2,1,2,2,40
160481,L E FLETCHER TECHNICAL COMMUNITY COLLEGE,26380,1,HOUMA,LA,70360-2863,22,5,4,2,1,2,2,40
160524,REMINGTON COLLEGE-LAFAYETTE CAMPUS,29180,1,LAFAYETTE,LA,70508,22,5,6,2,3,2,2,40
160560,LOUISIANA TECHNICAL COLLEGE-ACADIAN CAMPUS,18940,2,CROWLEY,LA,70526-3215,22,5,4,2,1,2,2,40
160579,SOWELA TECHNICAL COMMUNITY COLLEGE,29340,1,LAKE CHARLES,LA,70616,22,5,4,2,1,2,2,40
160612,SOUTHEASTERN LOUISIANA UNIVERSITY,25220,2,HAMMOND,LA,70402,22,5,1,1,1,2,2,21
160621,SOUTHERN UNIVERSITY AND A & M COLLEGE,12940,1,BATON ROUGE,LA,70813,22,5,1,1,1,1,2,21
160630,SOUTHERN UNIVERSITY AT NEW ORLEANS,35380,1,New Orleans,LA,70126,22,5,1,1,1,1,2,22
160649,SOUTHERN UNIVERSITY AT SHREVEPORT,43340,1,SHREVEPORT,LA,71107,22,5,4,2,1,1,2,40
160658,UNIVERSITY OF LOUISIANA AT LAFAYETTE,29180,1,LAFAYETTE,LA,70503,22,5,1,1,1,2,2,16
160667,LOUISIANA TECHNICAL COLLEGE-SULLIVIAN CAMPUS,14220,2,BOGALUSA,LA,70427,22,5,4,2,1,2,2,40
160676,LOUISIANA TECHNICAL COLLEGE-T H HARRIS CAMPUS,36660,2,OPELOUSAS,LA,70570-6114,22,5,4,2,1,2,2,40
160685,LOUISIANA TECHNICAL COLLEGE-TALLULAH CAMPUS,45260,2,TALLULAH,LA,71282,22,5,4,2,1,2,2,40
160694,LOUISIANA TECHNICAL COLLEGE-TECHE AREA CAMPUS,34020,2,NEW IBERIA,LA,70562,22,5,4,2,1,2,2,40
160719,LOUISIANA TECHNICAL COLLEGE-LAFOURCHE CAMPUS,26380,1,THIBODAUX,LA,70301,22,5,4,2,1,2,2,40
160755,TULANE UNIVERSITY OF LOUISIANA,35380,1,NEW ORLEANS,LA,70118-5698,22,5,2,1,2,2,2,15
160843,LOUISIANA TECHNICAL COLLEGE-LAMAR SALTER CAMPUS,22860,2,LEESVILLE,LA,71446,22,5,4,2,1,2,2,40
160904,XAVIER UNIVERSITY OF LOUISIANA,35380,1,NEW ORLEANS,LA,70125-1098,22,5,2,1,2,1,2,21
160913,LOUISIANA TECHNICAL COLLEGE-YOUNG MEMORIAL CAMPUS,34020,2,MORGAN CITY,LA,70380,22,5,4,2,1,2,2,40
160940,ANDOVER COLLEGE,38860,1,PORTLAND,ME,04103,23,1,6,2,3,2,2,40
160959,COLLEGE OF THE ATLANTIC,-2,-2,BAR HARBOR,ME,04609,23,1,2,1,2,2,2,31
160977,BATES COLLEGE,30340,1,LEWISTON,ME,04240,23,1,2,1,2,2,2,31
160995,BEAL COLLEGE,12620,1,BANGOR,ME,04401,23,1,6,2,3,2,2,40
161004,BOWDOIN COLLEGE,38860,1,BRUNSWICK,ME,04011-8448,23,1,2,1,2,2,2,31
161022,CENTRAL MAINE MEDICAL CENTER SCHOOL OF NURSING,30340,1,LEWISTON,ME,04240,23,1,5,2,2,2,2,40
161077,CENTRAL MAINE COMMUNITY COLLEGE,30340,1,AUBURN,ME,04210-6498,23,1,4,2,1,2,2,40
161086,COLBY COLLEGE,12300,2,WATERVILLE,ME,04901,23,1,2,1,2,2,2,31
161138,EASTERN MAINE COMMUNITY COLLEGE,12620,1,BANGOR,ME,04401,23,1,4,2,1,2,2,40
161165,HUSSON COLLEGE,12620,1,BANGOR,ME,04401-2999,23,1,2,1,2,2,2,22
161192,KENNEBEC VALLEY COMMUNITY COLLEGE,-2,-2,FAIRFIELD,ME,04937-1367,23,1,4,2,1,2,2,40
161217,UNIVERSITY OF MAINE AT AUGUSTA,12300,2,AUGUSTA,ME,04330-9410,23,1,1,1,1,2,2,33
161226,UNIVERSITY OF MAINE AT FARMINGTON,-2,-2,FARMINGTON,ME,04938,23,1,1,1,1,2,2,32
161235,UNIVERSITY OF MAINE AT FORT KENT,-2,-2,Fort Kent,ME,04743-1292,23,1,1,1,1,2,2,32
161244,UNIVERSITY OF MAINE AT MACHIAS,-2,-2,MACHIAS,ME,04654,23,1,1,1,1,2,2,32
161253,UNIVERSITY OF MAINE,12620,1,ORONO,ME,04469,23,1,1,1,1,2,2,15
161299,MAINE MARITIME ACADEMY,-2,-2,CASTINE,ME,04420-0001,23,1,1,1,1,2,2,59
161341,UNIVERSITY OF MAINE AT PRESQUE ISLE,-2,-2,PRESQUE ISLE,ME,04769-2888,23,1,1,1,1,2,2,31
161457,UNIVERSITY OF NEW ENGLAND,38860,1,BIDDEFORD,ME,04005,23,1,2,1,2,2,2,22
161484,NORTHERN MAINE TECHNICAL COLLEGE,-2,-2,PRESQUE ISLE,ME,04769-2016,23,1,4,2,1,2,2,40
161509,MAINE COLLEGE OF ART,38860,1,PORTLAND,ME,04101-3913,23,1,2,1,2,2,2,56
161518,SAINT JOSEPHS COLLEGE,38860,1,STANDISH,ME,04084-5263,23,1,2,1,2,2,2,22
161545,SOUTHERN MAINE COMMUNITY COLLEGE,38860,1,SOUTH PORTLAND,ME,04106-1698,23,1,4,2,1,2,2,40
161554,UNIVERSITY OF SOUTHERN MAINE,38860,1,PORTLAND,ME,04103,23,1,1,1,1,2,2,21
161563,THOMAS COLLEGE,12300,2,WATERVILLE,ME,04901-5097,23,1,2,1,2,2,2,55
161572,UNITY COLLEGE,-2,-2,UNITY,ME,04988,23,1,2,1,2,2,2,32
161581,WASHINGTON COUNTY COMMUNITY COLLEGE,-2,-2,Calais,ME,04619,23,1,4,2,1,2,2,40
161688,ALLEGANY COLLEGE OF MARYLAND,19060,1,CUMBERLAND,MD,21502,24,2,4,2,1,2,2,40
161767,ANNE ARUNDEL COMMUNITY COLLEGE,12580,1,ARNOLD,MD,21012-1895,24,2,4,2,1,2,2,40
161837,BALTIMORE HEBREW UNIVERSITY,12580,1,BALTIMORE,MD,21215-3932,24,2,2,1,2,2,2,59
161864,BALTIMORE CITY COMMUNITY COLLEGE,12580,1,BALTIMORE,MD,21215-7893,24,2,4,2,1,2,2,40
161873,UNIVERSITY OF BALTIMORE,12580,1,BALTIMORE,MD,21201,24,2,1,1,1,2,2,21
161882,BALTIMORE INTERNATIONAL COLLEGE,12580,1,BALTIMORE,MD,21202-3230,24,2,2,1,2,2,2,40
162007,BOWIE STATE UNIVERSITY,47900,1,BOWIE,MD,20715-9465,24,2,1,1,1,1,2,21
162061,CAPITOL COLLEGE,47900,1,LAUREL,MD,20708,24,2,2,1,2,2,2,54
162104,CECIL COMMUNITY COLLEGE,37980,1,NORTH EAST,MD,21901-1999,24,2,4,2,1,2,2,40
162122,COLLEGE OF SOUTHERN MARYLAND,47900,1,LA PLATA,MD,20646-0910,24,2,4,2,1,2,2,40
162168,CHESAPEAKE COLLEGE,20660,2,WYE MILLS,MD,21679-0008,24,2,4,2,1,2,2,40
162210,COLUMBIA UNION COLLEGE,47900,1,TAKOMA PARK,MD,20912,24,2,2,1,2,2,2,32
162283,COPPIN STATE UNIVERSITY,12580,1,Baltimore,MD,21216-3698,24,2,1,1,1,1,2,21
162557,FREDERICK COMMUNITY COLLEGE,47900,1,FREDERICK,MD,21702,24,2,4,2,1,2,2,40
162584,FROSTBURG STATE UNIVERSITY,19060,1,FROSTBURG,MD,21532-1099,24,2,1,1,1,2,2,21
162609,GARRETT COLLEGE,-2,-2,MCHENRY,MD,21541,24,2,4,2,1,2,2,40
162654,GOUCHER COLLEGE,12580,1,BALTIMORE,MD,21204-2794,24,2,2,1,2,2,2,31
162681,HAGERSTOWN BUSINESS COLLEGE,25180,1,HAGERSTOWN,MD,21742,24,2,6,2,3,2,2,40
162690,HAGERSTOWN COMMUNITY COLLEGE,25180,1,HAGERSTOWN,MD,21742-6590,24,2,4,2,1,2,2,40
162706,HARFORD COMMUNITY COLLEGE,12580,1,BEL AIR,MD,21015,24,2,4,2,1,2,2,40
162760,HOOD COLLEGE,47900,1,FREDERICK,MD,21701,24,2,2,1,2,2,2,21
162779,HOWARD COMMUNITY COLLEGE,12580,1,COLUMBIA,MD,21044-3197,24,2,4,2,1,2,2,40
162928,JOHNS HOPKINS UNIVERSITY,12580,1,BALTIMORE,MD,21218-2688,24,2,2,1,2,2,2,15
163046,LOYOLA COLLEGE IN MARYLAND,12580,1,BALTIMORE,MD,21210-2699,24,2,2,1,2,2,2,21
163116,SCHOOL OF ART AND DESIGN AT MONTGOMERY COLLEGE,47900,1,SILVER SPRING,MD,20902-4111,24,2,4,2,1,2,2,40
163204,UNIVERSITY OF MARYLAND-UNIVERSITY COLLEGE,47900,1,Adelphi,MD,20783-8010,24,2,1,1,1,2,2,21
163259,UNIVERSITY OF MARYLAND-BALTIMORE,12580,1,Baltimore,MD,21201-1627,24,2,1,1,1,2,2,16
163268,UNIVERSITY OF MARYLAND-BALTIMORE COUNTY,12580,1,BALTIMORE,MD,21250,24,2,1,1,1,2,2,15
163286,UNIVERSITY OF MARYLAND-COLLEGE PARK,47900,1,COLLEGE PARK,MD,20742,24,2,1,1,1,2,2,15
163295,MARYLAND INSTITUTE COLLEGE OF ART,12580,1,BALTIMORE,MD,21217-4191,24,2,2,1,2,2,2,56
163338,UNIVERSITY OF MARYLAND-EASTERN SHORE,41540,1,PRINCESS ANNE,MD,21853-1299,24,2,1,1,1,1,2,21
163426,MONTGOMERY COLLEGE,47900,1,ROCKVILLE,MD,20850,24,2,4,2,1,2,2,40
163453,MORGAN STATE UNIVERSITY,12580,1,BALTIMORE,MD,21251-0001,24,2,1,1,1,1,2,21
163462,MOUNT ST MARY'S UNIVERSITY,47900,1,EMMITSBURG,MD,21727-7799,24,2,2,1,2,2,2,21
163532,NER ISRAEL RABBINICAL COLLEGE,12580,1,BALTIMORE,MD,21208,24,2,2,1,2,2,2,51
163578,COLLEGE OF NOTRE DAME OF MARYLAND,12580,1,BALTIMORE,MD,21210-2476,24,2,2,1,2,2,2,21
163657,PRINCE GEORGES COMMUNITY COLLEGE,47900,1,LARGO,MD,20774-2199,24,2,4,2,1,2,2,40
163842,SAINT MARYS SEMINARY AND UNIVERSITY,12580,1,BALTIMORE,MD,21210-1994,24,2,2,1,2,2,2,51
163851,SALISBURY UNIVERSITY,41540,1,SALISBURY,MD,21801-6862,24,2,1,1,1,2,2,21
163912,ST MARY'S COLLEGE OF MARYLAND,30500,2,ST MARY'S CITY,MD,20686-3001,24,2,1,1,1,2,2,31
163921,SOJOURNER-DOUGLASS COLLEGE,12580,1,BALTIMORE,MD,21205-1898,24,2,2,1,2,2,2,59
163976,ST JOHN'S COLLEGE,12580,1,ANNAPOLIS,MD,21401,24,2,2,1,2,2,2,31
164076,TOWSON UNIVERSITY,12580,1,TOWSON,MD,21252-0001,24,2,1,1,1,2,2,21
164155,UNITED STATES NAVAL ACADEMY,12580,1,ANNAPOLIS,MD,21402-5000,24,0,1,1,1,2,2,59
164173,VILLA JULIE COLLEGE,12580,1,STEVENSON,MD,21153-0641,24,2,2,1,2,2,2,32
164207,WASHINGTON BIBLE COLLEGE-CAPITAL BIBLE SEMINARY,47900,1,LANHAM,MD,20706-3599,24,2,2,1,2,2,2,51
164216,WASHINGTON COLLEGE,-2,-2,CHESTERTOWN,MD,21620-1438,24,2,2,1,2,2,2,31
164270,MCDANIEL COLLEGE,12580,1,WESTMINSTER,MD,21157,24,2,2,1,2,2,2,31
164313,WOR-WIC COMMUNITY COLLEGE,41540,1,SALISBURY,MD,21804-7131,24,2,4,2,1,2,2,40
164438,NEW ENGLAND COLLEGE OF FINANCE,14460,1,BOSTON,MA,02110,25,1,5,2,2,2,2,40
164447,AMERICAN INTERNATIONAL COLLEGE,44140,1,SPRINGFIELD,MA,01109,25,1,2,1,2,2,2,21
164465,AMHERST COLLEGE,44140,1,AMHERST,MA,01002-5000,25,1,2,1,2,2,2,31
164492,ANNA MARIA COLLEGE,49340,1,PAXTON,MA,01612-1198,25,1,2,1,2,2,2,21
164526,THE ART INSTITUTE OF BOSTON AT LESLEY UNIVERSITY,14460,1,BOSTON,MA,02215-2598,25,1,2,1,2,2,2,56
164562,ASSUMPTION COLLEGE,49340,1,WORCESTER,MA,01609-1296,25,1,2,1,2,2,2,21
164571,ATLANTIC UNION COLLEGE,49340,1,SOUTH LANCASTER,MA,01561-1000,25,1,2,1,2,2,2,32
164580,BABSON COLLEGE,14460,1,WELLESLEY,MA,02457-0310,25,1,2,1,2,2,2,55
164632,BAY PATH COLLEGE,44140,1,LONGMEADOW,MA,01106,25,1,2,1,2,2,2,33
164641,BAY STATE COLLEGE,14460,1,BOSTON,MA,02116,25,1,6,2,3,2,2,40
164720,BECKER COLLEGE,49340,1,WORCESTER,MA,01615-0071,25,1,2,1,2,2,2,33
164739,BENTLEY COLLEGE,14460,1,WALTHAM,MA,02452-4705,25,1,2,1,2,2,2,21
164748,BERKLEE COLLEGE OF MUSIC,14460,1,BOSTON,MA,02215,25,1,2,1,2,2,2,56
164775,BERKSHIRE COMMUNITY COLLEGE,38340,1,PITTSFIELD,MA,01201-5786,25,1,4,2,1,2,2,40
164872,BOSTON ARCHITECTURAL CENTER,14460,1,BOSTON,MA,02115-2703,25,1,2,1,2,2,2,56
164924,BOSTON COLLEGE,14460,1,CHESTNUT HILL,MA,02467,25,1,2,1,2,2,2,15
164933,THE BOSTON CONSERVATORY,14460,1,BOSTON,MA,02215,25,1,2,1,2,2,2,56
164988,BOSTON UNIVERSITY,14460,1,BOSTON,MA,02215,25,1,2,1,2,2,2,15
165015,BRANDEIS UNIVERSITY,14460,1,WALTHAM,MA,02454-9110,25,1,2,1,2,2,2,15
165024,BRIDGEWATER STATE COLLEGE,14460,1,BRIDGEWATER,MA,02325,25,1,1,1,1,2,2,21
165033,BRISTOL COMMUNITY COLLEGE,39300,1,FALL RIVER,MA,02720-7395,25,1,4,2,1,2,2,40
165112,BUNKER HILL COMMUNITY COLLEGE,14460,1,BOSTON,MA,02129-2925,25,1,4,2,1,2,2,40
165167,CAMBRIDGE COLLEGE,14460,1,CAMBRIDGE,MA,02138,25,1,2,1,2,2,2,58
165194,CAPE COD COMMUNITY COLLEGE,12700,1,WEST BARNSTABLE,MA,02668-1599,25,1,4,2,1,2,2,40
165264,LABOURE COLLEGE,14460,1,BOSTON,MA,02124-5698,25,1,5,2,2,2,2,40
165334,CLARK UNIVERSITY,49340,1,WORCESTER,MA,01610-1477,25,1,2,1,2,2,2,16
165529,CURRY COLLEGE,14460,1,MILTON,MA,02186-2395,25,1,2,1,2,2,2,32
165574,DEAN COLLEGE,14460,1,Franklin,MA,02038-1941,25,1,2,1,2,2,2,40
165644,EASTERN NAZARENE COLLEGE,14460,1,QUINCY,MA,02170-2999,25,1,2,1,2,2,2,22
165662,EMERSON COLLEGE,14460,1,Boston,MA,02116-4624,25,1,2,1,2,2,2,21
165671,EMMANUEL COLLEGE,14460,1,BOSTON,MA,02115,25,1,2,1,2,2,2,21
165699,ENDICOTT COLLEGE,14460,1,BEVERLY,MA,01915,25,1,2,1,2,2,2,32
165802,FISHER COLLEGE,14460,1,BOSTON,MA,02116,25,1,2,1,2,2,2,40
165820,FITCHBURG STATE COLLEGE,49340,1,FITCHBURG,MA,01420-2697,25,1,1,1,1,2,2,21
165866,FRAMINGHAM STATE COLLEGE,14460,1,FRAMINGHAM,MA,01701-9101,25,1,1,1,1,2,2,21
165884,BENJAMIN FRANKLIN INSTITUTE OF TECHNOLOGY,14460,1,BOSTON,MA,02116,25,1,1,1,1,2,2,54
165936,GORDON COLLEGE,14460,1,WENHAM,MA,01984,25,1,2,1,2,2,2,31
165981,GREENFIELD COMMUNITY COLLEGE,44140,1,GREENFIELD,MA,01301-9739,25,1,4,2,1,2,2,40
166018,HAMPSHIRE COLLEGE,44140,1,AMHERST,MA,01002-5001,25,1,2,1,2,2,2,31
166027,HARVARD UNIVERSITY,14460,1,CAMBRIDGE,MA,02138,25,1,2,1,2,2,2,15
166045,HEBREW COLLEGE,14460,1,NEWTON CENTRE,MA,02459,25,1,2,1,2,2,2,59
166054,HELLENIC COLLEGE-HOLY CROSS GREEK ORTHODOX SCHOOL OF THEOL,14460,1,BROOKLINE,MA,02445-7496,25,1,2,1,2,2,2,51
166124,COLLEGE OF THE HOLY CROSS,49340,1,WORCESTER,MA,01610-2395,25,1,2,1,2,2,2,31
166133,HOLYOKE COMMUNITY COLLEGE,44140,1,HOLYOKE,MA,01040,25,1,4,2,1,2,2,40
166276,GIBBS COLLEGE-BOSTON,14460,1,BOSTON,MA,02116,25,1,6,2,3,2,2,40
166391,LASELL COLLEGE,14460,1,NEWTON,MA,02466-2716,25,1,2,1,2,2,2,33
166452,LESLEY UNIVERSITY,14460,1,CAMBRIDGE,MA,02138-2790,25,1,2,1,2,2,2,21
166513,UNIVERSITY OF MASSACHUSETTS-LOWELL,14460,1,LOWELL,MA,01854-5104,25,1,1,1,1,2,2,16
166601,MARIAN COURT COLLEGE,14460,1,SWAMPSCOTT,MA,01907,25,1,5,2,2,2,2,40
166629,UNIVERSITY OF MASSACHUSETTS-AMHERST,44140,1,AMHERST,MA,01003,25,1,1,1,1,2,2,15
166638,UNIVERSITY OF MASSACHUSETTS-BOSTON,14460,1,BOSTON,MA,02125-3393,25,1,1,1,1,2,2,16
166647,MASSACHUSETTS BAY COMMUNITY COLLEGE,14460,1,WELLESLEY HILLS,MA,02481-5399,25,1,4,2,1,2,2,40
166656,MASSACHUSETTS COLLEGE OF PHARMACY & HEALTH SCIENCE,14460,1,BOSTON,MA,02115-5896,25,1,2,1,2,2,2,53
166674,MASSACHUSETTS COLLEGE OF ART,14460,1,BOSTON,MA,02115-5882,25,1,1,1,1,2,2,56
166683,MASSACHUSETTS INSTITUTE OF TECHNOLOGY,14460,1,CAMBRIDGE,MA,02139-4307,25,1,2,1,2,2,2,15
166692,MASSACHUSETTS MARITIME ACADEMY,12700,1,BUZZARDS BAY,MA,02532-1803,25,1,1,1,1,2,2,59
166823,MASSASOIT COMMUNITY COLLEGE,14460,1,BROCKTON,MA,02302-3996,25,1,4,2,1,2,2,40
166850,MERRIMACK COLLEGE,14460,1,NORTH ANDOVER,MA,01845,25,1,2,1,2,2,2,32
166887,MIDDLESEX COMMUNITY COLLEGE,14460,1,BEDFORD,MA,01730-9124,25,1,4,2,1,2,2,40
166911,MONTSERRAT COLLEGE OF ART,14460,1,BEVERLY,MA,01915,25,1,2,1,2,2,2,56
166939,MOUNT HOLYOKE COLLEGE,44140,1,SOUTH HADLEY,MA,01075-1489,25,1,2,1,2,2,2,31
166948,MOUNT IDA COLLEGE,14460,1,Newton,MA,02459,25,1,2,1,2,2,2,33
166957,MOUNT WACHUSETT COMMUNITY COLLEGE,49340,1,GARDNER,MA,01440-1000,25,1,4,2,1,2,2,40
166984,SCHOOL OF THE MUSEUM OF FINE ARTS,14460,1,BOSTON,MA,02115-5596,25,1,2,1,2,2,2,56
167057,THE NEW ENGLAND CONSERVATORY OF MUSIC,14460,1,BOSTON,MA,02115,25,1,2,1,2,2,2,56
167093,NEW ENGLAND COLLEGE OF OPTOMETRY,14460,1,BOSTON,MA,02115,25,1,2,1,2,2,2,53
167251,NEWBURY COLLEGE-BROOKLINE,14460,1,BROOKLINE,MA,02445,25,1,2,1,2,2,2,33
167260,NICHOLS COLLEGE,14460,1,DUDLEY,MA,01571-5000,25,1,2,1,2,2,2,55
167288,MASSACHUSETTS COLLEGE OF LIBERAL ARTS,38340,1,NORTH ADAMS,MA,01247-4100,25,1,1,1,1,2,2,31
167312,NORTH SHORE COMMUNITY COLLEGE,14460,1,DANVERS,MA,01923-0840,25,1,4,2,1,2,2,40
167321,THE NEW ENGLAND INSTITUTE OF ART,14460,1,Brookline,MA,02445-7295,25,1,3,1,3,2,2,40
167358,NORTHEASTERN UNIVERSITY,14460,1,BOSTON,MA,02115,25,1,2,1,2,2,2,15
167376,NORTHERN ESSEX COMMUNITY COLLEGE,14460,1,HAVERHILL,MA,01830-2399,25,1,4,2,1,2,2,40
167394,COLLEGE OF OUR LADY OF THE ELMS,44140,1,CHICOPEE,MA,01013,25,1,2,1,2,2,2,22
167455,PINE MANOR COLLEGE,14460,1,CHESTNUT HILL,MA,02467,25,1,2,1,2,2,2,31
167525,QUINCY COLLEGE,14460,1,QUINCY,MA,02169,25,1,4,2,1,2,2,40
167534,QUINSIGAMOND COMMUNITY COLLEGE,49340,1,WORCESTER,MA,01606-2092,25,1,4,2,1,2,2,40
167598,REGIS COLLEGE,14460,1,WESTON,MA,02493-1571,25,1,2,1,2,2,2,22
167631,ROXBURY COMMUNITY COLLEGE,14460,1,ROXBURY CROSSING,MA,02120-3400,25,1,4,2,1,2,2,40
167729,SALEM STATE COLLEGE,14460,1,SALEM,MA,01970,25,1,1,1,1,2,2,21
167783,SIMMONS COLLEGE,14460,1,BOSTON,MA,02115-5898,25,1,2,1,2,2,2,21
167792,SIMONS ROCK COLLEGE OF BARD,38340,1,GREAT BARRINGTON,MA,01230-9702,25,1,2,1,2,2,2,33
167835,SMITH COLLEGE,44140,1,NORTHAMPTON,MA,01063,25,1,2,1,2,2,2,31
167899,SPRINGFIELD COLLEGE,44140,1,SPRINGFIELD,MA,01109-3797,25,1,2,1,2,2,2,21
167905,SPRINGFIELD TECHNICAL COMMUNITY COLLEGE,44140,1,SPRINGFIELD,MA,01105-1296,25,1,4,2,1,2,2,40
167987,UNIVERSITY OF MASSACHUSETTS-DARTMOUTH,39300,1,NORTH DARTMOUTH,MA,02747-2300,25,1,1,1,1,2,2,21
167996,STONEHILL COLLEGE,39300,1,Easton,MA,02357-6110,25,1,2,1,2,2,2,32
168005,SUFFOLK UNIVERSITY,14460,1,BOSTON,MA,02108,25,1,2,1,2,2,2,21
168148,TUFTS UNIVERSITY,14460,1,MEDFORD,MA,02155-5555,25,1,2,1,2,2,2,15
168218,WELLESLEY COLLEGE,14460,1,WELLESLEY,MA,02481-8203,25,1,2,1,2,2,2,31
168227,WENTWORTH INSTITUTE OF TECHNOLOGY,14460,1,BOSTON,MA,02115,25,1,2,1,2,2,2,54
168254,WESTERN NEW ENGLAND COLLEGE,44140,1,SPRINGFIELD,MA,01119-2684,25,1,2,1,2,2,2,21
168263,WESTFIELD STATE COLLEGE,44140,1,WESTFIELD,MA,01086-1630,25,1,1,1,1,2,2,21
168281,WHEATON COLLEGE,39300,1,NORTON,MA,02766,25,1,2,1,2,2,2,31
168290,WHEELOCK COLLEGE,14460,1,BOSTON,MA,02215-4176,25,1,2,1,2,2,2,21
168342,WILLIAMS COLLEGE,38340,1,WILLIAMSTOWN,MA,01267,25,1,2,1,2,2,2,31
168421,WORCESTER POLYTECHNIC INSTITUTE,49340,1,WORCESTER,MA,01609,25,1,2,1,2,2,2,16
168430,WORCESTER STATE COLLEGE,49340,1,WORCESTER,MA,01602-2597,25,1,1,1,1,2,2,21
168528,ADRIAN COLLEGE,10300,2,ADRIAN,MI,49221-2575,26,3,2,1,2,2,2,31
168546,ALBION COLLEGE,12980,1,ALBION,MI,49224,26,3,2,1,2,2,2,31
168591,ALMA COLLEGE,10940,2,ALMA,MI,48801-1599,26,3,2,1,2,2,2,31
168607,ALPENA COMMUNITY COLLEGE,10980,2,ALPENA,MI,49707,26,3,4,2,1,2,2,40
168740,ANDREWS UNIVERSITY,35660,1,BERRIEN SPRINGS,MI,49104,26,3,2,1,2,2,2,16
168786,AQUINAS COLLEGE,24340,1,GRAND RAPIDS,MI,49506-1799,26,3,2,1,2,2,2,22
168838,BAKER COLLEGE OF OWOSSO,37020,2,OWOSSO,MI,48867,26,3,2,1,2,2,2,33
168847,BAKER COLLEGE OF FLINT,22420,1,Flint,MI,48507-9987,26,3,2,1,2,2,2,33
168883,BAY DE NOC COMMUNITY COLLEGE,21540,2,Escanaba,MI,49829-2511,26,3,4,2,1,2,2,40
169080,CALVIN COLLEGE,24340,1,GRAND RAPIDS,MI,49546,26,3,2,1,2,2,2,32
169248,CENTRAL MICHIGAN UNIVERSITY,34380,2,MT PLEASANT,MI,48859,26,3,1,1,1,2,2,16
169275,MOTT COMMUNITY COLLEGE,22420,1,FLINT,MI,48503,26,3,4,2,1,2,2,40
169327,CLEARY UNIVERSITY,11460,1,ANN ARBOR,MI,48105-2659,26,3,2,1,2,2,2,55
169363,CONCORDIA UNIVERSITY,11460,1,ANN ARBOR,MI,48105,26,3,2,1,2,2,2,32
169442,COLLEGE FOR CREATIVE STUDIES,19820,1,DETROIT,MI,48202,26,3,2,1,2,2,2,56
169479,DAVENPORT UNIVERSITY,24340,1,GRAND RAPIDS,MI,49503-4498,26,3,2,1,2,2,2,55
169521,DELTA COLLEGE,13020,1,UNIVERSITY CENTER,MI,48710,26,3,4,2,1,2,2,40
169716,UNIVERSITY OF DETROIT MERCY,19820,1,DETROIT,MI,48221,26,3,2,1,2,2,2,21
169798,EASTERN MICHIGAN UNIVERSITY,11460,1,YPSILANTI,MI,48197,26,3,1,1,1,2,2,21
169910,FERRIS STATE UNIVERSITY,13660,2,BIG RAPIDS,MI,49307-2251,26,3,1,1,1,2,2,22
169974,GLEN OAKS COMMUNITY COLLEGE,44780,2,CENTREVILLE,MI,49032-9719,26,3,4,2,1,2,2,40
169983,KETTERING UNIVERSITY,22420,1,FLINT,MI,48504-4898,26,3,2,1,2,2,2,54
169992,GOGEBIC COMMUNITY COLLEGE,-2,-2,IRONWOOD,MI,49938,26,3,4,2,1,2,2,40
170000,GRACE BIBLE COLLEGE,24340,1,WYOMING,MI,49509,26,3,2,1,2,2,2,51
170037,CORNERSTONE UNIVERSITY,24340,1,GRAND RAPIDS,MI,49525-5897,26,3,2,1,2,2,2,22
170055,GRAND RAPIDS COMMUNITY COLLEGE,24340,1,GRAND RAPIDS,MI,49503-3295,26,3,4,2,1,2,2,40
170082,GRAND VALLEY STATE UNIVERSITY,26100,1,ALLENDALE,MI,49401-9403,26,3,1,1,1,2,2,21
170091,GREAT LAKES CHRISTIAN COLLEGE,29620,1,LANSING,MI,48917-1299,26,3,2,1,2,2,2,51
170240,HENRY FORD COMMUNITY COLLEGE,19820,1,DEARBORN,MI,48128-1495,26,3,4,2,1,2,2,40
170301,HOPE COLLEGE,26100,1,HOLLAND,MI,49423,26,3,2,1,2,2,2,31
170417,ITT TECHNICAL INSTITUTE,24340,1,GRAND RAPIDS,MI,49546-6192,26,3,6,2,3,2,2,40
170444,JACKSON COMMUNITY COLLEGE,27100,1,JACKSON,MI,49201-8399,26,3,4,2,1,2,2,40
170532,KALAMAZOO COLLEGE,28020,1,KALAMAZOO,MI,49006-3295,26,3,2,1,2,2,2,31
170541,KALAMAZOO VALLEY COMMUNITY COLLEGE,28020,1,KALAMAZOO,MI,49003-4070,26,3,4,2,1,2,2,40
170550,KELLOGG COMMUNITY COLLEGE,12980,1,BATTLE CREEK,MI,49017-3397,26,3,4,2,1,2,2,40
170587,KIRTLAND COMMUNITY COLLEGE,-2,-2,Roscommon,MI,48653,26,3,4,2,1,2,2,40
170620,LAKE MICHIGAN COLLEGE,35660,1,BENTON HARBOR,MI,49022-8099,26,3,4,2,1,2,2,40
170639,LAKE SUPERIOR STATE UNIVERSITY,42300,2,SAULT STE MARIE,MI,49783,26,3,1,1,1,2,2,22
170657,LANSING COMMUNITY COLLEGE,29620,1,LANSING,MI,48901-7210,26,3,4,2,1,2,2,40
170675,LAWRENCE TECHNOLOGICAL UNIVERSITY,19820,1,SOUTHFIELD,MI,48075-1058,26,3,2,1,2,2,2,21
170693,LEWIS COLLEGE OF BUSINESS,19820,1,DETROIT,MI,48235,26,3,5,2,2,1,2,40
170790,MACOMB COMMUNITY COLLEGE,19820,1,WARREN,MI,48088-3896,26,3,4,2,1,2,2,40
170806,MADONNA UNIVERSITY,19820,1,LIVONIA,MI,48150-1173,26,3,2,1,2,2,2,21
170842,MARYGROVE COLLEGE,19820,1,DETROIT,MI,48221-2599,26,3,2,1,2,2,2,21
170967,ROCHESTER COLLEGE,19820,1,ROCHESTER HILLS,MI,48307,26,3,2,1,2,2,2,33
170976,UNIVERSITY OF MICHIGAN-ANN ARBOR,11460,1,ANN ARBOR,MI,48109,26,3,1,1,1,2,2,15
171100,MICHIGAN STATE UNIVERSITY,29620,1,EAST LANSING,MI,48824-1042,26,3,1,1,1,2,2,15
171128,MICHIGAN TECHNOLOGICAL UNIVERSITY,26340,2,Houghton,MI,49931-1295,26,3,1,1,1,2,2,16
171137,UNIVERSITY OF MICHIGAN-DEARBORN,19820,1,DEARBORN,MI,48128-1491,26,3,1,1,1,2,2,21
171146,UNIVERSITY OF MICHIGAN-FLINT,22420,1,FLINT,MI,48502-1950,26,3,1,1,1,2,2,21
171155,MID MICHIGAN COMMUNITY COLLEGE,-2,-2,HARRISON,MI,48625-9447,26,3,4,2,1,2,2,40
171225,MONROE COUNTY COMMUNITY COLLEGE,33780,1,MONROE,MI,48161-9746,26,3,4,2,1,2,2,40
171234,MONTCALM COMMUNITY COLLEGE,-2,-2,SIDNEY,MI,48885-9723,26,3,4,2,1,2,2,40
171298,BAKER COLLEGE OF MUSKEGON,34740,1,MUSKEGON,MI,49442,26,3,2,1,2,2,2,33
171304,MUSKEGON COMMUNITY COLLEGE,34740,1,MUSKEGON,MI,49442,26,3,4,2,1,2,2,40
171395,NORTH CENTRAL MICHIGAN COLLEGE,-2,-2,PETOSKEY,MI,49770,26,3,4,2,1,2,2,40
171456,NORTHERN MICHIGAN UNIVERSITY,32100,2,MARQUETTE,MI,49855,26,3,1,1,1,2,2,21
171483,NORTHWESTERN MICHIGAN COLLEGE,45900,2,TRAVERSE CITY,MI,49686,26,3,4,2,1,2,2,40
171492,NORTHWOOD UNIVERSITY,33220,2,MIDLAND,MI,48640,26,3,2,1,2,2,2,55
171535,OAKLAND COMMUNITY COLLEGE,19820,1,BLOOMFIELD HILLS,MI,48304-2266,26,3,4,2,1,2,2,40
171571,OAKLAND UNIVERSITY,19820,1,ROCHESTER HILLS,MI,48309-4401,26,3,1,1,1,2,2,16
171599,OLIVET COLLEGE,29620,1,OLIVET,MI,49076,26,3,2,1,2,2,2,31
171881,REFORMED BIBLE COLLEGE,24340,1,Grand Rapids,MI,49525-9781,26,3,2,1,2,2,2,51
172033,SACRED HEART MAJOR SEMINARY,19820,1,DETROIT,MI,48206-1799,26,3,2,1,2,2,2,51
172051,SAGINAW VALLEY STATE UNIVERSITY,13020,1,UNIVERSITY CENTER,MI,48710,26,3,1,1,1,2,2,21
172200,SCHOOLCRAFT COLLEGE,19820,1,LIVONIA,MI,48152-2696,26,3,4,2,1,2,2,40
172264,SIENA HEIGHTS UNIVERSITY,10300,2,ADRIAN,MI,49221,26,3,2,1,2,2,2,21
172291,ST CLAIR COUNTY COMMUNITY COLLEGE,19820,1,PORT HURON,MI,48061-5015,26,3,4,2,1,2,2,40
172307,SOUTHWESTERN MICHIGAN COLLEGE,43780,1,DOWAGIAC,MI,49047-9793,26,3,4,2,1,2,2,40
172334,SPRING ARBOR UNIVERSITY,27100,1,SPRING ARBOR,MI,49283-9799,26,3,2,1,2,2,2,22
172440,FINLANDIA UNIVERSITY,26340,2,HANCOCK,MI,49930-1882,26,3,2,1,2,2,2,40
172608,WALSH COLLEGE OF ACCOUNTANCY AND BUSINESS ADMIN,19820,1,TROY,MI,48083-5048,26,3,2,1,2,2,2,55
172617,WASHTENAW COMMUNITY COLLEGE,11460,1,ANN ARBOR,MI,48106-1610,26,3,4,2,1,2,2,40
172635,WAYNE COUNTY COMMUNITY COLLEGE DISTRICT,19820,1,DETROIT,MI,48226,26,3,4,2,1,2,2,40
172644,WAYNE STATE UNIVERSITY,19820,1,DETROIT,MI,48202,26,3,1,1,1,2,2,15
172671,WEST SHORE COMMUNITY COLLEGE,-2,-2,SCOTTVILLE,MI,49454-0277,26,3,4,2,1,2,2,40
172699,WESTERN MICHIGAN UNIVERSITY,28020,1,KALAMAZOO,MI,49008-5167,26,3,1,1,1,2,2,15
172778,WILLIAM TYNDALE COLLEGE,19820,1,FARMINGTON HILLS,MI,48331-3147,26,3,2,1,2,2,2,32
172866,ACADEMY COLLEGE,33460,1,MINNEAPOLIS,MN,55420-1554,27,4,3,1,3,2,2,40
172918,ALEXANDRIA TECHNICAL COLLEGE,10820,2,ALEXANDRIA,MN,56308,27,4,4,2,1,2,2,40
172954,ANOKA TECHNICAL COLLEGE,33460,1,ANOKA,MN,55303,27,4,4,2,1,2,2,40
172963,ANOKA-RAMSEY COMMUNITY COLLEGE-COON RAPIDS CAMPUS,33460,1,Coon Rapids,MN,55433,27,4,4,2,1,2,2,40
173045,AUGSBURG COLLEGE,33460,1,MINNEAPOLIS,MN,55454,27,4,2,1,2,2,2,22
173063,RIVERLAND COMMUNITY COLLEGE,12380,2,AUSTIN,MN,55912,27,4,4,2,1,2,2,40
173124,BEMIDJI STATE UNIVERSITY,13420,2,BEMIDJI,MN,56601,27,4,1,1,1,2,2,22
173142,BETHANY LUTHERAN COLLEGE,31860,2,MANKATO,MN,56001,27,4,2,1,2,2,2,40
173160,BETHEL UNIVERSITY,33460,1,ST PAUL,MN,55112-6902,27,4,2,1,2,2,2,21
173203,CENTRAL LAKES COLLEGE-BRAINERD,14660,2,BRAINERD,MN,56401,27,4,4,2,1,2,2,40
173258,CARLETON COLLEGE,22060,2,NORTHFIELD,MN,55057-4001,27,4,2,1,2,2,2,31
173300,CONCORDIA COLLEGE AT MOORHEAD,22020,1,MOORHEAD,MN,56562,27,4,2,1,2,2,2,31
173328,CONCORDIA UNIVERSITY-ST PAUL,33460,1,St. Paul,MN,55104-5494,27,4,2,1,2,2,2,32
173416,DAKOTA COUNTY TECHNICAL COLLEGE,33460,1,ROSEMOUNT,MN,55068-2999,27,4,4,2,1,2,2,40
173452,MARTIN LUTHER COLLEGE,35580,2,NEW ULM,MN,56073-3965,27,4,2,1,2,2,2,58
173461,LAKE SUPERIOR COLLEGE,20260,1,DULUTH,MN,55811-3399,27,4,4,2,1,2,2,40
173489,DULUTH BUSINESS UNIVERSITY INC,20260,1,Dultuh,MN,55807,27,4,6,2,3,2,2,40
173559,MINNESOTA STATE COMM AND TECH COLLEGE-FERGUS FALLS,22260,2,FERGUS FALLS,MN,56537-1000,27,4,4,2,1,2,2,40
173629,GLOBE COLLEGE,33460,1,OAKDALE,MN,55128,27,4,3,1,3,2,2,40
173638,MINNESOTA WEST COMMUNITY AND TECHNICAL COLLEGE,-2,-2,GRANITE FALLS,MN,56241,27,4,4,2,1,2,2,40
173647,GUSTAVUS ADOLPHUS COLLEGE,31860,2,ST PETER,MN,56082-1498,27,4,2,1,2,2,2,31
173665,HAMLINE UNIVERSITY,33460,1,ST PAUL,MN,55104-1284,27,4,2,1,2,2,2,21
173708,HENNEPIN TECHNICAL COLLEGE,33460,1,BROOKLYN PARK,MN,55445,27,4,4,2,1,2,2,40
173735,HIBBING COMMUNITY COLLEGE-A TECHNICAL AND COMMUNITY COLL,20260,1,HIBBING,MN,55746,27,4,4,2,1,2,2,40
173799,INVER HILLS COMMUNITY COLLEGE,33460,1,INVER GROVE HEIGHTS,MN,55076-3224,27,4,4,2,1,2,2,40
173805,ITASCA COMMUNITY COLLEGE,-2,-2,GRAND RAPIDS,MN,55744-3397,27,4,4,2,1,2,2,40
173887,THE ART INSTITUTES INTERNATIONAL MINNESOTA,33460,1,MINNEAPOLIS,MN,55402,27,4,3,1,3,2,2,40
173902,MACALESTER COLLEGE,33460,1,ST PAUL,MN,55105-1899,27,4,2,1,2,2,2,31
173911,SOUTH CENTRAL TECHNICAL COLLEGE-MANKATO,31860,2,NORTH MANKATO,MN,56003-1920,27,4,4,2,1,2,2,40
173920,MINNESOTA STATE UNIVERSITY-MANKATO,31860,2,MANKATO,MN,56001,27,4,1,1,1,2,2,21
173984,ARGOSY UNIVERSITY-TWIN CITIES CAMPUS,33460,1,EAGN,MN,55121,27,4,3,1,3,2,2,40
174020,METROPOLITAN STATE UNIVERSITY,33460,1,ST PAUL,MN,55106-5000,27,4,1,1,1,2,2,22
174066,UNIVERSITY OF MINNESOTA-TWIN CITIES,33460,1,MINNEAPOLIS,MN,55455-0213,27,4,1,1,1,2,2,15
174075,UNIVERSITY OF MINNESOTA-CROOKSTON,24220,1,CROOKSTON,MN,56716,27,4,1,1,1,2,2,32
174118,MINNEAPOLIS BUSINESS COLLEGE,33460,1,ROSEVILLE,MN,55113-0000,27,4,6,2,3,2,2,40
174127,MINNEAPOLIS COLLEGE OF ART AND DESIGN,33460,1,MINNEAPOLIS,MN,55404,27,4,2,1,2,2,2,56
174136,MINNEAPOLIS COMMUNITY AND TECHNICAL COLLEGE,33460,1,MINNEAPOLIS,MN,55403-1779,27,4,4,2,1,2,2,40
174154,HERZING COLLEGE,33460,1,MINNEAPOLIS,MN,55428-3548,27,4,3,1,3,2,2,40
174206,CROSSROADS COLLEGE,40340,1,ROCHESTER,MN,55902-2382,27,4,2,1,2,2,2,51
174233,UNIVERSITY OF MINNESOTA-DULUTH,20260,1,DULUTH,MN,55812,27,4,1,1,1,2,2,21
174251,UNIVERSITY OF MINNESOTA-MORRIS,-2,-2,MORRIS,MN,56267,27,4,1,1,1,2,2,31
174279,MINNESOTA SCHOOL OF BUSINESS,33460,1,RICHFIELD,MN,55423,27,4,3,1,3,2,2,40
174358,MINNESOTA STATE UNIVERSITY-MOORHEAD,22020,1,MOORHEAD,MN,56563,27,4,1,1,1,2,2,21
174376,NORTH HENNEPIN COMMUNITY COLLEGE,33460,1,BROOKLYN PARK,MN,55445,27,4,4,2,1,2,2,40
174394,BROWN COLLEGE,33460,1,MENDOTA HEIGHTS,MN,55120-1004,27,4,3,1,3,2,2,40
174428,NORMANDALE COMMUNITY COLLEGE,33460,1,BLOOMINGTON,MN,55431,27,4,4,2,1,2,2,40
174437,NORTH CENTRAL UNIVERSITY,33460,1,MINNEAPOLIS,MN,55404-1391,27,4,2,1,2,2,2,51
174464,RASMUSSEN COLLEGE-MINNETONKA,33460,1,MINNETONKA,MN,55305,27,4,6,2,3,2,2,40
174473,NORTHLAND COMMUNITY AND TECHNICAL COLLEGE,-2,-2,Thief River Falls,MN,56701,27,4,4,2,1,2,2,40
174482,NORTHWEST TECHNICAL INSTITUTE,33460,1,EDEN PRAIRIE,MN,55344-5351,27,4,6,2,3,2,2,40
174491,NORTHWESTERN COLLEGE,33460,1,ST PAUL,MN,55113-1598,27,4,2,1,2,2,2,32
174507,NORTHWESTERN HEALTH SCIENCES UNIVERSITY,33460,1,BLOOMINGTON,MN,55431,27,4,2,1,2,2,2,53
174525,OAK HILLS CHRISTIAN COLLEGE,13420,2,BEMIDJI,MN,56601-8834,27,4,2,1,2,2,2,51
174570,PINE TECHNICAL COLLEGE,-2,-2,Pine City,MN,55063,27,4,4,2,1,2,2,40
174604,RAINY RIVER COMMUNITY COLLEGE,-2,-2,INTERNATIONAL FALLS,MN,56649,27,4,4,2,1,2,2,40
174622,RASMUSSEN COLLEGE-EAGAN,33460,1,EAGAN,MN,55122-1346,27,4,6,2,3,2,2,40
174631,RASMUSSEN COLLEGE-MANKATO,31860,2,MANKATO,MN,56001-6803,27,4,6,2,3,2,2,40
174738,ROCHESTER COMMUNITY AND TECHNICAL COLLEGE,40340,1,ROCHESTER,MN,55904-4999,27,4,4,2,1,2,2,40
174747,COLLEGE OF SAINT BENEDICT,41060,1,SAINT JOSEPH,MN,56374,27,4,2,1,2,2,2,31
174756,SAINT CLOUD TECHNICAL COLLEGE,41060,1,St. Cloud,MN,56303-1240,27,4,4,2,1,2,2,40
174783,SAINT CLOUD STATE UNIVERSITY,41060,1,ST CLOUD,MN,56301-4498,27,4,1,1,1,2,2,21
174792,SAINT JOHNS UNIVERSITY,41060,1,COLLEGEVILLE,MN,56321,27,4,2,1,2,2,2,31
174817,SAINT MARY'S UNIVERSITY OF MINNESOTA,49100,2,WINONA,MN,55987-1399,27,4,2,1,2,2,2,21
174844,SAINT OLAF COLLEGE,22060,2,NORTHFIELD,MN,55057-1098,27,4,2,1,2,2,2,31
174862,CROWN COLLEGE,33460,1,ST BONIFACIUS,MN,55375-9001,27,4,2,1,2,2,2,32
174899,THE COLLEGE OF SAINT SCHOLASTICA,20260,1,DULUTH,MN,55811-4199,27,4,2,1,2,2,2,21
174914,UNIVERSITY OF ST THOMAS,33460,1,ST PAUL,MN,55105-1078,27,4,2,1,2,2,2,16
174932,COLLEGE OF VISUAL ARTS,33460,1,ST PAUL,MN,55102-2199,27,4,2,1,2,2,2,56
175005,COLLEGE OF ST CATHERINE,33460,1,ST PAUL,MN,55105,27,4,2,1,2,2,2,21
175014,RASMUSSEN COLLEGE-ST CLOUD,41060,1,ST CLOUD,MN,56303-3713,27,4,6,2,3,2,2,40
175041,SAINT PAUL COLLEGE - A COMMUNITY AND TECHNICAL COL,33460,1,ST PAUL,MN,55102-9808,27,4,4,2,1,2,2,40
175078,SOUTHWEST MINNESOTA STATE UNIVERSITY,32140,2,MARSHALL,MN,56258,27,4,1,1,1,2,2,32
175157,VERMILION COMMUNITY COLLEGE,20260,1,ELY,MN,55731,27,4,4,2,1,2,2,40
175227,DUNWOODY COLLEGE OF TECHNOLOGY,33460,1,MINNEAPOLIS,MN,55403-1192,27,4,5,2,2,2,2,40
175236,RIDGEWATER COLLEGE,48820,2,WILLMAR,MN,56201,27,4,4,2,1,2,2,40
175263,MINNESOTA STATE COLLEGE-SOUTHEAST TECHNICAL-WINONA,49100,2,WINONA,MN,55987,27,4,4,2,1,2,2,40
175272,WINONA STATE UNIVERSITY,49100,2,WINONA,MN,55987-5838,27,4,1,1,1,2,2,21
175315,CENTURY COMMUNITY AND TECHNICAL COLLEGE,33460,1,WHITE BEAR LAKE,MN,55110,27,4,4,2,1,2,2,40
175342,ALCORN STATE UNIVERSITY,-2,-2,ALCORN STATE,MS,39096-7500,28,5,1,1,1,1,2,21
175421,BELHAVEN COLLEGE,27140,1,JACKSON,MS,39202,28,5,2,1,2,2,2,32
175430,BLUE MOUNTAIN COLLEGE,-2,-2,BLUE MOUNTAIN,MS,38610-9509,28,5,2,1,2,2,2,32
175519,COAHOMA COMMUNITY COLLEGE,17260,2,CLARKSDALE,MS,38614,28,5,4,2,1,1,2,40
175528,ANTONELLI COLLEGE,27140,1,JACKSON,MS,39232,28,5,6,2,3,2,2,40
175573,COPIAH-LINCOLN COMMUNITY COLLEGE,27140,1,Wesson,MS,39191,28,5,4,2,1,2,2,40
175616,DELTA STATE UNIVERSITY,17380,2,CLEVELAND,MS,38733,28,5,1,1,1,2,2,21
175643,EAST CENTRAL COMMUNITY COLLEGE,-2,-2,Decatur,MS,39327-0129,28,5,4,2,1,2,2,40
175652,EAST MISSISSIPPI COMMUNITY COLLEGE,32940,2,SCOOBA,MS,39358-0158,28,5,4,2,1,2,2,40
175786,HINDS COMMUNITY COLLEGE,27140,1,RAYMOND,MS,39154,28,5,4,2,1,2,2,40
175810,HOLMES COMMUNITY COLLEGE,-2,-2,GOODMAN,MS,39079,28,5,4,2,1,2,2,40
175829,ITAWAMBA COMMUNITY COLLEGE,46180,2,FULTON,MS,38843-1099,28,5,4,2,1,2,2,40
175856,JACKSON STATE UNIVERSITY,27140,1,JACKSON,MS,39217,28,5,1,1,1,1,2,16
175883,JONES COUNTY JUNIOR COLLEGE,29860,2,ELLISVILLE,MS,39437,28,5,4,2,1,2,2,40
175917,MAGNOLIA BIBLE COLLEGE,-2,-2,KOSCIUSKO,MS,39090,28,5,2,1,2,2,2,51
175935,MERIDIAN COMMUNITY COLLEGE,32940,2,MERIDIAN,MS,39307-5801,28,5,4,2,1,2,2,40
175980,MILLSAPS COLLEGE,27140,1,JACKSON,MS,39210-0001,28,5,2,1,2,2,2,31
176008,MISSISSIPPI DELTA COMMUNITY COLLEGE,26940,2,MOORHEAD,MS,38761,28,5,4,2,1,2,2,40
176017,UNIVERSITY OF MISSISSIPPI MAIN CAMPUS,37060,2,UNIVERSITY,MS,38677-1848,28,5,1,1,1,2,2,15
176026,UNIVERSITY OF MISSISSIPPI MEDICAL CENTER,27140,1,JACKSON,MS,39216-4505,28,5,1,1,1,2,2,52
176035,MISSISSIPPI UNIVERSITY FOR WOMEN,18060,2,COLUMBUS,MS,39701,28,5,1,1,1,2,2,22
176044,MISSISSIPPI VALLEY STATE UNIVERSITY,24900,2,ITTA BENA,MS,38941-1400,28,5,1,1,1,1,2,32
176053,MISSISSIPPI COLLEGE,27140,1,CLINTON,MS,39058,28,5,2,1,2,2,2,21
176071,MISSISSIPPI GULF COAST COMMUNITY COLLEGE,25060,1,PERKINSTON,MS,39573,28,5,4,2,1,2,2,40
176080,MISSISSIPPI STATE UNIVERSITY,44260,2,MISSISSIPPI STATE,MS,39762,28,5,1,1,1,2,2,15
176169,NORTHEAST MISSISSIPPI COMMUNITY COLLEGE,-2,-2,BOONEVILLE,MS,38829,28,5,4,2,1,2,2,40
176178,NORTHWEST MISSISSIPPI COMMUNITY COLLEGE,32820,1,SENATOBIA,MS,38668-1714,28,5,4,2,1,2,2,40
176239,PEARL RIVER COMMUNITY COLLEGE,38100,2,POPLARVILLE,MS,39470,28,5,4,2,1,2,2,40
176318,RUST COLLEGE,32820,1,HOLLY SPRINGS,MS,38635,28,5,2,1,2,1,2,32
176336,SOUTHEASTERN BAPTIST COLLEGE,29860,2,LAUREL,MS,39440-9989,28,5,2,1,2,2,2,51
176354,SOUTHWEST MISSISSIPPI COMMUNITY COLLEGE,32620,2,SUMMIT,MS,39666-0000,28,5,4,2,1,2,2,40
176372,UNIVERSITY OF SOUTHERN MISSISSIPPI,25620,1,HATTIESBURG,MS,39406-0001,28,5,1,1,1,2,2,15
176406,TOUGALOO COLLEGE,27140,1,TOUGALOO,MS,39174,28,5,2,1,2,1,2,31
176460,WESLEY COLLEGE,27140,1,FLORENCE,MS,39073-1070,28,5,2,1,2,2,2,51
176479,WILLIAM CAREY COLLEGE,25620,1,HATTIESBURG,MS,39401-5499,28,5,2,1,2,2,2,21
176628,AVILA UNIVERSITY,28140,1,KANSAS CITY,MO,64145-1698,29,4,2,1,2,2,2,21
176637,ITT TECHNICAL INSTITUTE,41180,1,EARTH CITY,MO,63045,29,4,3,1,3,2,2,54
176664,BAPTIST BIBLE COLLEGE AND GRADUATE SCHOOL,44180,1,SPRINGFIELD,MO,65803-3498,29,4,2,1,2,2,2,51
176770,LESTER L COX COLLEGE OF NURSING AND HEALTH SCIENCE,44180,1,SPRINGFIELD,MO,65802,29,4,2,1,2,2,2,40
176789,CALVARY BIBLE COLLEGE AND THEOLOGICAL SEMINARY,28140,1,KANSAS CITY,MO,64147-1341,29,4,2,1,2,2,2,51
176910,CENTRAL CHRISTIAN COLLEGE OF THE BIBLE,33620,2,MOBERLY,MO,65270-1997,29,4,2,1,2,2,2,51
176938,CENTRAL BIBLE COLLEGE,44180,1,SPRINGFIELD,MO,65803-1033,29,4,2,1,2,2,2,51
176947,CENTRAL METHODIST UNIV-COLL OF LIBERAL ARTS & SCIENCES,17860,1,Fayette,MO,65248,29,4,2,1,2,2,2,32
176965,CENTRAL MISSOURI STATE UNIVERSITY,47660,2,Warrensburg,MO,64093,29,4,1,1,1,2,2,21
177038,CLEVELAND CHIROPRACTIC COLLEGE,28140,1,KANSAS CITY,MO,64131,29,4,2,1,2,2,2,53
177065,COLUMBIA COLLEGE,17860,1,COLUMBIA,MO,65216,29,4,2,1,2,2,2,32
177083,CONCEPTION SEMINARY COLLEGE,32340,2,CONCEPTION,MO,64433-0502,29,4,2,1,2,2,2,51
177117,COTTEY COLLEGE,-2,-2,NEVADA,MO,64772,29,4,5,2,2,2,2,40
177135,CROWDER COLLEGE,27900,1,NEOSHO,MO,64850,29,4,4,2,1,2,2,40
177144,CULVER-STOCKTON COLLEGE,39500,2,CANTON,MO,63435-1299,29,4,2,1,2,2,2,32
177153,DEACONESS COLLEGE OF NURSING,41180,1,ST LOUIS,MO,63139,29,4,3,1,3,2,2,53
177162,DEVRY UNIVERSITY-MISSOURI,28140,1,KANSAS CITY,MO,64131-3626,29,4,3,1,3,2,2,32
177214,DRURY UNIVERSITY,44180,1,Springfield,MO,65802-3791,29,4,2,1,2,2,2,22
177250,EAST CENTRAL COLLEGE,41180,1,UNION,MO,63084,29,4,4,2,1,2,2,40
177302,PINNACLE CAREER INSTITUTE,28140,1,KANSAS CITY,MO,64147-1212,29,4,6,2,3,2,2,40
177339,EVANGEL UNIVERSITY,44180,1,SPRINGFIELD,MO,65802,29,4,2,1,2,2,2,32
177418,FONTBONNE UNIVERSITY,41180,1,ST LOUIS,MO,63105-3098,29,4,2,1,2,2,2,21
177472,OZARKS TECHNICAL COMMUNITY COLLEGE,44180,1,SPRINGFIELD,MO,65802,29,4,4,2,1,2,2,40
177542,HANNIBAL-LAGRANGE COLLEGE,25300,2,HANNIBAL,MO,63401-1999,29,4,2,1,2,2,2,32
177551,HARRIS-STOWE STATE COLLEGE,41180,1,ST LOUIS,MO,63103-2136,29,4,1,1,1,1,2,58
177579,HICKEY COLLEGE,41180,1,ST LOUIS,MO,63146,29,4,3,1,3,2,2,40
177676,JEFFERSON COLLEGE,41180,1,HILLSBORO,MO,63050-2440,29,4,4,2,1,2,2,40
177719,BARNES-JEWISH COLLEGE OF NURSING AND ALLIED HEALTH,41180,1,ST LOUIS,MO,63110-1090,29,4,2,1,2,2,2,53
177746,KANSAS CITY ART INSTITUTE,28140,1,KANSAS CITY,MO,64111-1874,29,4,2,1,2,2,2,56
177940,LINCOLN UNIVERSITY,27620,1,JEFFERSON CITY,MO,65102-0029,29,4,1,1,1,1,2,21
177968,LINDENWOOD UNIVERSITY,41180,1,ST CHARLES,MO,63301-1695,29,4,2,1,2,2,2,21
177977,LINN STATE TECHNICAL COLLEGE,27620,1,Linn,MO,65051-9607,29,4,4,2,1,2,2,40
177986,LOGAN COLLEGE OF CHIROPRACTIC,41180,1,CHESTERFIELD,MO,63006-1065,29,4,2,1,2,2,2,53
177995,LONGVIEW COMMUNITY COLLEGE,28140,1,LEES SUMMIT,MO,64081-2105,29,4,4,2,1,2,2,40
178022,MAPLE WOODS COMMUNITY COLLEGE,28140,1,KANSAS CITY,MO,64156,29,4,4,2,1,2,2,40
178059,MARYVILLE UNIVERSITY OF SAINT LOUIS,41180,1,ST LOUIS,MO,63141-7299,29,4,2,1,2,2,2,21
178110,METRO BUSINESS COLLEGE OF CAPE GIRARDEAU,16020,2,CAPE GIRARDEAU,MO,63701,29,4,6,2,3,2,2,40
178208,MIDWESTERN BAPTIST THEOLOGICAL SEMINARY,28140,1,Kansas City,MO,64118-4697,29,4,2,1,2,2,2,51
178217,MINERAL AREA COLLEGE,22100,2,PARK HILLS,MO,63601-1000,29,4,4,2,1,2,2,40
178244,MISSOURI BAPTIST UNIVERSITY,41180,1,ST LOUIS,MO,63141-8698,29,4,2,1,2,2,2,32
178305,MISSOURI COLLEGE,41180,1,ST LOUIS,MO,63122,29,4,6,2,3,2,2,40
178341,MISSOURI SOUTHERN STATE UNIVERSITY,27900,1,JOPLIN,MO,64801-1595,29,4,1,1,1,2,2,32
178350,MISSOURI TECH,41180,1,ST LOUIS,MO,63132-1716,29,4,3,1,3,2,2,54
178369,MISSOURI VALLEY COLLEGE,32180,2,MARSHALL,MO,65340,29,4,2,1,2,2,2,32
178387,MISSOURI WESTERN STATE COLLEGE,41140,1,ST JOSEPH,MO,64507,29,4,1,1,1,2,2,32
178396,UNIVERSITY OF MISSOURI-COLUMBIA,17860,1,COLUMBIA,MO,65211,29,4,1,1,1,2,2,15
178402,UNIVERSITY OF MISSOURI-KANSAS CITY,28140,1,KANSAS CITY,MO,64110,29,4,1,1,1,2,2,16
178411,UNIVERSITY OF MISSOURI-ROLLA,40620,2,ROLLA,MO,65409-1060,29,4,1,1,1,2,2,16
178420,UNIVERSITY OF MISSOURI-ST LOUIS,41180,1,ST LOUIS,MO,63121-4400,29,4,1,1,1,2,2,16
178448,MOBERLY AREA COMMUNITY COLLEGE,33620,2,MOBERLY,MO,65270-1304,29,4,4,2,1,2,2,40
178615,TRUMAN STATE UNIVERSITY,28860,2,KIRKSVILLE,MO,63501-4221,29,4,1,1,1,2,2,21
178624,NORTHWEST MISSOURI STATE UNIVERSITY,32340,2,MARYVILLE,MO,64468-6001,29,4,1,1,1,2,2,21
178679,OZARK CHRISTIAN COLLEGE,27900,1,JOPLIN,MO,64801,29,4,2,1,2,2,2,51
178697,COLLEGE OF THE OZARKS,14700,2,POINT LOOKOUT,MO,65726-0017,29,4,2,1,2,2,2,32
178721,PARK UNIVERSITY,28140,1,PARKVILLE,MO,64152-3795,29,4,2,1,2,2,2,21
178767,PATRICIA STEVENS COLLEGE,41180,1,ST LOUIS,MO,63102-2008,29,4,6,2,3,2,2,40
178785,PENN VALLEY COMMUNITY COLLEGE,28140,1,KANSAS CITY,MO,64111-2429,29,4,4,2,1,2,2,40
178891,RANKEN TECHNICAL COLLEGE,41180,1,ST LOUIS,MO,63113-2811,29,4,2,1,2,2,2,40
178989,RESEARCH COLLEGE OF NURSING,28140,1,KANSAS CITY,MO,64132-1199,29,4,3,1,3,2,2,53
179043,ROCKHURST UNIVERSITY,28140,1,KANSAS CITY,MO,64110-2561,29,4,2,1,2,2,2,21
179070,Springfield College,44180,1,SPRINGFIELD,MO,65807,29,4,3,1,3,2,2,40
179113,SAINT LOUIS COMMUNITY COLLEGE-MERAMEC,41180,1,KIRKWOOD,MO,63122,29,4,4,2,1,2,2,40
179159,SAINT LOUIS UNIVERSITY-MAIN CAMPUS,41180,1,ST LOUIS,MO,63103-2097,29,4,2,1,2,2,2,15
179201,SANFORD-BROWN COLLEGE,41180,1,Fenton,MO,63026-3400,29,4,3,1,3,2,2,40
179256,SAINT LOUIS CHRISTIAN COLLEGE,41180,1,FLORISSANT,MO,63033,29,4,2,1,2,2,2,51
179292,SAINT LOUIS COMMUNITY COLLEGE-FLORISSANT VALLEY,41180,1,ST LOUIS,MO,63135,29,4,4,2,1,2,2,40
179308,SAINT LOUIS COMMUNITY COLLEGE-FOREST PARK,41180,1,ST LOUIS,MO,63110,29,4,4,2,1,2,2,40
179326,SOUTHWEST BAPTIST UNIVERSITY,44180,1,BOLIVAR,MO,65613-2596,29,4,2,1,2,2,2,22
179344,SOUTHWEST MISSOURI STATE UNIVERSITY-WEST PLAINS,48460,2,WEST PLAINS,MO,65775-2715,29,4,4,2,1,2,2,40
179450,SAINT LUKES COLLEGE,28140,1,KANSAS CITY,MO,64114,29,4,2,1,2,2,2,53
179539,STATE FAIR COMMUNITY COLLEGE,42740,2,SEDALIA,MO,65301-2199,29,4,4,2,1,2,2,40
179548,STEPHENS COLLEGE,17860,1,COLUMBIA,MO,65215,29,4,2,1,2,2,2,31
179557,SOUTHEAST MISSOURI STATE UNIVERSITY,16020,2,CAPE GIRARDEAU,MO,63701-9980,29,4,1,1,1,2,2,21
179566,SOUTHWEST MISSOURI STATE UNIVERSITY,44180,1,SPRINGFIELD,MO,65804,29,4,1,1,1,2,2,21
179645,THREE RIVERS COMMUNITY COLLEGE,38740,2,POPLAR BLUFF,MO,63901,29,4,4,2,1,2,2,40
179715,NORTH CENTRAL MISSOURI COLLEGE,-2,-2,TRENTON,MO,64683,29,4,4,2,1,2,2,40
179867,WASHINGTON UNIVERSITY IN ST LOUIS,41180,1,ST LOUIS,MO,63130,29,4,2,1,2,2,2,15
179894,WEBSTER UNIVERSITY,41180,1,St Louis,MO,63119-3194,29,4,2,1,2,2,2,21
179919,WENTWORTH MILITARY ACADEMY,28140,1,LEXINGTON,MO,64067,29,4,5,2,2,2,2,40
179946,WESTMINSTER COLLEGE,27620,1,FULTON,MO,65251-1299,29,4,2,1,2,2,2,31
179955,WILLIAM JEWELL COLLEGE,28140,1,LIBERTY,MO,64068-1896,29,4,2,1,2,2,2,31
179964,WILLIAM WOODS UNIVERSITY,27620,1,FULTON,MO,65251-1098,29,4,2,1,2,2,2,21
180045,MONTANA STATE UNIVERSITY-BILLINGS-COLLEGE OF TECHN,13740,1,BILLINGS,MT,59102-9856,30,7,4,2,1,2,2,40
180054,BLACKFEET COMMUNITY COLLEGE,-2,-2,Browning,MT,59417-0819,30,7,5,2,2,2,1,60
180081,MONTANA TECH-COLLEGE OF TECHNOLOGY,15580,2,BUTTE,MT,59701,30,7,4,2,1,2,2,40
180106,CARROLL COLLEGE,25740,2,HELENA,MT,59625-0002,30,7,2,1,2,2,2,32
180151,DAWSON COMMUNITY COLLEGE,-2,-2,GLENDIVE,MT,59330,30,7,4,2,1,2,2,40
180160,CHIEF DULL KNIFE COLLEGE,-2,-2,LAME DEER,MT,59043,30,7,4,2,1,2,1,60
180179,MONTANA STATE UNIVERSITY-BILLINGS,13740,1,BILLINGS,MT,59101-0298,30,7,1,1,1,2,2,21
180197,FLATHEAD VALLEY COMMUNITY COLLEGE,28060,2,KALISPELL,MT,59901,30,7,4,2,1,2,2,40
180203,FORT BELKNAP COLLEGE,-2,-2,Harlem,MT,59526-0159,30,7,4,2,1,2,1,60
180212,FORT PECK COMMUNITY COLLEGE,-2,-2,POPLAR,MT,59255,30,7,4,2,1,2,1,60
180249,MONTANA STATE UNIVERSITY-COLL OF TECHN-GREAT FALLS,24500,1,GREAT FALLS,MT,59405,30,7,4,2,1,2,2,40
180258,UNIVERSITY OF GREAT FALLS,24500,1,GREAT FALLS,MT,59405-4996,30,7,2,1,2,2,2,22
180276,UNIVERSITY OF MONTANA-HELENA COLLEGE OF TECHNOLOGY,25740,2,HELENA,MT,59601,30,7,4,2,1,2,2,40
180328,LITTLE BIG HORN COLLEGE,-2,-2,CROW AGENCY,MT,59022,30,7,4,2,1,2,1,60
180373,MILES COMMUNITY COLLEGE,-2,-2,MILES CITY,MT,59301-4774,30,7,4,2,1,2,2,40
180416,MONTANA TECH OF THE UNIVERSITY OF MONTANA,15580,2,BUTTE,MT,59701-8997,30,7,1,1,1,2,2,54
180461,MONTANA STATE UNIVERSITY-BOZEMAN,14580,2,BOZEMAN,MT,59717,30,7,1,1,1,2,2,16
180489,THE UNIVERSITY OF MONTANA-MISSOULA,33540,1,Missoula,MT,59812,30,7,1,1,1,2,2,16
180522,MONTANA STATE UNIVERSITY-NORTHERN,25660,2,HAVRE,MT,59501,30,7,1,1,1,2,2,22
180595,ROCKY MOUNTAIN COLLEGE,13740,1,BILLINGS,MT,59102-1796,30,7,2,1,2,2,2,32
180647,SALISH KOOTENAI COLLEGE,-2,-2,PABLO,MT,59855,30,7,2,1,2,2,1,60
180692,THE UNIVERSITY OF MONTANA-WESTERN,-2,-2,DILLON,MT,59725-3598,30,7,1,1,1,2,2,32
180814,BELLEVUE UNIVERSITY,36540,1,BELLEVUE,NE,68005-3098,31,4,2,1,2,2,2,21
180832,CLARKSON COLLEGE,36540,1,OMAHA,NE,68131-2739,31,4,2,1,2,2,2,53
180902,CENTRAL COMMUNITY COLLEGE,24260,2,GRAND ISLAND,NE,68802-4903,31,4,4,2,1,2,2,40
180948,CHADRON STATE COLLEGE,-2,-2,CHADRON,NE,69337-2690,31,4,1,1,1,2,2,21
180984,CONCORDIA UNIVERSITY,30700,1,SEWARD,NE,68434,31,4,2,1,2,2,2,22
181002,CREIGHTON UNIVERSITY,36540,1,OMAHA,NE,68178,31,4,2,1,2,2,2,21
181011,DANA COLLEGE,36540,1,BLAIR,NE,68008,31,4,2,1,2,2,2,32
181020,DOANE COLLEGE,-2,-2,CRETE,NE,68333,31,4,2,1,2,2,2,22
181093,GRACE UNIVERSITY,36540,1,OMAHA,NE,68108-3629,31,4,2,1,2,2,2,32
181127,HASTINGS COLLEGE,25580,2,HASTINGS,NE,68901,31,4,2,1,2,2,2,31
181215,UNIVERSITY OF NEBRASKA AT KEARNEY,28260,2,KEARNEY,NE,68849-1212,31,4,1,1,1,2,2,21
181242,HAMILTON COLLEGE-LINCOLN CAMPUS,30700,1,LINCOLN,NE,68501-2826,31,4,3,1,3,2,2,40
181297,NEBRASKA METHODIST COLLEGE OF NURSING & ALLIED HLT,36540,1,OMAHA,NE,68114-3426,31,4,2,1,2,2,2,53
181303,METROPOLITAN COMMUNITY COLLEGE AREA,36540,1,OMAHA,NE,68111-1610,31,4,4,2,1,2,2,40
181330,MIDLAND LUTHERAN COLLEGE,23340,2,FREMONT,NE,68025,31,4,2,1,2,2,2,32
181376,NEBRASKA CHRISTIAN COLLEGE,35740,2,NORFOLK,NE,68701,31,4,2,1,2,2,2,51
181394,UNIVERSITY OF NEBRASKA AT OMAHA,36540,1,OMAHA,NE,68182-0225,31,4,1,1,1,2,2,21
181400,HAMILTON COLLEGE-OMAHA CAMPUS,36540,1,OMAHA,NE,68134,31,4,3,1,3,2,2,40
181419,NEBRASKA INDIAN COMMUNITY COLLEGE,-2,-2,MACY,NE,68039-0428,31,4,4,2,1,2,1,60
181428,UNIVERSITY OF NEBRASKA MEDICAL CENTER,36540,1,OMAHA,NE,68198-7815,31,4,1,1,1,2,2,52
181446,NEBRASKA WESLEYAN UNIVERSITY,30700,1,LINCOLN,NE,68504-2794,31,4,2,1,2,2,2,31
181464,UNIVERSITY OF NEBRASKA AT LINCOLN,30700,1,LINCOLN,NE,68588,31,4,1,1,1,2,2,15
181491,NORTHEAST COMMUNITY COLLEGE,35740,2,NORFOLK,NE,68702-0469,31,4,4,2,1,2,2,40
181534,PERU STATE COLLEGE,-2,-2,PERU,NE,68421-0010,31,4,1,1,1,2,2,22
181604,COLLEGE OF SAINT MARY,36540,1,OMAHA,NE,68124,31,4,2,1,2,2,2,32
181640,SOUTHEAST COMMUNITY COLLEGE AREA,30700,1,LINCOLN,NE,68510-2449,31,4,4,2,1,2,2,40
181738,UNION COLLEGE,30700,1,LINCOLN,NE,68506,31,4,2,1,2,2,2,32
181783,WAYNE STATE COLLEGE,-2,-2,WAYNE,NE,68787,31,4,1,1,1,2,2,21
181817,WESTERN NEBRASKA COMMUNITY COLLEGE,42420,2,SCOTTSBLUFF,NE,69361-1899,31,4,4,2,1,2,2,40
181853,YORK COLLEGE,-2,-2,YORK,NE,68467-2699,31,4,2,1,2,2,2,32
181941,CAREER COLLEGE OF NORTHERN NEVADA,39900,1,RENO,NV,89502-2331,32,8,6,2,3,2,2,40
182005,COMMUNITY COLLEGE OF SOUTHERN NEVADA,29820,1,North LAS VEGAS,NV,89030,32,8,1,1,1,2,2,40
182111,ART INSTITUTE OF LAS VEGAS,29820,1,HENDERSON,NV,89074,32,8,3,1,3,2,2,40
182148,LAS VEGAS COLLEGE,29820,1,LAS VEGAS,NV,89103,32,8,6,2,3,2,2,40
182281,UNIVERSITY OF NEVADA-LAS VEGAS,29820,1,LAS VEGAS,NV,89154,32,8,1,1,1,2,2,16
182290,UNIVERSITY OF NEVADA-RENO,39900,1,RENO,NV,89557,32,8,1,1,1,2,2,15
182306,GREAT BASIN COLLEGE,21220,2,ELKO,NV,89801,32,8,1,1,1,2,2,40
182430,MORRISON UNIVERSITY,39900,1,RENO,NV,89521,32,8,3,1,3,2,2,33
182458,SIERRA NEVADA COLLEGE,39900,1,Incline Village,NV,89451,32,8,2,1,2,2,2,32
182500,TRUCKEE MEADOWS COMMUNITY COLLEGE,39900,1,RENO,NV,89512-3999,32,8,4,2,1,2,2,40
182564,WESTERN NEVADA COMMUNITY COLLEGE,16180,1,Carson City,NV,89703-7399,32,8,4,2,1,2,2,40
182634,COLBY-SAWYER COLLEGE,18180,2,NEW LONDON,NH,03257-4648,33,1,2,1,2,2,2,32
182661,DANIEL WEBSTER COLLEGE,31700,1,NASHUA,NH,03063-1300,33,1,2,1,2,2,2,32
182670,DARTMOUTH COLLEGE,30100,2,HANOVER,NH,03755-3529,33,1,2,1,2,2,2,16
182795,FRANKLIN PIERCE COLLEGE,28300,2,RINDGE,NH,03461-0060,33,1,2,1,2,2,2,31
182865,HESSER COLLEGE,31700,1,MANCHESTER,NH,03103-9969,33,1,3,1,3,2,2,40
182944,MCINTOSH COLLEGE,14460,1,DOVER,NH,03820,33,1,6,2,3,2,2,40
182980,NEW ENGLAND COLLEGE,18180,2,HENNIKER,NH,03242,33,1,2,1,2,2,2,32
183026,SOUTHERN NEW HAMPSHIRE UNIVERSITY,31700,1,MANCHESTER,NH,03106,33,1,2,1,2,2,2,55
183044,UNIVERSITY OF NEW HAMPSHIRE-MAIN CAMPUS,14460,1,DURHAM,NH,03824-3547,33,1,1,1,1,2,2,15
183062,KEENE STATE COLLEGE,28300,2,KEENE,NH,03435-1506,33,1,1,1,1,2,2,22
183071,UNIVERSITY OF NEW HAMPSHIRE-MANCHESTER,31700,1,MANCHESTER,NH,03101-1113,33,1,1,1,1,2,2,32
183080,PLYMOUTH STATE UNIVERSITY,30100,2,Plymouth,NH,03264-1595,33,1,1,1,1,2,2,21
183099,NEW HAMPSHIRE TECHNICAL INSTITUTE,18180,2,CONCORD,NH,03301-7412,33,1,4,2,1,2,2,40
183105,NEW HAMPSHIRE COMMUNITY TECH COLL-BERLIN/LACONIA,29060,2,LACONIA,NH,03246-1364,33,1,4,2,1,2,2,40
183132,NEW HAMPSHIRE COMM TECH COLL-MANCHESTER/STRATHAM,14460,1,Stratham,NH,03885,33,1,4,2,1,2,2,40
183141,NH COMMUNITY TECHNICAL COLLEGE-NASHUA-CLAREMONT,31700,1,NASHUA,NH,03063-1026,33,1,4,2,1,2,2,40
183211,RIVIER COLLEGE,31700,1,NASHUA,NH,03060,33,1,2,1,2,2,2,21
183239,SAINT ANSELM COLLEGE,31700,1,MANCHESTER,NH,03102-1310,33,1,2,1,2,2,2,31
183257,COLLEGE FOR LIFELONG LEARNING,18180,2,CONCORD,NH,03301-6430,33,1,1,1,1,2,2,31
183275,THOMAS MORE COLLEGE OF LIBERAL ARTS,31700,1,MERRIMACK,NH,03054,33,1,2,1,2,2,2,59
183345,CHESTER COLLEGE OF NEW ENGLAND,14460,1,CHESTER,NH,03036-4331,33,1,2,1,2,2,2,40
183600,ASSUMPTION COLLEGE FOR SISTERS,35620,1,MENDHAM,NJ,07945-0800,34,2,5,2,2,2,2,40
183655,ATLANTIC CAPE COMMUNITY COLLEGE,12100,1,MAYS LANDING,NJ,08330-2699,34,2,4,2,1,2,2,40
183743,BERGEN COMMUNITY COLLEGE,35620,1,PARAMUS,NJ,07652-1595,34,2,4,2,1,2,2,40
183789,BERKELEY COLLEGE,35620,1,WEST PATERSON,NJ,07424,34,2,3,1,3,2,2,40
183804,BETH MEDRASH GOVOHA,35620,1,LAKEWOOD,NJ,08701-2754,34,2,2,1,2,2,2,51
183822,BLOOMFIELD COLLEGE,35620,1,BLOOMFIELD,NJ,07003,34,2,2,1,2,2,2,32
183859,BROOKDALE COMMUNITY COLLEGE,35620,1,LINCROFT,NJ,07738-1597,34,2,4,2,1,2,2,40
183877,BURLINGTON COUNTY COLLEGE,37980,1,PEMBERTON,NJ,08068-1599,34,2,4,2,1,2,2,40
183910,CALDWELL COLLEGE,35620,1,Caldwell,NJ,07006-6195,34,2,2,1,2,2,2,32
183938,CAMDEN COUNTY COLLEGE,37980,1,BLACKWOOD,NJ,08012,34,2,4,2,1,2,2,40
183974,CENTENARY COLLEGE,10900,1,HACKETTSTOWN,NJ,07840,34,2,2,1,2,2,2,32
184180,COUNTY COLLEGE OF MORRIS,35620,1,RANDOLPH,NJ,07869-2086,34,2,4,2,1,2,2,40
184205,CUMBERLAND COUNTY COLLEGE,47220,1,VINELAND,NJ,08362-1500,34,2,4,2,1,2,2,40
184269,DEVRY UNIVERSITY-NEW JERSEY,35620,1,NORTH BRUNSWICK,NJ,08902-3362,34,2,3,1,3,2,2,40
184348,DREW UNIVERSITY,35620,1,MADISON,NJ,07940,34,2,2,1,2,2,2,31
184481,ESSEX COUNTY COLLEGE,35620,1,NEWARK,NJ,07102,34,2,4,2,1,2,2,40
184603,FAIRLEIGH DICKINSON UNIVERSITY-METROPOLITAN CAMPUS,35620,1,TEANECK,NJ,07666,34,2,2,1,2,2,2,21
184612,FELICIAN COLLEGE,35620,1,LODI,NJ,07644,34,2,2,1,2,2,2,32
184773,GEORGIAN COURT UNIVERSITY,35620,1,LAKEWOOD,NJ,08701-2697,34,2,2,1,2,2,2,21
184782,ROWAN UNIVERSITY,37980,1,GLASSBORO,NJ,08028,34,2,1,1,1,2,2,21
184791,GLOUCESTER COUNTY COLLEGE,37980,1,SEWELL,NJ,08080,34,2,4,2,1,2,2,40
184995,HUDSON COUNTY COMMUNITY COLLEGE,35620,1,JERSEY CITY,NJ,07306,34,2,4,2,1,2,2,40
185129,NEW JERSEY CITY UNIVERSITY,35620,1,JERSEY CITY,NJ,07305,34,2,1,1,1,2,2,21
185244,GIBBS COLLEGE,35620,1,Livingston,NJ,07039,34,2,6,2,3,2,2,40
185262,KEAN UNIVERSITY,35620,1,UNION,NJ,07083-0411,34,2,1,1,1,2,2,21
185509,MERCER COUNTY COMMUNITY COLLEGE,45940,1,West Windsor,NJ,08550-3407,34,2,4,2,1,2,2,40
185536,MIDDLESEX COUNTY COLLEGE,35620,1,EDISON,NJ,08818-3050,34,2,4,2,1,2,2,40
185572,MONMOUTH UNIVERSITY,35620,1,WEST LONG BRANCH,NJ,07764-1898,34,2,2,1,2,2,2,21
185590,MONTCLAIR STATE UNIVERSITY,35620,1,MONTCLAIR,NJ,07043-1624,34,2,1,1,1,2,2,21
185828,NEW JERSEY INSTITUTE OF TECHNOLOGY,35620,1,Newark,NJ,07102,34,2,1,1,1,2,2,16
185873,OCEAN COUNTY COLLEGE,35620,1,TOMS RIVER,NJ,08754-2001,34,2,4,2,1,2,2,40
186034,PASSAIC COUNTY COMMUNITY COLLEGE,35620,1,PATERSON,NJ,07505-1179,34,2,4,2,1,2,2,40
186131,PRINCETON UNIVERSITY,45940,1,PRINCETON,NJ,08544-0070,34,2,2,1,2,2,2,15
186186,RABBINICAL COLLEGE OF AMERICA,35620,1,MORRISTOWN,NJ,07960,34,2,2,1,2,2,2,51
186201,RAMAPO COLLEGE OF NEW JERSEY,35620,1,MAHWAH,NJ,07430-1680,34,2,1,1,1,2,2,32
186283,RIDER UNIVERSITY,45940,1,LAWRENCEVILLE,NJ,08648-3099,34,2,2,1,2,2,2,21
186371,RUTGERS UNIVERSITY-CAMDEN,37980,1,CAMDEN,NJ,08102,34,2,1,1,1,2,2,21
186380,RUTGERS UNIVERSITY-NEW BRUNSWICK,35620,1,NEW BRUNSWICK,NJ,08901-1281,34,2,1,1,1,2,2,15
186399,RUTGERS UNIVERSITY-NEWARK,35620,1,NEWARK,NJ,07102,34,2,1,1,1,2,2,16
186432,SAINT PETERS COLLEGE,35620,1,JERSEY CITY,NJ,07306-5997,34,2,2,1,2,2,2,21
186469,SALEM COMMUNITY COLLEGE,37980,1,CARNEYS POINT,NJ,08069,34,2,4,2,1,2,2,40
186584,SETON HALL UNIVERSITY,35620,1,SOUTH ORANGE,NJ,07079-2697,34,2,2,1,2,2,2,16
186618,COLLEGE OF SAINT ELIZABETH,35620,1,MORRISTOWN,NJ,07960-6989,34,2,2,1,2,2,2,32
186645,RARITAN VALLEY COMMUNITY COLLEGE,35620,1,Somerville,NJ,08876,34,2,4,2,1,2,2,40
186867,STEVENS INSTITUTE OF TECHNOLOGY,35620,1,HOBOKEN,NJ,07030-5991,34,2,2,1,2,2,2,16
186876,THE RICHARD STOCKTON COLLEGE OF NEW JERSEY,12100,1,POMONA,NJ,08240-0195,34,2,1,1,1,2,2,31
186900,TALMUDICAL ACADEMY-NEW JERSEY,35620,1,ADELPHIA,NJ,07710,34,2,2,1,2,2,2,51
187046,THOMAS EDISON STATE COLLEGE,45940,1,TRENTON,NJ,08608-1176,34,2,1,1,1,2,2,22
187134,THE COLLEGE OF NEW JERSEY,45940,1,Ewing,NJ,08628-0718,34,2,1,1,1,2,2,21
187198,UNION COUNTY COLLEGE,35620,1,CRANFORD,NJ,07016-1599,34,2,4,2,1,2,2,40
187222,UNIVERSITY OF MEDICINE AND DENTISTRY OF NEW JERSEY,35620,1,NEWARK,NJ,07101-1709,34,2,1,1,1,2,2,52
187444,WILLIAM PATERSON UNIVERSITY OF NEW JERSEY,35620,1,WAYNE,NJ,07470,34,2,1,1,1,2,2,21
187532,ALBUQUERQUE TECHNICAL VOCATIONAL INSTITUTE,10740,1,ALBUQUERQUE,NM,87106,35,6,4,2,1,2,2,40
187596,CROWNPOINT INSTITUTE OF TECHNOLOGY,23700,2,CROWNPOINT,NM,87313-0849,35,6,4,2,1,2,1,60
187620,NEW MEXICO STATE UNIVERSITY-DONA ANA,29740,1,LAS CRUCES,NM,88003-8001,35,6,4,2,1,2,2,40
187639,CLOVIS COMMUNITY COLLEGE,17580,2,CLOVIS,NM,88101-8381,35,6,4,2,1,2,2,40
187648,EASTERN NEW MEXICO UNIVERSITY-MAIN CAMPUS,38780,2,PORTALES,NM,88130,35,6,1,1,1,2,2,21
187666,EASTERN NEW MEXICO UNIVERSITY-ROSWELL CAMPUS,40740,2,ROSWELL,NM,88202-6000,35,6,4,2,1,2,2,40
187745,INSTITUTE OF AMERICAN INDIAN AND ALASKA NATIVE CULTURE,42140,1,SANTA FE,NM,87508-1300,35,6,1,1,1,2,1,60
187897,NEW MEXICO HIGHLANDS UNIVERSITY,29780,2,LAS VEGAS,NM,87701,35,6,1,1,1,2,2,21
187903,NEW MEXICO JUNIOR COLLEGE,26020,2,HOBBS,NM,88240,35,6,4,2,1,2,2,40
187912,NEW MEXICO MILITARY INSTITUTE,40740,2,ROSWELL,NM,88201-5173,35,6,4,2,1,2,2,40
187958,UNIVERSITY OF NEW MEXICO-GALLUP CAMPUS,23700,2,GALLUP,NM,87301,35,6,4,2,1,2,2,40
187967,NEW MEXICO INSTITUTE OF MINING AND TECHNOLOGY,-2,-2,Socorro,NM,87801,35,6,1,1,1,2,2,16
187976,UNIVERSITY OF NEW MEXICO-LOS ALAMOS CAMPUS,31060,2,LOS ALAMOS,NM,87544-1999,35,6,4,2,1,2,2,40
187985,UNIVERSITY OF NEW MEXICO-MAIN CAMPUS,10740,1,ALBUQUERQUE,NM,87131,35,6,1,1,1,2,2,15
187994,NEW MEXICO STATE UNIVERSITY-ALAMOGORDO,10460,2,ALAMOGORDO,NM,88310,35,6,4,2,1,2,2,40
188003,NEW MEXICO STATE UNIVERSITY-CARLSBAD,16100,2,CARLSBAD,NM,88220,35,6,4,2,1,2,2,40
188021,NEW MEXICO STATE UNIVERSITY-GRANTS,24380,2,GRANTS,NM,87020,35,6,4,2,1,2,2,40
188030,NEW MEXICO STATE UNIVERSITY-MAIN CAMPUS,29740,1,LAS CRUCES,NM,88003-8001,35,6,1,1,1,2,2,15
188049,UNIVERSITY OF NEW MEXICO-VALENCIA COUNTY BRANCH,10740,1,LOS LUNAS,NM,87031,35,6,4,2,1,2,2,40
188058,NORTHERN NEW MEXICO COMMUNITY COLLEGE,21580,2,Espanola,NM,87532,35,6,1,1,1,2,2,40
188100,SAN JUAN COLLEGE,22140,1,FARMINGTON,NM,87402-4699,35,6,4,2,1,2,2,40
188137,SANTA FE COMMUNITY COLLEGE,42140,1,SANTA FE,NM,87508-4887,35,6,4,2,1,2,2,40
188146,COLLEGE OF SANTA FE,42140,1,SANTA FE,NM,87505-7634,35,6,2,1,2,2,2,22
188182,COLLEGE OF THE SOUTHWEST,26020,2,HOBBS,NM,88240,35,6,2,1,2,2,2,22
188216,SOUTHWESTERN INDIAN POLYTECHNIC INSTITUTE,10740,1,ALBUQUERQUE,NM,87120-3101,35,6,4,2,1,2,1,60
188225,UNIVERSITY OF NEW MEXICO-TAOS BRANCH,45340,2,TAOS,NM,87571,35,6,4,2,1,2,2,40
188261,MESALANDS COMMUNITY COLLEGE,-2,-2,TUCUMCARI,NM,88401-3352,35,6,4,2,1,2,2,40
188304,WESTERN NEW MEXICO UNIVERSITY,43500,2,SILVER CITY,NM,88061,35,6,1,1,1,2,2,21
188340,VAUGHN COLLEGE OF AERONAUTICS AND TECHNOLOGY,35620,1,Flushing,NY,11369,36,2,2,1,2,2,2,54
188429,ADELPHI UNIVERSITY,35620,1,GARDEN CITY,NY,11530,36,2,2,1,2,2,2,16
188438,ADIRONDACK COMMUNITY COLLEGE,24020,1,QUEENSBURY,NY,12804,36,2,4,2,1,2,2,40
188465,GLOBE INSTITUTE OF TECHNOLOGY,35620,1,NEW YORK,NY,10007,36,2,3,1,3,2,2,40
188517,BRYANT AND STRATTON COLLEGE-ALBANY,10580,1,ALBANY,NY,12205,36,2,6,2,3,2,2,40
188526,ALBANY COLLEGE OF PHARMACY,10580,1,ALBANY,NY,12208-3492,36,2,2,1,2,2,2,53
188641,ALFRED UNIVERSITY,-2,-2,ALFRED,NY,14802-1205,36,2,2,1,2,2,2,21
188678,AMERICAN ACADEMY OF DRAMATIC ARTS,35620,1,NEW YORK,NY,10016,36,2,5,2,2,2,2,40
188687,AMERICAN ACADEMY MCALLISTER INST OF FUNERAL SERV,35620,1,NEW YORK,NY,10019,36,2,5,2,2,2,2,40
189088,BARD COLLEGE,39100,1,ANNANDALE-ON-HUDSON,NY,12504-5000,36,2,2,1,2,2,2,31
189097,BARNARD COLLEGE,35620,1,NEW YORK,NY,10027-6598,36,2,2,1,2,2,2,31
189228,BERKELEY COLLEGE,35620,1,NEW YORK,NY,10017,36,2,3,1,3,2,2,40
189246,BERKELEY COLLEGE,35620,1,WHITE PLAINS,NY,10601,36,2,3,1,3,2,2,40
189264,BETH HATALMUD RABBINICAL COLLEGE,35620,1,BROOKLYN,NY,11214,36,2,2,1,2,2,2,51
189273,BETH HAMEDRASH SHAAREI YOSHER INSTITUTE,35620,1,BROOKLYN,NY,11204,36,2,2,1,2,2,2,51
189282,PHILLIPS BETH ISRAEL SCHOOL OF NURSING,35620,1,NEW YORK,NY,10010,36,2,5,2,2,2,2,40
189413,BORICUA COLLEGE,35620,1,NEW YORK,NY,10032-1560,36,2,2,1,2,2,2,33
189422,BRAMSON ORT COLLEGE,35620,1,FOREST HILLS,NY,11375-4239,36,2,5,2,2,2,2,40
189459,BRIARCLIFFE COLLEGE,35620,1,BETHPAGE,NY,11714-3545,36,2,3,1,3,2,2,40
189547,BROOME COMMUNITY COLLEGE,13780,1,BINGHAMTON,NY,13902-1017,36,2,4,2,1,2,2,40
189574,BRYANT AND STRATTON COLLEGE-MAIN SYRACUSE,45060,1,SYRACUSE,NY,13203-2502,36,2,6,2,3,2,2,40
189583,BRYANT AND STRATTON COLLEGE-BUFFALO,15380,1,Buffalo,NY,14203,36,2,6,2,3,2,2,40
189592,BRYANT AND STRATTON COLLEGE-ROCHESTER,40380,1,ROCHESTER,NY,14606,36,2,6,2,3,2,2,40
189705,CANISIUS COLLEGE,15380,1,BUFFALO,NY,14208-1098,36,2,2,1,2,2,2,21
189811,ST VINCENT CATHOLIC MED CTR-BROOKLYN AND QUEENS,35620,1,FRESH MEADOWS,NY,11365,36,2,5,2,2,2,2,40
189839,CAYUGA COUNTY COMMUNITY COLLEGE,12180,2,AUBURN,NY,13021-3099,36,2,4,2,1,2,2,40
189848,CAZENOVIA COLLEGE,45060,1,CAZENOVIA,NY,13035,36,2,2,1,2,2,2,33
189857,CENTRAL YESHIVA TOMCHEI TMIMIM LUBAVITZ,35620,1,BROOKLYN,NY,11230,36,2,2,1,2,2,2,51
190044,CLARKSON UNIVERSITY,36300,2,POTSDAM,NY,13699-5557,36,2,2,1,2,2,2,16
190053,CLINTON COMMUNITY COLLEGE,38460,2,PLATTSBURGH,NY,12901,36,2,4,2,1,2,2,40
190071,COCHRAN SCHOOL OF NURSING,35620,1,YONKERS,NY,10701,36,2,5,2,2,2,2,40
190099,COLGATE UNIVERSITY,45060,1,HAMILTON,NY,13346-1398,36,2,2,1,2,2,2,31
190114,METROPOLITAN COLLEGE OF NEW YORK,35620,1,NEW YORK,NY,10013-1919,36,2,2,1,2,2,2,59
190150,COLUMBIA UNIVERSITY IN THE CITY OF NEW YORK,35620,1,NEW YORK,NY,10027,36,2,2,1,2,2,2,15
190169,COLUMBIA-GREENE COMMUNITY COLLEGE,26460,2,HUDSON,NY,12534,36,2,4,2,1,2,2,40
190248,CONCORDIA COLLEGE,35620,1,BRONXVILLE,NY,10708-1998,36,2,2,1,2,2,2,32
190372,COOPER UNION FOR THE ADVANCEMENT OF SCIENCE AND ART,35620,1,NEW YORK,NY,10003-7120,36,2,2,1,2,2,2,54
190415,CORNELL UNIVERSITY-ENDOWED COLLEGES,27060,1,ITHACA,NY,14853,36,2,2,1,2,2,2,15
190442,CORNING COMMUNITY COLLEGE,18500,2,CORNING,NY,14830,36,2,4,2,1,2,2,40
190451,CROUSE HOSPITAL SCHOOL OF NURSING,45060,1,SYRACUSE,NY,13210-1687,36,2,5,2,2,2,2,40
190503,CULINARY INSTITUTE OF AMERICA,39100,1,HYDE PARK,NY,12538-1499,36,2,2,1,2,2,2,59
190512,CUNY BERNARD M BARUCH COLLEGE,35620,1,NEW YORK,NY,10010,36,2,1,1,1,2,2,21
190521,CUNY BOROUGH OF MANHATTAN COMMUNITY COLLEGE,35620,1,NEW YORK,NY,10007-1097,36,2,4,2,1,2,2,40
190530,CUNY BRONX COMMUNITY COLLEGE,35620,1,BRONX,NY,10453,36,2,4,2,1,2,2,40
190549,CUNY BROOKLYN COLLEGE,35620,1,BROOKLYN,NY,11210-2889,36,2,1,1,1,2,2,21
190558,CUNY COLLEGE OF STATEN ISLAND,35620,1,STATEN ISLAND,NY,10314,36,2,1,1,1,2,2,21
190567,CUNY CITY COLLEGE,35620,1,NEW YORK,NY,10031-9101,36,2,1,1,1,2,2,21
190585,CUNY HOSTOS COMMUNITY COLLEGE,35620,1,BRONX,NY,10451,36,2,4,2,1,2,2,40
190594,CUNY HUNTER COLLEGE,35620,1,NEW YORK,NY,10021,36,2,1,1,1,2,2,21
190600,CUNY JOHN JAY COLLEGE CRIMINAL JUSTICE,35620,1,NEW YORK,NY,10019,36,2,1,1,1,2,2,59
190619,CUNY KINGSBOROUGH COMMUNITY COLLEGE,35620,1,BROOKLYN,NY,11235,36,2,4,2,1,2,2,40
190628,CUNY LA GUARDIA COMMUNITY COLLEGE,35620,1,LONG ISLAND CITY,NY,11101,36,2,4,2,1,2,2,40
190637,CUNY LEHMAN COLLEGE,35620,1,BRONX,NY,10468,36,2,1,1,1,2,2,21
190646,CUNY MEDGAR EVERS COLLEGE,35620,1,BROOKLYN,NY,11225-2010,36,2,1,1,1,2,2,32
190655,CUNY NEW YORK CITY COLLEGE OF TECHNOLOGY,35620,1,BROOKLYN,NY,11201-2983,36,2,1,1,1,2,2,33
190664,CUNY QUEENS COLLEGE,35620,1,FLUSHING,NY,11367-0904,36,2,1,1,1,2,2,21
190673,CUNY QUEENSBOROUGH COMMUNITY COLLEGE,35620,1,BAYSIDE,NY,11364,36,2,4,2,1,2,2,40
190691,CUNY YORK COLLEGE,35620,1,JAMAICA,NY,11451,36,2,1,1,1,2,2,32
190716,D'YOUVILLE COLLEGE,15380,1,BUFFALO,NY,14201-1084,36,2,2,1,2,2,2,53
190725,DAEMEN COLLEGE,15380,1,AMHERST,NY,14226-3592,36,2,2,1,2,2,2,32
190734,DARKEI NOAM RABBINICAL COLLEGE,35620,1,BROOKLYN,NY,11210,36,2,2,1,2,2,2,51
190761,DOMINICAN COLLEGE OF BLAUVELT,35620,1,ORANGEBURG,NY,10962-1210,36,2,2,1,2,2,2,32
190770,DOWLING COLLEGE,35620,1,OAKDALE,NY,11769-1999,36,2,2,1,2,2,2,21
190840,DUTCHESS COMMUNITY COLLEGE,39100,1,POUGHKEEPSIE,NY,12601-1595,36,2,4,2,1,2,2,40
190956,ELLIS HOSPITAL SCHOOL OF NURSING,10580,1,SCHENECTADY,NY,12308,36,2,5,2,2,2,2,40
190974,ELMIRA BUSINESS INSTITUTE,21300,1,Elmira,NY,14901,36,2,6,2,3,2,2,40
190983,ELMIRA COLLEGE,21300,1,ELMIRA,NY,14901,36,2,2,1,2,2,2,32
191083,ERIE COMMUNITY COLLEGE,15380,1,BUFFALO,NY,14203,36,2,4,2,1,2,2,40
191126,FASHION INSTITUTE OF TECHNOLOGY,35620,1,NEW YORK,NY,10001-5992,36,2,1,1,1,2,2,33
191199,FINGER LAKES COMMUNITY COLLEGE,40380,1,CANANDAIGUA,NY,14424-8395,36,2,4,2,1,2,2,40
191205,FIVE TOWNS COLLEGE,35620,1,DIX HILLS,NY,11746-5871,36,2,3,1,3,2,2,33
191241,FORDHAM UNIVERSITY,35620,1,BRONX,NY,10458,36,2,2,1,2,2,2,15
191302,FULTON-MONTGOMERY COMMUNITY COLLEGE,24100,2,Johnstown,NY,12095-3790,36,2,4,2,1,2,2,40
191339,GENESEE COMMUNITY COLLEGE,12860,2,BATAVIA,NY,14020,36,2,4,2,1,2,2,40
191515,HAMILTON COLLEGE,46540,1,CLINTON,NY,13323,36,2,2,1,2,2,2,31
191533,HARTWICK COLLEGE,36580,2,ONEONTA,NY,13820-4020,36,2,2,1,2,2,2,31
191597,HELENE FULD COLLEGE OF NURSING,35620,1,NEW YORK,NY,10035,36,2,5,2,2,2,2,40
191612,HERKIMER COUNTY COMMUNITY COLLEGE,46540,1,HERKIMER,NY,13350-1598,36,2,4,2,1,2,2,40
191621,HILBERT COLLEGE,15380,1,HAMBURG,NY,14075-1597,36,2,2,1,2,2,2,32
191630,HOBART WILLIAM SMITH COLLEGES,40380,1,GENEVA,NY,14456,36,2,2,1,2,2,2,31
191649,HOFSTRA UNIVERSITY,35620,1,HEMPSTEAD,NY,11549,36,2,2,1,2,2,2,16
191676,HOUGHTON COLLEGE,-2,-2,HOUGHTON,NY,14744,36,2,2,1,2,2,2,31
191719,HUDSON VALLEY COMMUNITY COLLEGE,10580,1,TROY,NY,12180,36,2,4,2,1,2,2,40
191764,INSTITUTE OF DESIGN AND CONSTRUCTION,35620,1,BROOKLYN,NY,11201-5380,36,2,5,2,2,2,2,40
191870,INTERBORO INSTITUTE,35620,1,NEW YORK,NY,10019-3697,36,2,6,2,3,2,2,40
191931,IONA COLLEGE,35620,1,NEW ROCHELLE,NY,10801-1890,36,2,2,1,2,2,2,21
191959,ISLAND DRAFTING AND TECHNICAL INSTITUTE,35620,1,AMITYVILLE,NY,11701-2704,36,2,6,2,3,2,2,40
191968,ITHACA COLLEGE,27060,1,ITHACA,NY,14850-7188,36,2,2,1,2,2,2,21
191986,JAMESTOWN COMMUNITY COLLEGE,27460,2,JAMESTOWN,NY,14701,36,2,4,2,1,2,2,40
192004,JAMESTOWN BUSINESS COLLEGE,27460,2,JAMESTOWN,NY,14701-4756,36,2,6,2,3,2,2,40
192022,JEFFERSON COMMUNITY COLLEGE,48060,2,WATERTOWN,NY,13601-1897,36,2,4,2,1,2,2,40
192040,JEWISH THEOLOGICAL SEMINARY OF AMERICA,35620,1,NEW YORK,NY,10027-4649,36,2,2,1,2,2,2,51
192110,THE JUILLIARD SCHOOL,35620,1,NEW YORK,NY,10023-6588,36,2,2,1,2,2,2,56
192147,KATHARINE GIBBS SCHOOL-NEW YORK CITY,35620,1,New York,NY,10018,36,2,6,2,3,2,2,40
192156,KATHARINE GIBBS SCHOOL-MELVILLE,35620,1,MELVILLE,NY,11747,36,2,6,2,3,2,2,40
192165,KEHILATH YAKOV RABBINICAL SEMINARY,35620,1,Ossining,NY,10562,36,2,2,1,2,2,2,51
192192,KEUKA COLLEGE,-2,-2,KEUKA PARK,NY,14478,36,2,2,1,2,2,2,32
192244,KOL YAAKOV TORAH CENTER,35620,1,MONSEY,NY,10952,36,2,2,1,2,2,2,51
192271,LABORATORY INSTITUTE OF MERCHANDISING,35620,1,NEW YORK,NY,10022-5268,36,2,3,1,3,2,2,55
192323,LE MOYNE COLLEGE,45060,1,SYRACUSE,NY,13214-1399,36,2,2,1,2,2,2,22
192439,LONG ISLAND UNIVERSITY-BROOKLYN CAMPUS,35620,1,BROOKLYN,NY,11201-5372,36,2,2,1,2,2,2,21
192448,LONG ISLAND UNIVERSITY-C W POST CAMPUS,35620,1,BROOKVILLE,NY,11548-1300,36,2,2,1,2,2,2,21
192466,SOUTHAMPTON COLLEGE OF LONG ISLAND UNIVERSITY,35620,1,Southampton,NY,11968-4198,36,2,2,1,2,2,2,31
192475,LONG ISLAND COLLEGE HOSPITAL SCHOOL OF NURSING,35620,1,BROOKLYN,NY,11231,36,2,5,2,2,2,2,40
192509,LONG ISLAND BUSINESS INSTITUTE,35620,1,COMMACK,NY,11725,36,2,6,2,3,2,2,40
192624,MACHZIKEI HADATH RABBINICAL COLLEGE,35620,1,BROOKLYN,NY,11204,36,2,2,1,2,2,2,51
192703,MANHATTAN COLLEGE,35620,1,BRONX,NY,10471-4098,36,2,2,1,2,2,2,21
192712,MANHATTAN SCHOOL OF MUSIC,35620,1,NEW YORK,NY,10027-4698,36,2,2,1,2,2,2,56
192749,MANHATTANVILLE COLLEGE,35620,1,PURCHASE,NY,10577,36,2,2,1,2,2,2,21
192785,MARIA COLLEGE OF ALBANY,10580,1,ALBANY,NY,12208,36,2,5,2,2,2,2,40
192819,MARIST COLLEGE,39100,1,POUGHKEEPSIE,NY,12601,36,2,2,1,2,2,2,21
192855,MARYMOUNT COLLEGE OF FORDHAM UNIVERSITY,35620,1,TARRYTOWN,NY,10591-3796,36,2,2,1,2,2,2,32
192864,MARYMOUNT MANHATTAN COLLEGE,35620,1,NEW YORK,NY,10021-4597,36,2,2,1,2,2,2,31
192925,MEDAILLE COLLEGE,15380,1,BUFFALO,NY,14214-2695,36,2,2,1,2,2,2,32
193016,MERCY COLLEGE-MAIN CAMPUS,35620,1,DOBBS FERRY,NY,10522,36,2,2,1,2,2,2,21
193052,MESIVTA TORAH VODAATH RABBINICAL SEMINARY,35620,1,BROOKLYN,NY,11218,36,2,2,1,2,2,2,51
193061,MESIVTA OF EASTERN PARKWAY-YESHIVA ZICHRON MEILECH,35620,1,BROOKLYN,NY,11218,36,2,2,1,2,2,2,51
193070,MESIVTHA TIFERETH JERUSALEM OF AMERICA,35620,1,NEW YORK,NY,10002-6301,36,2,2,1,2,2,2,51
193201,MILDRED ELLEY SCHOOL,10580,1,LATHAM,NY,12110-3941,36,2,6,2,3,2,2,40
193247,MIRRER YESHIVA CENT INSTITUTE,35620,1,BROOKLYN,NY,11223-2010,36,2,2,1,2,2,2,51
193283,MOHAWK VALLEY COMMUNITY COLLEGE-UTICA BRANCH,46540,1,UTICA,NY,13501-5394,36,2,4,2,1,2,2,40
193292,MOLLOY COLLEGE,35620,1,ROCKVILLE CENTRE,NY,11571-5002,36,2,2,1,2,2,2,22
193308,MONROE COLLEGE-MAIN CAMPUS,35620,1,BRONX,NY,10468,36,2,3,1,3,2,2,40
193326,MONROE COMMUNITY COLLEGE,40380,1,ROCHESTER,NY,14623,36,2,4,2,1,2,2,40
193353,MOUNT SAINT MARY COLLEGE,39100,1,NEWBURGH,NY,12550,36,2,2,1,2,2,2,21
193380,DOROTHEA HOPFER SCHOOL OF NURSING-MT VERNON HOSP,35620,1,MT VERNON,NY,10550,36,2,5,2,2,2,2,40
193399,COLLEGE OF MOUNT SAINT VINCENT,35620,1,BRONX,NY,10471-1093,36,2,2,1,2,2,2,22
193478,NASSAU COMMUNITY COLLEGE,35620,1,GARDEN CITY,NY,11530-6793,36,2,4,2,1,2,2,40
193584,NAZARETH COLLEGE OF ROCHESTER,40380,1,ROCHESTER,NY,14618-3790,36,2,2,1,2,2,2,21
193645,THE COLLEGE OF NEW ROCHELLE,35620,1,NEW ROCHELLE,NY,10805-2339,36,2,2,1,2,2,2,21
193654,NEW SCHOOL UNIVERSITY,35620,1,NEW YORK,NY,10011,36,2,2,1,2,2,2,16
193894,NEW YORK THEOLOGICAL SEMINARY,35620,1,NEW YORK,NY,10115,36,2,2,1,2,2,2,51
193900,NEW YORK UNIVERSITY,35620,1,NEW YORK,NY,10012-1091,36,2,2,1,2,2,2,15
193946,NIAGARA COUNTY COMMUNITY COLLEGE,15380,1,SANBORN,NY,14132,36,2,4,2,1,2,2,40
193973,NIAGARA UNIVERSITY,15380,1,NIAGARA UNIVERSITY,NY,14109,36,2,2,1,2,2,2,21
194028,NORTH COUNTRY COMMUNITY COLLEGE,-2,-2,SARANAC LAKE,NY,12983-0089,36,2,4,2,1,2,2,40
194091,NEW YORK INSTITUTE OF TECHNOLOGY-OLD WESTBURY,35620,1,OLD WESTBURY,NY,11568-8000,36,2,2,1,2,2,2,21
194107,NEW YORK INSTITUTE OF TECHNOLOGY-MANHATTAN CAMPUS,35620,1,NEW YORK,NY,10023-7692,36,2,2,1,2,2,2,21
194116,NEW YORK SCHOOL OF INTERIOR DESIGN,35620,1,NEW YORK,NY,10021,36,2,2,1,2,2,2,56
194161,NYACK COLLEGE,35620,1,NYACK,NY,10960-3698,36,2,2,1,2,2,2,22
194189,OHR HAMEIR THEOLOGICAL SEMINARY,35620,1,PEEKSKILL,NY,10566,36,2,2,1,2,2,2,51
194204,OLEAN BUSINESS INSTITUTE,36460,2,OLEAN,NY,14760,36,2,6,2,3,2,2,40
194222,ONONDAGA COMMUNITY COLLEGE,45060,1,SYRACUSE,NY,13215,36,2,4,2,1,2,2,40
194240,ORANGE COUNTY COMMUNITY COLLEGE,39100,1,MIDDLETOWN,NY,10940,36,2,4,2,1,2,2,40
194310,PACE UNIVERSITY-NEW YORK,35620,1,NEW YORK,NY,10038-1598,36,2,2,1,2,2,2,16
194392,PAUL SMITHS COLLEGE OF ARTS AND SCIENCE,31660,2,PAUL SMITHS,NY,12970-0265,36,2,2,1,2,2,2,40
194499,PLAZA COLLEGE,35620,1,JACKSON HEIGHTS,NY,11372,36,2,6,2,3,2,2,40
194541,POLYTECHNIC UNIVERSITY,35620,1,BROOKLYN,NY,11201,36,2,2,1,2,2,2,16
194569,DAVIS COLLEGE,13780,1,Johnson City,NY,13790-2712,36,2,2,1,2,2,2,51
194578,PRATT INSTITUTE-MAIN,35620,1,BROOKLYN,NY,11205,36,2,2,1,2,2,2,56
194657,RABBINICAL ACADEMY MESIVTA RABBI CHAIM BERLIN,35620,1,BROOKLYN,NY,11230,36,2,2,1,2,2,2,51
194666,RABBINICAL COLLEGE BOBOVER YESHIVA BNEI ZION,35620,1,BROOKLYN,NY,11219,36,2,2,1,2,2,2,51
194675,RABBINICAL COLLEGE OF CH'SAN SOFER NEW YORK,35620,1,BROOKLYN,NY,11204,36,2,2,1,2,2,2,51
194693,RABBINICAL COLLEGE BETH SHRAGA,35620,1,MONSEY,NY,10952,36,2,2,1,2,2,2,51
194709,RABBINICAL SEMINARY OF ADAS YEREIM,35620,1,BROOKLYN,NY,11211,36,2,2,1,2,2,2,51
194718,RABBINICAL SEMINARY M'KOR CHAIM,35620,1,BROOKLYN,NY,11219,36,2,2,1,2,2,2,51
194736,RABBINICAL COLLEGE OF LONG ISLAND,35620,1,LONG BEACH,NY,11561,36,2,2,1,2,2,2,51
194763,RABBINICAL SEMINARY OF AMERICA,35620,1,FLUSHING,NY,11367,36,2,2,1,2,2,2,51
194824,RENSSELAER POLYTECHNIC INSTITUTE,10580,1,TROY,NY,12180-3590,36,2,2,1,2,2,2,15
194958,ROBERTS WESLEYAN COLLEGE,40380,1,ROCHESTER,NY,14624,36,2,2,1,2,2,2,21
194967,ROCHESTER BUSINESS INSTITUTE,40380,1,ROCHESTER,NY,14621-3007,36,2,6,2,3,2,2,40
195003,ROCHESTER INSTITUTE OF TECHNOLOGY,40380,1,ROCHESTER,NY,14623-5603,36,2,2,1,2,2,2,21
195030,UNIVERSITY OF ROCHESTER,40380,1,ROCHESTER,NY,14627-0011,36,2,2,1,2,2,2,15
195058,ROCKLAND COMMUNITY COLLEGE,35620,1,SUFFERN,NY,10901,36,2,4,2,1,2,2,40
195128,THE SAGE COLLEGES-TROY CAMPUS,10580,1,TROY,NY,12180,36,2,2,1,2,2,2,32
195137,THE SAGE COLLEGES-ALBANY CAMPUS,10580,1,ALBANY,NY,12208,36,2,2,1,2,2,2,21
195164,SAINT BONAVENTURE UNIVERSITY,36460,2,ST BONAVENTURE,NY,14778,36,2,2,1,2,2,2,21
195173,ST FRANCIS COLLEGE,35620,1,Brooklyn Heights,NY,11201-9902,36,2,2,1,2,2,2,32
195191,ST JOSEPHS COLL OF NURSING AT ST JOSEPHS HOSP HEALTH CTR,45060,1,SYRACUSE,NY,13203,36,2,5,2,2,2,2,40
195216,ST LAWRENCE UNIVERSITY,36300,2,CANTON,NY,13617,36,2,2,1,2,2,2,31
195234,THE COLLEGE OF SAINT ROSE,10580,1,ALBANY,NY,12203-1490,36,2,2,1,2,2,2,21
195243,SAINT THOMAS AQUINAS COLLEGE,35620,1,SPARKILL,NY,10976-1050,36,2,2,1,2,2,2,22
195289,SAMARITAN HOSPITAL SCHOOL OF NURSING,10580,1,TROY,NY,12065,36,2,5,2,2,2,2,40
195304,SARAH LAWRENCE COLLEGE,35620,1,BRONXVILLE,NY,10708,36,2,2,1,2,2,2,31
195322,SCHENECTADY COUNTY COMMUNITY COLLEGE,10580,1,SCHENECTADY,NY,12305,36,2,4,2,1,2,2,40
195438,SH'OR YOSHUV RABBINICAL COLLEGE,35620,1,LAWRENCE,NY,11559-1714,36,2,2,1,2,2,2,51
195474,SIENA COLLEGE,10580,1,LOUDONVILLE,NY,12211-1462,36,2,2,1,2,2,2,31
195492,SIMMONS INSTITUTE OF FUNERAL SERVICE INC,45060,1,SYRACUSE,NY,13207,36,2,6,2,3,2,2,40
195526,SKIDMORE COLLEGE,10580,1,SARATOGA SPRINGS,NY,12866,36,2,2,1,2,2,2,31
195544,SAINT JOSEPHS COLLEGE-MAIN CAMPUS,35620,1,BROOKLYN,NY,11205-3688,36,2,2,1,2,2,2,32
195562,SAINT JOSEPHS COLLEGE-SUFFOLK CAMPUS,35620,1,PATCHOGUE,NY,11772-2399,36,2,2,1,2,2,2,32
195687,SAINT ELIZABETH COLLEGE OF NURSING,46540,1,UTICA,NY,13501,36,2,5,2,2,2,2,40
195720,SAINT JOHN FISHER COLLEGE,40380,1,Rochester,NY,14618-3597,36,2,2,1,2,2,2,22
195784,ST VINCENT CATHOLIC MEDICAL CENTER-STATEN ISLAND,35620,1,STATEN ISLAND,NY,10304,36,2,5,2,2,2,2,40
195809,ST JOHN'S UNIVERSITY-NEW YORK,35620,1,QUEENS,NY,11439,36,2,2,1,2,2,2,16
195845,NEW YORK CAREER INSTITUTE,35620,1,NEW YORK,NY,10038-2301,36,2,6,2,3,2,2,40
195988,SULLIVAN COUNTY COMMUNITY COLLEGE,-2,-2,Loch Sheldrake,NY,12759-5151,36,2,4,2,1,2,2,40
196006,SUNY COLLEGE OF TECHNOLOGY AT ALFRED,-2,-2,ALFRED,NY,14802,36,2,1,1,1,2,2,40
196015,SUNY COLLEGE OF TECHNOLOGY AT CANTON,36300,2,CANTON,NY,13617-1098,36,2,1,1,1,2,2,40
196024,SUNY COLLEGE OF TECHNOLOGY AT DELHI,-2,-2,DELHI,NY,13753-1100,36,2,1,1,1,2,2,40
196033,SUNY COLLEGE OF AGRIC AND TECHN AT COBLESKILL,10580,1,COBLESKILL,NY,12043,36,2,1,1,1,2,2,33
196042,FARMINGDALE STATE UNIVERSITY OF NEW YORK,35620,1,FARMINGDALE,NY,11735-1021,36,2,1,1,1,2,2,33
196051,MORRISVILLE STATE COLLEGE,45060,1,Morrisville,NY,13408,36,2,1,1,1,2,2,40
196060,SUNY AT ALBANY,10580,1,Albany,NY,12222,36,2,1,1,1,2,2,15
196079,SUNY AT BINGHAMTON,13780,1,BINGHAMTON,NY,13902-6000,36,2,1,1,1,2,2,15
196088,SUNY AT BUFFALO,15380,1,BUFFALO,NY,14214,36,2,1,1,1,2,2,15
196097,SUNY AT STONY BROOK,35620,1,STONY BROOK,NY,11794,36,2,1,1,1,2,2,15
196103,SUNY COLLEGE OF ENVIRONMENTAL SCIENCE AND FORESTRY,45060,1,SYRACUSE,NY,13210,36,2,1,1,1,2,2,16
196112,SUNY INSTITUTE OF TECHNOLOGY AT UTICA-ROME,46540,1,UTICA,NY,13504-3050,36,2,1,1,1,2,2,21
196121,SUNY COLLEGE AT BROCKPORT,40380,1,BROCKPORT,NY,14420-2919,36,2,1,1,1,2,2,21
196130,SUNY COLLEGE AT BUFFALO,15380,1,BUFFALO,NY,14222,36,2,1,1,1,2,2,21
196149,SUNY COLLEGE AT CORTLAND,18660,2,CORTLAND,NY,13045-0900,36,2,1,1,1,2,2,21
196158,SUNY COLLEGE AT FREDONIA,27460,2,FREDONIA,NY,14063-1136,36,2,1,1,1,2,2,21
196167,SUNY COLLEGE AT GENESEO,40380,1,GENESEO,NY,14454-1465,36,2,1,1,1,2,2,21
196176,SUNY COLLEGE AT NEW PALTZ,28740,1,NEW PALTZ,NY,12561-2443,36,2,1,1,1,2,2,21
196185,SUNY COLLEGE AT ONEONTA,36580,2,ONEONTA,NY,13820-4015,36,2,1,1,1,2,2,21
196194,SUNY COLLEGE AT OSWEGO,45060,1,OSWEGO,NY,13126,36,2,1,1,1,2,2,21
196200,SUNY-POTSDAM,36300,2,POTSDAM,NY,13676-2294,36,2,1,1,1,2,2,21
196219,SUNY COLLEGE AT PURCHASE,35620,1,PURCHASE,NY,10577,36,2,1,1,1,2,2,22
196237,SUNY COLLEGE AT OLD WESTBURY,35620,1,OLD WESTBURY,NY,11568-0210,36,2,1,1,1,2,2,32
196246,SUNY COLLEGE AT PLATTSBURGH,38460,2,PLATTSBURGH,NY,12901,36,2,1,1,1,2,2,21
196255,SUNY HEALTH SCIENCE CENTER AT BROOKLYN,35620,1,BROOKLYN,NY,11203-2098,36,2,1,1,1,2,2,52
196264,SUNY EMPIRE STATE COLLEGE,10580,1,SARATOGA SPRINGS,NY,12866-4391,36,2,1,1,1,2,2,21
196291,SUNY MARITIME COLLEGE,35620,1,BRONX,NY,10465-4198,36,2,1,1,1,2,2,59
196307,SUNY HEALTH SCIENCE CENTER AT SYRACUSE,45060,1,SYRACUSE,NY,13210,36,2,1,1,1,2,2,52
196413,SYRACUSE UNIVERSITY,45060,1,SYRACUSE,NY,13244-1100,36,2,2,1,2,2,2,15
196431,TALMUDICAL SEMINARY OHOLEI TORAH,35620,1,BROOKLYN,NY,11213,36,2,2,1,2,2,2,51
196440,TALMUDICAL INSTITUTE OF UPSTATE NEW YORK,40380,1,ROCHESTER,NY,14607,36,2,2,1,2,2,2,51
196459,TAYLOR BUSINESS INSTITUTE,35620,1,NEW YORK,NY,10011-5501,36,2,6,2,3,2,2,40
196477,TECHNICAL CAREER INSTITUTES,35620,1,NEW YORK,NY,10001,36,2,6,2,3,2,2,40
196565,TOMPKINS-CORTLAND COMMUNITY COLLEGE,27060,1,DRYDEN,NY,13053-0139,36,2,4,2,1,2,2,40
196583,TORAH TEMIMAH TALMUDICAL SEMINARY,35620,1,BROOKLYN,NY,11218,36,2,2,1,2,2,2,51
196592,TOURO COLLEGE,35620,1,NEW YORK,NY,10010,36,2,2,1,2,2,2,21
196653,TROCAIRE COLLEGE,15380,1,BUFFALO,NY,14220-2094,36,2,5,2,2,2,2,40
196680,EXCELSIOR COLLEGE,10580,1,ALBANY,NY,12203-5159,36,2,2,1,2,2,2,31
196699,ULSTER COUNTY COMMUNITY COLLEGE,28740,1,STONE RIDGE,NY,12484,36,2,4,2,1,2,2,40
196866,UNION COLLEGE,10580,1,SCHENECTADY,NY,12308-2311,36,2,2,1,2,2,2,31
197018,UNITED TALMUDICAL SEMINARY,35620,1,BROOKLYN,NY,11211,36,2,2,1,2,2,2,51
197027,UNITED STATES MERCHANT MARINE ACADEMY,35620,1,KINGS POINT,NY,11024-1699,36,0,1,1,1,2,2,59
197036,UNITED STATES MILITARY ACADEMY,39100,1,West  Point,NY,10996-2101,36,0,1,1,1,2,2,59
197045,UTICA COLLEGE,46540,1,UTICA,NY,13502-4892,36,2,2,1,2,2,2,32
197081,UTICA SCHOOL OF COMMERCE,46540,1,UTICA,NY,13501,36,2,6,2,3,2,2,40
197133,VASSAR COLLEGE,39100,1,POUGHKEEPSIE,NY,12604,36,2,2,1,2,2,2,31
197142,VILLA MARIA COLLEGE BUFFALO,15380,1,BUFFALO,NY,14225-3999,36,2,5,2,2,2,2,40
197151,SCHOOL OF VISUAL ARTS,35620,1,NEW YORK,NY,10010,36,2,3,1,3,2,2,56
197197,WAGNER COLLEGE,35620,1,STATEN ISLAND,NY,10301-4495,36,2,2,1,2,2,2,21
197221,WEBB INSTITUTE,35620,1,GLEN COVE,NY,11542-1398,36,2,2,1,2,2,2,54
197230,WELLS COLLEGE,12180,2,AURORA,NY,13026-0500,36,2,2,1,2,2,2,31
197285,THE COLLEGE OF WESTCHESTER,35620,1,WHITE PLAINS,NY,10606,36,2,6,2,3,2,2,40
197294,SUNY WESTCHESTER COMMMUNITY COLLEGE,35620,1,VALHALLA,NY,10595,36,2,4,2,1,2,2,40
197522,WOOD TOBE-COBURN SCHOOL,35620,1,NEW  YORK,NY,10016-0190,36,2,6,2,3,2,2,40
197601,YESHIVA KARLIN STOLIN,35620,1,BROOKLYN,NY,11204-1545,36,2,2,1,2,2,2,51
197610,YESHIVAT MIKDASH MELECH,35620,1,BROOKLYN,NY,11230-9963,36,2,2,1,2,2,2,51
197647,YESHIVA DERECH CHAIM,35620,1,BROOKLYN,NY,11218-4413,36,2,2,1,2,2,2,51
197674,YESHIVA OF NITRA RABBINICAL COLLEGE,35620,1,MT. KISCO,NY,10549,36,2,2,1,2,2,2,51
197692,YESHIVA SHAAR HATORAH,35620,1,KEW GARDENS,NY,11418,36,2,2,1,2,2,2,51
197708,YESHIVA UNIVERSITY,35620,1,NEW YORK,NY,10033-3299,36,2,2,1,2,2,2,15
197735,YESHIVATH VIZNITZ,35620,1,MONSEY,NY,10952,36,2,2,1,2,2,2,51
197744,YESHIVATH ZICHRON MOSHE,-2,-2,SOUTH FALLSBURGH,NY,12779,36,2,2,1,2,2,2,51
197814,COLLEGE OF THE ALBEMARLE,21020,2,ELIZABETH CITY,NC,27906-2327,37,5,4,2,1,2,2,40
197850,SOUTH PIEDMONT COMMUNITY COLLEGE,16740,1,POLKTON,NC,28135,37,5,4,2,1,2,2,40
197869,APPALACHIAN STATE UNIVERSITY,14380,2,BOONE,NC,28608,37,5,1,1,1,2,2,21
197887,ASHEVILLE BUNCOMBE TECHNICAL COMMUNITY COLLEGE,11700,1,ASHEVILLE,NC,28801-4897,37,5,4,2,1,2,2,40
197911,BARTON COLLEGE,48980,2,WILSON,NC,27893-7000,37,5,2,1,2,2,2,32
197948,BARBER-SCOTIA COLLEGE,16740,1,CONCORD,NC,28025-5143,37,5,2,1,2,1,2,31
197966,BEAUFORT COUNTY COMMUNITY COLLEGE,47820,2,WASHINGTON,NC,27889,37,5,4,2,1,2,2,40
197984,BELMONT ABBEY COLLEGE,16740,1,BELMONT,NC,28012-1802,37,5,2,1,2,2,2,32
197993,BENNETT COLLEGE,24660,1,GREENSBORO,NC,27401-3239,37,5,2,1,2,1,2,31
198011,BLADEN COMMUNITY COLLEGE,-2,-2,DUBLIN,NC,28332,37,5,4,2,1,2,2,40
198039,BLUE RIDGE COMMUNITY COLLEGE,11700,1,FLAT ROCK,NC,28731-4728,37,5,4,2,1,2,2,40
198066,BREVARD COLLEGE,14820,2,Brevard,NC,28712-3306,37,5,2,1,2,2,2,33
198084,BRUNSWICK COMMUNITY COLLEGE,48900,1,SUPPLY,NC,28462,37,5,4,2,1,2,2,40
198109,CABARRUS COLLEGE OF HEALTH SCIENCES,16740,1,CONCORD,NC,28025,37,5,2,1,2,2,2,40
198118,CALDWELL COMMUNITY COLLEGE AND TECHNICAL INSTITUTE,25860,1,HUDSON,NC,28638,37,5,4,2,1,2,2,40
198136,CAMPBELL UNIVERSITY INC,20380,2,BUIES CREEK,NC,27506,37,5,2,1,2,2,2,21
198154,CAPE FEAR COMMUNITY COLLEGE,48900,1,WILMINGTON,NC,28401,37,5,4,2,1,2,2,40
198206,CARTERET COMMUNITY COLLEGE,33980,2,MOREHEAD CITY,NC,28557-2989,37,5,4,2,1,2,2,40
198215,CATAWBA COLLEGE,41580,2,SALISBURY,NC,28144,37,5,2,1,2,2,2,32
198233,CATAWBA VALLEY COMMUNITY COLLEGE,25860,1,HICKORY,NC,28602-0699,37,5,4,2,1,2,2,40
198242,SOUTH COLLEGE-ASHEVILLE,11700,1,ASHEVILLE,NC,28806,37,5,6,2,3,2,2,40
198251,CENTRAL CAROLINA COMMUNITY COLLEGE,41820,2,SANFORD,NC,27330,37,5,4,2,1,2,2,40
198260,CENTRAL PIEDMONT COMMUNITY COLLEGE,16740,1,Charlotte,NC,28204-2820,37,5,4,2,1,2,2,40
198303,CHOWAN COLLEGE,-2,-2,MURFREESBORO,NC,27855,37,5,2,1,2,2,2,32
198321,CLEVELAND COMMUNITY COLLEGE,43140,2,SHELBY,NC,28152,37,5,4,2,1,2,2,40
198330,COASTAL CAROLINA COMMUNITY COLLEGE,27340,1,JACKSONVILLE,NC,28546-6816,37,5,4,2,1,2,2,40
198367,CRAVEN COMMUNITY COLLEGE,35100,2,NEW BERN,NC,28562,37,5,4,2,1,2,2,40
198376,DAVIDSON COUNTY COMMUNITY COLLEGE,45640,2,LEXINGTON,NC,27295,37,5,4,2,1,2,2,40
198385,DAVIDSON COLLEGE,16740,1,DAVIDSON,NC,28035,37,5,2,1,2,2,2,31
198419,DUKE UNIVERSITY,20500,1,DURHAM,NC,27708,37,5,2,1,2,2,2,15
198455,DURHAM TECHNICAL COMMUNITY COLLEGE,20500,1,DURHAM,NC,27703-5023,37,5,4,2,1,2,2,40
198464,EAST CAROLINA UNIVERSITY,24780,1,GREENVILLE,NC,27858-4353,37,5,1,1,1,2,2,16
198491,EDGECOMBE COMMUNITY COLLEGE,40580,1,TARBORO,NC,27886,37,5,4,2,1,2,2,40
198507,ELIZABETH CITY STATE UNIVERSITY,21020,2,ELIZABETH CITY,NC,27909,37,5,1,1,1,1,2,32
198516,ELON UNIVERSITY,15500,1,ELON,NC,27244-2010,37,5,2,1,2,2,2,21
198534,FAYETTEVILLE TECHNICAL COMMUNITY COLLEGE,22180,1,FAYETTEVILLE,NC,28303-0236,37,5,4,2,1,2,2,40
198543,FAYETTEVILLE STATE UNIVERSITY,22180,1,FAYETTEVILLE,NC,28301-4298,37,5,1,1,1,1,2,21
198552,FORSYTH TECHNICAL COMMUNITY COLLEGE,49180,1,WINSTON SALEM,NC,27103-5197,37,5,4,2,1,2,2,40
198561,GARDNER-WEBB UNIVERSITY,43140,2,BOILING SPRINGS,NC,28017,37,5,2,1,2,2,2,21
198570,GASTON COLLEGE,16740,1,DALLAS,NC,28034,37,5,4,2,1,2,2,40
198598,GREENSBORO COLLEGE,24660,1,GREENSBORO,NC,27401-1875,37,5,2,1,2,2,2,31
198613,GUILFORD COLLEGE,24660,1,GREENSBORO,NC,27410,37,5,2,1,2,2,2,31
198622,GUILFORD TECHNICAL COMMUNITY COLLEGE,24660,1,JAMESTOWN,NC,27282,37,5,4,2,1,2,2,40
198640,HALIFAX COMMUNITY COLLEGE,40260,2,WELDON,NC,27890,37,5,4,2,1,2,2,40
198668,HAYWOOD COMMUNITY COLLEGE,11700,1,CLYDE,NC,28721-9901,37,5,4,2,1,2,2,40
198677,HERITAGE BIBLE COLLEGE,20380,2,DUNN,NC,28334,37,5,2,1,2,2,2,51
198695,HIGH POINT UNIVERSITY,24660,1,HIGH POINT,NC,27262-3598,37,5,2,1,2,2,2,32
198710,ISOTHERMAL COMMUNITY COLLEGE,22580,2,SPINDALE,NC,28160-0804,37,5,4,2,1,2,2,40
198729,JAMES SPRUNT COMMUNITY COLLEGE,-2,-2,KENANSVILLE,NC,28349,37,5,4,2,1,2,2,40
198747,JOHN WESLEY COLLEGE,24660,1,HIGH POINT,NC,27265-3197,37,5,2,1,2,2,2,51
198756,JOHNSON C SMITH UNIVERSITY,16740,1,CHARLOTTE,NC,28216,37,5,2,1,2,1,2,32
198774,JOHNSTON COMMUNITY COLLEGE,39580,1,SMITHFIELD,NC,27577-2350,37,5,4,2,1,2,2,40
198808,LEES-MCRAE COLLEGE,14380,2,Banner Elk,NC,28604-0128,37,5,2,1,2,2,2,31
198817,LENOIR COMMUNITY COLLEGE,28820,2,KINSTON,NC,28502-0188,37,5,4,2,1,2,2,40
198835,LENOIR-RHYNE COLLEGE,25860,1,HICKORY,NC,28603,37,5,2,1,2,2,2,32
198862,LIVINGSTONE COLLEGE,41580,2,SALISBURY,NC,28144,37,5,2,1,2,1,2,32
198871,LOUISBURG COLLEGE,39580,1,Louisburg,NC,27549-2399,37,5,5,2,2,2,2,40
198899,MARS HILL COLLEGE,11700,1,MARS HILL,NC,28754,37,5,2,1,2,2,2,32
198905,MARTIN COMMUNITY COLLEGE,-2,-2,WILLIAMSTON,NC,27892-9988,37,5,4,2,1,2,2,40
198914,MAYLAND COMMUNITY COLLEGE,-2,-2,SPRUCE PINE,NC,28777,37,5,4,2,1,2,2,40
198923,MCDOWELL TECHNICAL COMMUNITY COLLEGE,-2,-2,MARION,NC,28752-8728,37,5,4,2,1,2,2,40
198950,MEREDITH COLLEGE,39580,1,RALEIGH,NC,27607-5298,37,5,2,1,2,2,2,21
198969,METHODIST COLLEGE,22180,1,FAYETTEVILLE,NC,28311-1420,37,5,2,1,2,2,2,32
198978,MILLER-MOTTE TECHNICAL COLLEGE,48900,1,WILMINGTON,NC,28405,37,5,6,2,3,2,2,40
198987,MITCHELL COMMUNITY COLLEGE,44380,2,STATESVILLE,NC,28677-5293,37,5,4,2,1,2,2,40
199023,MONTGOMERY COMMUNITY COLLEGE,-2,-2,TROY,NC,27371,37,5,4,2,1,2,2,40
199032,MONTREAT COLLEGE,11700,1,MONTREAT,NC,28757-1267,37,5,2,1,2,2,2,55
199069,MOUNT OLIVE COLLEGE,24140,1,MT OLIVE,NC,28365-0919,37,5,2,1,2,2,2,32
199087,NASH COMMUNITY COLLEGE,40580,1,ROCKY MOUNT,NC,27804,37,5,4,2,1,2,2,40
199102,NORTH CAROLINA  A &T STATE UNIVERSITY,24660,1,Greensboro,NC,27411,37,5,1,1,1,1,2,21
199111,UNIVERSITY OF NORTH CAROLINA AT ASHEVILLE,11700,1,ASHEVILLE,NC,28804-8510,37,5,1,1,1,2,2,31
199120,UNIVERSITY OF NORTH CAROLINA AT CHAPEL HILL,20500,1,CHAPEL HILL,NC,27599,37,5,1,1,1,2,2,15
199139,UNIVERSITY OF NORTH CAROLINA AT CHARLOTTE,16740,1,CHARLOTTE,NC,28223-0001,37,5,1,1,1,2,2,21
199148,UNIVERSITY OF NORTH CAROLINA AT GREENSBORO,24660,1,GREENSBORO,NC,27402-6170,37,5,1,1,1,2,2,16
199157,NORTH CAROLINA CENTRAL UNIVERSITY,20500,1,Durham,NC,27707,37,5,1,1,1,1,2,21
199184,NORTH CAROLINA SCHOOL OF THE ARTS,49180,1,Winston-Salem,NC,27117-2189,37,5,1,1,1,2,2,56
199193,NORTH CAROLINA STATE UNIVERSITY AT RALEIGH,39580,1,RALEIGH,NC,27695-7001,37,5,1,1,1,2,2,15
199209,NORTH CAROLINA WESLEYAN COLLEGE,40580,1,ROCKY MOUNT,NC,27804,37,5,2,1,2,2,2,32
199218,UNIVERSITY OF NORTH CAROLINA-WILMINGTON,48900,1,WILMINGTON,NC,28403-5963,37,5,1,1,1,2,2,21
199263,PAMLICO COMMUNITY COLLEGE,35100,2,GRANTSBORO,NC,28529,37,5,4,2,1,2,2,40
199272,PEACE COLLEGE,39580,1,RALEIGH,NC,27604-1194,37,5,2,1,2,2,2,33
199281,UNIVERSITY OF NORTH CAROLINA AT PEMBROKE,31300,2,PEMBROKE,NC,28372-1510,37,5,1,1,1,2,2,21
199306,PFEIFFER UNIVERSITY,10620,2,MISENHEIMER,NC,28109-0960,37,5,2,1,2,2,2,22
199315,PIEDMONT BAPTIST COLLEGE,49180,1,WINSTON SALEM,NC,27101,37,5,2,1,2,2,2,51
199324,PIEDMONT COMMUNITY COLLEGE,20500,1,ROXBORO,NC,27573,37,5,4,2,1,2,2,40
199333,PITT COMMUNITY COLLEGE,24780,1,WINTERVILLE,NC,28590,37,5,4,2,1,2,2,40
199412,QUEENS UNIVERSITY OF CHARLOTTE,16740,1,CHARLOTTE,NC,28274-0001,37,5,2,1,2,2,2,22
199421,RANDOLPH COMMUNITY COLLEGE,24660,1,ASHEBORO,NC,27205,37,5,4,2,1,2,2,40
199449,RICHMOND COMMUNITY COLLEGE,40460,2,HAMLET,NC,28345-1189,37,5,4,2,1,2,2,40
199458,ROANOKE BIBLE COLLEGE,21020,2,ELIZABETH CITY,NC,27909-4054,37,5,2,1,2,2,2,51
199467,ROANOKE-CHOWAN COMMUNITY COLLEGE,-2,-2,AHOSKIE,NC,27910-9522,37,5,4,2,1,2,2,40
199476,ROBESON COMMUNITY COLLEGE,31300,2,Lumberton,NC,28360,37,5,4,2,1,2,2,40
199485,ROCKINGHAM COMMUNITY COLLEGE,24660,1,WENTWORTH,NC,27375-0038,37,5,4,2,1,2,2,40
199494,ROWAN-CABARRUS COMMUNITY COLLEGE,41580,2,SALISBURY,NC,28146-1595,37,5,4,2,1,2,2,40
199582,SAINT AUGUSTINES COLLEGE,39580,1,Raleigh,NC,27610-2298,37,5,2,1,2,1,2,31
199607,SALEM COLLEGE,49180,1,WINSTON SALEM,NC,27101,37,5,2,1,2,2,2,31
199625,SAMPSON COMMUNITY COLLEGE,-2,-2,CLINTON,NC,28329-0318,37,5,4,2,1,2,2,40
199634,SANDHILLS COMMUNITY COLLEGE,43860,2,PINEHURST,NC,28374,37,5,4,2,1,2,2,40
199643,SHAW UNIVERSITY,39580,1,RALEIGH,NC,27601,37,5,2,1,2,1,2,32
199698,ST ANDREWS PRESBYTERIAN COLLEGE,29900,2,LAURINBURG,NC,28352,37,5,2,1,2,2,2,31
199722,SOUTHEASTERN COMMUNITY COLLEGE,-2,-2,WHITEVILLE,NC,28472-5422,37,5,4,2,1,2,2,40
199731,SOUTHWESTERN COMMUNITY COLLEGE,-2,-2,SYLVA,NC,28779,37,5,4,2,1,2,2,40
199740,STANLY COMMUNITY COLLEGE,10620,2,ALBEMARLE,NC,28001,37,5,4,2,1,2,2,40
199759,SOUTHEASTERN BAPTIST THEOLOGICAL SEMINARY,39580,1,WAKE FOREST,NC,27588-1889,37,5,2,1,2,2,2,51
199768,SURRY COMMUNITY COLLEGE,34340,2,DOBSON,NC,27017-8432,37,5,4,2,1,2,2,40
199786,ALAMANCE COMMUNITY COLLEGE,15500,1,GRAHAM,NC,27253-8000,37,5,4,2,1,2,2,40
199795,TRI-COUNTY COMMUNITY COLLEGE,-2,-2,MURPHY,NC,28906,37,5,4,2,1,2,2,40
199838,VANCE-GRANVILLE COMMUNITY COLLEGE,-2,-2,HENDERSON,NC,27536,37,5,4,2,1,2,2,40
199847,WAKE FOREST UNIVERSITY,49180,1,WINSTON SALEM,NC,27109,37,5,2,1,2,2,2,16
199856,WAKE TECHNICAL COMMUNITY COLLEGE,39580,1,RALEIGH,NC,27603-5696,37,5,4,2,1,2,2,40
199865,WARREN WILSON COLLEGE,11700,1,SWANNANOA,NC,28778-2099,37,5,2,1,2,2,2,22
199892,WAYNE COMMUNITY COLLEGE,24140,1,GOLDSBORO,NC,27533-8002,37,5,4,2,1,2,2,40
199908,WESTERN PIEDMONT COMMUNITY COLLEGE,25860,1,MORGANTON,NC,28655-4511,37,5,4,2,1,2,2,40
199926,WILKES COMMUNITY COLLEGE,35900,2,WILKESBORO,NC,28697,37,5,4,2,1,2,2,40
199953,WILSON TECHNICAL COMMUNITY COLLEGE,48980,2,WILSON,NC,27893-3310,37,5,4,2,1,2,2,40
199962,WINGATE UNIVERSITY,16740,1,WINGATE,NC,28174-0157,37,5,2,1,2,2,2,32
199999,WINSTON-SALEM STATE UNIVERSITY,49180,1,WINSTON-SALEM,NC,27110-0001,37,5,1,1,1,1,2,32
200004,WESTERN CAROLINA UNIVERSITY,-2,-2,CULLOWHEE,NC,28723-9646,37,5,1,1,1,2,2,21
200013,AAKERS BUSINESS COLLEGE,22020,1,FARGO,ND,58103,38,4,6,2,3,2,2,40
200022,BISMARCK STATE COLLEGE,13900,1,BISMARCK,ND,58506-5587,38,4,4,2,1,2,2,40
200059,DICKINSON STATE UNIVERSITY,19860,2,DICKINSON,ND,58601-4896,38,4,1,1,1,2,2,32
200086,FORT BERTHOLD COMMUNITY COLLEGE,-2,-2,New Town,ND,58763,38,4,4,2,1,2,1,60
200156,JAMESTOWN COLLEGE,27420,2,JAMESTOWN,ND,58405,38,4,2,1,2,2,2,32
200192,LAKE REGION STATE COLLEGE,-2,-2,DEVILS LAKE,ND,58301-1598,38,4,4,2,1,2,2,40
200208,CANKDESKA CIKANA COMMUNITY COLLEGE,-2,-2,FORT TOTTEN,ND,58335,38,4,4,2,1,2,1,60
200217,UNIVERSITY OF MARY,13900,1,BISMARCK,ND,58504,38,4,2,1,2,2,2,21
200226,MAYVILLE STATE UNIVERSITY,-2,-2,MAYVILLE,ND,58257-1229,38,4,1,1,1,2,2,32
200244,MEDCENTER ONE COLLEGE OF NURSING,13900,1,BISMARCK,ND,58501-4425,38,4,2,1,2,2,2,53
200253,MINOT STATE UNIVERSITY,33500,2,MINOT,ND,58707,38,4,1,1,1,2,2,21
200280,UNIVERSITY OF NORTH DAKOTA-MAIN CAMPUS,24220,1,GRAND FORKS,ND,58202-8193,38,4,1,1,1,2,2,16
200305,NORTH DAKOTA STATE COLLEGE OF SCIENCE,47420,2,WAHPETON,ND,58076,38,4,4,2,1,2,2,40
200314,MINOT STATE UNIVERSITY-BOTTINEAU CAMPUS,-2,-2,BOTTINEAU,ND,58318-1198,38,4,4,2,1,2,2,40
200332,NORTH DAKOTA STATE UNIVERSITY-MAIN CAMPUS,22020,1,FARGO,ND,58105-5167,38,4,1,1,1,2,2,16
200341,WILLISTON STATE COLLEGE,48780,2,WILLISTON,ND,58801-1326,38,4,4,2,1,2,2,40
200466,SITTING BULL COLLEGE,-2,-2,Fort Yates,ND,58538-9721,38,4,1,1,1,2,1,60
200484,TRINITY BIBLE COLLEGE,-2,-2,ELLENDALE,ND,58436-7150,38,4,2,1,2,2,2,51
200527,TURTLE MOUNTAIN COMMUNITY COLLEGE,-2,-2,BELCOURT,ND,58316,38,4,2,1,2,2,1,60
200554,UNITED TRIBES TECHNICAL COLLEGE,13900,1,BISMARCK,ND,58504,38,4,5,2,2,2,1,60
200572,VALLEY CITY STATE UNIVERSITY,-2,-2,VALLEY CITY,ND,58072,38,4,1,1,1,2,2,32
200590,ETI TECHNICAL COLLEGE,49660,1,NILES,OH,44446-4398,39,3,6,2,3,2,2,40
200624,ART INSTITUTE OF CINCINNATI,17140,1,CINCINNATI,OH,45246-3322,39,3,6,2,3,2,2,40
200633,ACADEMY OF COURT REPORTING-CLEVELAND,17460,1,CLEVELAND,OH,44115,39,3,6,2,3,2,2,40
200800,UNIVERSITY OF AKRON MAIN CAMPUS,10420,1,AKRON,OH,44325-4702,39,3,1,1,1,2,2,16
200846,UNIVERSITY OF AKRON-WAYNE COLLEGE,49300,2,ORRVILLE,OH,44667,39,3,4,2,1,2,2,40
201007,ANTIOCH COLLEGE,19380,1,YELLOW SPRINGS,OH,45387-1697,39,3,2,1,2,2,2,31
201016,ANTONELLI COLLEGE,17140,1,CINCINNATI,OH,45202,39,3,6,2,3,2,2,40
201061,ART ACADEMY OF CINCINNATI,17140,1,CINCINNATI,OH,45202-1734,39,3,2,1,2,2,2,56
201070,COLLEGE OF ART ADVERTISING,17140,1,CINCINNATI,OH,45211-4428,39,3,6,2,3,2,2,40
201104,ASHLAND UNIVERSITY,11740,2,ASHLAND,OH,44805,39,3,2,1,2,2,2,21
201195,BALDWIN-WALLACE COLLEGE,17460,1,BEREA,OH,44017-2088,39,3,2,1,2,2,2,21
201283,BELMONT TECHNICAL COLLEGE,48540,1,ST CLAIRSVILLE,OH,43950,39,3,4,2,1,2,2,40
201371,BLUFFTON UNIVERSITY,30620,1,Bluffton,OH,45817-2104,39,3,2,1,2,2,2,32
201399,BOHECKER COLLEGE,10420,1,RAVENNA,OH,44266,39,3,6,2,3,2,2,40
201432,BOWLING GREEN STATE UNIVERSITY-FIRELANDS,41780,1,HURON,OH,44839-9791,39,3,4,2,1,2,2,40
201441,BOWLING GREEN STATE UNIVERSITY-MAIN CAMPUS,45780,1,BOWLING GREEN,OH,43403,39,3,1,1,1,2,2,16
201469,BRYANT AND STRATTON COLLEGE-PARMA,17460,1,PARMA,OH,44130-3151,39,3,3,1,3,2,2,40
201548,CAPITAL UNIVERSITY,18140,1,COLUMBUS,OH,43209-2394,39,3,2,1,2,2,2,22
201645,CASE WESTERN RESERVE UNIVERSITY,17460,1,CLEVELAND,OH,44106,39,3,2,1,2,2,2,15
201654,CEDARVILLE UNIVERSITY,19380,1,CEDARVILLE,OH,45314-0601,39,3,2,1,2,2,2,32
201672,CENTRAL OHIO TECHNICAL COLLEGE,18140,1,NEWARK,OH,43055-1767,39,3,4,2,1,2,2,40
201690,CENTRAL STATE UNIVERSITY,19380,1,WILBERFORCE,OH,45384-1004,39,3,1,1,1,1,2,32
201751,CHATFIELD COLLEGE,17140,1,St Martin,OH,45118-9705,39,3,5,2,2,2,2,40
201858,CINCINNATI CHRISTIAN UNIVERSITY,17140,1,CINCINNATI,OH,45204-3200,39,3,2,1,2,2,2,51
201867,CINCINNATI COLLEGE OF MORTUARY SCIENCE,17140,1,CINCINNATI,OH,45224-1462,39,3,2,1,2,2,2,59
201885,UNIVERSITY OF CINCINNATI-MAIN CAMPUS,17140,1,CINCINNATI,OH,45221-0063,39,3,1,1,1,2,2,15
201928,CINCINNATI STATE TECHNICAL AND COMMUNITY COLLEGE,17140,1,CINCINNATI,OH,45223,39,3,4,2,1,2,2,40
201946,UNIVERSITY OF CINCINNATI-CLERMONT COLLEGE,17140,1,BATAVIA,OH,45103,39,3,4,2,1,2,2,40
201955,UNIVERSITY OF CINCINNATI-RAYMOND WALTERS COLLEGE,17140,1,BLUE ASH,OH,45236,39,3,4,2,1,2,2,40
201964,CIRCLEVILLE BIBLE COLLEGE,18140,1,CIRCLEVILLE,OH,43113,39,3,2,1,2,2,2,51
201973,CLARK STATE COMMUNITY COLLEGE,44220,1,SPRINGFIELD,OH,45501-0570,39,3,4,2,1,2,2,40
202019,LAURA AND ALVIN SIEGAL COLLEGE OF JUDAIC STUDIES,17460,1,BEACHWOOD,OH,44122,39,3,2,1,2,2,2,51
202046,CLEVELAND INSTITUTE OF ART,17460,1,CLEVELAND,OH,44106-1710,39,3,2,1,2,2,2,56
202073,CLEVELAND INSTITUTE OF MUSIC,17460,1,CLEVELAND,OH,44106-1776,39,3,2,1,2,2,2,56
202134,CLEVELAND STATE UNIVERSITY,17460,1,CLEVELAND,OH,44115-2214,39,3,1,1,1,2,2,16
202161,BRADFORD SCHOOL,18140,1,COLUMBUS,OH,43219,39,3,6,2,3,2,2,40
202170,COLUMBUS COLLEGE OF ART AND DESIGN,18140,1,COLUMBUS,OH,43215,39,3,2,1,2,2,2,56
202189,TECHNOLOGY EDUCATION COLLEGE,18140,1,COLUMBUS,OH,43232,39,3,6,2,3,2,2,40
202222,COLUMBUS STATE COMMUNITY COLLEGE,18140,1,COLUMBUS,OH,43215,39,3,4,2,1,2,2,40
202356,CUYAHOGA COMMUNITY COLLEGE DISTRICT,17460,1,CLEVELAND,OH,44115-2878,39,3,4,2,1,2,2,40
202435,DAVIS COLLEGE,45780,1,TOLEDO,OH,43623,39,3,6,2,3,2,2,40
202480,UNIVERSITY OF DAYTON,19380,1,DAYTON,OH,45469,39,3,2,1,2,2,2,16
202514,DEFIANCE COLLEGE,19580,2,DEFIANCE,OH,43512,39,3,2,1,2,2,2,32
202523,DENISON UNIVERSITY,18140,1,GRANVILLE,OH,43023,39,3,2,1,2,2,2,31
202541,DEVRY UNIVERSITY-OHIO,18140,1,COLUMBUS,OH,43209-2705,39,3,3,1,3,2,2,32
202611,DAVID N MYERS UNIVERSITY,17460,1,CLEVELAND,OH,44115-1096,39,3,2,1,2,2,2,55
202648,EDISON STATE COMMUNITY COLLEGE,19380,1,PIQUA,OH,45356-9239,39,3,4,2,1,2,2,40
202684,BRYANT AND STRATTON COLLEGE-CLEVELAND,17460,1,CLEVELAND,OH,44114-3203,39,3,3,1,3,2,2,54
202763,THE UNIVERSITY OF FINDLAY,22300,2,FINDLAY,OH,45840-3695,39,3,2,1,2,2,2,21
202806,FRANKLIN UNIVERSITY,18140,1,COLUMBUS,OH,43215-5399,39,3,2,1,2,2,2,55
202903,GODS BIBLE SCHOOL AND COLLEGE,17140,1,CINCINNATI,OH,45202-6838,39,3,2,1,2,2,2,51
203085,HEIDELBERG COLLEGE,45660,2,TIFFIN,OH,44883-2462,39,3,2,1,2,2,2,21
203128,HIRAM COLLEGE,17460,1,HIRAM,OH,44234,39,3,2,1,2,2,2,31
203155,HOCKING COLLEGE,11900,2,NELSONVILLE,OH,45764,39,3,4,2,1,2,2,40
203289,INTERNATIONAL COLLEGE OF BROADCASTING,19380,1,DAYTON,OH,45431,39,3,6,2,3,2,2,40
203313,ITT TECHNICAL INSTITUTE,19380,1,DAYTON,OH,45414-3877,39,3,6,2,3,2,2,40
203331,JEFFERSON COMMUNITY COLLEGE,48260,1,STEUBENVILLE,OH,43952-3598,39,3,4,2,1,2,2,40
203368,JOHN CARROLL UNIVERSITY,17460,1,CLEVELAND,OH,44118-4581,39,3,2,1,2,2,2,21
203447,KENT STATE UNIVERSITY-ASHTABULA CAMPUS,11780,2,ASHTABULA,OH,44004,39,3,4,2,1,2,2,40
203456,KENT STATE UNIVERSITY-EAST LIVERPOOL CAMPUS,20620,2,EAST LIVERPOOL,OH,43920,39,3,4,2,1,2,2,40
203465,KENT STATE UNIVERSITY-STARK CAMPUS,10420,1,CANTON,OH,44720,39,3,4,2,1,2,2,40
203474,KENT STATE UNIVERSITY-TRUMBULL CAMPUS,49660,1,WARREN,OH,44483,39,3,4,2,1,2,2,40
203483,KENT STATE UNIVERSITY-TUSCARAWAS REGIONAL CAMPUS,35420,2,NEW PHILADELPHIA,OH,44663,39,3,4,2,1,2,2,40
203492,KENT STATE UNIVERSITY-SALEM CAMPUS,20620,2,SALEM,OH,44460,39,3,1,1,1,2,2,40
203517,KENT STATE UNIVERSITY-MAIN CAMPUS,10420,1,KENT,OH,44242-0001,39,3,1,1,1,2,2,15
203526,KENT STATE UNIVERSITY-GEAUGA CAMPUS,17460,1,BURTON,OH,44021,39,3,4,2,1,2,2,40
203535,KENYON COLLEGE,34540,2,GAMBIER,OH,43022,39,3,2,1,2,2,2,31
203544,KETTERING COLLEGE OF MEDICAL ARTS,19380,1,KETTERING,OH,45429-1299,39,3,2,1,2,2,2,53
203580,LAKE ERIE COLLEGE,17460,1,PAINESVILLE,OH,44077-3389,39,3,2,1,2,2,2,22
203599,LAKELAND COMMUNITY COLLEGE,17460,1,KIRTLAND,OH,44094-5198,39,3,4,2,1,2,2,40
203678,JAMES A RHODES STATE COLLEGE,30620,1,LIMA,OH,45804-4242,39,3,4,2,1,2,2,40
203720,OHIO BUSINESS COLLEGE-LORAIN,17460,1,LORAIN,OH,44055-3344,39,3,6,2,3,2,2,40
203739,OHIO BUSINESS COLLEGE,41780,1,SANDUSKY,OH,44870-5871,39,3,6,2,3,2,2,40
203748,LORAIN COUNTY COMMUNITY COLLEGE,17460,1,ELYRIA,OH,44035-1691,39,3,4,2,1,2,2,40
203757,LOURDES COLLEGE,45780,1,SYLVANIA,OH,43560-2898,39,3,2,1,2,2,2,32
203775,MALONE COLLEGE,15940,1,CANTON,OH,44709-3897,39,3,2,1,2,2,2,21
203845,MARIETTA COLLEGE,37620,1,MARIETTA,OH,45750,39,3,2,1,2,2,2,32
203881,MARION TECHNICAL COLLEGE,32020,2,MARION,OH,43302-5694,39,3,4,2,1,2,2,40
203960,MERCY COLLEGE OF NORTHWEST OHIO,45780,1,Toledo,OH,43624-1132,39,3,2,1,2,2,2,40
204006,MIAMI UNIVERSITY-HAMILTON,17140,1,HAMILTON,OH,45011,39,3,1,1,1,2,2,40
204015,MIAMI UNIVERSITY-MIDDLETOWN,17140,1,MIDDLETOWN,OH,45042,39,3,1,1,1,2,2,40
204024,MIAMI UNIVERSITY-OXFORD,17140,1,OXFORD,OH,45056,39,3,1,1,1,2,2,16
204060,MIAMI-JACOBS COLLEGE,19380,1,DAYTON,OH,45402,39,3,6,2,3,2,2,40
204176,MOUNT CARMEL COLLEGE OF NURSING,18140,1,COLUMBUS,OH,43222-1504,39,3,2,1,2,2,2,53
204185,MOUNT UNION COLLEGE,15940,1,ALLIANCE,OH,44601-3993,39,3,2,1,2,2,2,32
204194,MOUNT VERNON NAZARENE UNIVERSITY,34540,2,MT VERNON,OH,43050-9500,39,3,2,1,2,2,2,32
204200,COLLEGE OF MOUNT SAINT JOSEPH,17140,1,CINCINNATI,OH,45233-1670,39,3,2,1,2,2,2,22
204255,ZANE STATE COLLEGE,49780,2,ZANESVILLE,OH,43701-9938,39,3,4,2,1,2,2,40
204264,MUSKINGUM COLLEGE,49780,2,NEW CONCORD,OH,43762,39,3,2,1,2,2,2,31
204316,AEC SOUTHERN OHIO COLLEGE-NORTH CANTON,10420,1,NORTH CANTON,OH,44720,39,3,6,2,3,2,2,40
204422,NORTH CENTRAL STATE COLLEGE,31900,1,MANSFIELD,OH,44901-0698,39,3,4,2,1,2,2,40
204440,NORTHWEST STATE COMMUNITY COLLEGE,-2,-2,ARCHBOLD,OH,43502-9542,39,3,4,2,1,2,2,40
204468,NOTRE DAME COLLEGE,17460,1,Cleveland,OH,44121-4293,39,3,2,1,2,2,2,32
204486,UNIVERSITY OF NORTHWESTERN OHIO,30620,1,LIMA,OH,45805,39,3,2,1,2,2,2,40
204501,OBERLIN COLLEGE,17460,1,Oberlin,OH,44074,39,3,2,1,2,2,2,31
204592,OHIO COLLEGE OF MASSOTHERAPY INC,10420,1,AKRON,OH,44321,39,3,5,2,2,2,2,40
204608,OHIO TECHNICAL COLLEGE,17460,1,CLEVELAND,OH,44103,39,3,6,2,3,2,2,40
204617,OHIO DOMINICAN UNIVERSITY,18140,1,COLUMBUS,OH,43219,39,3,2,1,2,2,2,32
204626,OHIO INSTITUTE OF PHOTOGRAPHY AND TECHNOLOGY,19380,1,DAYTON,OH,45439,39,3,6,2,3,2,2,40
204635,OHIO NORTHERN UNIVERSITY,-2,-2,ADA,OH,45810-1599,39,3,2,1,2,2,2,32
204662,OHIO STATE UNIVERSITY AGRICULTURAL TECHNICAL INST,49300,2,WOOSTER,OH,44691-4000,39,3,4,2,1,2,2,40
204671,OHIO STATE UNIVERSITY-LIMA CAMPUS,30620,1,LIMA,OH,45804,39,3,1,1,1,2,2,33
204680,OHIO STATE UNIVERSITY-MANSFIELD CAMPUS,31900,1,MANSFIELD,OH,44906,39,3,1,1,1,2,2,33
204699,OHIO STATE UNIVERSITY-MARION CAMPUS,32020,2,MARION,OH,43302-5695,39,3,1,1,1,2,2,33
204705,OHIO STATE UNIVERSITY-NEWARK CAMPUS,18140,1,NEWARK,OH,43055,39,3,1,1,1,2,2,33
204796,OHIO STATE UNIVERSITY-MAIN CAMPUS,18140,1,COLUMBUS,OH,43210,39,3,1,1,1,2,2,15
204802,OHIO UNIVERSITY-EASTERN CAMPUS,48540,1,ST CLAIRSVILLE,OH,43950,39,3,1,1,1,2,2,40
204820,OHIO UNIVERSITY-CHILLICOTHE BRANCH,17060,2,CHILLICOTHE,OH,45601-0629,39,3,1,1,1,2,2,40
204848,OHIO UNIVERSITY-LANCASTER BRANCH,18140,1,LANCASTER,OH,43130-1037,39,3,1,1,1,2,2,40
204857,OHIO UNIVERSITY-MAIN CAMPUS,11900,2,ATHENS,OH,45701-2979,39,3,1,1,1,2,2,15
204866,OHIO UNIVERSITY-ZANESVILLE BRANCH,49780,2,ZANESVILLE,OH,43701,39,3,1,1,1,2,2,40
204884,OHIO VALLEY COLLEGE OF TECHNOLOGY,20620,2,EAST LIVERPOOL,OH,43920-9453,39,3,6,2,3,2,2,40
204909,OHIO WESLEYAN UNIVERSITY,18140,1,DELAWARE,OH,43015-2370,39,3,2,1,2,2,2,31
204936,OTTERBEIN COLLEGE,18140,1,WESTERVILLE,OH,43081,39,3,2,1,2,2,2,32
204945,OWENS COMMUNITY COLLEGE,45780,1,Perrysburg,OH,43551,39,3,4,2,1,2,2,40
205027,PONTIFICAL COLLEGE JOSEPHINUM,18140,1,COLUMBUS,OH,43235-1498,39,3,2,1,2,2,2,51
205124,RABBINICAL COLLEGE TELSHE,17460,1,WICKLIFFE,OH,44092,39,3,2,1,2,2,2,51
205179,RETS TECH CENTER,19380,1,CENTERVILLE,OH,45459-2712,39,3,6,2,3,2,2,40
205203,UNIVERSITY OF RIO GRANDE,38580,2,RIO GRANDE,OH,45674,39,3,2,1,2,2,2,22
205443,SHAWNEE STATE UNIVERSITY,39020,2,PORTSMOUTH,OH,45662,39,3,1,1,1,2,2,31
205470,SINCLAIR COMMUNITY COLLEGE,19380,1,Dayton,OH,45402-1460,39,3,4,2,1,2,2,40
205513,GALLIPOLIS CAREER COLLEGE,38580,2,GALLIPOLIS,OH,45631-2600,39,3,6,2,3,2,2,40
205559,SOUTHEASTERN BUSINESS COLLEGE,18140,1,LANCASTER,OH,43130-1368,39,3,6,2,3,2,2,40
205568,SOUTHEASTERN BUSINESS COLLEGE,17060,2,Chillicothe,OH,45601-1038,39,3,6,2,3,2,2,40
205610,AEC-SOUTHERN OHIO COLLEGE,17140,1,CINCINNATI,OH,45215-1107,39,3,6,2,3,2,2,40
205647,BROWN MACKIE COLLEGE-AKRON,10420,1,AKRON,OH,44312,39,3,6,2,3,2,2,40
205726,SOUTHWESTERN COLLEGE OF BUSINESS,19380,1,DAYTON,OH,45402,39,3,6,2,3,2,2,40
205841,STARK STATE COLLEGE OF TECHNOLOGY,10420,1,CANTON,OH,44720,39,3,4,2,1,2,2,40
205887,STAUTZENBERGER COLLEGE,45780,1,TOLEDO,OH,43614,39,3,6,2,3,2,2,40
205957,FRANCISCAN UNIVERSITY OF STEUBENVILLE,48260,1,STEUBENVILLE,OH,43952-1763,39,3,2,1,2,2,2,21
205966,SOUTHERN STATE COMMUNITY COLLEGE,-2,-2,HILLSBORO,OH,45133,39,3,4,2,1,2,2,40
206011,TERRA STATE COMMUNITY COLLEGE,23380,2,FREMONT,OH,43420-9670,39,3,4,2,1,2,2,40
206048,TIFFIN UNIVERSITY,45660,2,Tiffin,OH,44883,39,3,2,1,2,2,2,55
206084,UNIVERSITY OF TOLEDO,45780,1,TOLEDO,OH,43606-3390,39,3,1,1,1,2,2,15
206224,TRUMBULL BUSINESS COLLEGE,49660,1,Warren,OH,44484-3200,39,3,6,2,3,2,2,40
206279,UNION INSTITUTE & UNIVERSITY,17140,1,CINCINNATI,OH,45206-1925,39,3,2,1,2,2,2,16
206330,URBANA UNIVERSITY,46500,2,URBANA,OH,43078-2091,39,3,2,1,2,2,2,32
206349,URSULINE COLLEGE,17460,1,PEPPER PIKE,OH,44095-4398,39,3,2,1,2,2,2,21
206394,VIRGINIA MARTI COLLEGE OF ART AND DESIGN,17460,1,LAKEWOOD,OH,44107,39,3,6,2,3,2,2,40
206437,WALSH UNIVERSITY,10420,1,NORTH CANTON,OH,44720-3396,39,3,2,1,2,2,2,21
206446,WASHINGTON STATE COMMUNITY COLLEGE,37620,1,MARIETTA,OH,45750,39,3,4,2,1,2,2,40
206491,WILBERFORCE UNIVERSITY,19380,1,WILBERFORCE,OH,45384-1001,39,3,2,1,2,1,2,32
206507,WILMINGTON COLLEGE,48940,2,WILMINGTON,OH,45177,39,3,2,1,2,2,2,32
206525,WITTENBERG UNIVERSITY,44220,1,SPRINGFIELD,OH,45504,39,3,2,1,2,2,2,31
206589,COLLEGE OF WOOSTER,49300,2,Wooster,OH,44691,39,3,2,1,2,2,2,31
206604,WRIGHT STATE UNIVERSITY-MAIN CAMPUS,19380,1,Dayton,OH,45435-0001,39,3,1,1,1,2,2,16
206613,WRIGHT STATE UNIVERSITY-LAKE CAMPUS,16380,2,Celina,OH,45822-2952,39,3,4,2,1,2,2,40
206622,XAVIER UNIVERSITY,17140,1,CINCINNATI,OH,45207-1092,39,3,2,1,2,2,2,21
206631,ITT TECHNICAL INSTITUTE,49660,1,YOUNGSTOWN,OH,44509-4098,39,3,6,2,3,2,2,40
206695,YOUNGSTOWN STATE UNIVERSITY,49660,1,YOUNGSTOWN,OH,44555-0001,39,3,1,1,1,2,2,21
206817,BACONE COLLEGE,34780,2,MUSKOGEE,OK,74403-1597,40,6,2,1,2,2,2,40
206835,OKLAHOMA WESLEYAN UNIVERSITY,12780,2,BARTLESVILLE,OK,74006-6299,40,6,2,1,2,2,2,32
206862,SOUTHERN NAZARENE UNIVERSITY,36420,1,BETHANY,OK,73008,40,6,2,1,2,2,2,21
206914,CAMERON UNIVERSITY,30020,1,LAWTON,OK,73505,40,6,1,1,1,2,2,21
206923,CARL ALBERT STATE COLLEGE,22900,1,POTEAU,OK,74953-5208,40,6,4,2,1,2,2,40
206941,UNIVERSITY OF CENTRAL OKLAHOMA,36420,1,EDMOND,OK,73034,40,6,1,1,1,2,2,21
206996,CONNORS STATE COLLEGE,34780,2,WARNER,OK,74469,40,6,4,2,1,2,2,40
207041,EAST CENTRAL UNIVERSITY,10220,2,ADA,OK,74820-6899,40,6,1,1,1,2,2,21
207050,EASTERN OKLAHOMA STATE COLLEGE,-2,-2,WILBURTON,OK,74578-4999,40,6,4,2,1,2,2,40
207069,REDLANDS COMMUNITY COLLEGE,36420,1,EL RENO,OK,73036-5304,40,6,4,2,1,2,2,40
207157,HILLSDALE FREE WILL BAPTIST COLLEGE,36420,1,MOORE,OK,73160,40,6,2,1,2,2,2,33
207209,LANGSTON UNIVERSITY,36420,1,LANGSTON,OK,73050,40,6,1,1,1,1,2,32
207236,MURRAY STATE COLLEGE,-2,-2,TISHOMINGO,OK,73460,40,6,4,2,1,2,2,40
207254,SPARTAN COLLEGE OF AERONAUTICS AND TECHNOLOGY,46140,1,TULSA,OK,74115,40,6,3,1,3,2,2,40
207263,NORTHEASTERN STATE UNIVERSITY,45140,2,TAHLEQUAH,OK,74464-2399,40,6,1,1,1,2,2,21
207281,NORTHERN OKLAHOMA COLLEGE,38620,2,TONKAWA,OK,74653,40,6,4,2,1,2,2,40
207290,NORTHEASTERN OKLAHOMA AGRICULTURAL AND MECH COLL,33060,2,MIAMI,OK,74354,40,6,4,2,1,2,2,40
207306,NORTHWESTERN OKLAHOMA STATE UNIVERSITY,-2,-2,ALVA,OK,73717-2799,40,6,1,1,1,2,2,21
207324,OKLAHOMA CHRISTIAN UNIVERSITY,36420,1,Edmond,OK,73013-1100,40,6,2,1,2,2,2,32
207342,UNIVERSITY OF OKLAHOMA HEALTH SCIENCES CENTER,36420,1,OKLAHOMA CITY,OK,73104-5499,40,6,1,1,1,2,2,52
207351,OKLAHOMA PANHANDLE STATE UNIVERSITY,25100,2,Goodwell,OK,73939-0430,40,6,1,1,1,2,2,32
207388,OKLAHOMA STATE UNIVERSITY-MAIN CAMPUS,44660,2,STILLWATER,OK,74078,40,6,1,1,1,2,2,15
207397,OKLAHOMA STATE UNIVERSITY-OKLAHOMA CITY,36420,1,OKLAHOMA CITY,OK,73107-6195,40,6,4,2,1,2,2,40
207403,OKLAHOMA BAPTIST UNIVERSITY,43060,2,SHAWNEE,OK,74804,40,6,2,1,2,2,2,32
207449,OKLAHOMA CITY COMMUNITY COLLEGE,36420,1,OKLAHOMA CITY,OK,73159-9987,40,6,4,2,1,2,2,40
207458,OKLAHOMA CITY UNIVERSITY,36420,1,OKLAHOMA CITY,OK,73106-1402,40,6,2,1,2,2,2,21
207500,UNIVERSITY OF OKLAHOMA NORMAN CAMPUS,36420,1,Norman,OK,73019-3072,40,6,1,1,1,2,2,15
207564,OKLAHOMA STATE UNIVERSITY-OKMULGEE,46140,1,OKMULGEE,OK,74447-3901,40,6,1,1,1,2,2,40
207582,ORAL ROBERTS UNIVERSITY,46140,1,TULSA,OK,74171,40,6,2,1,2,2,2,21
207661,ROGERS STATE UNIVERSITY,46140,1,CLAREMORE,OK,74017-3252,40,6,1,1,1,2,2,40
207670,ROSE STATE COLLEGE,36420,1,MIDWEST CITY,OK,73110-2799,40,6,4,2,1,2,2,40
207689,SAINT GREGORYS UNIVERSITY,43060,2,Shawnee,OK,74804,40,6,2,1,2,2,2,33
207722,UNIVERSITY OF SCIENCE AND ARTS OF OKLAHOMA,36420,1,CHICKASHA,OK,73018-5322,40,6,1,1,1,2,2,32
207740,SEMINOLE STATE COLLEGE,-2,-2,SEMINOLE,OK,74868-1901,40,6,4,2,1,2,2,40
207847,SOUTHEASTERN OKLAHOMA STATE UNIVERSITY,20460,2,DURANT,OK,74701-0609,40,6,1,1,1,2,2,21
207856,SOUTHWESTERN CHRISTIAN UNIVERSITY,36420,1,Bethany,OK,73008,40,6,2,1,2,2,2,51
207865,SOUTHWESTERN OKLAHOMA STATE UNIVERSITY,-2,-2,WEATHERFORD,OK,73096-3098,40,6,1,1,1,2,2,21
207935,TULSA COMMUNITY COLLEGE,46140,1,TULSA,OK,74135,40,6,4,2,1,2,2,40
207962,TULSA WELDING SCHOOL,46140,1,TULSA,OK,74104-3909,40,6,6,2,3,2,2,40
207971,UNIVERSITY OF TULSA,46140,1,TULSA,OK,74104-3189,40,6,2,1,2,2,2,16
208035,WESTERN OKLAHOMA STATE COLLEGE,11060,2,ALTUS,OK,73521-1397,40,6,4,2,1,2,2,40
208239,THE ART INSTITUTE OF PORTLAND,38900,1,PORTLAND,OR,97209-2911,41,8,3,1,3,2,2,56
208275,BLUE MOUNTAIN COMMUNITY COLLEGE,37820,2,PENDLETON,OR,97801,41,8,4,2,1,2,2,40
208318,CENTRAL OREGON COMMUNITY COLLEGE,13460,1,BEND,OR,97701,41,8,4,2,1,2,2,40
208390,CHEMEKETA COMMUNITY COLLEGE,41420,1,SALEM,OR,97305,41,8,4,2,1,2,2,40
208406,CLACKAMAS COMMUNITY COLLEGE,38900,1,OREGON CITY,OR,97045,41,8,4,2,1,2,2,40
208415,CLATSOP COMMUNITY COLLEGE,11820,2,ASTORIA,OR,97103,41,8,4,2,1,2,2,40
208488,CONCORDIA UNIVERSITY,38900,1,PORTLAND,OR,97211-6099,41,8,2,1,2,2,2,22
208646,EASTERN OREGON UNIVERSITY,29260,2,LA GRANDE,OR,97850,41,8,1,1,1,2,2,22
208725,EUGENE BIBLE COLLEGE,21660,1,EUGENE,OR,97405,41,8,2,1,2,2,2,51
208822,GEORGE FOX UNIVERSITY,38900,1,NEWBERG,OR,97132,41,8,2,1,2,2,2,21
208965,ITT TECHNICAL INSTITUTE,38900,1,PORTLAND,OR,97218-2852,41,8,3,1,3,2,2,54
209038,LANE COMMUNITY COLLEGE,21660,1,EUGENE,OR,97405-0640,41,8,4,2,1,2,2,40
209056,LEWIS & CLARK COLLEGE,38900,1,PORTLAND,OR,97219-7899,41,8,2,1,2,2,2,31
209065,LINFIELD COLLEGE,38900,1,MCMINNVILLE,OR,97128-6894,41,8,2,1,2,2,2,32
209074,LINN-BENTON COMMUNITY COLLEGE,10540,2,ALBANY,OR,97321,41,8,4,2,1,2,2,40
209108,MARYLHURST UNIVERSITY,38900,1,MARYLHURST,OR,97036-0261,41,8,2,1,2,2,2,21
209241,MOUNT ANGEL SEMINARY,41420,1,ST BENEDICT,OR,97373-0505,41,8,2,1,2,2,2,51
209250,MT HOOD COMMUNITY COLLEGE,38900,1,GRESHAM,OR,97030,41,8,4,2,1,2,2,40
209287,MULTNOMAH BIBLE COLLEGE AND BIBLICAL SEMINARY,38900,1,PORTLAND,OR,97220,41,8,2,1,2,2,2,51
209409,NORTHWEST CHRISTIAN COLLEGE,21660,1,EUGENE,OR,97401-3745,41,8,2,1,2,2,2,32
209490,OREGON HEALTH & SCIENCE UNIVERSITY,38900,1,Portland,OR,97239-3098,41,8,1,1,1,2,2,52
209506,OREGON INSTITUTE OF TECHNOLOGY,28900,2,KLAMATH FALLS,OR,97601-8801,41,8,1,1,1,2,2,54
209533,OREGON COLLEGE OF ART AND CRAFT,38900,1,PORTLAND,OR,97225,41,8,2,1,2,2,2,56
209542,OREGON STATE UNIVERSITY,18700,1,CORVALLIS,OR,97331,41,8,1,1,1,2,2,15
209551,UNIVERSITY OF OREGON,21660,1,EUGENE,OR,97403,41,8,1,1,1,2,2,15
209603,PACIFIC NORTHWEST COLLEGE OF ART,38900,1,PORTLAND,OR,97209-3023,41,8,2,1,2,2,2,56
209612,PACIFIC UNIVERSITY,38900,1,FOREST GROVE,OR,97116,41,8,2,1,2,2,2,21
209746,PORTLAND COMMUNITY COLLEGE,38900,1,Portland,OR,97219-7132,41,8,4,2,1,2,2,40
209807,PORTLAND STATE UNIVERSITY,38900,1,PORTLAND,OR,97201,41,8,1,1,1,2,2,16
209825,UNIVERSITY OF PORTLAND,38900,1,PORTLAND,OR,97203-5798,41,8,2,1,2,2,2,21
209922,REED COLLEGE,38900,1,PORTLAND,OR,97202-8199,41,8,2,1,2,2,2,31
209940,ROGUE COMMUNITY COLLEGE,24420,2,GRANTS PASS,OR,97527,41,8,4,2,1,2,2,40
210076,PIONEER PACIFIC COLLEGE,38900,1,WILSONVILLE,OR,97070-9296,41,8,3,1,3,2,2,40
210146,SOUTHERN OREGON UNIVERSITY,32780,1,ASHLAND,OR,97520,41,8,1,1,1,2,2,21
210155,SOUTHWESTERN OREGON COMMUNITY COLLEGE,18300,2,COOS BAY,OR,97420-2193,41,8,4,2,1,2,2,40
210234,TREASURE VALLEY COMMUNITY COLLEGE,36620,2,ONTARIO,OR,97914,41,8,4,2,1,2,2,40
210270,UMPQUA COMMUNITY COLLEGE,40700,2,Roseburg,OR,97470,41,8,4,2,1,2,2,40
210304,WARNER PACIFIC COLLEGE,38900,1,PORTLAND,OR,97215,41,8,2,1,2,2,2,31
210331,DBA CORBAN COLLEGE,41420,1,SALEM,OR,97301-9392,41,8,2,1,2,2,2,32
210359,WESTERN BUSINESS COLLEGE,38900,1,PORTLAND,OR,97204-2296,41,8,6,2,3,2,2,40
210401,WILLAMETTE UNIVERSITY,41420,1,SALEM,OR,97301,41,8,2,1,2,2,2,31
210429,WESTERN OREGON UNIVERSITY,41420,1,MONMOUTH,OR,97361-1394,41,8,1,1,1,2,2,21
210438,WESTERN STATES CHIROPRACTIC COLLEGE,38900,1,PORTLAND,OR,97230,41,8,2,1,2,2,2,53
210483,ACADEMY OF MEDICAL ARTS AND BUSINESS,25420,1,HARRISBURG,PA,17112-1012,42,2,6,2,3,2,2,40
210492,BRYN ATHYN COLLEGE OF THE NEW CHURCH,37980,1,BRYN ATHYN,PA,19009-0717,42,2,2,1,2,2,2,33
210571,ALBRIGHT COLLEGE,39740,1,READING,PA,19612-5234,42,2,2,1,2,2,2,31
210605,COMMUNITY COLLEGE OF ALLEGHENY COUNTY,38300,1,PITTSBURGH,PA,15233-1895,42,2,4,2,1,2,2,40
210669,ALLEGHENY COLLEGE,32740,2,MEADVILLE,PA,16335-3902,42,2,2,1,2,2,2,31
210739,DESALES UNIVERSITY,10900,1,Center Valley,PA,18034-9568,42,2,2,1,2,2,2,21
210775,ALVERNIA COLLEGE,39740,1,READING,PA,19607-1799,42,2,2,1,2,2,2,32
210890,ANTONELLI INSTITUTE,37980,1,ERDENHEIM,PA,19038-8242,42,2,6,2,3,2,2,40
210906,BRADLEY ACADEMY FOR THE VISUAL ARTS,49620,1,YORK,PA,17402-9012,42,2,6,2,3,2,2,40
210942,ART INSTITUTE OF PHILADELPHIA,37980,1,PHILADELPHIA,PA,19103-5198,42,2,3,1,3,2,2,40
210951,CAREER TRAINING ACADEMY,38300,1,NEW KENSINGTON,PA,15068-6308,42,2,6,2,3,2,2,40
210960,ART INSTITUTE PITTSBURGH,38300,1,PITTSBURGH,PA,15219-1328,42,2,3,1,3,2,2,40
211024,BAPTIST BIBLE COLLEGE AND SEMINARY,42540,1,CLARKS SUMMIT,PA,18411,42,2,2,1,2,2,2,51
211079,COMMUNITY COLLEGE OF BEAVER COUNTY,38300,1,MONACA,PA,15061-2588,42,2,4,2,1,2,2,40
211088,ARCADIA UNIVERSITY,37980,1,GLENSIDE,PA,19038-3295,42,2,2,1,2,2,2,21
211158,BLOOMSBURG UNIVERSITY OF PENNSYLVANIA,14100,2,BLOOMSBURG,PA,17815,42,2,1,1,1,2,2,21
211200,BRADFORD SCHOOL,38300,1,PITTSBURGH,PA,15219,42,2,6,2,3,2,2,40
211273,BRYN MAWR COLLEGE,37980,1,BRYN MAWR,PA,19010-2859,42,2,2,1,2,2,2,31
211291,BUCKNELL UNIVERSITY,30260,2,LEWISBURG,PA,17837,42,2,2,1,2,2,2,31
211307,BUCKS COUNTY COMMUNITY COLLEGE,37980,1,NEWTOWN,PA,18940-4106,42,2,4,2,1,2,2,40
211343,BUTLER COUNTY COMMUNITY COLLEGE,38300,1,BUTLER,PA,16003-1203,42,2,4,2,1,2,2,40
211352,CABRINI COLLEGE,37980,1,RADNOR,PA,19087-3698,42,2,2,1,2,2,2,22
211361,CALIFORNIA UNIVERSITY OF PENNSYLVANIA,38300,1,CALIFORNIA,PA,15419-1394,42,2,1,1,1,2,2,21
211398,CAMBRIA ROWE BUSINESS COLLEGE,27780,1,JOHNSTOWN,PA,15902,42,2,6,2,3,2,2,40
211431,CARLOW UNIVERSITY,38300,1,PITTSBURGH,PA,15213-3165,42,2,2,1,2,2,2,21
211440,CARNEGIE MELLON UNIVERSITY,38300,1,PITTSBURGH,PA,15213-3890,42,2,2,1,2,2,2,15
211468,CEDAR CREST COLLEGE,10900,1,ALLENTOWN,PA,18104-6196,42,2,2,1,2,2,2,32
211477,CENTRAL PENNSYLVANIA COLLEGE,25420,1,SUMMERDALE,PA,17093-0309,42,2,3,1,3,2,2,40
211556,CHATHAM COLLEGE,38300,1,PITTSBURGH,PA,15232,42,2,2,1,2,2,2,31
211583,CHESTNUT HILL COLLEGE,37980,1,PHILADELPHIA,PA,19118-2693,42,2,2,1,2,2,2,21
211608,CHEYNEY UNIVERSITY OF PENNSYLVANIA,37980,1,CHEYNEY,PA,19319-0200,42,2,1,1,1,1,2,21
211617,CHI INSTITUTE,37980,1,SOUTHAMPTON,PA,18966-3747,42,2,6,2,3,2,2,40
211626,CHURCHMAN BUSINESS SCHOOL,10900,1,EASTON,PA,18042-3532,42,2,6,2,3,2,2,40
211644,CLARION UNIVERSITY OF PENNSYLVANIA,-2,-2,CLARION,PA,16214,42,2,1,1,1,2,2,21
211820,CONSOLIDATED SCHOOL OF BUSINESS,49620,1,YORK,PA,17404,42,2,6,2,3,2,2,40
211893,CURTIS INSTITUTE OF MUSIC,37980,1,PHILADELPHIA,PA,19103,42,2,2,1,2,2,2,56
211909,DEAN INSTITUTE OF TECHNOLOGY,38300,1,PITTSBURGH,PA,15226-1197,42,2,6,2,3,2,2,40
211927,DELAWARE COUNTY COMMUNITY COLLEGE,37980,1,MEDIA,PA,19063-1094,42,2,4,2,1,2,2,40
211981,DELAWARE VALLEY COLLEGE,37980,1,DOYLESTOWN,PA,18901-2697,42,2,2,1,2,2,2,32
212009,DICKINSON COLLEGE,25420,1,CARLISLE,PA,17013-2896,42,2,2,1,2,2,2,31
212054,DREXEL UNIVERSITY,37980,1,PHILADELPHIA,PA,19104,42,2,2,1,2,2,2,16
212072,DU BOIS BUSINESS COLLEGE,20180,2,DU BOIS,PA,15801,42,2,6,2,3,2,2,40
212090,DUFF'S BUSINESS INSTITUTE,38300,1,Pittsburgh,PA,15222-1320,42,2,6,2,3,2,2,40
212106,DUQUESNE UNIVERSITY,38300,1,PITTSBURGH,PA,15282,42,2,2,1,2,2,2,16
212115,EAST STROUDSBURG UNIVERSITY OF PENNSYLVANIA,20700,2,EAST STROUDSBURG,PA,18301-2999,42,2,1,1,1,2,2,21
212133,EASTERN UNIVERSITY,37980,1,ST DAVIDS,PA,19087-3696,42,2,2,1,2,2,2,21
212160,EDINBORO UNIVERSITY OF PENNSYLVANIA,21500,1,Edinboro,PA,16444-0001,42,2,1,1,1,2,2,21
212179,ELECTRONIC INSTITUTE-MIDDLETOWN,25420,1,MIDDLETOWN,PA,17057-4851,42,2,5,2,2,2,2,40
212197,ELIZABETHTOWN COLLEGE,29540,1,ELIZABETHTOWN,PA,17022-2298,42,2,2,1,2,2,2,32
212425,ERIE BUSINESS CENTER,21500,1,ERIE,PA,16501,42,2,6,2,3,2,2,40
212434,ERIE INSTITUTE OF TECHNOLOGY INC,21500,1,ERIE,PA,16509-2603,42,2,6,2,3,2,2,40
212577,FRANKLIN AND MARSHALL COLLEGE,29540,1,LANCASTER,PA,17604-3003,42,2,2,1,2,2,2,31
212601,GANNON UNIVERSITY,21500,1,ERIE,PA,16541,42,2,2,1,2,2,2,21
212656,GENEVA COLLEGE,38300,1,BEAVER FALLS,PA,15010-3599,42,2,2,1,2,2,2,22
212674,GETTYSBURG COLLEGE,23900,2,GETTYSBURG,PA,17325-1486,42,2,2,1,2,2,2,31
212771,GRATZ COLLEGE,37980,1,MELROSE PARK,PA,19027-3010,42,2,2,1,2,2,2,22
212805,GROVE CITY COLLEGE,49660,1,GROVE CITY,PA,16127-2104,42,2,2,1,2,2,2,32
212832,GWYNEDD MERCY COLLEGE,37980,1,Gwynedd Valley,PA,19437-0901,42,2,2,1,2,2,2,22
212869,HARCUM COLLEGE,37980,1,BRYN MAWR,PA,19010-3470,42,2,5,2,2,2,2,40
212878,HARRISBURG AREA COMMUNITY COLLEGE-HARRISBURG,25420,1,HARRISBURG,PA,17110-2999,42,2,4,2,1,2,2,40
212911,HAVERFORD COLLEGE,37980,1,HAVERFORD,PA,19041-1392,42,2,2,1,2,2,2,31
212975,COMMONWEALTH TECHNICAL INSTITUTE,27780,1,JOHNSTOWN,PA,15905-3092,42,2,5,2,2,2,2,40
212984,HOLY FAMILY UNIVERSITY,37980,1,PHILADELPHIA,PA,19114-2094,42,2,2,1,2,2,2,21
212993,HUSSIAN SCHOOL OF ART,37980,1,PHILADELPHIA,PA,19107,42,2,6,2,3,2,2,40
213002,ICM SCHOOL OF BUSINESS AND MEDICAL CAREERS,38300,1,PITTSBURGH,PA,15222,42,2,6,2,3,2,2,40
213011,IMMACULATA UNIVERSITY,37980,1,IMMACULATA,PA,19345-0702,42,2,2,1,2,2,2,21
213020,INDIANA UNIVERSITY OF PENNSYLVANIA-MAIN CAMPUS,26860,2,INDIANA,PA,15705-1098,42,2,1,1,1,2,2,16
213057,INFORMATION COMPUTER SYSTEMS INSTITUTE,10900,1,ALLENTOWN,PA,18109-9342,42,2,6,2,3,2,2,40
213233,JOHNSON COLLEGE,42540,1,SCRANTON,PA,18508-1495,42,2,5,2,2,2,2,40
213251,JUNIATA COLLEGE,26500,2,HUNTINGDON,PA,16652-2196,42,2,2,1,2,2,2,31
213303,KEYSTONE COLLEGE,42540,1,LA PLUME,PA,18440-0200,42,2,2,1,2,2,2,40
213321,KINGS COLLEGE,42540,1,WILKES BARRE,PA,18711-0801,42,2,2,1,2,2,2,22
213349,KUTZTOWN UNIVERSITY OF PENNSYLVANIA,39740,1,KUTZTOWN,PA,19530-0730,42,2,1,1,1,2,2,21
213358,LA ROCHE COLLEGE,38300,1,PITTSBURGH,PA,15237-5898,42,2,2,1,2,2,2,21
213367,LA SALLE UNIVERSITY,37980,1,PHILADELPHIA,PA,19141-1199,42,2,2,1,2,2,2,21
213376,LACKAWANNA COLLEGE,42540,1,SCRANTON,PA,18509-3206,42,2,5,2,2,2,2,40
213385,LAFAYETTE COLLEGE,10900,1,EASTON,PA,18042-1768,42,2,2,1,2,2,2,31
213400,LANCASTER BIBLE COLLEGE,29540,1,LANCASTER,PA,17601,42,2,2,1,2,2,2,51
213473,LANSDALE SCHOOL OF BUSINESS,37980,1,NORTH WALES,PA,19454,42,2,6,2,3,2,2,40
213507,LEBANON VALLEY COLLEGE,30140,1,ANNVILLE,PA,17003-1400,42,2,2,1,2,2,2,22
213525,LEHIGH CARBON COMMUNITY COLLEGE,10900,1,SCHNECKSVILLE,PA,18078-2598,42,2,4,2,1,2,2,40
213534,BERKS TECHNICAL INSTITUTE,39740,1,WYOMISSING,PA,19610-1168,42,2,6,2,3,2,2,40
213543,LEHIGH UNIVERSITY,10900,1,BETHLEHEM,PA,18015,42,2,2,1,2,2,2,15
213570,LINCOLN TECHNICAL INSTITUTE,10900,1,ALLENTOWN,PA,18104-9889,42,2,6,2,3,2,2,40
213589,LINCOLN TECHNICAL INSTITUTE,37980,1,PHILADELPHIA,PA,19136,42,2,6,2,3,2,2,40
213598,LINCOLN UNIVERSITY,37980,1,LINCOLN UNIVERSITY,PA,19352-0999,42,2,1,1,1,1,2,21
213613,LOCK HAVEN UNIVERSITY OF PENNSYLVANIA,30820,2,LOCK HAVEN,PA,17745-2390,42,2,1,1,1,2,2,22
213659,LUZERNE COUNTY COMMUNITY COLLEGE,42540,1,NANTICOKE,PA,18634-3899,42,2,4,2,1,2,2,40
213668,LYCOMING COLLEGE,48700,1,WILLIAMSPORT,PA,17701-5192,42,2,2,1,2,2,2,31
213686,ERIE BUSINESS CENTER-SOUTH,35260,2,NEW CASTLE,PA,16101-3950,42,2,6,2,3,2,2,40
213774,MANOR COLLEGE,37980,1,JENKINTOWN,PA,19046-3399,42,2,5,2,2,2,2,40
213783,MANSFIELD UNIVERSITY OF PENNSYLVANIA,-2,-2,MANSFIELD,PA,16933,42,2,1,1,1,2,2,21
213826,MARYWOOD UNIVERSITY,42540,1,SCRANTON,PA,18509-1598,42,2,2,1,2,2,2,21
213871,MCCANN SCHOOL OF BUSINESS AND TECHNOLOGY,39060,2,Mahanoy City,PA,17948,42,2,6,2,3,2,2,40
213914,MEDIAN SCHOOL OF ALLIED HEALTH CAREERS,38300,1,PITTSBURGH,PA,15222-3400,42,2,6,2,3,2,2,40
213987,MERCYHURST COLLEGE,21500,1,ERIE,PA,16546,42,2,2,1,2,2,2,32
213996,MESSIAH COLLEGE,25420,1,GRANTHAM,PA,17027,42,2,2,1,2,2,2,32
214041,MILLERSVILLE UNIVERSITY OF PENNSYLVANIA,29540,1,MILLERSVILLE,PA,17551-0302,42,2,1,1,1,2,2,21
214069,COLLEGE MISERICORDIA,42540,1,DALLAS,PA,18612-1098,42,2,2,1,2,2,2,21
214111,MONTGOMERY COUNTY COMMUNITY COLLEGE,37980,1,BLUE BELL,PA,19422-0796,42,2,4,2,1,2,2,40
214148,MOORE COLLEGE OF ART AND DESIGN,37980,1,PHILADELPHIA,PA,19103,42,2,2,1,2,2,2,56
214157,MORAVIAN COLLEGE AND THEOLOGICAL SEMINARY,10900,1,BETHLEHEM,PA,18018-6650,42,2,2,1,2,2,2,31
214166,MOUNT ALOYSIUS COLLEGE,27780,1,CRESSON,PA,16630-1999,42,2,2,1,2,2,2,33
214175,MUHLENBERG COLLEGE,10900,1,Allentown,PA,18104,42,2,2,1,2,2,2,31
214227,LEHIGH VALLEY COLLEGE,10900,1,Center Valley,PA,18034,42,2,6,2,3,2,2,40
214272,NEUMANN COLLEGE,37980,1,ASTON,PA,19014-1298,42,2,2,1,2,2,2,32
214290,NEW CASTLE SCHOOL OF TRADES,35260,2,PULASKI,PA,16143,42,2,6,2,3,2,2,40
214315,NEWPORT BUSINESS INSTITUTE,38300,1,LOWER BURRELL,PA,15068,42,2,6,2,3,2,2,40
214379,NORTHAMPTON COUNTY AREA COMMUNITY COLLEGE,10900,1,BETHLEHEM,PA,18020-7599,42,2,4,2,1,2,2,40
214564,PENNSYLVANIA COLLEGE OF OPTOMETRY,37980,1,ELKINS PARK,PA,19027-6262,42,2,2,1,2,2,2,53
214582,PENNSYLVANIA INSTITUTE OF TECHNOLOGY,37980,1,MEDIA,PA,19063-4098,42,2,5,2,2,2,2,40
214591,PENNSYLVANIA STATE UNIV-PENN ST ERIE-BEHREND COLL,21500,1,ERIE,PA,16563,42,2,1,1,1,2,2,22
214713,PENNSYLVANIA STATE UNIVERSITY-PENN ST HARRISBURG,25420,1,MIDDLETOWN,PA,17057-4898,42,2,1,1,1,2,2,21
214777,PENNSYLVANIA STATE UNIVERSITY-MAIN CAMPUS,44300,1,UNIVERSITY PARK,PA,16802-1589,42,2,1,1,1,2,2,15
214838,PACE INSTITUTE,39740,1,READING,PA,19601-3542,42,2,6,2,3,2,2,40
214883,PEIRCE COLLEGE,37980,1,PHILADELPHIA,PA,19102-4699,42,2,2,1,2,2,2,40
214892,PENNSYLVANIA COMMERCIAL COLLEGE,38300,1,WASHINGTON,PA,15301,42,2,6,2,3,2,2,40
214944,PENNCO TECH,37980,1,BRISTOL,PA,19007,42,2,6,2,3,2,2,40
215053,PENNSYLVANIA COLLEGE OF ART AND DESIGN,29540,1,LANCASTER,PA,17608-0059,42,2,2,1,2,2,2,40
215062,UNIVERSITY OF PENNSYLVANIA,37980,1,PHILADELPHIA,PA,19104-6303,42,2,2,1,2,2,2,15
215099,PHILADELPHIA UNIVERSITY,37980,1,PHILADELPHIA,PA,19144-5497,42,2,2,1,2,2,2,21
215105,THE UNIVERSITY OF THE ARTS,37980,1,PHILADELPHIA,PA,19102,42,2,2,1,2,2,2,56
215114,PHILADELPHIA BIBLICAL UNIVERSITY-LANGHORNE,37980,1,Langhorne,PA,19047-2990,42,2,2,1,2,2,2,51
215132,UNIVERSITY OF THE SCIENCES IN PHILADELPHIA,37980,1,PHILADELPHIA,PA,19104-4495,42,2,2,1,2,2,2,53
215239,COMMUNITY COLLEGE OF PHILADELPHIA,37980,1,PHILADELPHIA,PA,19130-3991,42,2,4,2,1,2,2,40
215266,UNIVERSITY OF PITTSBURGH-BRADFORD,14620,2,BRADFORD,PA,16701,42,2,1,1,1,2,2,31
215275,UNIVERSITY OF PITTSBURGH-GREENSBURG,38300,1,GREENSBURG,PA,15601,42,2,1,1,1,2,2,31
215284,UNIVERSITY OF PITTSBURGH-JOHNSTOWN,27780,1,JOHNSTOWN,PA,15904,42,2,1,1,1,2,2,32
215293,UNIVERSITY OF PITTSBURGH-MAIN CAMPUS,38300,1,PITTSBURGH,PA,15260,42,2,1,1,1,2,2,15
215309,UNIVERSITY OF PITTSBURGH-TITUSVILLE,32740,2,TITUSVILLE,PA,16354,42,2,4,2,1,2,2,40
215381,PITTSBURGH INSTITUTE OF AERONAUTICS,38300,1,WEST MIFFLIN,PA,15122,42,2,5,2,2,2,2,40
215390,PITTSBURGH INSTITUTE OF MORTUARY SCIENCE INC,38300,1,PITTSBURGH,PA,15206-3706,42,2,5,2,2,2,2,40
215415,PITTSBURGH TECHNICAL INSTITUTE,38300,1,OAKDALE,PA,15071,42,2,6,2,3,2,2,40
215433,PJA SCHOOL,37980,1,UPPER DARBY,PA,19082-1917,42,2,6,2,3,2,2,40
215442,POINT PARK UNIVERSITY,38300,1,PITTSBURGH,PA,15222-1984,42,2,2,1,2,2,2,22
215585,READING AREA COMMUNITY COLLEGE,39740,1,READING,PA,19603-1706,42,2,4,2,1,2,2,40
215637,THE RESTAURANT SCHOOL AT WALNUT HILL COLLEGE,37980,1,PHILADELPHIA,PA,19104,42,2,3,1,3,2,2,40
215646,CHI INSTITUTE-RETS CAMPUS,37980,1,BROOMALL,PA,19008,42,2,6,2,3,2,2,40
215655,ROBERT MORRIS UNIVERSITY,38300,1,MOON TOWNSHIP,PA,15108-1189,42,2,2,1,2,2,2,21
215682,ROSEDALE TECHNICAL INSTITUTE,38300,1,PITTSBURGH,PA,15217,42,2,5,2,2,2,2,40
215691,ROSEMONT COLLEGE,37980,1,ROSEMONT,PA,19010-1699,42,2,2,1,2,2,2,31
215743,SAINT FRANCIS UNIVERSITY,27780,1,LORETTO,PA,15940,42,2,2,1,2,2,2,21
215770,SAINT JOSEPHS UNIVERSITY,37980,1,PHILADELPHIA,PA,19131-1395,42,2,2,1,2,2,2,21
215798,SAINT VINCENT COLLEGE,38300,1,LATROBE,PA,15650-2690,42,2,2,1,2,2,2,31
215868,INTERNATIONAL ACADEMY OF DESIGN AND TECHNOLOGY,38300,1,PITTSBURGH,PA,15219,42,2,6,2,3,2,2,40
215895,SCHUYLKILL INSTITUTE OF BUSINESS TECHNOLOGY,39060,2,Pottsville,PA,17901,42,2,6,2,3,2,2,40
215929,UNIVERSITY OF SCRANTON,42540,1,SCRANTON,PA,18510-4629,42,2,2,1,2,2,2,21
215947,SETON HILL UNIVERSITY,38300,1,GREENSBURG,PA,15601,42,2,2,1,2,2,2,31
215992,BUSINESS INSTITUTE OF PENNSYLVANIA,49660,1,SHARON,PA,16146-3843,42,2,6,2,3,2,2,40
216010,SHIPPENSBURG UNIVERSITY OF PENNSYLVANIA,25420,1,SHIPPENSBURG,PA,17257-2299,42,2,1,1,1,2,2,21
216038,SLIPPERY ROCK UNIVERSITY OF PENNSYLVANIA,38300,1,SLIPPERY ROCK,PA,16057-1383,42,2,1,1,1,2,2,21
216047,SAINT CHARLES BORROMEO SEMINARY-OVERBROOK,37980,1,WYNNEWOOD,PA,19096,42,2,2,1,2,2,2,51
216083,SOUTH HILLS SCHOOL OF BUSINESS AND TECHNOLOGY,44300,1,STATE COLLEGE,PA,16801,42,2,6,2,3,2,2,40
216278,SUSQUEHANNA UNIVERSITY,42780,2,SELINSGROVE,PA,17870-1025,42,2,2,1,2,2,2,31
216287,SWARTHMORE COLLEGE,37980,1,SWARTHMORE,PA,19081,42,2,2,1,2,2,2,31
216296,THADDEUS STEVENS COLLEGE OF TECHNOLOGY,29540,1,LANCASTER,PA,17602,42,2,4,2,1,2,2,40
216311,TALMUDICAL YESHIVA OF PHILADELPHIA,37980,1,PHILADELPHIA,PA,19131,42,2,2,1,2,2,2,51
216339,TEMPLE UNIVERSITY,37980,1,PHILADELPHIA,PA,19122-6096,42,2,1,1,1,2,2,15
216357,THIEL COLLEGE,49660,1,GREENVILLE,PA,16125-2181,42,2,2,1,2,2,2,32
216366,THOMAS JEFFERSON UNIVERSITY,37980,1,PHILADELPHIA,PA,19107,42,2,2,1,2,2,2,52
216418,TRI-STATE BUSINESS INSTITUTE,21500,1,ERIE,PA,16506-1013,42,2,6,2,3,2,2,40
216427,TRIANGLE TECH INC-ERIE,21500,1,ERIE,PA,16502-2594,42,2,6,2,3,2,2,40
216436,TRIANGLE TECH INC,38300,1,PITTSBURGH,PA,15214-3897,42,2,6,2,3,2,2,40
216445,TRIANGLE TECH INC-GREENSBURG,38300,1,GREENSBURG,PA,15601-3304,42,2,6,2,3,2,2,40
216454,TRIANGLE TECH INC-DUBOIS,-2,-2,Falls Creek,PA,15840,42,2,6,2,3,2,2,40
216524,URSINUS COLLEGE,37980,1,COLLEGEVILLE,PA,19426-1000,42,2,2,1,2,2,2,31
216542,VALLEY FORGE CHRISTIAN COLLEGE,37980,1,PHOENIXVILLE,PA,19460,42,2,2,1,2,2,2,51
216551,VALLEY FORGE MILITARY COLLEGE,37980,1,WAYNE,PA,19087-3695,42,2,5,2,2,2,2,40
216597,VILLANOVA UNIVERSITY,37980,1,VILLANOVA,PA,19085-1699,42,2,2,1,2,2,2,21
216667,WASHINGTON & JEFFERSON COLLEGE,38300,1,WASHINGTON,PA,15301,42,2,2,1,2,2,2,31
216694,WAYNESBURG COLLEGE,-2,-2,WAYNESBURG,PA,15370-1257,42,2,2,1,2,2,2,22
216764,WEST CHESTER UNIVERSITY OF PENNSYLVANIA,37980,1,WEST CHESTER,PA,19383,42,2,1,1,1,2,2,21
216782,WESTERN SCHOOL OF HEALTH AND BUSINESS CAREERS,38300,1,PITTSBURGH,PA,15219-1907,42,2,6,2,3,2,2,40
216807,WESTMINSTER COLLEGE,35260,2,NEW WILMINGTON,PA,16172,42,2,2,1,2,2,2,31
216825,WESTMORELAND COUNTY COMMUNITY COLLEGE,38300,1,YOUNGWOOD,PA,15697-1895,42,2,4,2,1,2,2,40
216852,WIDENER UNIVERSITY-MAIN CAMPUS,37980,1,CHESTER,PA,19013-5792,42,2,2,1,2,2,2,16
216931,WILKES UNIVERSITY,42540,1,WILKES-BARRE,PA,18766,42,2,2,1,2,2,2,21
216986,NEWPORT BUSINESS INSTITUTE,48700,1,WILLIAMSPORT,PA,17701-5894,42,2,6,2,3,2,2,40
217013,WILSON COLLEGE,16540,2,CHAMBERSBURG,PA,17201-1285,42,2,2,1,2,2,2,32
217040,YESHIVATH BETH MOSHE,42540,1,SCRANTON,PA,18505,42,2,2,1,2,2,2,51
217059,YORK COLLEGE PENNSYLVANIA,49620,1,YORK,PA,17405-7199,42,2,2,1,2,2,2,22
217077,YORK TECHNICAL INSTITUTE,49620,1,YORK,PA,17402,42,2,6,2,3,2,2,40
217086,YORKTOWNE BUSINESS INSTITUTE,49620,1,YORK,PA,17404,42,2,6,2,3,2,2,40
217156,BROWN UNIVERSITY,39300,1,PROVIDENCE,RI,02912,44,1,2,1,2,2,2,15
217165,BRYANT UNIVERSITY,39300,1,SMITHFIELD,RI,02917-1284,44,1,2,1,2,2,2,21
217235,JOHNSON & WALES UNIVERSITY,39300,1,Providence,RI,02903-3703,44,1,2,1,2,2,2,21
217305,NEW ENGLAND INSTITUTE OF TECHNOLOGY,39300,1,WARWICK,RI,02886-2244,44,1,2,1,2,2,2,40
217402,PROVIDENCE COLLEGE,39300,1,PROVIDENCE,RI,02918,44,1,2,1,2,2,2,21
217420,RHODE ISLAND COLLEGE,39300,1,PROVIDENCE,RI,02908,44,1,1,1,1,2,2,21
217475,COMMUNITY COLLEGE OF RHODE ISLAND,39300,1,WARWICK,RI,02886-1807,44,1,4,2,1,2,2,40
217484,UNIVERSITY OF RHODE ISLAND,39300,1,KINGSTON,RI,02881,44,1,1,1,1,2,2,15
217493,RHODE ISLAND SCHOOL OF DESIGN,39300,1,PROVIDENCE,RI,02903,44,1,2,1,2,2,2,56
217518,ROGER WILLIAMS UNIVERSITY,39300,1,BRISTOL,RI,02809-2923,44,1,2,1,2,2,2,32
217536,SALVE REGINA UNIVERSITY,39300,1,NEWPORT,RI,02840-4192,44,1,2,1,2,2,2,21
217615,AIKEN TECHNICAL COLLEGE,12260,1,AIKEN,SC,29829,45,5,4,2,1,2,2,40
217624,ALLEN UNIVERSITY,17900,1,Columbia,SC,29204,45,5,2,1,2,1,2,32
217633,ANDERSON COLLEGE,11340,1,Anderson,SC,29621,45,5,2,1,2,2,2,32
217688,CHARLESTON SOUTHERN UNIVERSITY,16700,1,CHARLESTON,SC,29406-8087,45,5,2,1,2,2,2,21
217712,TECHNICAL COLLEGE OF THE LOWCOUNTRY,25940,2,BEAUFORT,SC,29901-1288,45,5,4,2,1,2,2,40
217721,BENEDICT COLLEGE,17900,1,Columbia,SC,29204-1086,45,5,2,1,2,1,2,32
217776,SOUTHERN WESLEYAN UNIVERSITY,24860,1,Central,SC,29630-1020,45,5,2,1,2,2,2,22
217819,COLLEGE OF CHARLESTON,16700,1,CHARLESTON,SC,29424-0001,45,5,1,1,1,2,2,21
217837,NORTHEASTERN TECHNICAL COLLEGE,-2,-2,CHERAW,SC,29520-1007,45,5,4,2,1,2,2,40
217864,CITADEL MILITARY COLLEGE OF SOUTH CAROLINA,16700,1,CHARLESTON,SC,29409,45,5,1,1,1,2,2,21
217873,CLAFLIN UNIVERSITY,36700,2,ORANGEBURG,SC,29115-4498,45,5,2,1,2,1,2,32
217882,CLEMSON UNIVERSITY,24860,1,CLEMSON,SC,29634,45,5,1,1,1,2,2,15
217907,COKER COLLEGE,22500,1,HARTSVILLE,SC,29550,45,5,2,1,2,2,2,32
217925,COLUMBIA INTERNATIONAL UNIVERSITY,17900,1,COLUMBIA,SC,29203-1513,45,5,2,1,2,2,2,51
217934,COLUMBIA COLLEGE,17900,1,COLUMBIA,SC,29203,45,5,2,1,2,2,2,32
217961,CONVERSE COLLEGE,43900,1,SPARTANBURG,SC,29302-0006,45,5,2,1,2,2,2,21
217989,DENMARK TECHNICAL COLLEGE,-2,-2,DENMARK,SC,29042,45,5,4,2,1,1,2,40
217998,ERSKINE COLLEGE AND SEMINARY,-2,-2,DUE WEST,SC,29639,45,5,2,1,2,2,2,31
218025,FLORENCE DARLINGTON TECHNICAL COLLEGE,22500,1,FLORENCE,SC,29501-0548,45,5,4,2,1,2,2,40
218043,FORREST JUNIOR COLLEGE,11340,1,ANDERSON,SC,29624-2405,45,5,6,2,3,2,2,40
218061,FRANCIS MARION UNIVERSITY,22500,1,FLORENCE,SC,29506,45,5,1,1,1,2,2,21
218070,FURMAN UNIVERSITY,24860,1,Greenville,SC,29613-6162,45,5,2,1,2,2,2,31
218113,GREENVILLE TECHNICAL COLLEGE,24860,1,GREENVILLE,SC,29606-5616,45,5,4,2,1,2,2,40
218140,HORRY-GEORGETOWN TECHNICAL COLLEGE,34820,1,CONWAY,SC,29526,45,5,4,2,1,2,2,40
218168,JOHNSON & WALES UNIVERSITY-CHARLESTON,16700,1,CHARLESTON,SC,29403,45,5,2,1,2,2,2,59
218229,LANDER UNIVERSITY,24940,2,Greenwood,SC,29649-2099,45,5,1,1,1,2,2,22
218238,LIMESTONE COLLEGE,23500,2,Gaffney,SC,29340-3799,45,5,2,1,2,2,2,32
218335,MEDICAL UNIVERSITY OF SOUTH CAROLINA,16700,1,CHARLESTON,SC,29425-0100,45,5,1,1,1,2,2,52
218353,MIDLANDS TECHNICAL COLLEGE,17900,1,West Columbia,SC,29170,45,5,4,2,1,2,2,40
218399,MORRIS COLLEGE,44940,1,SUMTER,SC,29150-3599,45,5,2,1,2,1,2,32
218414,NEWBERRY COLLEGE,35140,2,NEWBERRY,SC,29108,45,5,2,1,2,2,2,32
218441,NORTH GREENVILLE COLLEGE,24860,1,TIGERVILLE,SC,29688-1892,45,5,2,1,2,2,2,32
218487,ORANGEBURG CALHOUN TECHNICAL COLLEGE,36700,2,ORANGEBURG,SC,29118-8299,45,5,4,2,1,2,2,40
218520,PIEDMONT TECHNICAL COLLEGE,24940,2,GREENWOOD,SC,29646,45,5,4,2,1,2,2,40
218539,PRESBYTERIAN COLLEGE,24860,1,CLINTON,SC,29325,45,5,2,1,2,2,2,31
218645,UNIVERSITY OF SOUTH CAROLINA-AIKEN,12260,1,AIKEN,SC,29801,45,5,1,1,1,2,2,32
218654,UNIVERSITY OF SOUTH CAROLINA-BEAUFORT,25940,2,BEAUFORT,SC,29902,45,5,1,1,1,2,2,40
218663,UNIVERSITY OF SOUTH CAROLINA-COLUMBIA,17900,1,COLUMBIA,SC,29208,45,5,1,1,1,2,2,15
218672,UNIVERSITY OF SOUTH CAROLINA-LANCASTER,29580,2,LANCASTER,SC,29720,45,5,4,2,1,2,2,40
218681,UNIVERSITY OF SOUTH CAROLINA-SALKEHATCHIE,-2,-2,ALLENDALE,SC,29810,45,5,4,2,1,2,2,40
218690,UNIVERSITY OF SOUTH CAROLINA-SUMTER,44940,1,SUMTER,SC,29150-2498,45,5,4,2,1,2,2,40
218706,UNIVERSITY OF SOUTH CAROLINA-UNION,46420,2,UNION,SC,29379,45,5,4,2,1,2,2,40
218724,COASTAL CAROLINA UNIVERSITY,34820,1,Conway,SC,29526,45,5,1,1,1,2,2,31
218733,SOUTH CAROLINA STATE UNIVERSITY,36700,2,ORANGEBURG,SC,29117-0001,45,5,1,1,1,1,2,16
218742,UNIVERSITY OF SOUTH CAROLINA UPSTATE,43900,1,SPARTANBURG,SC,29303-4999,45,5,1,1,1,2,2,32
218821,SPARTANBURG METHODIST COLLEGE,43900,1,SPARTANBURG,SC,29301-5899,45,5,5,2,2,2,2,40
218830,SPARTANBURG TECHNICAL COLLEGE,43900,1,SPARTANBURG,SC,29303,45,5,4,2,1,2,2,40
218858,CENTRAL CAROLINA TECHNICAL COLLEGE,44940,1,SUMTER,SC,29150-2499,45,5,4,2,1,2,2,40
218885,TRI-COUNTY TECHNICAL COLLEGE,11340,1,PENDLETON,SC,29670,45,5,4,2,1,2,2,40
218894,TRIDENT TECHNICAL COLLEGE,16700,1,CHARLESTON,SC,29423-8067,45,5,4,2,1,2,2,40
218919,VOORHEES COLLEGE,-2,-2,DENMARK,SC,29042,45,5,2,1,2,1,2,32
218955,WILLIAMSBURG TECHNICAL COLLEGE,-2,-2,KINGSTREE,SC,29556-4197,45,5,4,2,1,2,2,40
218964,WINTHROP UNIVERSITY,16740,1,ROCK HILL,SC,29733,45,5,1,1,1,2,2,21
218973,WOFFORD COLLEGE,43900,1,SPARTANBURG,SC,29303-3663,45,5,2,1,2,2,2,31
218991,YORK TECHNICAL COLLEGE,16740,1,ROCK HILL,SC,29730,45,5,4,2,1,2,2,40
219000,AUGUSTANA COLLEGE,43620,1,SIOUX FALLS,SD,57197-0001,46,4,2,1,2,2,2,32
219046,BLACK HILLS STATE UNIVERSITY,43940,2,SPEARFISH,SD,57799-9500,46,4,1,1,1,2,2,32
219055,KILIAN COMMUNITY COLLEGE,43620,1,SIOUX FALLS,SD,57103,46,4,5,2,2,2,2,40
219073,SI TANKA UNIVERSITY-EAGLE BUTTE CAMPUS,-2,-2,EAGLE BUTTE,SD,57625,46,4,1,1,1,2,1,60
219082,DAKOTA STATE UNIVERSITY,-2,-2,MADISON,SD,57042-1799,46,4,1,1,1,2,2,32
219091,DAKOTA WESLEYAN UNIVERSITY,33580,2,MITCHELL,SD,57301-4398,46,4,2,1,2,2,2,32
219134,SI TANKA UNIVERSITY-HURON CAMPUS,26700,2,HURON,SD,57350-2798,46,4,1,1,1,2,2,22
219143,LAKE AREA TECHNICAL INSTITUTE,47980,2,WATERTOWN,SD,57201-0730,46,4,4,2,1,2,2,40
219189,MITCHELL TECHNICAL INSTITUTE,33580,2,MITCHELL,SD,57301,46,4,4,2,1,2,2,40
219198,MOUNT MARTY COLLEGE,49460,2,YANKTON,SD,57078-3724,46,4,2,1,2,2,2,22
219204,NATIONAL AMERICAN UNIVERSITY-RAPID CITY/DL,39660,1,RAPID CITY,SD,57701-3692,46,4,3,1,3,2,2,33
219259,NORTHERN STATE UNIVERSITY,10100,2,ABERDEEN,SD,57401-7198,46,4,1,1,1,2,2,21
219277,OGLALA LAKOTA COLLEGE,-2,-2,KYLE,SD,57752-0490,46,4,1,1,1,2,1,60
219295,PRESENTATION COLLEGE,10100,2,ABERDEEN,SD,57401,46,4,2,1,2,2,2,53
219347,SOUTH DAKOTA SCHOOL OF MINES AND TECHNOLOGY,39660,1,RAPID CITY,SD,57701-3995,46,4,1,1,1,2,2,54
219356,SOUTH DAKOTA STATE UNIVERSITY,15100,2,BROOKINGS,SD,57007-1898,46,4,1,1,1,2,2,16
219374,SINTE GLESKA UNIVERSITY,-2,-2,Mission,SD,57555-0105,46,4,2,1,2,2,1,60
219383,UNIVERSITY OF SIOUX FALLS,43620,1,SIOUX FALLS,SD,57105-1699,46,4,2,1,2,2,2,22
219408,SISSETON WAHPETON COLLEGE,-2,-2,Agency Village,SD,57262,46,4,4,2,1,2,1,60
219426,SOUTHEAST TECHNICAL INSTITUTE,43620,1,SIOUX FALLS,SD,57107-1301,46,4,4,2,1,2,2,40
219471,UNIVERSITY OF SOUTH DAKOTA,46820,2,VERMILLION,SD,57069-2390,46,4,1,1,1,2,2,16
219480,WESTERN DAKOTA TECHNICAL INSTITUTE,39660,1,RAPID CITY,SD,57703-4018,46,4,4,2,1,2,2,40
219505,AMERICAN BAPTIST COLLEGE,34980,1,NASHVILLE,TN,37207,47,5,2,1,2,2,2,51
219578,AQUINAS COLLEGE,34980,1,NASHVILLE,TN,32705,47,5,2,1,2,2,2,53
219602,AUSTIN PEAY STATE UNIVERSITY,17300,1,CLARKSVILLE,TN,37044,47,5,1,1,1,2,2,21
219639,BAPTIST MEMORIAL COLLEGE OF HEALTH SCIENCES,32820,1,MEMPHIS,TN,38104,47,5,2,1,2,2,2,40
219709,BELMONT UNIVERSITY,34980,1,NASHVILLE,TN,37212-3757,47,5,2,1,2,2,2,21
219718,BETHEL COLLEGE,-2,-2,MCKENZIE,TN,38201,47,5,2,1,2,2,2,31
219790,BRYAN COLLEGE,-2,-2,DAYTON,TN,37321-7000,47,5,2,1,2,2,2,32
219806,CARSON-NEWMAN COLLEGE,34100,1,JEFFERSON CITY,TN,37760,47,5,2,1,2,2,2,21
219824,CHATTANOOGA STATE TECHNICAL COMMUNITY COLLEGE,16860,1,Chattanooga,TN,37406-0000,47,5,4,2,1,2,2,40
219833,CHRISTIAN BROTHERS UNIVERSITY,32820,1,MEMPHIS,TN,38104,47,5,2,1,2,2,2,22
219879,CLEVELAND STATE COMMUNITY COLLEGE,17420,1,CLEVELAND,TN,37320-3570,47,5,4,2,1,2,2,40
219888,COLUMBIA STATE COMMUNITY COLLEGE,17940,2,COLUMBIA,TN,38401,47,5,4,2,1,2,2,40
219949,CUMBERLAND UNIVERSITY,34980,1,LEBANON,TN,37087,47,5,2,1,2,2,2,22
219976,LIPSCOMB UNIVERSITY,34980,1,NASHVILLE,TN,37204-3951,47,5,2,1,2,2,2,22
220002,DRAUGHONS JUNIOR COLLEGE INC,34980,1,NASHVILLE,TN,37217,47,5,6,2,3,2,2,40
220057,DYERSBURG STATE COMMUNITY COLLEGE,20540,2,DYERSBURG,TN,38024-2411,47,5,4,2,1,2,2,40
220075,EAST TENNESSEE STATE UNIVERSITY,27740,1,JOHNSON CITY,TN,37614-0000,47,5,1,1,1,2,2,16
220118,ELECTRONIC COMPUTER PROGRAMMING COLLEGE INC,16860,1,CHATTANOOGA,TN,37411,47,5,6,2,3,2,2,40
220181,FISK UNIVERSITY,34980,1,NASHVILLE,TN,37208-4501,47,5,2,1,2,1,2,31
220206,FREE WILL BAPTIST BIBLE COLLEGE,34980,1,NASHVILLE,TN,37205-0117,47,5,2,1,2,2,2,51
220215,FREED-HARDEMAN UNIVERSITY,27180,1,HENDERSON,TN,38340-2399,47,5,2,1,2,2,2,21
220312,HIWASSEE COLLEGE,-2,-2,MADISONVILLE,TN,37354-4001,47,5,5,2,2,2,2,40
220400,JACKSON STATE COMMUNITY COLLEGE,27180,1,JACKSON,TN,38301-3797,47,5,4,2,1,2,2,40
220464,JOHN A GUPTON COLLEGE,34980,1,NASHVILLE,TN,37203,47,5,5,2,2,2,2,40
220473,JOHNSON BIBLE COLLEGE,28940,1,KNOXVILLE,TN,37998,47,5,2,1,2,2,2,51
220516,KING COLLEGE,28700,1,BRISTOL,TN,37620-2699,47,5,2,1,2,2,2,31
220552,SOUTH COLLEGE,28940,1,KNOXVILLE,TN,37917-0000,47,5,3,1,3,2,2,40
220589,LAMBUTH UNIVERSITY,27180,1,JACKSON,TN,38301,47,5,2,1,2,2,2,32
220598,LANE COLLEGE,27180,1,JACKSON,TN,38301-4598,47,5,2,1,2,1,2,31
220604,LE MOYNE-OWEN COLLEGE,32820,1,MEMPHIS,TN,38126,47,5,2,1,2,1,2,32
220613,LEE UNIVERSITY,17420,1,CLEVELAND,TN,37320-3731,47,5,2,1,2,2,2,32
220631,LINCOLN MEMORIAL UNIVERSITY,-2,-2,HARROGATE,TN,37752-9900,47,5,2,1,2,2,2,21
220701,MARTIN METHODIST COLLEGE,-2,-2,Pulaski,TN,38478-2799,47,5,2,1,2,2,2,32
220710,MARYVILLE COLLEGE,28940,1,MARYVILLE,TN,37804-5907,47,5,2,1,2,2,2,32
220808,MEMPHIS COLLEGE OF ART,32820,1,MEMPHIS,TN,38104-2764,47,5,2,1,2,2,2,56
220862,UNIVERSITY OF MEMPHIS,32820,1,MEMPHIS,TN,38152,47,5,1,1,1,2,2,15
220941,CRICHTON COLLEGE,32820,1,Memphis,TN,38111-1375,47,5,2,1,2,2,2,32
220978,MIDDLE TENNESSEE STATE UNIVERSITY,34980,1,MURFREESBORO,TN,37132,47,5,1,1,1,2,2,16
221014,MILLIGAN COLLEGE,27740,1,MILLIGAN COLLEGE,TN,37682,47,5,2,1,2,2,2,22
221096,MOTLOW STATE COMMUNITY COLLEGE,46100,2,Tullahoma,TN,37388,47,5,4,2,1,2,2,40
221148,NASHVILLE AUTO DIESEL COLLEGE INC,34980,1,NASHVILLE,TN,37206,47,5,6,2,3,2,2,40
221184,NASHVILLE STATE TECHNICAL COMMUNITY COLLEGE,34980,1,NASHVILLE,TN,37209-4515,47,5,4,2,1,2,2,40
221254,O'MORE COLLEGE OF DESIGN,34980,1,FRANKLIN,TN,37064,47,5,2,1,2,2,2,56
221351,RHODES COLLEGE,32820,1,Memphis,TN,38112-1690,47,5,2,1,2,2,2,31
221397,ROANE STATE COMMUNITY COLLEGE,25340,2,HARRIMAN,TN,37748,47,5,4,2,1,2,2,40
221485,SOUTHWEST TENNESSEE COMMUNITY COLLEGE,32820,1,MEMPHIS,TN,38134-7693,47,5,4,2,1,2,2,40
221519,SEWANEE: THE UNIVERSITY OF THE SOUTH,46100,2,Sewanee,TN,37383-1000,47,5,2,1,2,2,2,31
221643,PELLISSIPPI STATE TECHNICAL COMMUNITY COLLEGE,28940,1,KNOXVILLE,TN,37933-0990,47,5,4,2,1,2,2,40
221661,SOUTHERN ADVENTIST UNIVERSITY,16860,1,COLLEGEDALE,TN,37315-0370,47,5,2,1,2,2,2,32
221731,TENNESSEE WESLEYAN COLLEGE,11940,2,ATHENS,TN,37303,47,5,2,1,2,2,2,32
221740,THE UNIVERSITY OF TENNESSEE-CHATTANOOGA,16860,1,CHATTANOOGA,TN,37403,47,5,1,1,1,2,2,21
221759,THE UNIVERSITY OF TENNESSEE,28940,1,KNOXVILLE,TN,37996,47,5,1,1,1,2,2,15
221768,THE UNIVERSITY OF TENNESSEE-MARTIN,32280,2,MARTIN,TN,38238-5021,47,5,1,1,1,2,2,21
221795,FOUNTAINHEAD COLLEGE OF TECHNOLOGY,28940,1,KNOXVILLE,TN,37918,47,5,3,1,3,2,2,40
221838,TENNESSEE STATE UNIVERSITY,34980,1,NASHVILLE,TN,37209-1561,47,5,1,1,1,1,2,16
221847,TENNESSEE TECHNOLOGICAL UNIVERSITY,18260,2,COOKEVILLE,TN,38505-0001,47,5,1,1,1,2,2,21
221856,TENNESSEE TEMPLE UNIVERSITY,16860,1,CHATTANOOGA,TN,37404,47,5,2,1,2,2,2,32
221892,TREVECCA NAZARENE UNIVERSITY,34980,1,NASHVILLE,TN,37210,47,5,2,1,2,2,2,21
221908,NORTHEAST STATE TECHNICAL COMMUNITY COLLEGE,28700,1,BLOUNTVILLE,TN,37617-0246,47,5,4,2,1,2,2,40
221953,TUSCULUM COLLEGE,24620,2,GREENEVILLE,TN,37743,47,5,2,1,2,2,2,22
221971,UNION UNIVERSITY,27180,1,JACKSON,TN,38305-3697,47,5,2,1,2,2,2,22
221999,VANDERBILT UNIVERSITY,34980,1,NASHVILLE,TN,37240,47,5,2,1,2,2,2,15
222053,VOLUNTEER STATE COMMUNITY COLLEGE,34980,1,GALLATIN,TN,37066-3188,47,5,4,2,1,2,2,40
222062,WALTERS STATE COMMUNITY COLLEGE,34100,1,MORRISTOWN,TN,37813-6899,47,5,4,2,1,2,2,40
222178,ABILENE CHRISTIAN UNIVERSITY,10180,1,ABILENE,TX,79699,48,6,2,1,2,2,2,21
222567,ALVIN COMMUNITY COLLEGE,26420,1,ALVIN,TX,77511-4898,48,6,4,2,1,2,2,40
222576,AMARILLO COLLEGE,11100,1,AMARILLO,TX,79109,48,6,4,2,1,2,2,40
222628,AMBERTON UNIVERSITY,19100,1,GARLAND,TX,75041-5595,48,6,2,1,2,2,2,55
222822,ANGELINA COLLEGE,31260,2,LUFKIN,TX,75904,48,6,4,2,1,2,2,40
222831,ANGELO STATE UNIVERSITY,41660,1,SAN ANGELO,TX,76909,48,6,1,1,1,2,2,21
222877,ARLINGTON BAPTIST COLLEGE,19100,1,ARLINGTON,TX,76012-3425,48,6,2,1,2,2,2,51
222938,ART INSTITUTE OF HOUSTON,26420,1,HOUSTON,TX,77056-4197,48,6,3,1,3,2,2,40
222983,AUSTIN COLLEGE,43300,1,SHERMAN,TX,75090-4400,48,6,2,1,2,2,2,31
222992,AUSTIN COMMUNITY COLLEGE,12420,1,AUSTIN,TX,78752,48,6,4,2,1,2,2,40
223117,BAPTIST MISSIONARY ASSOCIATION THEOLOGICAL SEMINARY,27380,2,JACKSONVILLE,TX,75766-5407,48,6,2,1,2,2,2,51
223214,TEXAS A & M UNIVERSITY SYSTEM HEALTH SCIENCE CTR,17780,1,College Station,TX,77840,48,6,1,1,1,2,2,53
223232,BAYLOR UNIVERSITY,47380,1,WACO,TX,76798,48,6,2,1,2,2,2,16
223320,COASTAL BEND COLLEGE,13300,2,BEEVILLE,TX,78102,48,6,4,2,1,2,2,40
223427,BLINN COLLEGE,14780,2,BRENHAM,TX,77833-4098,48,6,4,2,1,2,2,40
223506,BRAZOSPORT COLLEGE,26420,1,LAKE JACKSON,TX,77566-3199,48,6,4,2,1,2,2,40
223524,BROOKHAVEN COLLEGE,19100,1,FARMERS BRANCH,TX,75244-4997,48,6,4,2,1,2,2,40
223773,CEDAR VALLEY COLLEGE,19100,1,LANCASTER,TX,75134-3799,48,6,4,2,1,2,2,40
223816,CENTRAL TEXAS COLLEGE,28660,1,KILLEEN,TX,76549-4199,48,6,4,2,1,2,2,40
223898,CISCO JUNIOR COLLEGE,-2,-2,CISCO,TX,76437,48,6,4,2,1,2,2,40
223922,CLARENDON COLLEGE,-2,-2,Clarendon,TX,79226,48,6,4,2,1,2,2,40
224004,CONCORDIA UNIVERSITY AT AUSTIN,12420,1,AUSTIN,TX,78705-2799,48,6,2,1,2,2,2,32
224110,NORTH CENTRAL TEXAS COLLEGE,23620,2,GAINESVILLE,TX,76240-4699,48,6,4,2,1,2,2,40
224147,TEXAS A & M UNIVERSITY-CORPUS CHRISTI,18580,1,Corpus Christi,TX,78412-5503,48,6,1,1,1,2,2,21
224183,COURT REPORTING INSTITUTE-WHEELER INSTITUTE OF TEXAS,19100,1,DALLAS,TX,75247,48,6,6,2,3,2,2,40
224226,DALLAS BAPTIST UNIVERSITY,19100,1,DALLAS,TX,75211-9299,48,6,2,1,2,2,2,21
224244,DALLAS CHRISTIAN COLLEGE,19100,1,DALLAS,TX,75234-7299,48,6,2,1,2,2,2,51
224271,DALLAS INSTITUTE OF FUNERAL SERVICE,19100,1,DALLAS,TX,75227-4314,48,6,5,2,2,2,2,40
224323,UNIVERSITY OF DALLAS,19100,1,IRVING,TX,75062-4736,48,6,2,1,2,2,2,31
224350,DEL MAR COLLEGE,18580,1,CORPUS CHRISTI,TX,78404-3897,48,6,4,2,1,2,2,40
224402,DEVRY UNIVERSITY-TEXAS,19100,1,IRVING,TX,75063-2439,48,6,3,1,3,2,2,54
224527,EAST TEXAS BAPTIST UNIVERSITY,32220,2,MARSHALL,TX,75670-1498,48,6,2,1,2,2,2,32
224545,TEXAS A & M UNIVERSITY-TEXARKANA,45500,1,TEXARKANA,TX,75505,48,6,1,1,1,2,2,21
224554,TEXAS A & M UNIVERSITY-COMMERCE,19100,1,COMMERCE,TX,75429-3011,48,6,1,1,1,2,2,16
224572,EASTFIELD COLLEGE,19100,1,MESQUITE,TX,75150-2099,48,6,4,2,1,2,2,40
224615,EL CENTRO COLLEGE,19100,1,DALLAS,TX,75202-3604,48,6,4,2,1,2,2,40
224642,EL PASO COMMUNITY COLLEGE,21340,1,EL PASO,TX,79915-1908,48,6,4,2,1,2,2,40
224679,WESTERN TECHNICAL INSTITUTE,21340,1,EL PASO,TX,79901,48,6,6,2,3,2,2,40
224776,ART INSTITUTE OF DALLAS,19100,1,DALLAS,TX,75231-5993,48,6,3,1,3,2,2,40
224891,FRANK PHILLIPS COLLEGE,14420,2,BORGER,TX,79008-5118,48,6,4,2,1,2,2,40
224961,GALVESTON COLLEGE,26420,1,GALVESTON,TX,77550-7496,48,6,4,2,1,2,2,40
225070,GRAYSON COUNTY COLLEGE,43300,1,DENISON,TX,75020-8299,48,6,4,2,1,2,2,40
225201,HALLMARK INSTITUTE OF TECHNOLOGY,41700,1,SAN ANTONIO,TX,78230-1736,48,6,6,2,3,2,2,40
225247,HARDIN-SIMMONS UNIVERSITY,10180,1,Abilene,TX,79698,48,6,2,1,2,2,2,21
225308,TRINITY VALLEY COMMUNITY COLLEGE,11980,2,ATHENS,TX,75751,48,6,4,2,1,2,2,40
225371,HILL COLLEGE,-2,-2,HILLSBORO,TX,76645,48,6,4,2,1,2,2,40
225399,HOUSTON BAPTIST UNIVERSITY,26420,1,HOUSTON,TX,77074-3298,48,6,2,1,2,2,2,21
225414,UNIVERSITY OF HOUSTON-CLEAR LAKE,26420,1,HOUSTON,TX,77058-1098,48,6,1,1,1,2,2,21
225423,HOUSTON COMMUNITY COLLEGE SYSTEM,26420,1,HOUSTON,TX,77266-7517,48,6,4,2,1,2,2,40
225432,UNIVERSITY OF HOUSTON-DOWNTOWN,26420,1,HOUSTON,TX,77002-1014,48,6,1,1,1,2,2,32
225502,UNIVERSITY OF HOUSTON-VICTORIA,47020,1,VICTORIA,TX,77901,48,6,1,1,1,2,2,21
225511,UNIVERSITY OF HOUSTON-UNIVERSITY PARK,26420,1,HOUSTON,TX,77204-2018,48,6,1,1,1,2,2,15
225520,HOWARD COUNTY JUNIOR COLLEGE DISTRICT,13700,2,BIG SPRING,TX,79720,48,6,4,2,1,2,2,40
225548,HOWARD PAYNE UNIVERSITY,15220,2,BROWNWOOD,TX,76801-2794,48,6,2,1,2,2,2,32
225575,HUSTON-TILLOTSON COLLEGE,12420,1,AUSTIN,TX,78702-2795,48,6,2,1,2,1,2,32
225627,UNIVERSITY OF THE INCARNATE WORD,41700,1,SAN ANTONIO,TX,78209,48,6,2,1,2,2,2,21
225849,ITT TECHNICAL INSTITUTE,19100,1,ARLINGTON,TX,76011,48,6,6,2,3,2,2,40
225858,ITT TECHNICAL INSTITUTE,26420,1,HOUSTON,TX,77063-3751,48,6,6,2,3,2,2,40
225867,AUSTIN BUSINESS COLLEGE,12420,1,AUSTIN,TX,78741,48,6,6,2,3,2,2,40
225876,JACKSONVILLE COLLEGE-MAIN CAMPUS,27380,2,JACKSONVILLE,TX,75766-4759,48,6,5,2,2,2,2,40
225885,JARVIS CHRISTIAN COLLEGE,-2,-2,HAWKINS,TX,75765-1470,48,6,2,1,2,1,2,32
225991,K D STUDIO,19100,1,DALLAS,TX,75207,48,6,6,2,3,2,2,40
226019,KILGORE COLLEGE,30980,1,KILGORE,TX,75662-3299,48,6,4,2,1,2,2,40
226091,LAMAR UNIVERSITY,13140,1,BEAUMONT,TX,77705,48,6,1,1,1,2,2,21
226107,LAMAR STATE COLLEGE-ORANGE,13140,1,ORANGE,TX,77630,48,6,4,2,1,2,2,40
226116,LAMAR STATE COLLEGE-PORT ARTHUR,13140,1,PORT ARTHUR,TX,77640,48,6,4,2,1,2,2,40
226134,LAREDO COMMUNITY COLLEGE,29700,1,LAREDO,TX,78040-4395,48,6,4,2,1,2,2,40
226152,TEXAS A & M INTERNATIONAL UNIVERSITY,29700,1,LAREDO,TX,78041-1900,48,6,1,1,1,2,2,21
226204,LEE COLLEGE,26420,1,BAYTOWN,TX,77520,48,6,4,2,1,2,2,40
226231,LETOURNEAU UNIVERSITY,30980,1,LONGVIEW,TX,75607-7001,48,6,2,1,2,2,2,22
226329,LON MORRIS COLLEGE,27380,2,JACKSONVILLE,TX,75766-0800,48,6,5,2,2,2,2,40
226383,LUBBOCK CHRISTIAN UNIVERSITY,31180,1,Lubbock,TX,79407-2099,48,6,2,1,2,2,2,32
226408,COLLEGE OF THE MAINLAND,26420,1,Texas City,TX,77591-2499,48,6,4,2,1,2,2,40
226471,UNIVERSITY OF MARY HARDIN-BAYLOR,28660,1,BELTON,TX,76513-2599,48,6,2,1,2,2,2,21
226578,MCLENNAN COMMUNITY COLLEGE,47380,1,WACO,TX,76708,48,6,4,2,1,2,2,40
226587,MCMURRY UNIVERSITY,10180,1,ABILENE,TX,79697,48,6,2,1,2,2,2,32
226790,MTI COLLEGE OF BUSINESS AND TECHNOLOGY,26420,1,HOUSTON,TX,77036,48,6,6,2,3,2,2,40
226806,MIDLAND COLLEGE,33260,1,MIDLAND,TX,79705,48,6,4,2,1,2,2,40
226833,MIDWESTERN STATE UNIVERSITY,48660,1,WICHITA FALLS,TX,76308-2099,48,6,1,1,1,2,2,21
226879,WADE COLLEGE,19100,1,DALLAS,TX,75207,48,6,6,2,3,2,2,40
226930,MOUNTAIN VIEW COLLEGE,19100,1,DALLAS,TX,75211-6599,48,6,4,2,1,2,2,40
227146,NAVARRO COLLEGE,18620,2,CORSICANA,TX,75110,48,6,4,2,1,2,2,40
227182,NORTH HARRIS MONTGOMERY COMMUNITY COLLEGE DISTRICT,26420,1,The Woodlands,TX,77381-4399,48,6,4,2,1,2,2,40
227191,NORTH LAKE COLLEGE,19100,1,IRVING,TX,75038-3899,48,6,4,2,1,2,2,40
227216,UNIVERSITY OF NORTH TEXAS,19100,1,DENTON,TX,76203-1277,48,6,1,1,1,2,2,15
227225,NORTHEAST TEXAS COMMUNITY COLLEGE,34420,2,MOUNT PLEASANT,TX,75455,48,6,4,2,1,2,2,40
227304,ODESSA COLLEGE,36220,1,ODESSA,TX,79764-7127,48,6,4,2,1,2,2,40
227331,OUR LADY OF THE LAKE UNIVERSITY-SAN ANTONIO,41700,1,SAN ANTONIO,TX,78207-4689,48,6,2,1,2,2,2,21
227368,THE UNIVERSITY OF TEXAS-PAN AMERICAN,32580,1,EDINBURG,TX,78541-2999,48,6,1,1,1,2,2,21
227377,THE UNIVERSITY OF TEXAS AT BROWNSVILLE,15180,1,BROWNSVILLE,TX,78520-4991,48,6,1,1,1,2,2,21
227386,PANOLA COLLEGE,-2,-2,CARTHAGE,TX,75633,48,6,4,2,1,2,2,40
227401,PARIS JUNIOR COLLEGE,37580,2,PARIS,TX,75460,48,6,4,2,1,2,2,40
227429,PAUL QUINN COLLEGE,19100,1,DALLAS,TX,75241,48,6,2,1,2,1,2,32
227526,PRAIRIE VIEW A & M UNIVERSITY,26420,1,Prairie View,TX,77446,48,6,1,1,1,1,2,21
227687,RANGER COLLEGE,-2,-2,RANGER,TX,76470,48,6,4,2,1,2,2,40
227757,RICE UNIVERSITY,26420,1,HOUSTON,TX,77005,48,6,2,1,2,2,2,15
227766,RICHLAND COLLEGE,19100,1,DALLAS,TX,75243-2199,48,6,4,2,1,2,2,40
227845,SAINT EDWARD'S UNIVERSITY,12420,1,AUSTIN,TX,78704,48,6,2,1,2,2,2,22
227854,ST PHILIPS COLLEGE,41700,1,SAN ANTONIO,TX,78203-2098,48,6,4,2,1,1,2,40
227863,UNIVERSITY OF ST THOMAS,26420,1,HOUSTON,TX,77006-4696,48,6,2,1,2,2,2,21
227881,SAM HOUSTON STATE UNIVERSITY,26660,2,HUNTSVILLE,TX,77341,48,6,1,1,1,2,2,21
227924,SAN ANTONIO COLLEGE,41700,1,SAN ANTONIO,TX,78212-4299,48,6,4,2,1,2,2,40
227979,SAN JACINTO COLLEGE-CENTRAL CAMPUS,26420,1,PASADENA,TX,77501-2007,48,6,4,2,1,2,2,40
228042,SCHREINER UNIVERSITY,28500,2,KERRVILLE,TX,78028-5697,48,6,2,1,2,2,2,31
228149,ST MARYS UNIVERSITY,41700,1,SAN ANTONIO,TX,78228-8572,48,6,2,1,2,2,2,21
228158,SOUTH PLAINS COLLEGE,30220,2,LEVELLAND,TX,79336,48,6,4,2,1,2,2,40
228246,SOUTHERN METHODIST UNIVERSITY,19100,1,DALLAS,TX,75275-0221,48,6,2,1,2,2,2,15
228291,SOUTHWEST INSTITUTE OF TECHNOLOGY,12420,1,AUSTIN,TX,78735,48,6,6,2,3,2,2,40
228316,SOUTHWEST TEXAS JUNIOR COLLEGE,46620,2,UVALDE,TX,78801-6297,48,6,4,2,1,2,2,40
228325,SOUTHWESTERN ASSEMBLIES OF GOD UNIVERSITY,19100,1,WAXAHACHIE,TX,75165,48,6,2,1,2,2,2,51
228343,SOUTHWESTERN UNIVERSITY,12420,1,GEORGETOWN,TX,78626,48,6,2,1,2,2,2,31
228431,STEPHEN F AUSTIN STATE UNIVERSITY,34860,2,NACOGDOCHES,TX,75962,48,6,1,1,1,2,2,21
228459,TEXAS STATE UNIVERSITY-SAN MARCOS,12420,1,SAN MARCOS,TX,78666,48,6,1,1,1,2,2,21
228468,SOUTHWESTERN ADVENTIST UNIVERSITY,19100,1,Keene,TX,76059,48,6,2,1,2,2,2,32
228486,SOUTHWESTERN CHRISTIAN COLLEGE,19100,1,Terrell,TX,75160-4812,48,6,2,1,2,1,2,51
228501,SUL ROSS STATE UNIVERSITY,-2,-2,ALPINE,TX,79832,48,6,1,1,1,2,2,21
228529,TARLETON STATE UNIVERSITY,44500,2,STEPHENVILLE,TX,76402-0000,48,6,1,1,1,2,2,21
228547,TARRANT COUNTY COLLEGE DISTRICT,19100,1,FORT WORTH,TX,76102-6599,48,6,4,2,1,2,2,40
228608,TEMPLE COLLEGE,28660,1,TEMPLE,TX,76504-7435,48,6,4,2,1,2,2,40
228635,UNIVERSITY OF TEXAS SOUTHWESTERN MEDICAL CENTER AT DALLAS,19100,1,DALLAS,TX,75390-9096,48,6,1,1,1,2,2,52
228644,THE UNIVERSITY OF TEXAS HEALTH SCIENCE-SAN ANTONIO,41700,1,SAN ANTONIO,TX,78229-3900,48,6,1,1,1,2,2,52
228653,THE UNIVERSITY OF TEXAS MEDICAL BRANCH,26420,1,GALVESTON,TX,77555-0129,48,6,1,1,1,2,2,52
228680,TEXAS STATE TECHNICAL COLLEGE-WACO,47380,1,WACO,TX,76705,48,6,4,2,1,2,2,40
228699,TEXARKANA COLLEGE,45500,1,TEXARKANA,TX,75599,48,6,4,2,1,2,2,40
228705,TEXAS A & M UNIVERSITY-KINGSVILLE,28780,2,KINGSVILLE,TX,78363,48,6,1,1,1,2,2,16
228714,TEXAS A & M UNIVERSITY AT GALVESTON,26420,1,GALVESTON,TX,77554,48,6,1,1,1,2,2,31
228723,TEXAS A & M UNIVERSITY,17780,1,COLLEGE STATION,TX,77843,48,6,1,1,1,2,2,15
228769,THE UNIVERSITY OF TEXAS AT ARLINGTON,19100,1,Arlington,TX,76013,48,6,1,1,1,2,2,15
228778,THE UNIVERSITY OF TEXAS AT AUSTIN,12420,1,AUSTIN,TX,78712,48,6,1,1,1,2,2,15
228787,THE UNIVERSITY OF TEXAS AT DALLAS,19100,1,RICHARDSON,TX,75080,48,6,1,1,1,2,2,16
228796,THE UNIVERSITY OF TEXAS AT EL PASO,21340,1,EL PASO,TX,79968-0691,48,6,1,1,1,2,2,16
228802,THE UNIVERSITY OF TEXAS AT TYLER,46340,1,TYLER,TX,75799-6699,48,6,1,1,1,2,2,21
228866,TEXAS CHIROPRACTIC COLLEGE FOUNDATION INC,26420,1,PASADENA,TX,77505,48,6,2,1,2,2,2,53
228875,TEXAS CHRISTIAN UNIVERSITY,19100,1,FT WORTH,TX,76129,48,6,2,1,2,2,2,16
228884,TEXAS COLLEGE,46340,1,TYLER,TX,75702,48,6,2,1,2,1,2,32
228981,TEXAS LUTHERAN UNIVERSITY,41700,1,SEGUIN,TX,78155-5999,48,6,2,1,2,2,2,32
229018,THE UNIVERSITY OF TEXAS OF THE PERMIAN BASIN,36220,1,Odessa,TX,79762-0001,48,6,1,1,1,2,2,21
229027,THE UNIVERSITY OF TEXAS AT SAN ANTONIO,41700,1,SAN ANTONIO,TX,78249-1130,48,6,1,1,1,2,2,21
229063,TEXAS SOUTHERN UNIVERSITY,26420,1,HOUSTON,TX,77004,48,6,1,1,1,1,2,16
229072,TEXAS SOUTHMOST COLLEGE,15180,1,BROWNSVILLE,TX,78520,48,6,4,2,1,2,2,40
229115,TEXAS TECH UNIVERSITY,31180,1,LUBBOCK,TX,79409-5005,48,6,1,1,1,2,2,15
229160,TEXAS WESLEYAN UNIVERSITY,19100,1,FT WORTH,TX,76105-1536,48,6,2,1,2,2,2,22
229179,TEXAS WOMAN'S UNIVERSITY,19100,1,DENTON,TX,76201,48,6,1,1,1,2,2,16
229267,TRINITY UNIVERSITY,41700,1,SAN ANTONIO,TX,78212-7200,48,6,2,1,2,2,2,21
229300,THE UNIVERSITY OF TEXAS HEALTH SCIENCE CENTER,26420,1,HOUSTON,TX,77030,48,6,1,1,1,2,2,52
229319,TEXAS STATE TECHNICAL COLLEGE-HARLINGEN,15180,1,HARLINGEN,TX,78550-3697,48,6,4,2,1,2,2,40
229328,TEXAS STATE TECHNICAL COLLEGE-WEST TEXAS,45020,2,SWEETWATER,TX,79556,48,6,4,2,1,2,2,40
229337,TEXAS TECH UNIVERSITY HEALTH SCIENCES CENTER,31180,1,Lubbock,TX,79430-8305,48,6,1,1,1,2,2,52
229355,TYLER JUNIOR COLLEGE,46340,1,TYLER,TX,75789-0001,48,6,4,2,1,2,2,40
229504,VERNON COLLEGE,46900,2,VERNON,TX,76384-4092,48,6,4,2,1,2,2,40
229540,VICTORIA COLLEGE,47020,1,VICTORIA,TX,77901,48,6,4,2,1,2,2,40
229780,WAYLAND BAPTIST UNIVERSITY,38380,2,PLAINVIEW,TX,79072,48,6,2,1,2,2,2,21
229799,WEATHERFORD COLLEGE,19100,1,WEATHERFORD,TX,76086-5699,48,6,4,2,1,2,2,40
229814,WEST TEXAS A & M UNIVERSITY,11100,1,CANYON,TX,79016-0001,48,6,1,1,1,2,2,21
229832,WESTERN TEXAS COLLEGE,43660,2,SNYDER,TX,79549-9502,48,6,4,2,1,2,2,40
229841,WHARTON COUNTY JUNIOR COLLEGE,20900,2,WHARTON,TX,77488,48,6,4,2,1,2,2,40
229887,WILEY COLLEGE,32220,2,MARSHALL,TX,75670,48,6,2,1,2,1,2,32
230038,BRIGHAM YOUNG UNIVERSITY,39340,1,PROVO,UT,84602,49,7,2,1,2,2,2,15
230047,BRIGHAM YOUNG UNIVERSITY-HAWAII CAMPUS,26180,1,Laie,HI,96762-1294,15,8,2,1,2,2,2,32
230056,UTAH CAREER COLLEGE,41620,1,West Jordan,UT,84088,49,7,6,2,3,2,2,40
230092,COLLEGE OF EASTERN UTAH,39220,2,PRICE,UT,84501,49,7,4,2,1,2,2,40
230171,DIXIE STATE COLLEGE OF UTAH,41100,1,ST GEORGE,UT,84770-3876,49,7,1,1,1,2,2,40
230384,ITT TECHNICAL INSTITUTE,41620,1,MURRAY,UT,84123,49,7,3,1,3,2,2,54
230418,LATTER DAY SAINTS BUSINESS COLLEGE,41620,1,SALT LAKE CITY,UT,84111-1392,49,7,5,2,2,2,2,40
230472,MOUNTAIN WEST COLLEGE-SALT LAKE CITY,41620,1,WEST VALLEY CITY,UT,84119-2632,49,7,6,2,3,2,2,40
230597,SNOW COLLEGE,-2,-2,EPHRAIM,UT,84627,49,7,4,2,1,2,2,40
230603,SOUTHERN UTAH UNIVERSITY,16260,2,CEDAR CITY,UT,84720,49,7,1,1,1,2,2,22
230621,STEVENS-HENAGER COLLEGE-OGDEN,36260,1,West Haven,UT,84401,49,7,3,1,3,2,2,40
230630,STEVENS-HENAGER COLLEGE OF BUSINESS-PROVO,39340,1,PROVO,UT,84606-6157,49,7,3,1,3,2,2,40
230728,UTAH STATE UNIVERSITY,30860,1,LOGAN,UT,84322-1400,49,7,1,1,1,2,2,15
230737,UTAH VALLEY STATE COLLEGE,39340,1,OREM,UT,84058-5999,49,7,1,1,1,2,2,33
230746,SALT LAKE COMMUNITY COLLEGE,41620,1,SALT LAKE CITY,UT,84130,49,7,4,2,1,2,2,40
230764,UNIVERSITY OF UTAH,41620,1,SALT LAKE CITY,UT,84112-9008,49,7,1,1,1,2,2,15
230782,WEBER STATE UNIVERSITY,36260,1,OGDEN,UT,84408-1137,49,7,1,1,1,2,2,22
230807,WESTMINSTER COLLEGE,41620,1,SALT LAKE CITY,UT,84105,49,7,2,1,2,2,2,21
230816,BENNINGTON COLLEGE,13540,2,Bennington,VT,05201-6001,50,1,2,1,2,2,2,31
230825,BURLINGTON COLLEGE,15540,1,BURLINGTON,VT,05401,50,1,2,1,2,2,2,31
230834,CASTLETON STATE COLLEGE,40860,2,CASTLETON,VT,05735,50,1,1,1,1,2,2,22
230852,CHAMPLAIN COLLEGE,15540,1,BURLINGTON,VT,05401,50,1,2,1,2,2,2,33
230861,COMMUNITY COLLEGE OF VERMONT,12740,2,WATERBURY,VT,05676-0120,50,1,4,2,1,2,2,40
230889,GODDARD COLLEGE,12740,2,PLAINFIELD,VT,05667-9432,50,1,2,1,2,2,2,21
230898,GREEN MOUNTAIN COLLEGE,40860,2,POULTNEY,VT,05764-1199,50,1,2,1,2,2,2,32
230913,JOHNSON STATE COLLEGE,-2,-2,JOHNSON,VT,05656-9464,50,1,1,1,1,2,2,21
230931,LYNDON STATE COLLEGE,-2,-2,LYNDONVILLE,VT,05851-0919,50,1,1,1,1,2,2,32
230940,MARLBORO COLLEGE,-2,-2,MARLBORO,VT,05344-0300,50,1,2,1,2,2,2,31
230959,MIDDLEBURY COLLEGE,-2,-2,MIDDLEBURY,VT,05753,50,1,2,1,2,2,2,31
230977,NEW ENGLAND CULINARY INSTITUTE,12740,2,MONTPELIER,VT,05602,50,1,3,1,3,2,2,59
230995,NORWICH UNIVERSITY,12740,2,NORTHFIELD,VT,05663,50,1,2,1,2,2,2,21
231059,SAINT MICHAELS COLLEGE,15540,1,COLCHESTER,VT,05439,50,1,2,1,2,2,2,21
231077,COLLEGE OF ST JOSEPH,40860,2,RUTLAND,VT,05701-3899,50,1,2,1,2,2,2,22
231086,SOUTHERN VERMONT COLLEGE,13540,2,Bennington,VT,05201-6002,50,1,2,1,2,2,2,32
231095,STERLING COLLEGE,-2,-2,CRAFTSBURY COMMON,VT,05827-0072,50,1,2,1,2,2,2,40
231165,VERMONT TECHNICAL COLLEGE,15540,1,Randolph Center,VT,05061-0500,50,1,1,1,1,2,2,54
231174,UNIVERSITY OF VERMONT AND STATE AGRICULTURAL COLL,15540,1,BURLINGTON,VT,05405-0160,50,1,1,1,1,2,2,15
231192,WOODBURY COLLEGE,12740,2,MONTPELIER,VT,05602,50,1,2,1,2,2,2,40
231402,ATLANTIC UNIVERSITY,47260,1,VIRGINIA BEACH,VA,23451,51,5,2,1,2,2,2,59
231420,AVERETT UNIVERSITY,19260,1,DANVILLE,VA,24541,51,5,2,1,2,2,2,21
231536,BLUE RIDGE COMMUNITY COLLEGE,44420,2,WEYERS CAVE,VA,24486-0080,51,5,4,2,1,2,2,40
231554,BLUEFIELD COLLEGE,14140,2,BLUEFIELD,VA,24605,51,5,2,1,2,2,2,32
231581,BRIDGEWATER COLLEGE,25500,1,BRIDGEWATER,VA,22812-1599,51,5,2,1,2,2,2,31
231624,COLLEGE OF WILLIAM AND MARY,47260,1,WILLIAMSBURG,VA,23187-8795,51,5,1,1,1,2,2,16
231651,REGENT UNIVERSITY,47260,1,VIRGINIA BEACH,VA,23464-9826,51,5,2,1,2,2,2,21
231697,CENTRAL VIRGINIA COMMUNITY COLLEGE,31340,1,LYNCHBURG,VA,24502-2498,51,5,4,2,1,2,2,40
231712,CHRISTOPHER NEWPORT UNIVERSITY,47260,1,NEWPORT NEWS,VA,23606-2998,51,5,1,1,1,2,2,31
231785,BRYANT AND STRATTON COLLEGE-VIRGINIA BEACH,47260,1,VIRGINIA BEACH,VA,23462,51,5,3,1,3,2,2,40
231828,BRYANT AND STRATTON COLLEGE-RICHMOND,40060,1,RICHMOND,VA,23235,51,5,3,1,3,2,2,40
231837,JEFFERSON COLLEGE OF HEALTH SCIENCES,40220,1,ROANOKE,VA,24016,51,5,2,1,2,2,2,53
231873,DABNEY S LANCASTER COMMUNITY COLLEGE,-2,-2,Clifton Forge,VA,24422-1000,51,5,4,2,1,2,2,40
231882,DANVILLE COMMUNITY COLLEGE,19260,1,DANVILLE,VA,24541-4004,51,5,4,2,1,2,2,40
232025,EMORY AND HENRY COLLEGE,28700,1,EMORY,VA,24327-0947,51,5,2,1,2,2,2,31
232043,EASTERN MENNONITE UNIVERSITY,25500,1,HARRISONBURG,VA,22802-2462,51,5,2,1,2,2,2,31
232052,EASTERN SHORE COMMUNITY COLLEGE,-2,-2,MELFA,VA,23410,51,5,4,2,1,2,2,40
232089,FERRUM COLLEGE,40220,1,Ferrum,VA,24088-9000,51,5,2,1,2,2,2,32
232186,GEORGE MASON UNIVERSITY,47900,1,FAIRFAX,VA,22030-4444,51,5,1,1,1,2,2,16
232195,GERMANNA COMMUNITY COLLEGE,-2,-2,LOCUST GROVE,VA,22508-2102,51,5,4,2,1,2,2,40
232256,HAMPDEN-SYDNEY COLLEGE,-2,-2,Hampden-Sydney,VA,23943-0128,51,5,2,1,2,2,2,31
232265,HAMPTON UNIVERSITY,47260,1,HAMPTON,VA,23668-0099,51,5,2,1,2,1,2,21
232308,HOLLINS UNIVERSITY,40220,1,ROANOKE,VA,24020,51,5,2,1,2,2,2,31
232414,J SARGEANT REYNOLDS COMMUNITY COLLEGE,40060,1,RICHMOND,VA,23228,51,5,4,2,1,2,2,40
232423,JAMES MADISON UNIVERSITY,25500,1,HARRISONBURG,VA,22807,51,5,1,1,1,2,2,21
232450,JOHN TYLER COMMUNITY COLLEGE,40060,1,CHESTER,VA,23831-5316,51,5,4,2,1,2,2,40
232469,JOHNSON & WALES UNIVERSITY-NORFOLK,47260,1,NORFOLK,VA,23513,51,5,2,1,2,2,2,40
232557,LIBERTY UNIVERSITY,31340,1,LYNCHBURG,VA,24502,51,5,2,1,2,2,2,21
232566,LONGWOOD UNIVERSITY,-2,-2,FARMVILLE,VA,23909,51,5,1,1,1,2,2,21
232575,LORD FAIRFAX COMMUNITY COLLEGE,49020,1,MIDDLETOWN,VA,22645,51,5,4,2,1,2,2,40
232609,LYNCHBURG COLLEGE,31340,1,LYNCHBURG,VA,24501-3199,51,5,2,1,2,2,2,21
232672,MARY BALDWIN COLLEGE,44420,2,STAUNTON,VA,24401,51,5,2,1,2,2,2,22
232681,UNIVERSITY OF MARY WASHINGTON,47900,1,FREDERICKSBURG,VA,22401-5300,51,5,1,1,1,2,2,22
232706,MARYMOUNT UNIVERSITY,47900,1,ARLINGTON,VA,22207-4299,51,5,2,1,2,2,2,21
232788,MOUNTAIN EMPIRE COMMUNITY COLLEGE,-2,-2,BIG STONE GAP,VA,24219,51,5,4,2,1,2,2,40
232797,NATIONAL COLLEGE OF BUSINESS AND TECHNOLOGY-SALEM,40220,1,SALEM,VA,24153,51,5,3,1,3,2,2,40
232867,NEW RIVER COMMUNITY COLLEGE,13980,1,DUBLIN,VA,24084-1127,51,5,4,2,1,2,2,40
232937,NORFOLK STATE UNIVERSITY,47260,1,NORFOLK,VA,23504-8000,51,5,1,1,1,1,2,21
232946,NORTHERN VIRGINIA COMMUNITY COLLEGE,47900,1,ANNANDALE,VA,22003-3796,51,5,4,2,1,2,2,40
232982,OLD DOMINION UNIVERSITY,47260,1,NORFOLK,VA,23529,51,5,1,1,1,2,2,15
233019,PATRICK HENRY COMMUNITY COLLEGE,32300,2,MARTINSVILLE,VA,24112-5311,51,5,4,2,1,2,2,40
233037,PAUL D CAMP COMMUNITY COLLEGE,-2,-2,FRANKLIN,VA,23851,51,5,4,2,1,2,2,40
233116,PIEDMONT VIRGINIA COMMUNITY COLLEGE,16820,1,CHARLOTTESVILLE,VA,22902,51,5,4,2,1,2,2,40
233277,RADFORD UNIVERSITY,13980,1,RADFORD,VA,24141-0672,51,5,1,1,1,2,2,21
233295,RANDOLPH-MACON COLLEGE,40060,1,ASHLAND,VA,23005-5505,51,5,2,1,2,2,2,31
233301,RANDOLPH-MACON WOMAN'S COLLEGE,31340,1,LYNCHBURG,VA,24503-1526,51,5,2,1,2,2,2,31
233310,RAPPAHANNOCK COMMUNITY COLLEGE,47260,1,GLENNS,VA,23149-2616,51,5,4,2,1,2,2,40
233338,RICHARD BLAND COLLEGE OF THE COLLEGE OF WILLIAM AND MARY,40060,1,PETERSBURG,VA,23805,51,5,4,2,1,2,2,40
233374,UNIVERSITY OF RICHMOND,40060,1,RICHMOND,VA,23173,51,5,2,1,2,2,2,31
233426,ROANOKE COLLEGE,40220,1,SALEM,VA,24153-3794,51,5,2,1,2,2,2,31
233499,SAINT PAULS COLLEGE,-2,-2,LAWRENCEVILLE,VA,23868,51,5,2,1,2,1,2,32
233541,SHENANDOAH UNIVERSITY,49020,1,WINCHESTER,VA,22601-5195,51,5,2,1,2,2,2,21
233639,SOUTHSIDE VIRGINIA COMMUNITY COLLEGE,-2,-2,ALBERTA,VA,23821,51,5,4,2,1,2,2,40
233648,SOUTHWEST VIRGINIA COMMUNITY COLLEGE,14140,2,RICHLANDS,VA,24641-1101,51,5,4,2,1,2,2,40
233718,SWEET BRIAR COLLEGE,31340,1,Sweet Briar,VA,24595-9998,51,5,2,1,2,2,2,31
233754,THOMAS NELSON COMMUNITY COLLEGE,47260,1,Hampton,VA,23666,51,5,4,2,1,2,2,40
233772,TIDEWATER COMMUNITY COLLEGE,47260,1,NORFOLK,VA,23510,51,5,4,2,1,2,2,40
233897,THE UNIVERSITY OF VIRGINIA'S COLLEGE AT WISE,-2,-2,WISE,VA,24293,51,5,1,1,1,2,2,31
233903,VIRGINIA HIGHLANDS COMMUNITY COLLEGE,28700,1,ABINGDON,VA,24212-0828,51,5,4,2,1,2,2,40
233912,VIRGINIA INTERMONT COLLEGE,28700,1,BRISTOL,VA,24201,51,5,2,1,2,2,2,32
233921,VIRGINIA POLYTECHNIC INSTITUTE AND STATE UNIV,13980,1,BLACKSBURG,VA,24061-0131,51,5,1,1,1,2,2,15
233949,VIRGINIA WESTERN COMMUNITY COLLEGE,40220,1,ROANOKE,VA,24018,51,5,4,2,1,2,2,40
234030,VIRGINIA COMMONWEALTH UNIVERSITY,40060,1,RICHMOND,VA,23284-2512,51,5,1,1,1,2,2,15
234076,UNIVERSITY OF VIRGINIA-MAIN CAMPUS,16820,1,CHARLOTTESVILLE,VA,22904,51,5,1,1,1,2,2,15
234085,VIRGINIA MILITARY INSTITUTE,-2,-2,LEXINGTON,VA,24450-0304,51,5,1,1,1,2,2,31
234155,VIRGINIA STATE UNIVERSITY,40060,1,PETERSBURG,VA,23806,51,5,1,1,1,1,2,21
234164,VIRGINIA UNION UNIVERSITY,40060,1,RICHMOND,VA,23220,51,5,2,1,2,1,2,31
234173,VIRGINIA WESLEYAN COLLEGE,47260,1,NORFOLK,VA,23502-5599,51,5,2,1,2,2,2,31
234207,WASHINGTON AND LEE UNIVERSITY,-2,-2,LEXINGTON,VA,24450-0303,51,5,2,1,2,2,2,31
234377,WYTHEVILLE COMMUNITY COLLEGE,-2,-2,WYTHEVILLE,VA,24382-3308,51,5,4,2,1,2,2,40
234492,ART INSTITUTE OF SEATTLE,42660,1,SEATTLE,WA,98121-1622,53,8,3,1,3,2,2,40
234669,BELLEVUE COMMUNITY COLLEGE,42660,1,BELLEVUE,WA,98007-6484,53,8,4,2,1,2,2,40
234696,BELLINGHAM TECHNICAL COLLEGE,13380,1,BELLINGHAM,WA,98225-1599,53,8,4,2,1,2,2,40
234711,BIG BEND COMMUNITY COLLEGE,34180,2,MOSES LAKE,WA,98837-3299,53,8,4,2,1,2,2,40
234827,CENTRAL WASHINGTON UNIVERSITY,21260,2,Ellensburg,WA,98926-7501,53,8,1,1,1,2,2,21
234845,CENTRALIA COLLEGE,36500,1,CENTRALIA,WA,98531-4099,53,8,4,2,1,2,2,40
234915,CITY UNIVERSITY,42660,1,BELLEVUE,WA,98005,53,8,2,1,2,2,2,21
234933,CLARK COLLEGE,38900,1,VANCOUVER,WA,98663-3598,53,8,4,2,1,2,2,40
234951,CLOVER PARK TECHNICAL COLLEGE,42660,1,LAKEWOOD,WA,98499-4098,53,8,4,2,1,2,2,40
234960,HENRY COGSWELL COLLEGE,42660,1,EVERETT,WA,98201,53,8,2,1,2,2,2,54
234979,COLUMBIA BASIN COLLEGE,28420,1,PASCO,WA,99301,53,8,4,2,1,2,2,40
235024,CORNISH COLLEGE OF THE ARTS,42660,1,SEATTLE,WA,98121,53,8,2,1,2,2,2,56
235097,EASTERN WASHINGTON UNIVERSITY,44060,1,CHENEY,WA,99004-2496,53,8,1,1,1,2,2,21
235103,EDMONDS COMMUNITY COLLEGE,42660,1,LYNNWOOD,WA,98037-5999,53,8,4,2,1,2,2,40
235149,EVERETT COMMUNITY COLLEGE,42660,1,EVERETT,WA,98201,53,8,4,2,1,2,2,40
235167,EVERGREEN STATE COLLEGE,36500,1,OLYMPIA,WA,98505,53,8,1,1,1,2,2,31
235237,PIERCE COLLEGE AT FORT STEILACOOM,42660,1,LAKEWOOD,WA,98498,53,8,4,2,1,2,2,40
235316,GONZAGA UNIVERSITY,44060,1,SPOKANE,WA,99258-0001,53,8,2,1,2,2,2,21
235334,GRAYS HARBOR COLLEGE,10140,2,ABERDEEN,WA,98520-7599,53,8,4,2,1,2,2,40
235343,GREEN RIVER COMMUNITY COLLEGE,42660,1,AUBURN,WA,98092-3699,53,8,4,2,1,2,2,40
235422,HERITAGE UNIVERSITY,49420,1,TOPPENISH,WA,98948,53,8,2,1,2,2,2,21
235431,HIGHLINE COMMUNITY COLLEGE,42660,1,DES MOINES,WA,98198-9800,53,8,4,2,1,2,2,40
235510,ITT TECHNICAL INSTITUTE,42660,1,SEATTLE,WA,98168-2610,53,8,3,1,3,2,2,54
235529,ITT TECHNICAL INSTITUTE,44060,1,SPOKANE,WA,99212-2610,53,8,3,1,3,2,2,40
235547,BASTYR UNIVERSITY,42660,1,KENMORE,WA,98028,53,8,2,1,2,2,2,53
235699,LAKE WASHINGTON TECHNICAL COLLEGE,42660,1,KIRKLAND,WA,98034-8506,53,8,4,2,1,2,2,40
235750,LOWER COLUMBIA COLLEGE,31020,1,LONGVIEW,WA,98632-0310,53,8,4,2,1,2,2,40
235769,TRINITY LUTHERAN COLLEGE,42660,1,ISSAQUAH,WA,98029-9299,53,8,2,1,2,2,2,51
236072,SEATTLE COMMUNITY COLLEGE-NORTH CAMPUS,42660,1,SEATTLE,WA,98103-3599,53,8,4,2,1,2,2,40
236133,NORTHWEST COLLEGE OF THE ASSEMBLIES OF GOD,42660,1,KIRKLAND,WA,98083-0579,53,8,2,1,2,2,2,32
236188,OLYMPIC COLLEGE,14740,1,BREMERTON,WA,98337-1699,53,8,4,2,1,2,2,40
236230,PACIFIC LUTHERAN UNIVERSITY,42660,1,TACOMA,WA,98447-0003,53,8,2,1,2,2,2,21
236258,PENINSULA COLLEGE,38820,2,PORT ANGELES,WA,98362,53,8,4,2,1,2,2,40
236300,PUGET SOUND CHRISTIAN COLLEGE,42660,1,Everett,WA,98201-3516,53,8,2,1,2,2,2,51
236328,UNIVERSITY OF PUGET SOUND,42660,1,TACOMA,WA,98416,53,8,2,1,2,2,2,31
236382,RENTON TECHNICAL COLLEGE,42660,1,RENTON,WA,98056-4195,53,8,4,2,1,2,2,40
236452,SAINT MARTINS COLLEGE,36500,1,LACEY,WA,98503-7500,53,8,2,1,2,2,2,21
236504,SEATTLE COMMUNITY COLLEGE-SOUTH CAMPUS,42660,1,SEATTLE,WA,98106-1499,53,8,4,2,1,2,2,40
236513,SEATTLE COMMUNITY COLLEGE-CENTRAL CAMPUS,42660,1,SEATTLE,WA,98122,53,8,4,2,1,2,2,40
236577,SEATTLE PACIFIC UNIVERSITY,42660,1,SEATTLE,WA,98119-1997,53,8,2,1,2,2,2,21
236595,SEATTLE UNIVERSITY,42660,1,SEATTLE,WA,98122-4340,53,8,2,1,2,2,2,21
236610,SHORELINE COMMUNITY COLLEGE,42660,1,SHORELINE,WA,98133-5696,53,8,4,2,1,2,2,40
236638,SKAGIT VALLEY COLLEGE,34580,1,MT VERNON,WA,98273,53,8,4,2,1,2,2,40
236656,SOUTH PUGET SOUND COMMUNITY COLLEGE,36500,1,OLYMPIA,WA,98512-6292,53,8,4,2,1,2,2,40
236692,SPOKANE COMMUNITY COLLEGE,44060,1,SPOKANE,WA,99217-5399,53,8,4,2,1,2,2,40
236708,SPOKANE FALLS COMMUNITY COLLEGE,44060,1,SPOKANE,WA,99224-5288,53,8,4,2,1,2,2,40
236753,TACOMA COMMUNITY COLLEGE,42660,1,TACOMA,WA,98466-6100,53,8,4,2,1,2,2,40
236887,WALLA WALLA COMMUNITY COLLEGE,47460,2,Walla Walla,WA,99362-9267,53,8,4,2,1,2,2,40
236896,WALLA WALLA COLLEGE,47460,2,COLLEGE PLACE,WA,99324-1198,53,8,2,1,2,2,2,21
236939,WASHINGTON STATE UNIVERSITY,39420,2,PULLMAN,WA,99164-1009,53,8,1,1,1,2,2,15
236948,UNIVERSITY OF WASHINGTON-SEATTLE CAMPUS,42660,1,SEATTLE,WA,98195-4550,53,8,1,1,1,2,2,15
236975,WENATCHEE VALLEY COLLEGE,48300,1,WENATCHEE,WA,98801-1799,53,8,4,2,1,2,2,40
237011,WESTERN WASHINGTON UNIVERSITY,13380,1,BELLINGHAM,WA,98225-9008,53,8,1,1,1,2,2,21
237039,WHATCOM COMMUNITY COLLEGE,13380,1,BELLINGHAM,WA,98226,53,8,4,2,1,2,2,40
237057,WHITMAN COLLEGE,47460,2,WALLA WALLA,WA,99362,53,8,2,1,2,2,2,31
237066,WHITWORTH COLLEGE,44060,1,SPOKANE,WA,99251,53,8,2,1,2,2,2,21
237109,YAKIMA VALLEY COMMUNITY COLLEGE,49420,1,YAKIMA,WA,98907-2520,53,8,4,2,1,2,2,40
237118,ALDERSON BROADDUS COLLEGE,-2,-2,PHILIPPI,WV,26416-2035,54,5,2,1,2,2,2,32
237136,APPALACHIAN BIBLE COLLEGE,13220,2,BRADLEY,WV,25818-1353,54,5,2,1,2,2,2,51
237154,MOUNTAIN STATE UNIVERSITY,13220,2,BECKLEY,WV,25801,54,5,2,1,2,2,2,33
237181,BETHANY COLLEGE,48260,1,BETHANY,WV,26032,54,5,2,1,2,2,2,31
237215,BLUEFIELD STATE COLLEGE,14140,2,BLUEFIELD,WV,24701,54,5,1,1,1,1,2,32
237312,UNIVERSITY OF CHARLESTON,16620,1,CHARLESTON,WV,25304,54,5,2,1,2,2,2,32
237330,CONCORD UNIVERSITY,14140,2,ATHENS,WV,24712,54,5,1,1,1,2,2,32
237358,DAVIS AND ELKINS COLLEGE,-2,-2,ELKINS,WV,26241-3996,54,5,2,1,2,2,2,32
237367,FAIRMONT STATE UNIVERSITY,21900,2,FAIRMONT,WV,26554-2470,54,5,1,1,1,2,2,32
237385,GLENVILLE STATE COLLEGE,-2,-2,GLENVILLE,WV,26351-1292,54,5,1,1,1,2,2,32
237437,HUNTINGTON JUNIOR COLLEGE,26580,1,HUNTINGTON,WV,25701,54,5,6,2,3,2,2,40
237525,MARSHALL UNIVERSITY,26580,1,HUNTINGTON,WV,25755,54,5,1,1,1,2,2,21
237598,MOUNTAIN STATE COLLEGE,37620,1,PARKERSBURG,WV,26101-3993,54,5,6,2,3,2,2,40
237604,NATIONAL INSTITUTE OF TECHNOLOGY,16620,1,CROSS LANES,WV,25313,54,5,6,2,3,2,2,40
237640,OHIO VALLEY COLLEGE,37620,1,VIENNA,WV,26105-8000,54,5,2,1,2,2,2,32
237686,WEST VIRGINIA UNIVERSITY AT PARKERSBURG,37620,1,PARKERSBURG,WV,26101,54,5,1,1,1,2,2,33
237701,POTOMAC STATE COLLEGE OF WEST VIRGINIA UNIVERSITY,19060,1,KEYSER,WV,26726,54,5,4,2,1,2,2,40
237783,SALEM INTERNATIONAL UNIVERSITY,17220,2,SALEM,WV,26426,54,5,2,1,2,2,2,22
237792,SHEPHERD UNIVERSITY,47900,1,Shepherdstown,WV,25443-3210,54,5,1,1,1,2,2,32
237817,SOUTHERN WEST VIRGINIA COMMUNITY AND TECHNICAL COLL,-2,-2,MT GAY,WV,25637,54,5,4,2,1,2,2,40
237899,WEST VIRGINIA STATE UNIVERSITY,16620,1,INSTITUTE,WV,25112,54,5,1,1,1,1,2,32
237932,WEST LIBERTY STATE COLLEGE,48540,1,WEST LIBERTY,WV,26074,54,5,1,1,1,2,2,32
237950,WEST VIRGINIA UNIVERSITY INSTITUTE OF TECHNOLOGY,16620,1,MONTGOMERY,WV,25136,54,5,1,1,1,2,2,32
237969,WEST VIRGINIA WESLEYAN COLLEGE,-2,-2,BUCKHANNON,WV,26201-2994,54,5,2,1,2,2,2,31
237978,WEST VIRGINIA BUSINESS COLLEGE-WHEELING,48540,1,WHEELING,WV,26003,54,5,6,2,3,2,2,40
237987,WEST VIRGINIA JUNIOR COLLEGE,16620,1,CHARLESTON,WV,25301,54,5,6,2,3,2,2,40
237996,WEST VIRGINIA JUNIOR COLLEGE,34060,1,MORGANTOWN,WV,26505,54,5,6,2,3,2,2,40
238014,WEST VIRGINIA NORTHERN COMMUNITY COLLEGE,48540,1,Wheeling,WV,26003-3699,54,5,4,2,1,2,2,40
238032,WEST VIRGINIA UNIVERSITY,34060,1,MORGANTOWN,WV,26506-6201,54,5,1,1,1,2,2,15
238078,WHEELING JESUIT UNIVERSITY,48540,1,WHEELING,WV,26003,54,5,2,1,2,2,2,21
238193,ALVERNO COLLEGE,33340,1,MILWAUKEE,WI,53234-3922,55,3,2,1,2,2,2,32
238263,MADISON AREA TECHNICAL COLLEGE,31540,1,MADISON,WI,53704,55,3,4,2,1,2,2,40
238324,BELLIN COLLEGE OF NURSING,24580,1,GREEN BAY,WI,54301-3504,55,3,2,1,2,2,2,53
238333,BELOIT COLLEGE,27500,1,BELOIT,WI,53511-5595,55,3,2,1,2,2,2,31
238397,BLACKHAWK TECHNICAL COLLEGE,27500,1,JANESVILLE,WI,53547-5009,55,3,4,2,1,2,2,40
238430,CARDINAL STRITCH UNIVERSITY,33340,1,MILWAUKEE,WI,53217-3985,55,3,2,1,2,2,2,21
238458,CARROLL COLLEGE,33340,1,WAUKESHA,WI,53186,55,3,2,1,2,2,2,32
238476,CARTHAGE COLLEGE,16980,1,KENOSHA,WI,53140,55,3,2,1,2,2,2,22
238616,CONCORDIA UNIVERSITY-WISCONSIN,33340,1,MEQUON,WI,53097-2402,55,3,2,1,2,2,2,21
238661,EDGEWOOD COLLEGE,31540,1,MADISON,WI,53711-1997,55,3,2,1,2,2,2,21
238722,FOX VALLEY TECHNICAL COLLEGE,11540,1,APPLETON,WI,54912-2277,55,3,4,2,1,2,2,40
238759,GATEWAY TECHNICAL COLLEGE,16980,1,KENOSHA,WI,53144-1690,55,3,4,2,1,2,2,40
238892,ITT TECHNICAL INSTITUTE,33340,1,GREENFIELD,WI,53220-4612,55,3,3,1,3,2,2,54
238980,LAKELAND COLLEGE,43100,1,Plymouth,WI,53073,55,3,2,1,2,2,2,32
239008,LAKESHORE TECHNICAL COLLEGE,31820,2,CLEVELAND,WI,53015,55,3,4,2,1,2,2,40
239017,LAWRENCE UNIVERSITY,11540,1,APPLETON,WI,54912,55,3,2,1,2,2,2,31
239071,MARANATHA BAPTIST BIBLE COLLEGE INC,48020,2,WATERTOWN,WI,53094,55,3,2,1,2,2,2,51
239080,MARIAN COLLEGE OF FOND DU LAC,22540,1,FOND DU LAC,WI,54935-4699,55,3,2,1,2,2,2,22
239105,MARQUETTE UNIVERSITY,33340,1,MILWAUKEE,WI,53233,55,3,2,1,2,2,2,15
239220,MID-STATE TECHNICAL COLLEGE,32270,2,WISCONSIN RAPIDS,WI,54494,55,3,4,2,1,2,2,40
239248,MILWAUKEE AREA TECHNICAL COLLEGE,33340,1,MILWAUKEE,WI,53233-1443,55,3,4,2,1,2,2,40
239309,MILWAUKEE INSTITUTE OF ART DESIGN,33340,1,MILWAUKEE,WI,53202,55,3,2,1,2,2,2,56
239318,MILWAUKEE SCHOOL OF ENGINEERING,33340,1,MILWAUKEE,WI,53202-3109,55,3,2,1,2,2,2,54
239372,MORAINE PARK TECHNICAL COLLEGE,22540,1,FOND DU LAC,WI,54936-1940,55,3,4,2,1,2,2,40
239390,MOUNT MARY COLLEGE,33340,1,MILWAUKEE,WI,53222-4597,55,3,2,1,2,2,2,22
239442,NICOLET AREA TECHNICAL COLLEGE,-2,-2,RHINELANDER,WI,54501-0518,55,3,4,2,1,2,2,40
239460,NORTHCENTRAL TECHNICAL COLLEGE,48140,1,WAUSAU,WI,54401-1899,55,3,4,2,1,2,2,40
239488,NORTHEAST WISCONSIN TECHNICAL COLLEGE,24580,1,GREEN BAY,WI,54307-9042,55,3,4,2,1,2,2,40
239512,NORTHLAND COLLEGE,-2,-2,ASHLAND,WI,54806-3999,55,3,2,1,2,2,2,32
239628,RIPON COLLEGE,22540,1,RIPON,WI,54971-0248,55,3,2,1,2,2,2,31
239716,SAINT NORBERT COLLEGE,24580,1,DE PERE,WI,54115-2099,55,3,2,1,2,2,2,32
239743,SILVER LAKE COLLEGE,31820,2,MANITOWOC,WI,54220-9319,55,3,2,1,2,2,2,21
239910,SOUTHWEST WISCONSIN TECHNICAL COLLEGE,38420,2,FENNIMORE,WI,53809-9778,55,3,4,2,1,2,2,40
239929,BRYANT AND STRATTON COLLEGE-MILWAUKEE,33340,1,MILWAUKEE,WI,53203-2608,55,3,3,1,3,2,2,40
240055,UNIVERSITY OF WISCONSIN COLLEGES,31540,1,MADISON,WI,53708-8680,55,3,4,2,1,2,2,40
240107,VITERBO UNIVERSITY,29100,1,La Crosse,WI,54601-8804,55,3,2,1,2,2,2,22
240116,CHIPPEWA VALLEY TECHNICAL COLLEGE,20740,1,EAU CLAIRE,WI,54701-6162,55,3,4,2,1,2,2,40
240125,WAUKESHA COUNTY TECHNICAL COLLEGE,33340,1,Pewaukee,WI,53072-4601,55,3,4,2,1,2,2,40
240170,WESTERN WISCONSIN TECHNICAL COLLEGE,29100,1,LA CROSSE,WI,54602-0908,55,3,4,2,1,2,2,40
240189,UNIVERSITY OF WISCONSIN-WHITEWATER,48580,2,WHITEWATER,WI,53190-1790,55,3,1,1,1,2,2,21
240198,WISCONSIN INDIANHEAD TECHNICAL COLLEGE,-2,-2,Shell Lake,WI,54871-8727,55,3,4,2,1,2,2,40
240268,UNIVERSITY OF WISCONSIN-EAU CLAIRE,20740,1,EAU CLAIRE,WI,54701,55,3,1,1,1,2,2,21
240277,UNIVERSITY OF WISCONSIN-GREEN BAY,24580,1,GREEN BAY,WI,54311-7001,55,3,1,1,1,2,2,22
240329,UNIVERSITY OF WISCONSIN-LA CROSSE,29100,1,LA CROSSE,WI,54601-9959,55,3,1,1,1,2,2,21
240338,WISCONSIN LUTHERAN COLLEGE,33340,1,MILWAUKEE,WI,53226-4699,55,3,2,1,2,2,2,32
240365,UNIVERSITY OF WISCONSIN-OSHKOSH,36780,1,OSHKOSH,WI,54901,55,3,1,1,1,2,2,21
240374,UNIVERSITY OF WISCONSIN-PARKSIDE,16980,1,KENOSHA,WI,53141-2000,55,3,1,1,1,2,2,22
240392,HERZING COLLEGE,31540,1,MADISON,WI,53718,55,3,3,1,3,2,2,54
240417,UNIVERSITY OF WISCONSIN-STOUT,32860,2,MENOMONIE,WI,54751,55,3,1,1,1,2,2,21
240426,UNIVERSITY OF WISCONSIN-SUPERIOR,20260,1,SUPERIOR,WI,54880-4500,55,3,1,1,1,2,2,21
240444,UNIVERSITY OF WISCONSIN-MADISON,31540,1,MADISON,WI,53706-1380,55,3,1,1,1,2,2,15
240453,UNIVERSITY OF WISCONSIN-MILWAUKEE,33340,1,MILWAUKEE,WI,53211,55,3,1,1,1,2,2,15
240462,UNIVERSITY OF WISCONSIN-PLATTEVILLE,38420,2,PLATTEVILLE,WI,53818-3001,55,3,1,1,1,2,2,21
240471,UNIVERSITY OF WISCONSIN-RIVER FALLS,33460,1,RIVER FALLS,WI,54022,55,3,1,1,1,2,2,21
240480,UNIVERSITY OF WISCONSIN-STEVENS POINT,44620,2,STEVENS POINT,WI,54481,55,3,1,1,1,2,2,21
240505,CASPER COLLEGE,16220,1,CASPER,WY,82601-4699,56,7,4,2,1,2,2,40
240514,CENTRAL WYOMING COLLEGE,40180,2,RIVERTON,WY,82501,56,7,4,2,1,2,2,40
240596,EASTERN WYOMING COLLEGE,-2,-2,TORRINGTON,WY,82240-1699,56,7,4,2,1,2,2,40
240620,LARAMIE COUNTY COMMUNITY COLLEGE,16940,1,CHEYENNE,WY,82007-3299,56,7,4,2,1,2,2,40
240657,NORTHWEST COMMUNITY COLLEGE,-2,-2,POWELL,WY,82435,56,7,4,2,1,2,2,40
240666,SHERIDAN COLLEGE,43260,2,SHERIDAN,WY,82801,56,7,4,2,1,2,2,40
240693,WESTERN WYOMING COMMUNITY COLLEGE,40540,2,ROCK SPRINGS,WY,82902-0428,56,7,4,2,1,2,2,40
240718,WYO TECH,29660,2,LARAMIE,WY,82072-9519,56,7,6,2,3,2,2,40
240727,UNIVERSITY OF WYOMING,29660,2,Laramie,WY,82071,56,7,1,1,1,2,2,15
243744,STANFORD UNIVERSITY,41940,1,STANFORD,CA,94305,6,8,2,1,2,2,2,15
243780,PURDUE UNIVERSITY-MAIN CAMPUS,29140,1,WEST LAFAYETTE,IN,47907-1088,18,3,1,1,1,2,2,15
243805,OHR SOMAYACH,35620,1,MONSEY,NY,10952,36,2,2,1,2,2,2,51
243823,PARKER COLLEGE OF CHIROPRACTIC,19100,1,DALLAS,TX,75229-5668,48,6,2,1,2,2,2,53
244011,ITT TECHNICAL INSTITUTE,31100,1,SYLMAR,CA,91342-3664,6,8,3,1,3,2,2,54
244154,ITT TECHNICAL INSTITUTE,19740,1,THORNTON,CO,80229-5338,8,7,3,1,3,2,2,54
244233,CITY COLLEGE,33100,1,FT LAUDERDALE,FL,33309,12,5,2,1,2,2,2,40
244437,GEORGIA PERIMETER COLLEGE,12060,1,DECATUR,GA,30034-3832,13,5,4,2,1,2,2,40
244446,DEKALB TECHNICAL COLLEGE,12060,1,CLARKSTON,GA,30021-2397,13,5,4,2,1,2,2,40
244464,INTERNATIONAL COLLEGE AND GRADUATE SCHOOL,26180,1,HONOLULU,HI,96817,15,8,2,1,2,2,2,51
245032,SOUTHWESTERN COLLEGE,17140,1,FLORENCE,KY,41042,21,5,6,2,3,2,2,40
245342,VATTEROTT COLLEGE,41180,1,ST ANN,MO,63074,29,4,3,1,3,2,2,40
245625,WARREN COUNTY COMMUNITY COLLEGE,10900,1,WASHINGTON,NJ,07882-4343,34,2,4,2,1,2,2,40
245652,ST JOHN'S COLLEGE,42140,1,SANTA FE,NM,87505-4599,35,6,2,1,2,2,2,31
245731,YESHIVA AND KOLLEL HARBOTZAS TORAH,35620,1,BROOKLYN,NY,11230,36,2,2,1,2,2,2,51
245777,BAIS MEDRASH ELYON,35620,1,MONSEY,NY,10952,36,2,2,1,2,2,2,51
245838,ANTIOCH UNIVERSITY-LOS ANGELES BRANCH,31100,1,Culver City,CA,90230-7615,6,8,2,1,2,2,2,21
245883,ANTIOCH UNIVERSITY-SEATTLE BRANCH,42660,1,SEATTLE,WA,98121,53,8,2,1,2,2,2,21
245892,ANTIOCH UNIVERSITY MCGREGOR,19380,1,YELLOW SPRINGS,OH,45387,39,3,2,1,2,2,2,21
245953,MID-AMERICA CHRISTIAN UNIVERSITY,36420,1,OKLAHOMA CITY,OK,73170-9797,40,6,2,1,2,2,2,51
246354,PALO ALTO COLLEGE,41700,1,SAN ANTONIO,TX,78224-2499,48,6,4,2,1,2,2,40
246813,ATHENS TECHNICAL COLLEGE,12020,1,ATHENS,GA,30601-1500,13,5,4,2,1,2,2,40
246974,WESTERN CAREER COLLEGE,41860,1,SAN LEANDRO,CA,95478,6,8,6,2,3,2,2,40
247065,BECKFIELD COLLEGE,17140,1,FLORENCE,KY,41042,21,5,6,2,3,2,2,40
247603,SUSSEX COUNTY COMMUNITY COLLEGE,35620,1,NEWTON,NJ,07860,34,2,4,2,1,2,2,40
247649,LANDMARK COLLEGE,-2,-2,PUTNEY,VT,05346,50,1,5,2,2,2,2,40
247773,YESHIVA GEDOLAH OF GREATER DETROIT,19820,1,OAK PARK,MI,48237,26,3,2,1,2,2,2,51
247825,AUSTIN GRADUATE SCHOOL OF THEOLOGY,12420,1,AUSTIN,TX,78705,48,6,2,1,2,2,2,51
247834,COLLIN COUNTY COMMUNITY COLLEGE DISTRICT,19100,1,PLANO,TX,75093,48,6,4,2,1,2,2,40
247940,OWENSBORO COMMUNITY AND TECHNICAL COLLEGE,36980,1,OWENSBORO,KY,42303,21,5,4,2,1,2,2,40
248934,ECPI COLLEGE OF TECHNOLOGY,47260,1,VIRGINIA BEACH,VA,23462,51,5,3,1,3,2,2,40
248943,ECPI TECHNICAL COLLEGE,40060,1,RICHMOND,VA,23236,51,5,3,1,3,2,2,40
249609,ALLIED MEDICAL AND TECHNICAL INSTITUTE,42540,1,FORTY FORT,PA,18704-2936,42,2,6,2,3,2,2,40
250027,LAUREL BUSINESS INSTITUTE,38300,1,UNIONTOWN,PA,15401,42,2,6,2,3,2,2,40
251075,THOMPSON INSTITUTE,25420,1,HARRISBURG,PA,17111,42,2,6,2,3,2,2,40
251251,ITT TECHNICAL INSTITUTE,21780,1,NEWBURGH,IN,47630,18,3,3,1,3,2,2,54
251260,SOUTHERN UNION STATE COMMUNITY COLLEGE,-2,-2,WADLEY,AL,36276,1,5,4,2,1,2,2,40
251312,SOUTH UNIVERSITY,17900,1,COLUMBIA,SC,29203-6400,45,5,3,1,3,2,2,40
260293,FLORIDA METROPOLITAN UNIVERSITY-BRANDON,45300,1,TAMPA,FL,33619-1354,12,5,3,1,3,2,2,22
260354,CONSOLIDATED SCHOOL OF BUSINESS,29540,1,LANCASTER,PA,17603,42,2,6,2,3,2,2,40
260372,LAC COURTE OREILLES OJIBWA COMMUNITY COLLEGE,-2,-2,HAYWARD,WI,54843,55,3,4,2,1,2,1,60
260789,PLATT COLLEGE-LOS ANGELES,31100,1,Alhambra,CA,91803,6,8,3,1,3,2,2,40
260804,PLATT COLLEGE-NEWPORT BEACH,31100,1,Newport Beach,CA,92660,6,8,3,1,3,2,2,40
260813,PLATT COLLEGE,19740,1,AURORA,CO,80014-3141,8,7,3,1,3,2,2,40
260901,KAPLAN UNIVERSITY,19340,1,DAVENPORT,IA,52807,19,4,3,1,3,2,2,40
260947,CHRISTIAN LIFE COLLEGE,16980,1,MT PROSPECT,IL,60056-2522,17,3,2,1,2,2,2,51
260974,ITT TECHNICAL INSTITUTE,16980,1,Mount Prospect,IL,60056-9823,17,3,3,1,3,2,2,54
261472,ITT TECHNICAL INSTITUTE,19820,1,TROY,MI,48083-1905,26,3,6,2,3,2,2,40
261931,ECPI TECHNICAL COLLEGE,40220,1,ROANOKE,VA,24012,51,5,6,2,3,2,2,40
262013,NEW YORK INSTITUTE OF TECHNOLOGY-CENTRAL ISLIP,35620,1,CENTRAL ISLIP,NY,11722-4501,36,2,2,1,2,2,2,32
262031,ST CHARLES COMMUNITY COLLEGE,41180,1,ST PETERS,MO,63376-0975,29,4,4,2,1,2,2,40
262129,NEW COLLEGE OF FLORIDA,42260,1,SARASOTA,FL,34243-2197,12,5,1,1,1,-3,-3,31
262305,REMINGTON COLLEGE,38060,1,TEMPE,AZ,85284-1133,4,6,3,1,3,2,2,40
262332,SCOTTSDALE CULINARY INSTITUTE,38060,1,SCOTTSDALE,AZ,85251-2729,4,6,6,2,3,2,2,40
363387,HEALD COLLEGE-ROSEVILLE,40900,1,ROSEVILLE,CA,95678,6,8,5,2,2,2,2,40
363439,DRAUGHONS JUNIOR COLLEGE,14540,1,BOWLING GREEN,KY,42101,21,5,6,2,3,2,2,40
363527,BORDER INSTITUTE OF TECHNOLOGY,21340,1,EL PASO,TX,79925,48,6,6,2,3,2,2,40
363633,LUNA COMMUNITY COLLEGE,29780,2,LAS VEGAS,NM,87701,35,6,4,2,1,2,2,40
363712,YESHIVAH GEDOLAH RABBINICAL COLLEGE,33100,1,MIAMI BEACH,FL,33139,12,5,2,1,2,2,2,51
363934,UNIVERSITY OF ADVANCING TECHNOLOGY,38060,1,TEMPE,AZ,85283,4,6,3,1,3,2,2,54
364016,PARADISE VALLEY COMMUNITY COLLEGE,38060,1,PHOENIX,AZ,85032,4,6,4,2,1,2,2,40
364025,CHANDLER/GILBERT COMMUNITY COLLEGE,38060,1,CHANDLER,AZ,85225-2499,4,6,4,2,1,2,2,40
364973,TEXAS CULINARY ACADEMY,12420,1,AUSTIN,TX,78758,48,6,6,2,3,2,2,40
365055,THE ART INSTITUTE OF NEW YORK CITY,35620,1,NEW YORK,NY,10013,36,2,6,2,3,2,2,40
365310,REMINGTON COLLEGE,19740,1,Lakewood,CO,80215-5501,8,7,3,1,3,2,2,40
366252,PENNSYLVANIA COLLEGE OF TECHNOLOGY,48700,1,WILLIAMSPORT,PA,17701-5799,42,2,1,1,1,2,2,33
366261,COMMONWEALTH INSTITUTE OF FUNERAL SERVICE,26420,1,HOUSTON,TX,77090-5918,48,6,5,2,2,2,2,40
366270,DELTA COLLEGE OF ARTS & TECHNOLOGY,12940,1,BATON ROUGE,LA,70806-1529,22,5,6,2,3,2,2,40
366340,STONE CHILD COLLEGE,25660,2,Box Elder,MT,59521,30,7,4,2,1,2,1,60
366395,SUFFOLK COUNTY COMMUNITY COLLEGE,35620,1,SELDEN,NY,11784-2899,36,2,4,2,1,2,2,40
366401,LAS POSITAS COLLEGE,41860,1,LIVERMORE,CA,94551-7650,6,8,4,2,1,2,2,40
366535,REMINGTON COLLEGE-MOBILE CAMPUS,33660,1,MOBILE,AL,36609,1,5,3,1,3,2,2,40
366544,PARKS COLLEGE-AURORA,19740,1,AURORA,CO,80012-5692,8,7,6,2,3,2,2,40
366553,SOUTHWEST FLORIDA COLLEGE,15980,1,Fort Myers,FL,33907-1108,12,5,5,2,2,2,2,40
366580,ITT TECHNICAL INSTITUTE,14460,1,NORWOOD,MA,02062-3932,25,1,6,2,3,2,2,40
366650,ITT TECHNICAL INSTITUTE,28940,1,KNOXVILLE,TN,37932,47,5,3,1,3,2,2,54
366678,ITT TECHNICAL INSTITUTE,12420,1,AUSTIN,TX,78723,48,6,6,2,3,2,2,40
366696,ITT TECHNICAL INSTITUTE,26420,1,HOUSTON,TX,77090-5818,48,6,6,2,3,2,2,40
366711,CALIFORNIA STATE UNIVERSITY-SAN MARCOS,41740,1,SAN MARCOS,CA,92096-0001,6,8,1,1,1,2,2,21
366748,ARGOSY UNIVERSITY-HONOLULU CAMPUS,26180,1,HONOLULU,HI,96813,15,8,3,1,3,2,2,59
366906,INTERNATIONAL INSTITUTE OF THE AMERICAS,38060,1,PHOENIX,AZ,85033-3169,4,6,2,1,2,2,2,40
367024,HAMILTON COLLEGE,19780,1,Urbandale,IA,50323,19,4,3,1,3,2,2,40
367194,MCNALLY SMITH COLLEGE OF MUSIC,33460,1,St Paul,MN,55101-2220,27,4,6,2,3,2,2,40
367413,PENNSYLVANIA CULINARY INSTITUTE,38300,1,PITTSBURGH,PA,15222-3500,42,2,6,2,3,2,2,40
367459,NORTHWEST ARKANSAS COMMUNITY COLLEGE,22220,1,BENTONVILLE,AR,72712-5091,5,5,4,2,1,2,2,40
367839,TEIKYO LORETTO HEIGHTS UNIVERSITY,19740,1,DENVER,CO,80236-2711,8,7,2,1,2,2,2,59
367884,INTERNATIONAL COLLEGE,34940,1,NAPLES,FL,34119-7932,12,5,2,1,2,2,2,32
367909,FLORIDA METROPOLITAN UNIVERSITY-LAKELAND,29460,1,LAKELAND,FL,33801,12,5,3,1,3,2,2,33
367936,ARGOSY UNIVERSITY-ATLANTA CAMPUS,12060,1,ATLANTA,GA,30328,13,5,3,1,3,2,2,59
368443,DRAUGHONS JUNIOR COLLEGE,17300,1,CLARKSVILLE,TN,37040,47,5,6,2,3,2,2,40
368452,NOSSI COLLEGE OF ART,34980,1,GOODLETTSVILLE,TN,37072-9928,47,5,3,1,3,2,2,40
368601,ITT TECHNICAL INSTITUTE,47260,1,NORFOLK,VA,23502-3701,51,5,3,1,3,2,2,40
368805,BRYMAN COLLEGE-WEST LOS ANGELES,31100,1,Los Angeles,CA,90034-3169,6,8,6,2,3,2,2,40
369084,ITT TECHNICAL INSTITUTE,10740,1,ALBUQUERQUE,NM,87109,35,6,3,1,3,2,2,54
371265,BRYMAN COLLEGE,40140,1,ONTARIO,CA,91761,6,8,6,2,3,2,2,40
371760,HEALD COLLEGE-STOCKTON,44700,1,STOCKTON,CA,95210,6,8,5,2,2,2,2,40
371779,HEALD COLLEGE-HAYWARD,41860,1,HAYWARD,CA,94545,6,8,5,2,2,2,2,40
372037,BRYMAN COLLEGE-CITY OF INDUSTRY,31100,1,City of Industry,CA,91746-1023,6,8,6,2,3,2,2,40
372073,PLATT COLLEGE,31100,1,CERRITOS,CA,90703,6,8,6,2,3,2,2,40
372161,MARIC COLLEGE-ANAHEIM,31100,1,ANAHEIM,CA,92805,6,8,6,2,3,2,2,40
372329,INSTITUTE OF BUSINESS AND MEDICAL CAREERS,22660,1,FT COLLINS,CO,80525,8,7,6,2,3,2,2,40
372578,ITT TECHNICAL INSTITUTE,36740,1,LAKE MARY,FL,32746,12,5,3,1,3,2,2,54
373827,NEW ENGLAND SCHOOL OF COMMUNICATIONS,12620,1,BANGOR,ME,04401,23,1,2,1,2,2,2,40
374875,HERITAGE COLLEGE,29820,1,LAS VEGAS,NV,89102,32,8,6,2,3,2,2,40
374972,BRYANT AND STRATTON COLLEGE-LACKAWANNA,15380,1,Orchard Park,NY,14127,36,2,6,2,3,2,2,40
375230,YESHIVA GEDOLAH IMREI YOSEF D'SPINKA,35620,1,BROOKLYN,NY,11219,36,2,2,1,2,2,2,51
375416,REMINGTON COLLEGE,17460,1,CLEVELAND,OH,44125-1957,39,3,6,2,3,2,2,40
375489,AEC-SOUTHERN OHIO COLLEGE-FINDLAY,22300,2,FINDLAY,OH,45840,39,3,6,2,3,2,2,40
376039,OAKBRIDGE ACADEMY OF ARTS,38300,1,LOWER BURRELL,PA,15068,42,2,6,2,3,2,2,40
376136,WESTERN SCHOOL OF HEALTH AND BUSINESS CAREERS,38300,1,MONROEVILLE,PA,15146,42,2,6,2,3,2,2,40
377069,ITT TECHNICAL INSTITUTE,41700,1,SAN ANTONIO,TX,78249-3303,48,6,6,2,3,2,2,40
377519,CROWN COLLEGE,42660,1,TACOMA,WA,98444-1836,53,8,3,1,3,-3,-3,33
377546,NORTHWEST COLLEGE OF ART,14740,1,POULSBO,WA,98370,53,8,3,1,3,2,2,56
377661,VALLEY COLLEGE,25180,1,MARTINSBURG,WV,25401-6203,54,5,6,2,3,2,2,40
378406,ITT TECHNICAL INSTITUTE,31100,1,TORRANCE,CA,90502,6,8,3,1,3,2,2,40
379782,CENTER FOR ADVANCED LEGAL STUDIES,26420,1,HOUSTON,TX,77098-4151,48,6,3,1,3,2,2,40
380359,BAY MILLS COMMUNITY COLLEGE,42300,2,BRIMLEY,MI,49715,26,3,4,2,1,2,1,60
380368,FOND DU LAC TRIBAL AND COMMUNITY COLLEGE,20260,1,CLOQUET,MN,55720,27,4,1,1,1,2,1,60
380377,NORTHWEST INDIAN COLLEGE,13380,1,BELLINGHAM,WA,98226-9217,53,8,4,2,1,2,1,60
380438,PROVO COLLEGE,39340,1,PROVO,UT,84601,49,7,6,2,3,2,2,40
381617,BAKER COLLEGE OF PORT HURON,19820,1,PORT HURON,MI,48060,26,3,2,1,2,2,2,33
381741,REMINGTON COLLEGE-COLORADO SPRINGS CAMPUS,17820,1,COLORADO SPRINGS,CO,80918-3401,8,7,3,1,3,2,2,59
381787,WESTWOOD COLLEGE-DENVER SOUTH,19740,1,DENVER,CO,80227,8,7,3,1,3,2,2,40
381848,CAMTECH,21500,1,ERIE,PA,16510,42,2,5,2,2,2,2,40
381909,ITT TECHNICAL INSTITUTE,40140,1,SAN BERNARDINO,CA,92408-2800,6,8,3,1,3,2,2,54
382027,NEW ENGLAND CULINARY INSTITUTE AT ESSEX,15540,1,ESSEX JUNCTION,VT,05452,50,1,6,2,3,2,2,40
382771,MILLER-MOTTE TECHNICAL COLLEGE,17300,1,CLARKSVILLE,TN,37040,47,5,6,2,3,2,2,40
383190,HAWAII COMMUNITY COLLEGE,25900,2,Hilo,HI,96720-4091,15,8,4,2,1,2,2,40
383950,ANTONELLI COLLEGE,25620,1,HATTIESBURG,MS,39401,28,5,6,2,3,2,2,40
383996,EASTERN NEW MEXICO UNIVERSITY-RUIDOSO,40760,2,RUIDOSO,NM,88345,35,6,4,2,1,2,2,40
384209,THE BRYMAN SCHOOL,38060,1,Phoenix,AZ,85029,4,6,6,2,3,2,2,40
384254,BEACON COLLEGE,36740,1,LEESBURG,FL,34748,12,5,2,1,2,2,2,31
384333,ESTRELLA MOUNTAIN COMMUNITY COLLEGE,38060,1,Avondale,AZ,85323-1000,4,6,4,2,1,2,2,40
384342,HEARTLAND COMMUNITY COLLEGE,14060,1,Normal,IL,61761-9446,17,3,4,2,1,2,2,40
384412,POTOMAC COLLEGE,47900,1,WASHINGTON,DC,20016,11,2,3,1,3,2,2,32
384421,RABBI JACOB JOSEPH SCHOOL,35620,1,EDISON,NJ,08817,34,2,2,1,2,2,2,51
385619,EVERGLADES UNIVERSITY,33100,1,Boca Raton,FL,33431,12,5,2,1,2,2,2,40
386472,HERZING COLLEGE,36740,1,WINTER PARK,FL,32792-5509,12,5,3,1,3,2,2,40
387925,FLORIDA COLLEGE OF NATURAL HEALTH,33100,1,POMPANO BEACH,FL,33064,12,5,6,2,3,2,2,40
388043,NATIONAL COLLEGE OF BUSINESS AND TECH-NASHVILLE,34980,1,NASHVILLE,TN,37211,47,5,6,2,3,2,2,40
388520,COLLEGE OF BIBLICAL STUDIES-HOUSTON,26420,1,HOUSTON,TX,77036-3211,48,6,2,1,2,2,2,40
390701,FLORIDA METROPOLITAN UNIVERSITY-SOUTH ORLANDO,36740,1,ORLANDO,FL,32819,12,5,3,1,3,2,2,22
392840,WATKINS COLLEGE OF ART AND DESIGN,34980,1,NASHVILLE,TN,37228,47,5,2,1,2,2,2,40
399869,SOUTHERN CALIFORNIA INSTITUTE OF TECHNOLOGY,31100,1,ANAHEIM,CA,92801,6,8,3,1,3,2,2,54
402615,COLORADO TECHNICAL UNIVERSITY OF SIOUX FALLS,43620,1,SIOUX FALLS,SD,57108-2272,46,4,3,1,3,2,2,55
402776,THE ART CENTER DESIGN COLLEGE-ALBUQUERQUE,10740,1,ALBUQUERQUE,NM,87110,35,6,3,1,3,2,2,40
403469,ILLINOIS EASTERN COMMUNITY COLLEGES-FRONTIER COMMUNITY COLL,-2,-2,FAIRFIELD,IL,62837,17,3,4,2,1,2,2,40
403478,ILLINOIS EASTERN COMMUNITY COLLEGES-LINCOLN TRAIL COLLEGE,-2,-2,ROBINSON,IL,62454,17,3,4,2,1,2,2,40
403487,ILLINOIS EASTERN COMMUNITY COLLEGES-WABASH VALLEY COLLEGE,-2,-2,MT CARMEL,IL,62863,17,3,4,2,1,2,2,40
404055,INTERNATIONAL INSTITUTE OF THE AMERICAS,38060,1,MESA,AZ,85204-4448,4,6,2,1,2,2,2,40
404073,BAKER COLLEGE OF AUBURN HILLS,19820,1,AUBURN HILLS,MI,48326-2642,26,3,2,1,2,2,2,55
404082,BAKER COLLEGE OF CLINTON TWP,19820,1,CLINTON TOWNSHIP,MI,48035,26,3,2,1,2,2,2,33
404338,SCHILLER INTERNATIONAL UNIVERSITY,45300,1,DUNEDIN,FL,34698-7532,12,5,3,1,3,2,2,55
404365,VATTEROTT COLLEGE,44180,1,SPRINGFIELD,MO,65807,29,4,6,2,3,2,2,40
404383,VATTEROTT COLLEGE,28140,1,Kansas City,MO,64129,29,4,6,2,3,2,2,40
404426,COCONINO COUNTY COMMUNITY COLLEGE,22380,1,FLAGSTAFF,AZ,86001-2701,4,6,4,2,1,2,2,40
404648,BAKER COLLEGE OF CADILLAC,15620,2,CADILLAC,MI,49601-9600,26,3,2,1,2,2,2,55
405058,YESHIVAS NOVOMINSK,35620,1,BROOKLYN,NY,11219,36,2,2,1,2,2,2,51
405526,WEST VIRGINIA BUSINESS COLLEGE-NUTTER FORT,17220,2,Nutter Fort,WV,26301,54,5,6,2,3,2,2,40
405854,RABBINICAL COLLEGE OF OHR SHIMON YISROEL,35620,1,BROOKLYN,NY,11211,36,2,2,1,2,2,2,51
405872,CARROLL COMMUNITY COLLEGE,12580,1,WESTMINSTER,MD,21157,24,2,4,2,1,2,2,40
406219,DAYMAR COLLEGE-LOUISVILLE,31140,1,LOUISVILLE,KY,40218,21,5,6,2,3,2,2,40
406264,SANFORD-BROWN COLLEGE,41180,1,HAZELWOOD,MO,63042,29,4,6,2,3,2,2,40
407009,ARIZONA STATE UNIVERSITY AT THE WEST CAMPUS,38060,1,Glendale,AZ,85306,4,6,1,1,1,2,2,21
407063,ITT TECHNICAL INSTITUTE,27260,1,JACKSONVILLE,FL,32244,12,5,3,1,3,2,2,54
407285,MINNESOTA SCHOOL OF BUSINESS-BROOKLYN CENTER,33460,1,BROOKLYN CENTER,MN,55430,27,4,3,1,3,2,2,40
407319,ITT TECHNICAL INSTITUTE,36540,1,OMAHA,NE,68127-9812,31,4,3,1,3,2,2,40
407665,SOUTHERN METHODIST COLLEGE,36700,2,ORANGEBURG,SC,29115,45,5,2,1,2,2,2,51
408039,MICHIANA COLLEGE,23060,1,FORT WAYNE,IN,46815,18,3,6,2,3,2,2,40
408844,FLORIDA NATIONAL COLLEGE,33100,1,HIALEAH,FL,33012,12,5,6,2,3,2,2,40
409069,ITT TECHNICAL INSTITUTE,33100,1,FT LAUDERDALE,FL,33328,12,5,3,1,3,2,2,40
409315,SOUTH TEXAS COLLEGE,32580,1,MCALLEN,TX,78502-9701,48,6,4,2,1,2,2,40
409333,INTERNATIONAL COLLEGE OF HOSPITALITY MANAGEMENT,25540,1,Suffield,CT,06078,9,1,6,2,3,2,2,40
409689,AMERICAN CHRISTIAN COLLEGE AND SEMINARY,36420,1,OKLAHOMA CITY,OK,73108,40,6,2,1,2,2,2,51
409698,CALIFORNIA STATE UNIVERSITY-MONTEREY BAY,41500,1,SEASIDE,CA,93955-8001,6,8,1,1,1,2,2,31
409829,SANFORD-BROWN COLLEGE,41180,1,ST CHARLES,MO,63301,29,4,6,2,3,2,2,40
409838,COLORADO TECHNICAL UNIVERSITY,28140,1,NORTH KANSAS CITY,MO,64116,29,4,3,1,3,2,2,40
409874,HEALD COLLEGE-SALINAS,41500,1,SALINAS,CA,93906,6,8,5,2,2,2,2,40
410283,BROWN MACKIE COLLEGE-ATLANTA,12060,1,NORCROSS,GA,30093,13,5,6,2,3,2,2,40
410502,CALIFORNIA DESIGN COLLEGE,31100,1,LOS ANGELES,CA,90010,6,8,3,1,3,2,2,40
410539,CAMBRIDGE COLLEGE,19740,1,Aurora,CO,80011,8,7,6,2,3,2,2,40
413413,CAPELLA UNIVERSITY,33460,1,MINNEAPOLIS,MN,55402-3389,27,4,3,1,3,2,2,59
413617,COLLEGE OF MENOMINEE NATION,-2,-2,KESHENA,WI,54135,55,3,5,2,2,2,1,60
413626,LEECH LAKE TRIBAL COLLEGE,14660,2,CASS LAKE,MN,56633,27,4,4,2,1,2,1,60
413635,HIGH-TECH INSTITUTE-SACRAMENTO,40900,1,SACRAMENTO,CA,95827,6,8,6,2,3,2,2,40
413839,ITT TECHNICAL INSTITUTE,30780,1,LITTLE ROCK,AR,72204-9925,5,5,3,1,3,2,2,40
413848,ITT TECHNICAL INSTITUTE,37100,1,OXNARD,CA,93036,6,8,3,1,3,2,2,40
413857,ITT TECHNICAL INSTITUTE,31140,1,LOUISVILLE,KY,40223-5392,21,5,3,1,3,2,2,40
413866,ITT TECHNICAL INSTITUTE,24860,1,GREENVILLE,SC,29615,45,5,3,1,3,2,2,40
413875,ITT TECHNICAL INSTITUTE,41860,1,HAYWARD,CA,94545,6,8,3,1,3,2,2,40
413884,ITT TECHNICAL INSTITUTE,32820,1,MEMPHIS,TN,38119,47,5,3,1,3,2,2,40
414160,BAKER COLLEGE OF JACKSON,27100,1,JACKSON,MI,49202-1290,26,3,2,1,2,2,2,55
414531,ITT TECHNICAL INSTITUTE,42660,1,BOTHELL,WA,98021,53,8,3,1,3,2,2,40
414568,ITT TECHNICAL INSTITUTE,13820,1,BIRMINGHAM,AL,35242,1,5,3,1,3,2,2,40
414586,ITT TECHNICAL INSTITUTE,16980,1,MATTESON,IL,60443,17,3,3,1,3,2,2,40
414823,JOHNSON & WALES UNIVERSITY-FLORIDA CAMPUS,33100,1,NORTH MIAMI,FL,33181,12,5,2,1,2,2,2,59
414832,ITT TECHNICAL INSTITUTE,41940,1,SANTA CLARA,CA,95054-1163,6,8,6,2,3,2,2,40
414841,ITT TECHNICAL INSTITUTE,38300,1,PITTSBURGH,PA,15220,42,2,6,2,3,2,2,40
414911,PENNSYLVANIA HIGHLANDS COMMUNITY COLLEGE,27780,1,JOHNSTOWN,PA,15907-0068,42,2,4,2,1,2,2,40
417114,SILICON VALLEY COLLEGE,41860,1,FREMONT,CA,94538,6,8,3,1,3,2,2,40
417549,CAMELOT COLLEGE,12940,1,BATON ROUGE,LA,70805,22,5,6,2,3,2,2,40
417752,MESSENGER COLLEGE,27900,1,JOPLIN,MO,64804-4909,29,4,2,1,2,2,2,51
418126,New York College of Health Professions,35620,1,SYOSSET,NY,11791-4413,36,2,2,1,2,2,2,40
418870,MEDVANCE INSTITUTE-COOKEVILLE,18260,2,COOKEVILLE,TN,38501-4305,47,5,6,2,3,2,2,40
418889,NORTH CENTRAL INSTITUTE,17300,1,CLARKSVILLE,TN,37042,47,5,6,2,3,2,2,40
419305,METROPOLITAN COLLEGE,10740,1,ALBUQUERQUE,NM,87110-8711,35,6,2,1,2,2,2,55
419341,JNA INSTITUTE OF CULINARY ARTS,37980,1,PHILADELPHIA,PA,19146,42,2,6,2,3,2,2,40
419457,ARGOSY UNIVERSITY-WASHINGTON DC CAMPUS,47900,1,ARLINGTON,VA,22209,51,5,3,1,3,2,2,59
420006,FLORIDA METROPOLITAN UNIVERSITY-MELBOURNE,37340,1,MELBOURNE,FL,32935,12,5,3,1,3,2,2,33
420103,FLORIDA COLLEGE OF NATURAL HEALTH,33100,1,MIAMI,FL,33126,12,5,6,2,3,2,2,40
420307,VIRGINIA COLLEGE-BIRMINGHAM,13820,1,BIRMINGHAM,AL,35209-3703,1,5,3,1,3,2,2,40
420316,VIRGINIA COLLEGE-HUNTSVILLE,26620,1,HUNTSVILLE,AL,35805-9945,1,5,3,1,3,2,2,40
420325,YESHIVA D'MONSEY RABBINICAL COLLEGE,35620,1,MONSEY,NY,10952,36,2,2,1,2,2,2,51
420352,THE COLLEGE OF SAINT THOMAS MORE,19100,1,Fort Worth,TX,76109,48,6,2,1,2,2,2,40
420398,NORTHWEST VISTA COLLEGE,41700,1,SAN ANTONIO,TX,78251,48,6,4,2,1,2,2,40
420404,ITT TECHNICAL INSTITUTE,15380,1,GETZVILLE,NY,14068-0327,36,2,6,2,3,2,2,40
420440,YORK COUNTY COMMUNITY COLLEGE,38860,1,WELLS,ME,04090,23,1,4,2,1,2,2,40
420574,ARIZONA STATE UNIVERSITY EAST,38060,1,MESA,AZ,85212-6053,4,6,1,1,1,2,2,54
420583,FOUNDATION COLLEGE,41740,1,SAN DIEGO,CA,92108,6,8,6,2,3,2,2,40
420866,ARGOSY UNIVERSITY-SCHAUMBURG,16980,1,Schaumburg,IL,60173,17,3,3,1,3,2,2,59
421513,BROWN MACKIE COLLEGE-HOPKINSVILLE,17300,1,Hopkinsville,KY,42240-4948,21,5,6,2,3,2,2,40
423670,INDIANA BUSINESS COLLEGE-EVANSVILLE,21780,1,EVANSVILLE,IN,47715-4601,18,3,6,2,3,2,2,40
424424,MARIC COLLEGE,31100,1,PANORAMA CITY,CA,91402-4222,6,8,6,2,3,2,2,40
425296,BEACON UNIVERSITY,17980,1,COLUMBUS,GA,31909-4663,13,5,2,1,2,2,2,51
427663,ITT TECHNICAL INSTITUTE,26420,1,HOUSTON,TX,77058-9841,48,6,6,2,3,2,2,40
428222,DEFENSE LANGUAGE INSTITUTE,41500,1,MONTEREY,CA,93944-5006,6,0,4,2,1,2,2,40
428286,ILLINOIS INSTITUTE OF ART AT SCHAUMBURG,16980,1,Schaumburg,IL,60173-4913,17,3,3,1,3,2,2,56
428329,CAMBRIA ROWE BUSINESS COLLEGE,26860,2,INDIANA,PA,15701,42,2,6,2,3,2,2,40
428444,THE ART INSTITUTE OF PHOENIX,38060,1,PHOENIX,AZ,85021-2859,4,6,3,1,3,2,2,40
429076,MICHIGAN THEOLOGICAL SEMINARY,19820,1,PLYMOUTH,MI,48170,26,3,2,1,2,2,2,51
429128,URBAN COLLEGE OF BOSTON,14460,1,BOSTON,MA,02111-1093,25,1,5,2,2,2,2,40
429599,ITT TECHNICAL INSTITUTE,29820,1,HENDERSON,NV,89014,32,8,3,1,3,2,2,40
430087,COLORADO TECHNICAL UNIVERSITY,19740,1,GREENWOOD VILLAGE,CO,80111-3201,8,7,3,1,3,2,2,55
430148,HEALD COLLEGE-PORTLAND,38900,1,PORTLAND,OR,97205,41,8,5,2,2,2,2,40
430351,ITT TECHNICAL INSTITUTE,25420,1,MECHANICSBURG,PA,17055,42,2,6,2,3,2,2,40
430360,ITT TECHNICAL INSTITUTE,38300,1,MONROEVILLE,PA,15146,42,2,6,2,3,2,2,40
430379,ITT TECHNICAL INSTITUTE,17140,1,NORWOOD,OH,45212,39,3,6,2,3,2,2,40
430388,ITT TECHNICAL INSTITUTE,17460,1,STRONGSVILLE,OH,44136,39,3,6,2,3,2,2,40
431983,YESHIVA OF THE TELSHE ALUMNI,35620,1,RIVERDALE,NY,10471,36,2,2,1,2,2,2,51
432108,GAMLA COLLEGE,35620,1,BROOKLYN,NY,11230,36,2,5,2,2,2,2,40
432533,ART INSTITUTE OF CALIFORNIA-LOS ANGELES,31100,1,SANTA MONICA,CA,90405-3035,6,8,3,1,3,2,2,40
433174,CAROLINAS COLLEGE OF HEALTH SCIENCES,16740,1,CHARLOTTE,NC,28232-2861,37,5,4,2,1,2,2,40
433536,HERZING COLLEGE,35380,1,KENNER,LA,70062,22,5,3,1,3,2,2,54
433563,SPENCERIAN COLLEGE-LEXINGTON,30460,1,LEXINGTON,KY,40504,21,5,6,2,3,2,2,40
433660,FLORIDA GULF COAST UNIVERSITY,15980,1,FT MYERS,FL,33965-6565,12,5,1,1,1,2,2,21
434016,LITTLE PRIEST TRIBAL COLLEGE,-2,-2,WINNEBAGO,NE,68071-0270,31,4,5,2,2,2,1,60
434414,MICHIGAN JEWISH INSTITUTE,19820,1,OAK PARK,MI,48237,26,3,2,1,2,2,2,51
434539,CITY COLLEGE,33100,1,MIAMI,FL,33156,12,5,2,1,2,2,2,40
434584,ILISAGVIK COLLEGE,-2,-2,BARROW,AK,99723,2,8,4,2,1,2,2,40
434672,THE COMMUNITY COLLEGE OF BALTIMORE COUNTY,12580,1,CATONSVILLE,MD,21228-5317,24,2,4,2,1,2,2,40
434690,GOLF ACADEMY OF THE CAROLINAS,34820,1,MYRTLE BEACH,SC,29579,45,5,6,2,3,2,2,40
434751,WHITE EARTH TRIBAL AND COMMUNITY COLLEGE,-2,-2,MAHNOMEN,MN,56557,27,4,5,2,2,2,1,60
436094,ARGOSY UNIVERSITY-PHOENIX CAMPUS,38060,1,Phoenix,AZ,85086,4,6,3,1,3,2,2,59
436182,VATTEROTT COLLEGE,41140,1,ST JOSEPH,MO,64506,29,4,6,2,3,2,2,40
436191,VATTEROTT COLLEGE,41180,1,SUNSET HILLS,MO,63127-1516,29,4,3,1,3,2,2,40
436614,INTERNATIONAL BAPTIST COLLEGE,38060,1,TEMPE,AZ,85282-7504,4,6,2,1,2,2,2,51
437219,ITT TECHNICAL INSTITUTE,44700,1,LATHROP,CA,95330,6,8,3,1,3,2,2,40
437750,PROFESSIONAL GOLFERS CAREER COLLEGE,40140,1,TEMECULA,CA,92590-4833,6,8,6,2,3,2,2,40
438179,INTERNATIONAL INSTITUTE OF THE AMERICAS,46060,1,TUCSON,AZ,85711-5444,4,6,2,1,2,2,2,40
438212,McCANN SCHOOL OF BUSINESS AND TECHNOLOGY,39060,2,Pottsville,PA,17901,42,2,6,2,3,2,2,40
438285,FLORIDA COLLEGE OF NATURAL HEALTH,36740,1,Maitland,FL,32751,12,5,6,2,3,2,2,40
438294,FLORIDA COLLEGE OF NATURAL HEALTH,42260,1,Bradenton,FL,34208,12,5,6,2,3,2,2,40
439613,CROSSROADS BIBLE COLLEGE,26900,1,INDIANAPOLIS,IN,46219-4912,18,3,2,1,2,-3,-3,51
441070,SAGINAW CHIPPEWA TRIBAL COLLEGE,34380,2,MOUNT PLEASANT,MI,48858,26,3,4,2,1,2,1,60
442781,TOHONO O'ODHAM COMMUNITY COLLEGE,46060,1,SELLS,AZ,85634-3129,4,6,5,2,2,2,1,60
