unitid,instnm,cbsa,cbsa_id,L1_Predicted_Class,L1_Max_Probability
412173,Academy for Nursing and Health Occupations,33100,423,1,0.9945790424316296
126182,Adams State University,10480,8,1,0.9016869539051461
138600,Agnes Scott College,12060,44,1,0.9876011285369576
138682,Albany Technical College,10500,9,1,0.9258738215317249
210571,Albright College,39740,540,1,0.9813358708400801
168607,Alpena Community College,10980,20,1,0.9844402131500429
457527,Ambria College of Nursing,16980,129,1,0.8806667357150915
447768,American Career College-Ontario,40140,549,1,0.9633261818110099
422835,American College of Healthcare and Technology,40140,549,1,0.9999692320400891
487375,Arizona College of Nursing-Las Vegas,29820,360,1,0.670961435970247
154022,Ashford University,41740,581,1,0.9995573482300072
482149,Augusta University,12260,48,1,0.8625074215073775
234696,Bellingham Technical College,13380,66,1,0.9305828751229186
219709,Belmont University,34980,461,1,0.7619581850070344
238333,Beloit College,27500,314,1,0.9998866337563496
196079,Binghamton University,13780,73,1,0.9543463825124578
201432,Bowling Green State University-Firelands,41780,582,1,0.9983487518108985
156356,Brescia University,36980,493,1,0.9946991354154966
152992,Briar Cliff University,43580,612,1,0.5578112928714812
142522,Brigham Young University-Idaho,39940,543,1,0.9999870913342183
180878,Bryan College of Health Sciences,30700,374,1,0.9931983193511043
201469,Bryant & Stratton College-Parma,17410,137,1,0.7292912116923937
439367,CBD College,31080,380,1,0.9958051111200608
190576,CUNY Graduate School and University Center,35620,470,1,0.9989955649606405
190637,CUNY Lehman College,35620,470,1,0.9981141259609926
183910,Caldwell University,35620,470,1,0.9999171303624749
110370,California College of the Arts,41860,584,1,0.9454647493742552
490285,California Institute of Arts & Technology,41740,581,1,0.9469460414663738
110413,California Lutheran University,37100,496,1,0.9987587926652705
366711,California State University-San Marcos,41740,581,1,0.931351637551708
198206,Carteret Community College,33980,441,1,0.7274071621539605
111887,Cerritos College,31080,380,1,0.8068624534912039
475732,Chamberlain University-Georgia,12060,44,1,0.6173220295216285
486947,Chamberlain University-Michigan,19820,176,1,0.6315325106267438
217688,Charleston Southern University,16700,124,1,0.8966939757009595
101028,Chattahoochee Valley Community College,17980,146,1,0.7638912682296355
125462,Coalinga College,23420,236,1,0.9912522087400569
153144,Coe College,16300,117,1,0.9336963774588062
169442,College for Creative Studies,19820,176,1,0.922774366992199
139250,College of Coastal Georgia,15260,100,1,0.8930799756273606
142179,College of Eastern Idaho,26820,300,1,0.8103743412874381
174747,College of Saint Benedict,41060,569,1,0.733308138967893
182005,College of Southern Nevada,29820,360,1,0.9641794938862565
190558,College of Staten Island CUNY,35620,470,1,0.992865109703917
178697,College of the Ozarks,14700,91,1,0.6774881270801505
177065,Columbia College,17860,144,1,0.730328809276555
498562,Commonwealth University of Pennsylvania,14100,79,1,0.9873200113836648
169363,Concordia University Ann Arbor,11460,31,1,0.9999783581379978
190415,Cornell University,27060,304,1,0.6339269491331037
190503,Culinary Institute of America,28880,339,1,0.992865109703917
219949,Cumberland University,34980,461,1,0.6817876964325364
165529,Curry College,14460,85,1,0.9898440390381269
113236,Cypress College,31080,380,1,0.7328336939981493
153214,Des Moines Area Community College,19780,175,1,0.9998965976999734
153241,Divine Word College,20220,183,1,0.516394984485189
153269,Drake University,19780,175,1,0.99124439772138
200590,ETI Technical College of Niles,49660,722,1,0.8516047626364178
212115,East Stroudsburg University of Pennsylvania,20700,189,1,0.8920096154150055
426314,Embry-Riddle Aeronautical University-Worldwide,19660,173,1,0.9420010381369273
212434,Erie Institute of Technology Inc,21500,204,1,0.502880635681445
144971,Eureka College,37900,507,1,0.9999721069755392
441423,Florida Education Institute,33100,423,1,0.9962224362146036
433660,Florida Gulf Coast University,15980,110,1,0.9999949608996562
482936,Florida Polytechnic University,29460,352,1,0.9168210803384476
114716,Foothill College,41940,585,1,0.9862280041498797
150604,Franklin College,26900,302,1,0.8898637840981176
461254,Galaxy Medical College,31080,380,1,0.9628519172469215
212674,Gettysburg College,23900,246,1,0.9838236232429433
150668,Goshen College,21140,196,1,0.9160329418936254
150677,Grace College and Theological Seminary,47700,687,1,0.952360522196298
170055,Grand Rapids Community College,24340,252,1,0.9139206095812847
182306,Great Basin College,21220,198,1,0.9979982637278777
444714,Gwinnett College-Marietta Campus,12060,44,1,0.4704992913314966
212832,Gwynedd Mercy University,37980,509,1,0.9773132226566603
191515,Hamilton College,46540,668,1,0.9811630336023323
155140,Haskell Indian Nations University,29940,363,1,0.8230900139841694
212911,Haverford College,37980,509,1,0.5215605272788627
200785,Herzing University-Akron,10420,6,1,0.660168168987237
240392,Herzing University-Madison,31540,390,1,0.9985781475012622
141680,Honolulu Community College,46520,667,1,0.9746434210502521
191719,Hudson Valley Community College,10580,11,1,0.9789221968327435
101435,Huntingdon College,33860,439,1,0.9743241485596177
225575,Huston-Tillotson University,12420,51,1,0.9622500570598738
491659,ICOHS College,41740,581,1,0.519938682191647
153472,Indian Hills Community College,36900,492,1,0.9988434051004886
128188,Intellitec College-Grand Junction,24300,251,1,0.7363443782314171
138655,Interactive College of Technology-Chamblee,12060,44,1,0.5619107199226792
101505,Jefferson State Community College,13820,74,1,0.8731422920747862
445708,Johnson & Wales University-Charlotte,16740,125,1,0.9650619189480233
461281,Jose Maria Vargas University,33100,423,1,0.9999850510873368
203492,Kent State University at Salem,41400,573,1,0.9623390597257793
203474,Kent State University at Trumbull,49660,722,1,0.9875204120809539
226134,Laredo College,29700,357,1,0.90580444242932745
366401,Las Positas College,41860,584,1,0.9977261305204335
220613,Lee University,17420,138,1,0.9914048958007744
448594,Lemoore College,25260,270,1,0.9999646974559474
142328,Lewis-Clark State College,30300,368,1,0.9999976661301828
153825,Loras College,20220,183,1,0.9468515216176056
436429,Los Angeles Film School,31080,380,1,0.9413011957920828
213659,Luzerne County Community College,42540,595,1,0.8597269166525785
170790,Macomb Community College,19820,176,1,0.9948042664604633
192688,Mandl School-The College of Allied Health,35620,470,1,0.9678454356979898
192749,Manhattanville University,35620,470,1,0.9999945225012914
461528,Manna University,22180,216,1,0.9999267783931245
213774,Manor College,37980,509,1,0.8438434159274356
220710,Maryville College,28940,341,1,0.9999978591502316
226587,McMurry University,10180,3,1,0.9962015946346903
203960,Mercy College of Ohio,45780,654,1,0.9875384816915656
181330,Midland University,23340,234,1,0.50361287635601
178183,Midwest Institute,41180,572,1,0.9976947440205092
458405,Miller-Motte College-Fayetteville,22180,216,1,0.9904646491957848
214041,Millersville University of Pennsylvania,29540,354,1,0.9999756772636293
175263,Minnesota State College Southeast,49100,714,1,0.8411340652053794
176664,Mission University,44180,624,1,0.9940785639893737
193308,Monroe University,35620,470,1,0.5786086884562224
163426,Montgomery College,47900,689,1,0.9538361940780423
163453,Morgan State University,12580,53,1,0.999998393769758
147411,Morton College,16980,129,1,0.9999999550837015
434432,Myotherapy Institute,30700,374,1,0.557394742730071
490115,Nashville Film Institute,34980,461,1,0.8979333661684337
193478,Nassau Community College,35620,470,1,0.7926442040790385
199209,North Carolina Wesleyan University,40580,558,1,0.6843080322415382
174437,North Central University,33460,430,1,0.6599033861672521
484367,North-West College-Anaheim,31080,380,1,0.9512119612074912
367459,NorthWest Arkansas Community College,22220,217,1,0.9575162469074029
181491,Northeast Community College,35740,472,1,0.9633845926970674
157447,Northern Kentucky University,17140,132,1,0.7058025660443831
207281,Northern Oklahoma College,38620,523,1,0.999990057455856
171483,Northwestern Michigan College,45900,656,1,0.8333694685098927
240198,Northwood Technical College,39960,544,1,0.884750524523774
147800,Oakton College,16980,129,1,0.4397578400074283
423652,Oregon Coast Community College,35440,468,1,0.9652046206966979
464226,Ottawa University-Surprise,38060,510,1,0.5830585652922672
407610,Pacific Bible College,32780,417,1,0.8143743679679916
209603,Pacific Northwest College of Art,38900,527,1,0.8043444618045876
209612,Pacific University,38900,527,1,0.8645489046831983
227401,Paris Junior College,37580,503,1,0.42993038703922293
366252,Pennsylvania College of Technology,48700,706,1,0.965846559387252
214634,Pennsylvania State University-Penn State Shenango,25850,283,1,0.9990844834961923
214829,Pennsylvania State University-Penn State York,49620,721,1,0.5430316913305736
236212,Perry Technical Institute,49420,719,1,0.9994900050120624
461689,Pima Medical Institute-Aurora,19740,174,1,0.5947835494638174
492449,Pima Medical Institute-San Marcos,41740,581,1,0.9999691308105743
368629,Pima Medical Institute-Seattle,42660,597,1,0.9990028962058107
416458,Premiere Career College,31080,380,1,0.9543032750643488
148016,Principia College,41180,572,1,0.900234880893393
199412,Queens University of Charlotte,16740,125,1,0.8023967732924202
194736,Rabbinical College of Long Island,35620,470,1,0.806725523902425
194763,Rabbinical Seminary of America,35620,470,1,0.635623615024308
200013,Rasmussen University-North Dakota,22020,212,1,0.7638911701746011
491844,Red Lake Nation College,13420,67,1,0.8708606265535318
127918,Regis University,19740,174,1,0.9990984374329281
140872,Reinhardt University,12060,44,1,0.8860261275004215
412599,Remington College-Memphis Campus,32820,418,1,0.8605915932206126
217493,Rhode Island School of Design,39300,533,1,0.9677745489313054
221397,Roane State Community College,28940,341,1,0.9920760688058171
199476,Robeson Community College,31300,385,1,0.9707099356745863
148487,Roosevelt University,16980,129,1,0.9998554112364041
447953,SUM Bible College and Theological Seminary,40900,566,1,0.7715398970654445
196121,SUNY Brockport,40380,554,1,0.9998995411413794
196130,SUNY Buffalo State University,15380,101,1,0.982958569498044
196200,SUNY College at Potsdam,32390,412,1,0.5950937403765372
122180,Sacramento City College,40900,566,1,0.8044845947985912
152381,Saint Mary-of-the-Woods College,45460,647,1,0.957381177060482
195289,Samaritan Hospital School of Nursing,10580,11,1,0.6663690924856853
122375,San Diego Mesa College,41740,581,1,0.9764448465798131
122597,San Francisco State University,41860,584,1,0.9999888104718923
227979,San Jacinto Community College,26420,292,1,0.9368905083439241
122694,San Joaquin Valley College-Bakersfield,12540,52,1,0.9961764923799556
481775,San Joaquin Valley College-Lancaster,31080,380,1,0.5508521007151643
188137,Santa Fe Community College,42140,588,1,0.628837387257202
195322,Schenectady County Community College,10580,11,1,0.9598862539140948
386153,Seminar L'moros Bais Yaakov,35620,470,1,0.7704455189395945
491817,Seminary Bnos Chaim,35620,470,1,0.9999970381421065
199643,Shaw University,39580,538,1,0.9999871175032577
236638,Skagit Valley College,34580,452,1,0.7084482105870776
123642,South Coast College,31080,380,1,0.6734938541846937
221661,Southern Adventist University,16860,127,1,0.9999815080928375
228246,Southern Methodist University,19100,163,1,0.6516959323261841
233648,Southwest Virginia Community College,14140,80,1,0.5666556780694141
123800,Southwestern College,41740,581,1,0.5735035486562897
210155,Southwestern Oregon Community College,18300,151,1,0.9838236232429433
207254,Spartan College of Aeronautics and Technology,46140,661,1,0.9694583362271332
195164,St Bonaventure University,36460,481,1,0.9997430177001996
174756,St Cloud Technical and Community College,41060,569,1,0.9915321053182304
195720,St. John Fisher University,40380,554,1,0.937458512292508
195809,St. John's University-New York,35620,470,1,0.5539528051822651
196149,State University of New York at Cortland,18660,157,1,0.9998067035913468
448600,Stautzenberger College-Brecksville,17410,137,1,0.9542389721754901
228431,Stephen F Austin State University,34860,458,1,0.9999583229787815
164173,Stevenson University,12580,53,1,0.9460790288873785
196097,Stony Brook University,35620,470,1,0.9987520024241532
131803,Strayer University-District of Columbia,47900,689,1,0.8697589277599065
430184,Strayer University-Maryland,47900,689,1,0.5960105435177206
458973,Strayer University-Texas,19100,163,1,0.9953520156995959
236753,Tacoma Community College,42660,597,1,0.9115268962177996
196431,Talmudical Seminary Oholei Torah,35620,470,1,0.999999100320245
152530,Taylor University,31980,400,1,0.854551999606733
229115,Texas Tech University,31180,382,1,0.9294078468519825
229160,Texas Wesleyan University,19100,163,1,0.9998499546926912
197285,The College of Westchester,35620,470,1,0.9940145345396271
180489,The University of Montana,33540,432,1,0.9954494168615092
221740,The University of Tennessee-Chattanooga,16860,127,1,0.5680363800126125
229018,The University of Texas Permian Basin,36220,478,1,0.6086385808438538
228778,The University of Texas at Austin,12420,51,1,0.6834471383825154
228796,The University of Texas at El Paso,21340,201,1,0.9892763784865074
157809,Thomas More University,17140,132,1,0.855709137249398
216445,Triangle Tech Inc-Greensburg,38300,516,1,0.6663642820766607
229267,Trinity University,41700,580,1,0.6866064418813225
131876,Trinity Washington University,47900,689,1,0.5317300143895116
229355,Tyler Junior College,46340,665,1,0.9999999630081404
481252,Ultrasound Medical Institute,33100,423,1,0.504447520748424
197027,United States Merchant Marine Academy,35620,470,1,0.9920927889768277
196060,University at Albany,10580,11,1,0.8049152840487096
110635,University of California-Berkeley,41860,584,1,0.999950474456645
110644,University of California-Davis,40900,566,1,0.7960814958566748
110653,University of California-Irvine,31080,380,1,0.7911791186726372
176965,University of Central Missouri,47660,686,1,0.8284074067531406
130943,University of Delaware,37980,509,1,0.7399949502545127
139959,University of Georgia,12020,43,1,0.994386832042965
141981,University of Hawaii-West Oahu,46520,667,1,0.9993853556085365
225414,University of Houston-Clear Lake,26420,292,1,0.7585267058513095
437097,University of Management and Technology,47900,689,1,0.9999987777435762
178402,University of Missouri-Kansas City,28140,325,1,0.6652865729342108
178420,University of Missouri-St Louis,41180,572,1,0.7821600507461078
188049,University of New Mexico-Valencia County Campus,10740,14,1,0.8706118807464174
217484,University of Rhode Island,39300,533,1,0.9999346033438348
152336,University of Saint Francis-Fort Wayne,23060,231,1,0.9944829395554942
155812,University of Saint Mary,28140,325,1,0.4983630831259798
227863,University of St Thomas,26420,292,1,0.9832505738906733
377555,University of Washington-Bothell Campus,42660,597,1,0.9742279294264791
240365,University of Wisconsin-Oshkosh,36780,488,1,0.96941003069046106
240374,University of Wisconsin-Parkside,28450,330,1,0.5904144217426613
240462,University of Wisconsin-Platteville,38420,519,1,0.546818843920939
188182,University of the Southwest,26020,288,1,0.9735549790350732
449870,University of the West,31080,380,1,0.7002307796454215
429128,Urban College of Boston,14460,85,1,0.7329031432042532
138187,Valencia College,36740,487,1,0.9556721976597832
216597,Villanova University,37980,509,1,0.9906871219569956
197197,Wagner College,35620,470,1,0.999982451422278
240125,Waukesha County Technical College,33340,428,1,0.9144676233346827
125471,West Los Angeles College,31080,380,1,0.9513156873704489
475200,Whitworth University-Adult Degree Programs,44060,621,1,0.6647315172293247
199926,Wilkes Community College,35900,475,1,0.9997631056508967
216940,Williamson College of the Trades,37980,509,1,0.9445291853278576
491631,Women's Institute of Torah Seminary and College,12580,53,1,0.9999692274900006
491613,Yeshiva Gedolah Tiferes Boruch,35620,470,1,0.9468555504126509
491710,Yeshiva Gedolah of Cliffwood,35620,470,1,0.5216976765435781
491057,Yeshiva Kollel Tifereth Elizer,35620,470,1,0.9999634840943223
491765,Yeshivas Emek Hatorah,35620,470,1,0.9943773635676725
420440,York County Community College,38860,526,1,0.9543463821516135
214023,ASPIRA City College,37980,509,2,0.9999999832627028
444325,ATI College-Whittier,31080,380,2,0.9993905824652659
217615,Aiken Technical College,12260,48,2,0.9999999831319438
217624,Allen University,17900,145,2,0.9999999843580173
164562,Assumption University,49340,718,2,0.9999330375896901
183655,Atlantic Cape Community College,12100,45,2,0.9999998577162531
189097,Barnard College,35620,470,2,0.9699952654625481
197911,Barton College,48980,711,2,0.9285095505841339
444413,Beis Medrash Heichal Dovid,35620,470,2,0.7973322550390857
217721,Benedict College,17900,145,2,0.9999996815892375
183743,Bergen Community College,35620,470,2,0.9999910228643201
183789,Berkeley College-Woodland Park,35620,470,2,0.999999824854232
217749,Bob Jones University,24860,263,2,0.9999999843580173
161004,Bowdoin College,38860,526,2,0.9791758358503017
231581,Bridgewater College,25500,274,2,0.929617933998141
217156,Brown University,39300,533,2,0.9999999825085039
150163,Butler University,26900,302,2,0.9999971865651315
190512,CUNY Bernard M Baruch College,35620,470,2,0.5318536344242918
150172,Calumet College of Saint Joseph,16980,129,2,0.9999996527465594
211468,Cedar Crest College,10900,18,2,0.9999997379485187
176910,Central Christian College of the Bible,33620,434,2,0.9998903854640994
457129,Chamberlain University-Florida,27260,308,2,0.7104904807211685
231712,Christopher Newport University,47260,678,2,0.9525448679895784
217864,Citadel Military College of South Carolina,16700,124,2,0.9999999832627028
217873,Claflin University,36700,486,2,0.9999923397523405
234933,Clark College,38900,527,2,0.9013476490090044
450401,Clary Sage College,46140,661,2,0.9987419508274511
217882,Clemson University,24860,263,2,0.9999999818359707
217891,Clinton College,16740,125,2,0.9999999440411134
217907,Coker University,22500,222,2,0.9988918883365044
388520,College of Biblical Studies-Houston,26420,292,2,0.9999995084313489
217819,College of Charleston,16700,124,2,0.9998616003683447
128106,Colorado State University Pueblo,39380,535,2,0.9997903592328999
217934,Columbia College,17900,145,2,0.9999999790073943
217925,Columbia International University,17900,145,2,0.9999999615119054
217475,Community College of Rhode Island,39300,533,2,0.9999997379485187
237330,Concord University,14140,80,2,0.8364612677528069
217961,Converse University,43900,619,2,0.9999999790073943
202356,Cuyahoga Community College District,17410,137,2,0.9999954083322586
212045,Douglas Education Center,38300,516,2,0.9999999440411134
198455,Durham Technical Community College,20500,187,2,0.7535522692728792
198507,Elizabeth City State University,21020,194,2,0.9999393418310547
217998,Erskine College,24940,265,2,0.9999982421221875
218025,Florence-Darlington Technical College,22500,222,2,0.9999999825085039
450058,Fortis College-Columbus,18140,148,2,0.9349463796726336
456454,Fortis College-Salt Lake City,41620,578,2,0.9676029412443232
459958,Fortis Institute,26420,292,2,0.5229537464621081
455628,Fortis Institute-Birmingham,13820,74,2,0.9999995071174029
218061,Francis Marion University,22500,222,2,0.9999999843580173
218070,Furman University,24860,263,2,0.9999999818359707
212601,Gannon University,21500,204,2,0.9988918883365044
159009,Grambling State University,40820,565,2,0.9808421296018262
218113,Greenville Technical College,24860,263,2,0.9999999832627028
212805,Grove City College,25850,283,2,0.9999999790073943
212878,Harrisburg Area Community College,25420,272,2,0.9999999615119054
459842,Herzing University-Kenosha,28450,330,2,0.7617905265256358
180081,Highlands College of Montana Tech,15580,105,2,0.999865429619914
175786,Hinds Community College,27140,306,2,0.8066761303357034
218140,Horry-Georgetown Technical College,34820,457,2,0.9988918883365044
153630,Iowa Western Community College,36540,483,2,0.9999975318047363
116439,Irvine Valley College,31080,380,2,0.9999558165469509
141802,Kauai Community College,28180,326,2,0.9999994492976713
117627,La Sierra University,40140,549,2,0.9999682406802687
140234,LaGrange College,29300,348,2,0.9995105054234485
146481,Lake Forest College,16980,129,2,0.99998770838645
218229,Lander University,24940,265,2,0.9999999831319438
117283,Latin American Bible Institute,31080,380,2,0.9999993052019056
218238,Limestone University,23500,238,2,0.9999999843097723
213570,Lincoln Technical Institute-Allentown,10900,18,2,0.9999989860745753
159382,Louisiana State University-Alexandria,10780,16,2,0.9993756361786957
497046,Madera Community College,23420,236,2,0.8442322372287493
198969,Methodist University,22180,216,2,0.9989837455592033
245953,Mid-America Christian University,36420,480,2,0.7523050642675234
218353,Midlands Technical College,17900,145,2,0.9999999408204507
176044,Mississippi Valley State University,24900,264,2,0.6071704533377048
214111,Montgomery County Community College,37980,509,2,0.9999999832627028
218399,Morris College,44940,638,2,0.9962203949452484
154013,Mount Mercy University,16300,117,2,0.9631899820169153
217305,New England Institute of Technology,39300,533,2,0.9999996815892375
218414,Newberry College,35140,464,2,0.9999999832627028
232937,Norfolk State University,47260,678,2,0.576405520003251
200332,North Dakota State University-Main Campus,22020,212,2,0.9999994492976931
218441,North Greenville University,24860,263,2,0.9999999843580173
214379,Northampton County Area Community College,10900,18,2,0.9999999615119054
227225,Northeast Texas Community College,34420,449,2,0.9999862962514915
217606,Northpoint Bible College,14460,85,2,0.9999982421221875
458140,Northwest School of Wooden Boat Building,39040,530,2,0.605988761351303
204501,Oberlin College,17410,137,2,0.9999964449197433
120254,Occidental College,31080,380,2,0.9994032538400289
204680,Ohio State University-Mansfield Campus,31900,398,2,0.9999965874766561
207449,Oklahoma City Community College,36420,480,2,0.7908030394775838
218487,Orangeburg Calhoun Technical College,36700,486,2,0.9995570829373379
214528,Orleans Technical College,37980,509,2,0.9999999843580173
120971,Palomar College,41740,581,2,0.999940177764873
214582,Pennsylvania Institute of Technology,37980,509,2,0.9999996815892375
214777,Pennsylvania State University-Main Campus,44300,627,2,0.9999999883257812
214801,Pennsylvania State University-Penn State Abington,37980,509,2,0.9999989860745753
214591,Pennsylvania State University-Penn State Erie-Behrend College,21500,204,2,0.9999998854980466
214786,Pennsylvania State University-Penn State Greater Allegheny,38300,516,2,0.9998616003683447
214713,Pennsylvania State University-Penn State Harrisburg,25420,272,2,0.9999999028041703
214768,Pennsylvania State University-Penn State Hazleton,42540,595,2,0.9999999832627028
214795,Pennsylvania State University-Penn State Mont Alto,16540,120,2,0.9999999718650092
199306,Pfeiffer University,10620,12,2,0.9999738693545738
218520,Piedmont Technical College,24940,265,2,0.9995570829373379
445230,Pima Medical Institute-Las Vegas,29820,360,2,0.9999993105615551
215381,Pittsburgh Institute of Aeronautics,38300,516,2,0.9999999615119054
215390,Pittsburgh Institute of Mortuary Science Inc,38300,516,2,0.9999999440411134
456490,Polytechnic University of Puerto Rico-Orlando,36740,487,2,0.8209045384716773
455770,Providence Christian College,31080,380,2,0.5445130015403904
217402,Providence College,39300,533,2,0.999999817931713
233295,Randolph-Macon College,40060,546,2,0.9666721087824066
215585,Reading Area Community College,39740,540,2,0.9999994983318349
127909,Red Rocks Community College,19740,174,2,0.6663885125941301
194824,Rensselaer Polytechnic Institute,10580,11,2,0.9999988999267304
217420,Rhode Island College,39300,533,2,0.9999982421221875
183114,River Valley Community College,30150,366,2,0.9999998711404166
217518,Roger Williams University,39300,533,2,0.9999999831319438
209940,Rogue Community College,24420,253,2,0.7709337111525827
215691,Rosemont College,37980,509,2,0.8847276390899533
456506,Ross Medical Education Center-Fort Wayne,23060,231,2,0.5959826506199177
227845,Saint Edward's University,12420,51,2,0.4944642950007101
215798,Saint Vincent College,38300,516,2,0.9999999832627028
217536,Salve Regina University,39300,533,2,0.9999999615119054
215947,Seton Hill University,38300,516,2,0.9999997667520214
216010,Shippensburg University of Pennsylvania,25420,272,2,0.9999994983318349
205470,Sinclair Community College,19430,170,2,0.9999997336925615
123509,Skyline College,41860,584,2,0.9999881282573718
216038,Slippery Rock University of Pennsylvania,38300,516,2,0.9999962570402017
179557,Southeast Missouri State University,16020,111,2,0.7452719574899741
217776,Southern Wesleyan University,24860,263,2,0.9999999028041703
137272,St. John Vianney College Seminary,33100,423,2,0.40412478736380797
199740,Stanly Community College,10620,12,2,0.8043846581136467
216287,Swarthmore College,37980,509,2,0.9999999832627028
124113,Taft College,12540,52,2,0.999875802449342
216311,Talmudical Yeshiva of Philadelphia,37980,509,2,0.9977903230753545
217712,Technical College of the Lowcountry,25940,287,2,0.9999962570402017
216339,Temple University,37980,509,2,0.9999999843097723
216296,Thaddeus Stevens College of Technology,29540,354,2,0.9999989860745753
167057,The New England Conservatory of Music,14460,85,2,0.9994108038122453
157748,The Southern Baptist Theological Seminary,31140,381,2,0.9999863071693553
229027,The University of Texas at San Antonio,41700,580,2,0.9999443747271819
216357,Thiel College,25850,283,2,0.9999999832627028
187046,Thomas Edison State University,45940,657,2,0.9398558135915195
216436,Triangle Tech Inc-Pittsburgh,38300,516,2,0.9999998992830148
200554,United Tribes Technical College,13900,75,2,0.9999994492976931
106041,Universal Technical Institute of Arizona Inc,38060,510,2,0.9999950915531145
161873,University of Baltimore,12580,53,2,0.9501332963295285
160658,University of Louisiana at Lafayette,29180,345,2,0.9894565739710198
200280,University of North Dakota,24220,249,2,0.6752013331984632
484905,University of North Texas at Dallas,19100,163,2,0.5570692745472527
215929,University of Scranton,42540,595,2,0.9999997379485187
216542,University of Valley Forge,37980,509,2,0.9999999831319438
236948,University of Washington-Seattle Campus,42660,597,2,0.9999993072292924
156541,University of the Cumberlands,18340,152,2,0.9998483562765655
494685,Urshan University,41180,572,2,0.6113349683601506
215637,Walnut Hill College,37980,509,2,0.7974603561381306
216667,Washington & Jefferson College,38300,516,2,0.9999996248091201
229780,Wayland Baptist University,38380,518,2,0.5617903515453612
216764,West Chester University of Pennsylvania,37980,509,2,0.9999989860745753
216807,Westminster College,38300,516,2,0.9999982421221875
216825,Westmoreland County Community College,38300,516,2,0.9999999615119054
216852,Widener University,37980,509,2,0.9999996815892375
216931,Wilkes University,42540,595,2,0.9999999615119054
231624,William & Mary,47260,678,2,0.8938927534479801
199272,William Peace University,39580,538,2,0.8974434591202731
491622,Yeshiva Chemdas Hatorah,35620,470,2,0.999999569780703
217059,York College of Pennsylvania,49620,721,2,0.9999999440411134
485500,ABCO Technology,31080,380,3,0.9119582984174152
486415,AMG School of Nursing,35620,470,3,0.7026515789700631
210775,Alvernia University,39740,540,3,0.9999915944431241
238193,Alverno College,33340,428,3,0.9682168357009152
109040,American Career College-Los Angeles,31080,380,3,0.9999713859631144
438586,American InterContinental University-Atlanta,12060,44,3,0.9904946837469379
142957,American Islamic College,16980,129,3,0.9892552236663897
222822,Angelina College,31260,384,3,0.9999969005258653
109350,Antelope Valley Community College District,31080,380,3,0.9949419701911277
138956,Augusta Technical College,12260,48,3,0.5053167613239696
219000,Augustana University,43620,613,3,0.9992036073010586
143118,Aurora University,16980,129,3,0.9939359474767988
235671,Bates Technical College,42660,597,3,0.9896737140223772
190956,Belanger School of Nursing,10580,11,3,0.9999996299401533
156286,Bellarmine University,31140,381,3,0.9999237273647512
173124,Bemidji State University,13420,67,3,0.9839969513400633
230038,Brigham Young University,39340,534,3,0.9999893109966307
210492,Bryn Athyn College of the New Church,37980,509,3,0.998766110517909
110334,Cabrillo College,42100,587,3,0.8358447650671215
110404,California Institute of Technology,31080,380,3,0.9310732162678146
441937,California State University-Channel Islands,37100,496,3,0.739375682038576
110617,California State University-Sacramento,40900,566,3,0.9999292387230245
169080,Calvin University,24340,252,3,0.9999197845461478
405872,Carroll Community College,12580,53,3,0.999996664208183
489353,Chamberlain University-California,40900,566,3,0.9329460603411477
489344,Chamberlain University-North Carolina,16740,125,3,0.7205970025942428
141486,Chaminade University of Honolulu,46520,667,3,0.9763974232291713
211583,Chestnut Hill College,37980,509,3,0.9994762762332499
211608,Cheyney University of Pennsylvania,37980,509,3,0.9990017406087858
417327,City College-Altamonte Springs,36740,487,3,0.998076104085374
139311,Clayton  State University,12060,44,3,0.9839823750611606
187639,Clovis Community College,17580,139,3,0.999999158939011
162122,College of Southern Maryland,47900,689,3,0.9758714176374041
111461,College of the Canyons,31080,380,3,0.9998340171849565
247834,Collin County Community College District,19100,163,3,0.7868178801455468
112561,Columbia College,43760,617,3,0.9541305764932028
139357,Columbus Technical College,17980,146,3,0.9996775219230295
211079,Community College of Beaver County,38300,516,3,0.9999903667177393
215239,Community College of Philadelphia,37980,509,3,0.9511820619207423
112686,Compton College,31080,380,3,0.9989873307606761
460181,Concorde Career College-Dallas,19100,163,3,0.7676514128814433
460190,Concorde Career Institute-Orlando,36740,487,3,0.9975560230717505
173300,Concordia College at Moorhead,22020,212,3,0.797276774357953
113096,Cosumnes River College,40900,566,3,0.9933191339767818
190725,Daemen University,15380,101,3,0.996170676852292
182670,Dartmouth College,30150,366,3,0.6449469519917639
194569,Davis College,24020,247,3,0.9289982880938575
482574,DeVry University-Ohio,18140,148,3,0.5056628498032918
165574,Dean College,14460,85,3,0.9999843005427669
211927,Delaware County Community College,37980,509,3,0.8752993763270162
158662,Delgado Community College,35380,466,3,0.9999709859645427
154998,Dodge City Community College,19980,179,3,0.9999815660297158
113698,Dominican University of California,41860,584,3,0.9999994404424248
212106,Duquesne University,38300,516,3,0.9999433054397849
190840,Dutchess Community College,28880,339,3,0.9987857982300133
187666,Eastern New Mexico University-Roswell Campus,40740,562,3,0.5709354642747523
202648,Edison State Community College,19430,170,3,0.5289582934895555
190983,Elmira College,21300,200,3,0.9987857982300133
153302,Emmaus Bible College,20220,183,3,0.7059120040949226
191083,Erie Community College,15380,101,3,0.9999224545640102
191126,Fashion Institute of Technology,35620,470,3,0.9999666358786782
191199,Finger Lakes Community College,40380,554,3,0.9999945091616228
165802,Fisher College,14460,85,3,0.9999666359622417
444219,Folsom Lake College,40900,566,3,0.946869391513978
439792,Fortis College-Orange Park,27260,308,3,0.9987857982300532
238722,Fox Valley Technical College,11540,33,3,0.9939144918025371
165866,Framingham State University,14460,85,3,0.9869464348706314
497116,Galen Health Institutes-Austin Campus,12420,51,3,0.999986398367938
238759,Gateway Technical College,28450,330,3,0.9999994404338898
114938,Gavilan College,41940,585,3,0.9966886313826235
139861,Georgia College & State University,33300,427,3,0.9342123368443069
139764,Georgia Southwestern State University,11140,24,3,0.932184758478899
115010,Glendale Career College,31080,380,3,0.9984246832623108
170082,Grand Valley State University,24340,252,3,0.9999030352731393
153375,Grand View University,19780,175,3,0.9816092700649929
139995,Gupton Jones College of Funeral Service,12060,44,3,0.9358401234280723
140012,Gwinnett Technical College,12060,44,3,0.9953652020485886
141644,Hawaii Pacific University,46520,667,3,0.9707336467731565
191612,Herkimer County Community College,46540,668,3,0.6582482631857928
203155,Hocking College,11900,40,3,0.8631929591555552
225520,Howard College,13700,71,3,0.7813656013778411
131520,Howard University,47900,689,3,0.7426417348548805
142276,Idaho State University,38540,522,3,0.9964096838653309
213011,Immaculata University,37980,509,3,0.9999999590686732
151360,Indiana University-Northwest,16980,129,3,0.6097814999971763
187745,Institute of American Indian and Alaska Native Culture and Arts Development,42140,588,3,0.9999811514534442
116226,Interior Designers Institute,31080,380,3,0.9999771704954591
173799,Inver Hills Community College,33460,430,3,0.9917004815575746
213233,Johnson College,42540,595,3,0.9999712087310338
175883,Jones County Junior College,29860,361,3,0.9999992941435387
213251,Juniata College,26500,294,3,0.9999919022516747
177746,Kansas City Art Institute,28140,325,3,0.9992935728697585
213303,Keystone College,42540,595,3,0.9953914222879865
220516,King University,28700,334,3,0.9891385617407527
213321,King's College,42540,595,3,0.5853184521052115
213358,La Roche University,38300,516,3,0.9848227454663706
213367,La Salle University,37980,509,3,0.999999898801766
183123,Lakes Region Community College,29060,343,3,0.9991031391279765
226116,Lamar State College-Port Arthur,13140,63,3,0.9863445985946089
213400,Lancaster Bible College,29540,354,3,0.999999898801766
418533,Lancaster County Career and Technology Center,29540,354,3,0.9978702913023977
220598,Lane College,27180,307,3,0.9999999992889109
209038,Lane Community College,21660,207,3,0.729704388774252
213473,Lansdale School of Business,37980,509,3,0.9912594317181781
213507,Lebanon Valley College,30140,365,3,0.9999999985232275
213525,Lehigh Carbon Community College,10900,18,3,0.9999366877636611
213543,Lehigh University,10900,18,3,0.9999509217256373
213589,Lincoln Technical Institute-Philadelphia,37980,509,3,0.9135396948705501
213598,Lincoln University,37980,509,3,0.9123340863610362
173902,Macalester College,33460,430,3,0.9999878974376395
192703,Manhattan University,35620,470,3,0.9957422571723111
239080,Marian University,22540,224,3,0.9188653280494563
232672,Mary Baldwin University,44420,629,3,0.633692957832458
147013,McKendree University,41180,572,3,0.9913852029991241
118718,Merced College,32900,420,3,0.9648281169150296
443650,Miller-Motte College-Chattanooga,16860,127,3,0.9986097275813013
458441,Miller-Motte College-Columbus,17980,146,3,0.9948692298353022
460835,Miller-Motte College-Conway,34820,457,3,0.6588061601688318
239248,Milwaukee Area Technical College,33340,428,3,0.9879710370761232
174136,Minneapolis Community and Technical College,33460,430,3,0.9999979119431939
173920,Minnesota State University-Mankato,31860,397,3,0.9999680872687404
176053,Mississippi College,27140,306,3,0.9871805335360028
176035,Mississippi University for Women,18060,147,3,0.9876116766033405
193292,Molloy University,35620,470,3,0.9870937721011949
214157,Moravian University,10900,18,3,0.9590710362005184
214175,Muhlenberg College,10900,18,3,0.987190008409129
193584,Nazareth University,40380,554,3,0.918734118121761
214290,New Castle School of Trades,38300,516,3,0.9988159726036695
440262,New York Automotive and Diesel Institute,35620,470,3,0.9335883029519172
418889,North Central Institute,17300,135,3,0.877377047993858
200305,North Dakota State College of Science,47420,682,3,0.9926462334464398
174376,North Hennepin Community College,33460,430,3,0.9998964040856405
105349,Northland Pioneer College,43320,608,3,0.7967038251060652
160038,Northwestern State University of Louisiana,35060,462,3,0.9998995332920733
204848,Ohio University-Lancaster Campus,18140,148,3,0.9999854924913493
207582,Oral Roberts University,46140,661,3,0.9991594977087758
209506,Oregon Institute of Technology,28900,340,3,0.9976380357381256
153427,Orion Technical College,19340,169,3,0.9671646763170195
414911,Pennsylvania Highlands Community College,27780,317,3,0.9500398287739917
214704,Pennsylvania State University-Penn State Berks,39740,540,3,0.8872906826555541
214625,Pennsylvania State University-Penn State New Kensington,38300,516,3,0.8409215829253192
214643,Pennsylvania State University-Penn State Wilkes-Barre,42540,595,3,0.9765717028249429
486813,Pima Medical Institute-El Paso,21340,201,3,0.999997571882386
486822,Pima Medical Institute-Phoenix,38060,510,3,0.9999998768281386
205027,Pontifical College Josephinum,18140,148,3,0.9994132221028947
130183,Post University,47930,690,3,0.9784921155099389
437750,Professional Golfers Career College,40140,549,3,0.999995236029811
148131,Quincy University,39500,537,3,0.8691354862513496
405854,Rabbinical College of Ohr Shimon Yisroel,35620,470,3,0.9999810218388921
421513,Ross College-Hopkinsville,17300,135,3,0.99975782937614
490160,Sacramento Ultrasound Institute,40900,566,3,0.9999924653084493
154235,Saint Ambrose University,19340,169,3,0.99998404752958
236452,Saint Martin's University,36500,482,3,0.995346694797547
262457,San Joaquin Valley College-Fresno,23420,236,3,0.9982898550675393
219356,South Dakota State University,15100,97,3,0.9999760287972514
141006,South Georgia Technical College,11140,24,3,0.976478827988532
434061,South Louisiana Community College,29180,345,3,0.9999602569446459
156338,Southcentral Kentucky Community and Technical College,14540,87,3,0.8894987211244038
417734,Southeast Missouri Hospital College of Nursing and Health Sciences,16020,111,3,0.7489700854479144
137564,Southeastern University,29460,352,3,0.5179894540448352
160649,Southern University at Shreveport,43340,609,3,0.9991432667669145
442879,Southwest Institute of Healing Arts,38060,510,3,0.7557199060817633
483814,Standard Healthcare Services-College of Nursing,47900,689,3,0.5096483535178836
177977,State Technical College of Missouri,27620,315,3,0.9996497297672694
494852,Stautzenberger College-Rockford Career College,40420,555,3,0.9856025832958828
137546,Stetson University,19660,173,3,0.9650427459621559
228723,Texas A&M University-College Station,17780,142,3,0.8966449194988345
161208,The Landing School,38860,526,3,0.8352847097631602
193654,The New School,35620,470,3,0.9355403584228386
141167,Thomas University,45620,650,3,0.9228292961193615
210234,Treasure Valley Community College,36620,485,3,0.9873648083148908
363934,University of Advancing Technology,38060,510,3,0.9987857975250358
141565,University of Hawaii at Hilo,25900,286,3,0.9970475368445533
141574,University of Hawaii at Manoa,46520,667,3,0.9304203404018627
163286,University of Maryland-College Park,47900,689,3,0.9999999633228065
174233,University of Minnesota-Duluth,20260,184,3,0.9938951154773774
187985,University of New Mexico-Main Campus,10740,14,3,0.9997634956905601
188225,University of New Mexico-Taos Campus,45340,646,3,0.9234488957186913
199111,University of North Carolina Asheville,11700,36,3,0.9978298775398933
209551,University of Oregon,21660,207,3,0.9997967469385679
215284,University of Pittsburgh-Johnstown,27780,317,3,0.9995805482977291
130314,University of Saint Joseph,25540,275,3,0.8088655379881338
112394,University of Silicon Valley,41940,585,3,0.5678141013423103
141264,Valdosta State University,46660,670,3,0.9999917617585948
377661,Valley College-Martinsburg,25180,268,3,0.9149552546932648
199838,Vance-Granville Community College,25780,281,3,0.9999997801815479
152637,Vincennes University,47180,676,3,0.9556985724632241
236887,Walla Walla Community College,47460,683,3,0.6287093342149029
222062,Walters State Community College,34100,443,3,0.9856885740116923
210304,Warner Pacific University,38900,527,3,0.9548853077534064
199865,Warren Wilson College,11700,36,3,0.9975400061421555
490133,Westcliff University,31080,380,3,0.9888932256353075
238078,Wheeling University,48540,702,3,0.9999999826496587
199999,Winston-Salem State University,49180,715,3,0.5899161527934456
488350,Yeshiva Gedolah Shaarei Shmuel,35620,470,3,0.9999941747666286
126076,Yeshiva Ohr Elchonon Chabad West Coast Talmudical Seminary,31080,380,3,0.5864794285171483
486017,Yeshiva Ohr Yisrael,35620,470,3,0.9989627168496734
197744,Yeshivath Zichron Moshe,33910,440,3,0.8459892712577668
449728,ATA College,46140,661,4,0.8860372762511715
452373,ATA College-Cincinnati,17140,132,4,0.9685265057094768
168528,Adrian College,10300,5,4,0.9854845323551891
126207,Aims Community College,24540,256,4,0.7775523094169496
222567,Alvin Community College,26420,292,4,0.9917118722738592
441052,American Career College-Anaheim,31080,380,4,0.8908202558437717
188854,American Musical and Dramatic Academy,35620,470,4,0.9996949189541786
168786,Aquinas College,24340,252,4,0.8634218341691494
495457,Arizona College of Nursing-Phoenix,38060,510,4,0.9780541214189395
447777,Asher College,40900,566,4,0.9966260555663558
183600,Assumption College for Sisters,35620,470,4,0.9998752696613453
150136,Ball State University,34620,453,4,0.9860043393106781
189088,Bard College,28880,339,4,0.9973229574398004
154697,Barton County Community College,24460,254,4,0.9240165083839527
142090,Boise Bible College,14260,82,4,0.9947757194711276
189592,Bryant & Stratton College-Greece,40380,554,4,0.9601124110054868
231785,Bryant & Stratton College-Virginia Beach,47260,678,4,0.9666074336280552
449092,CBT Technology Institute-Hialeah,33100,423,4,0.8819586591802926
190549,CUNY Brooklyn College,35620,470,4,0.9868963697599493
190664,CUNY Queens College,35620,470,4,0.8728818511494082
198118,Caldwell Community College and Technical Institute,25860,284,4,0.9457847700796962
110495,California State University-Stanislaus,33700,436,4,0.9444131619696438
189705,Canisius University,15380,101,4,0.7576010165534568
143613,Carl Sandburg College,23660,242,4,0.9740232555098024
103927,Carrington College-Tucson,46060,659,4,0.9982779960578879
238458,Carroll University,33340,428,4,0.9947169176056342
240505,Casper College,16220,115,4,0.9582149377668926
232618,Centra College,31340,386,4,0.9997515840102554
454236,Chamberlain University-Ohio,18140,148,4,0.9499162576428143
122791,College of San Mateo,41860,584,4,0.986426095524966
126827,Colorado Technical University-Colorado Springs,17820,143,4,0.9787072017739957
112826,Contra Costa College,41860,584,4,0.9986854663327163
106810,Crowley's Ridge College,37500,502,4,0.9845352536791601
190716,D'Youville  University,15380,101,4,0.9819231734660043
198385,Davidson College,16740,125,4,0.6756855270843374
443410,DigiPen Institute of Technology,42660,597,4,0.9964527899801419
248934,ECPI University,47260,678,4,0.9146427470682472
212197,Elizabethtown College,29540,354,4,0.9152406923947959
198543,Fayetteville State University,22180,216,4,0.9719127282393918
198534,Fayetteville Technical Community College,22180,216,4,0.5466544664347133
169910,Ferris State University,13660,70,4,0.9823816032345327
180197,Flathead Valley Community College,28060,323,4,0.9568422450734939
496681,Florida Academy of Nursing,33100,423,4,0.6673400081191768
212577,Franklin and Marshall College,29540,354,4,0.9559731056174561
372073,Fremont University,31080,380,4,0.7607904525992096
134237,Full Sail University,36740,487,4,0.8684712816828313
191302,Fulton-Montgomery Community College,11220,27,4,0.999755796350496
498094,Galen Health Institutes-Richmond,40060,546,4,0.9982012556050497
224961,Galveston College,26420,292,4,0.687677623314824
212656,Geneva College,38300,516,4,0.9994278391101404
232186,George Mason University,47900,689,4,0.5397763835617537
104717,Grand Canyon University,38060,510,4,0.8887928002484431
183150,Great Bay Community College,14460,85,4,0.9949511252258685
134343,Gulf Coast State College,37460,501,4,0.6398494838579808
225247,Hardin-Simmons University,10180,3,4,0.9998450173308756
496973,Herzing University-Tampa,45300,645,4,0.7262614139430393
191630,Hobart William Smith Colleges,40380,554,4,0.9999841629401377
212984,Holy Family University,37980,509,4,0.9848639013332681
488332,Hope College of Arts and Sciences,33100,423,4,0.9986810437358097
225423,Houston Community College,26420,292,4,0.9970942184547676
155195,Hutchinson Community College,26740,299,4,0.7262949208829654
145691,Illinois College,27300,309,4,0.8145827357798701
145725,Illinois Institute of Technology,16980,129,4,0.983390342081032
115931,Institute for Business and Technology,41940,585,4,0.9994045923212561
220400,Jackson State Community College,27180,307,4,0.5191510446181083
419341,Jna Institute of Culinary Arts,37980,509,4,0.9998713333619366
146205,John A Logan College,32060,403,4,0.532078806497954
162928,Johns Hopkins University,12580,53,4,0.9997531049972473
146427,Knox College,23660,242,4,0.9985076456290792
171881,Kuyper College,24340,252,4,0.9945157776146627
192323,Le Moyne College,45060,641,4,0.9999942250480882
117104,Life Pacific University,31080,380,4,0.982026610092213
163028,Lincoln College of Technology-Columbia,12580,53,4,0.985671425940733
203748,Lorain County Community College,17410,137,4,0.998875332503346
170806,Madonna University,19820,176,4,0.9905389684585124
192712,Manhattan School of Music,35620,470,4,0.8366734460994874
151786,Marian University,26900,302,4,0.9496240669243253
497833,Marian University-Ancilla,38500,521,4,0.522621575769075
203845,Marietta College,31930,399,4,0.8485033610103236
166692,Massachusetts Maritime Academy,12700,55,4,0.90783337946737
213996,Messiah University,25420,272,4,0.9979435730925124
178217,Mineral Area College,22100,214,4,0.4475528283925328
147396,Morrison Institute of Technology,44580,632,4,0.9998674382461847
214166,Mount Aloysius College,27780,317,4,0.9936055178553421
166939,Mount Holyoke College,11200,26,4,0.9981955633045233
193353,Mount Saint Mary College,28880,339,4,0.9998700930229937
119164,Mt San Antonio College,31080,380,4,0.6552856385036402
214272,Neumann University,37980,509,4,0.8959824052468276
185129,New Jersey City University,35620,470,4,0.7582338256946013
193946,Niagara County Community College,15380,101,4,0.9997924058821701
193973,Niagara University,15380,101,4,0.9999841629401377
460464,Norco College,40140,549,4,0.9721153343130784
140678,North Georgia Technical College,18460,153,4,0.9849893248612301
236072,North Seattle College,42660,597,4,0.9999941048105001
101897,Northeast Alabama Community College,42460,594,4,0.9988753269936947
127732,Northeastern Junior College,44540,631,4,0.9998947407786689
207263,Northeastern State University,45140,642,4,0.8887928002484431
173115,Northwest Technical College,13420,67,4,0.9919722667204929
207397,Oklahoma State University-Oklahoma City,36420,480,4,0.9848142568926678
194310,Pace University,35620,470,4,0.9998239762370318
199263,Pamlico Community College,35100,463,4,0.9749291057310644
214892,Penn Commercial Business/Technical School,38300,516,4,0.9985017915833801
214759,Pennsylvania State University-Penn State Fayette- Eberly,38300,516,4,0.8434674380684668
235237,Pierce College District,42660,597,4,0.9862438167406247
105543,Pima Medical Institute-Albuquerque,10740,14,4,0.9998675172595064
121257,Pitzer College,31080,380,4,0.52688853379226
138868,Point University,29300,348,4,0.9618509423505491
105589,Prescott College,39150,532,4,0.654331831885915
233277,Radford University,13980,76,4,0.9996176342350023
233310,Rappahannock Community College,47260,678,4,0.8351000319782907
167598,Regis College,14460,85,4,0.5585215714172267
105668,Rio Salado College,38060,510,4,0.999804907296483
215655,Robert Morris University,38300,516,4,0.9454798107835882
127945,Rocky Mountain College of Art and Design,19740,174,4,0.9964513134314333
199494,Rowan-Cabarrus Community College,16740,125,4,0.9914963449977552
449506,SABER College,33100,423,4,0.8645825219322846
196015,SUNY College of Technology at Canton,32390,412,4,0.8474644662732643
123554,Saint Mary's College of California,41860,584,4,0.9871321311613668
486424,Saint Michael College of Allied Health,47900,689,4,0.9669869889255024
186469,Salem Community College,37980,509,4,0.9996447241391919
112084,San Diego Christian College,41740,581,4,0.9996577127307864
456852,San Joaquin Valley College-Hesperia,40140,549,4,0.8387399095048284
448372,San Joaquin Valley College-Rancho Cordova,40900,566,4,0.7580645468539484
105747,Scottsdale Community College,38060,510,4,0.999804907296483
102058,Selma University,42820,601,4,0.9909192364479985
237792,Shepherd University,47900,689,4,0.9648145688151993
441229,Smith Chason College,31080,380,4,0.9644311995218984
236656,South Puget Sound Community College,36500,482,4,0.9191348439862478
443261,Southeastern College-Charleston,16700,124,4,0.9860530263718766
207847,Southeastern Oklahoma State University,20460,186,4,0.7282005434443457
461856,Southern California Health Institute,31080,380,4,0.9046101268297019
218821,Spartanburg Methodist College,43900,619,4,0.996035895000638
167899,Springfield College,44140,623,4,0.9391069826938603
262031,St Charles Community College,41180,572,4,0.7310424028133713
199698,St. Andrews University,29900,362,4,0.6719691930160289
195173,St. Francis College,35620,470,4,0.9879526229576554
446561,Stanbridge University,31080,380,4,0.9909194309517985
243744,Stanford University,41940,585,4,0.923223255236494
437635,The College of Health Care Professions-Austin,12420,51,4,0.9926871740580988
447591,The College of Health Care Professions-Southwest Houston,26420,292,4,0.7281963168773227
235167,The Evergreen State College,36500,482,4,0.9862438167406247
171599,The University of Olivet,29620,355,4,0.9998411005103265
227368,The University of Texas Rio Grande Valley,32580,413,4,0.9655928035194838
459727,Touro University Worldwide,31080,380,4,0.9996676599513951
149505,Trinity Christian College,16980,129,4,0.9988552105019544
445799,Universal Technical Institute of Pennsylvania Inc,37980,509,4,0.8485056945289833
497286,Universal Technical Institute-West Texas,12420,51,4,0.9785248156755676
110680,University of California-San Diego,41740,581,4,0.9751736737881417
155317,University of Kansas,29940,363,4,0.4867250180368745
199069,University of Mount Olive,24140,248,4,0.9722521874043103
227216,University of North Texas,19100,163,4,0.9998947407786687
484613,University of Phoenix-Arizona,38060,510,4,0.9996351861050262
218690,University of South Carolina-Sumter,44940,638,4,0.9922132125305637
137351,University of South Florida,45300,645,4,0.9998450175571585
234076,University of Virginia-Main Campus,16820,126,4,0.9164167537845944
240471,University of Wisconsin-River Falls,33460,430,4,0.6245537301077225
225627,University of the Incarnate Word,41700,580,4,0.9998947407786687
206349,Ursuline College,17410,137,4,0.9002404739878392
152600,Valparaiso University,16980,129,4,0.9365865338926438
223472,Vet Tech Institute of Houston,26420,292,4,0.7580645468539484
233903,Virginia Highlands Community College,28700,334,4,0.9938708907074228
234155,Virginia State University,40060,546,4,0.9998422795425456
154527,Wartburg College,47940,691,4,0.9780541214189395
494898,WellSpring School of Allied Health-Wichita,48620,704,4,0.829327559117631
139278,West Georgia Technical College,12060,44,4,0.9692369059920576
172671,West Shore Community College,31220,383,4,0.9589340439002101
237987,West Virginia Junior College-Charleston,16620,122,4,0.980348977933399
125727,Westmont College,42200,589,4,0.9995162967198855
164313,Wor-Wic Community College,41540,577,4,0.8512658264810539
168421,Worcester Polytechnic Institute,49340,718,4,0.9202000821314361
369455,Worsham College of Mortuary Science,16980,129,4,0.9442820031004568
206613,Wright State University-Lake Campus,16380,118,4,0.9981924299960271
493664,Yeshivat Hechal Shemuel,35620,470,4,0.8835995587591395
447935,ATA College,31140,381,5,0.9708151708285114
100724,Alabama State University,33860,439,5,0.9751054978220453
103501,Alaska Career College,11260,28,5,0.9987121574605315
168546,Albion College,12980,61,5,0.9993739601973537
210599,All-State Career School,37980,509,5,0.8608819954349571
455202,American Institute of Medical Sciences & Education,35620,470,5,0.9944430358911083
157021,American National University-Pikeville,38210,512,5,0.9340615573460495
131159,American University,47900,689,5,0.9993195346423126
168740,Andrews University,35660,471,5,0.9504973993534709
197869,Appalachian State University,14380,83,5,0.6935836098573687
104160,Arizona Western College,49740,724,5,0.9985620407170996
197887,Asheville-Buncombe Technical Community College,11700,36,5,0.9987371572457665
173045,Augsburg University,33460,430,5,0.9985272398076476
176628,Avila University,28140,325,5,0.9997918442761281
490513,Bais Medrash Mayan Hatorah,35620,470,5,0.809251103971658
380359,Bay Mills Community College,42300,591,5,0.9889742169881116
168883,Bay de Noc Community College,21540,205,5,0.9999935225271002
126359,Bel-Rea Institute of Animal Technology,19740,174,5,0.9980032479578321
175421,Belhaven University,27140,306,5,0.9963256511890838
234669,Bellevue College,42660,597,5,0.694496109370786
461865,Best Care College,35620,470,5,0.9993450742004453
132602,Bethune-Cookman University,19660,173,5,0.9003731253950041
450128,Blue Cliff College-Alexandria,10780,16,5,0.9998697593781523
446774,Blue Ridge Community and Technical College,25180,268,5,0.9902440710359007
490203,Bolivar Technical College,44180,624,5,0.9547763291171916
189583,Bryant & Stratton College-Buffalo,15380,101,5,0.9959605343293425
211273,Bryn Mawr College,37980,509,5,0.9951855262524707
209409,Bushnell University,21660,207,5,0.9445699778181436
154800,Butler Community College,48620,704,5,0.9980454679151997
409698,California State University-Monterey Bay,41500,576,5,0.997952503019562
454865,Cambridge College of Healthcare & Technology,33100,423,5,0.9966862791132163
165194,Cape Cod Community College,12700,55,5,0.9959439365780823
198154,Cape Fear Community College,48900,709,5,0.9979379784586849
162061,Capitol Technology University,47900,689,5,0.9968306942438783
461032,Carolina College of Biblical Studies,22180,216,5,0.7291759618313673
103909,Carrington College-Mesa,38060,510,5,0.994695300051214
103893,Carrington College-Phoenix North,38060,510,5,0.9981019157791107
219806,Carson-Newman University,34100,443,5,0.9667439749603067
379782,Center for Advanced Legal Studies,26420,292,5,0.9981789598021867
180902,Central Community College,24260,250,5,0.9980032307177013
483045,Central Georgia Technical College,47580,684,5,0.874750998212909
231697,Central Virginia Community College,31340,386,5,0.9566231999743117
466930,Chamberlain University-Texas,26420,292,5,0.9841309803842739
230852,Champlain College,15540,104,5,0.9952263016669817
498340,Chancellor Institute,33100,423,5,0.9999636651939526
219824,Chattanooga State Community College,16860,127,5,0.9959165560133311
494630,Christ Mission College,41700,580,5,0.9993647020735072
112190,City College of San Francisco,41860,584,5,0.9926259365979253
244233,City College-Hollywood,33100,423,5,0.9984994393857742
208415,Clatsop Community College,11820,38,5,0.7468127008708613
379746,College of Health Care Professions,26420,292,5,0.9932382863470862
455114,College of Western Idaho,14260,82,5,0.8184492595415296
126669,Colorado Christian University,19740,174,5,0.9876967990927329
126775,Colorado School of Mines,19740,174,5,0.9883066205678461
455983,Columbia College,47900,689,5,0.9982020653890946
210605,Community College of Allegheny County,38300,516,5,0.9975837569813905
208479,Concorde Career College-Portland,38900,527,5,0.9170109523378077
144351,Concordia University-Chicago,16980,129,5,0.9990389173236897
180984,Concordia University-Nebraska,30700,374,5,0.996623695717325
235024,Cornish College of the Arts,42660,597,5,0.9714480840871369
181002,Creighton University,36540,483,5,0.9268923792949576
177144,Culver-Stockton College,39500,537,5,0.9977034170637309
144564,Danville Area Community College,19180,165,5,0.9571034145739693
231882,Danville Community College,19260,167,5,0.995235492798628
198376,Davidson-Davie Community College,49180,715,5,0.9999531204002
224350,Del Mar College,18580,155,5,0.9834539715634357
366270,Delta College of Arts & Technology,12940,60,5,0.9200063440308489
220057,Dyersburg State Community College,20540,188,5,0.3577230496268619
220075,East Tennessee State University,27740,316,5,0.9999933877836231
224527,East Texas Baptist University,30980,377,5,0.6902273933681525
132693,Eastern Florida State College,37340,500,5,0.9977956377130894
383996,Eastern New Mexico University Ruidoso Branch Community College,40760,563,5,0.999896134903163
212133,Eastern University,37980,509,5,0.8991602555144852
133492,Eckerd College,45300,645,5,0.6567403988346359
124487,Epic Bible College & Graduate School,40900,566,5,0.9864151321238568
177339,Evangel University,44180,624,5,0.9967556901151031
477233,Evangel University-James River Assembly of God Church,44180,624,5,0.9983021787100833
184603,Fairleigh Dickinson University-Metropolitan Campus,35620,470,5,0.9981940323815921
475422,Finger Lakes Health College of Nursing & Health Sciences,40380,554,5,0.9958884882906658
133711,Flagler College,27260,308,5,0.9994201836979383
155052,Flint Hills Technical College,21380,202,5,0.9934202885967973
133650,Florida Agricultural and Mechanical University,45220,644,5,0.9952576899472749
135160,Florida Gateway College,29380,350,5,0.9959798440430957
127185,Fort Lewis College,20420,185,5,0.9929332867824088
205179,Fortis College-Centerville,19430,170,5,0.8944209950230598
233329,Fortis College-Norfolk,47260,678,5,0.984567066608313
455479,Fortis Institute-Pensacola,37860,506,5,0.9956136483825476
202806,Franklin University,18140,148,5,0.9819569678030575
156471,Galen College of Nursing-Louisville,31140,381,5,0.9991253073943558
497125,Galen Health Institutes-Nashville Campus,34980,461,5,0.8668394069713112
131469,George Washington University,47900,689,5,0.9988575453652938
485111,Georgia Military College,33300,427,5,0.9973453796569891
244446,Georgia Piedmont Technical College,12060,44,5,0.9995938858291337
497338,Glendale Career College-North-West College-Bakersfield,12540,52,5,0.9959204874409606
115126,Golden West College,31080,380,5,0.7990986285030014
130989,Goldey-Beacom College,37980,509,5,0.9992998192784632
170000,Grace Christian University,24340,252,5,0.9995879941816865
235334,Grays Harbor College,10140,2,5,0.6971092655320417
235343,Green River College,42660,597,5,0.9980032043450796
225201,Hallmark University,41700,580,5,0.9975252552332292
384342,Heartland Community College,14010,77,5,0.9558831998674133
156851,Henderson Community College,25775,280,5,0.9986503473308515
101453,Heritage Christian University,22520,223,5,0.9997581952826564
459851,Herzing University-Brookfield,33340,428,5,0.9785855946022264
198695,High Point University,24660,261,5,0.8554763477899981
235431,Highline College,42660,597,5,0.9914681570618037
134510,Hobe Sound Bible College,38940,528,5,0.9961320429976465
225399,Houston Christian University,26420,292,5,0.9374178318953843
225548,Howard Payne University,15220,99,5,0.99977669820082
115773,Humphreys University-Stockton and Modesto Campuses,44700,635,5,0.9970299280082991
150941,Huntington University,26540,295,5,0.995122279941918
159197,ITI Technical College,12940,60,5,0.9999646732754773
151324,Indiana State University,45460,647,5,0.9959856688024603
151342,Indiana University-South Bend,43780,618,5,0.9952315786085567
483373,Integrity College of Health,31080,380,5,0.9781251280352435
150987,Ivy Tech Community College,26900,302,5,0.8186905550710393
225876,Jacksonville College-Main Campus,27380,311,5,0.9993473966509253
203678,James A. Rhodes State College,30620,373,5,0.9969145876814545
146339,Judson University,16980,129,5,0.9981744509208083
225991,KD Conservatory College of Film and Dramatic Arts,19100,163,5,0.9981097263052269
155414,Kansas Wesleyan University,41460,575,5,0.9996152497940307
183062,Keene State College,28300,328,5,0.9939373794547776
203535,Kenyon College,34540,451,5,0.94974631386901
203544,Kettering College,19430,170,5,0.9981097263034986
226019,Kilgore College,30980,377,5,0.9966237217740196
165264,Laboure College of Healthcare,14460,85,5,0.9984828956754972
117168,Laguna College of Art and Design,31080,380,5,0.9937422919173501
219143,Lake Area Technical College,47980,692,5,0.9947875961750435
203580,Lake Erie College,17410,137,5,0.9825024754852871
146506,Lake Land College,16660,123,5,0.798677711607676
117195,Lake Tahoe Community College,40900,566,5,0.9915890191955011
140252,Life University,12060,44,5,0.9445667077134673
226277,Lincoln College of Technology-Grand Prairie,19100,163,5,0.9992935084047977
177968,Lindenwood University,41180,572,5,0.9993036868432679
209065,Linfield University,38900,527,5,0.9879433638384412
219976,Lipscomb University,34980,461,5,0.9987383651220272
227182,Lone Star College System,26420,292,5,0.358386159544425
117788,Los Angeles City College,31080,380,5,0.9968837770256023
117715,Los Angeles Southwest College,31080,380,5,0.99741162290234
159647,Louisiana Tech University,40820,565,5,0.9950295152377724
106342,Lyon College,12900,59,5,0.996033481035297
155487,Manhattan Area Technical College,31740,395,5,0.9458782941183064
163295,Maryland Institute College of Art,12580,53,5,0.9866758611202622
490328,Mechon L'hoyroa,35620,470,5,0.6293701731236112
456153,MediaTech Institute-Houston,26420,292,5,0.996994680689501
118693,Menlo College,41860,584,5,0.9640116787608867
140447,Mercer University,31420,388,5,0.5956097111893063
193061,Mesivta of Eastern Parkway-Yeshiva Zichron Meilech,35620,470,5,0.9972927568936802
190114,Metropolitan College of New York,35620,470,5,0.9963717820741539
181303,Metropolitan Community College Area,36540,483,5,0.9999980327712154
177995,Metropolitan Community College-Kansas City,28140,325,5,0.9987637609258099
127565,Metropolitan State University of Denver,19740,174,5,0.9972807058565023
220978,Middle Tennessee State University,34980,461,5,0.9359251372494374
178208,Midwestern Baptist Theological Seminary,28140,325,5,0.9997384010896361
226833,Midwestern State University,48660,705,5,0.9978471303395605
179344,Missouri State University-West Plains,48460,701,5,0.9992046354580373
178387,Missouri Western State University,41140,571,5,0.999043896313208
180461,Montana State University,14580,88,5,0.9989342878133783
171234,Montcalm Community College,24340,252,5,0.9948361869881881
185590,Montclair State University,35620,470,5,0.9975714241352328
199032,Montreat College,11700,36,5,0.6651932921368859
127617,Morgan Community College,22820,229,5,0.927638882442251
204200,Mount St. Joseph University,17140,132,5,0.9934168945658961
209250,Mt Hood Community College,38900,527,5,0.7566844837522494
227146,Navarro College,18620,156,5,0.41604706075613096
163532,Ner Israel Rabbinical College,12580,53,5,0.9914850296682163
444787,Nightingale College,41620,578,5,0.997221243671202
224110,North Central Texas College,23620,241,5,0.9979856276236388
445364,North-West College-Riverside,40140,549,5,0.9990654754799226
488730,Northeast Lakeview College,41700,580,5,0.993188596303795
207290,Northeastern Oklahoma A&M College,33060,422,5,0.9832941771902303
377546,Northwest College of Art & Design,42660,597,5,0.9990786709716724
380377,Northwest Indian College,13380,66,5,0.9883004854594972
487603,Northwest University-Center for Online and Extended Education,42660,597,5,0.9990637048251665
158884,Nunez Community College,35380,466,5,0.998940624049263
171535,Oakland Community College,19820,176,5,0.9756532284619007
171571,Oakland University,19820,176,5,0.9992773995691655
140696,Oglethorpe University,12060,44,5,0.9924520020929041
493646,Ohel Margulia Seminary,35620,470,5,0.9961163423349697
204705,Ohio State University-Newark Campus,18140,148,5,0.9966952984786507
207388,Oklahoma State University-Main Campus,44660,634,5,0.9936870468223252
469629,Oklahoma Technical College,46140,661,5,0.9966975199257049
236188,Olympic College,14740,93,5,0.999297362765863
107512,Ouachita Baptist University,11660,34,5,0.9963256511890838
227331,Our Lady of the Lake University,41700,580,5,0.6948681258799535
177472,Ozarks Technical Community College,44180,624,5,0.9905454027434891
444811,PITC Institute,37980,509,5,0.9999906642169345
246354,Palo Alto College,41700,580,5,0.9916600379842501
178721,Park University,28140,325,5,0.9978480964984059
243823,Parker University,19100,163,5,0.999320021994897
147916,Parkland College,16580,121,5,0.9958981436429699
136400,Pasco-Hernando State College,45300,645,5,0.9979283955358829
176239,Pearl River Community College,38100,511,5,0.9832829650986825
215053,Pennsylvania College of Art and Design,29540,354,5,0.9981597486646265
449074,Pima Medical Institute-Renton,42660,597,5,0.9867808077745039
490878,Platt College-Anaheim,31080,380,5,0.9125656337046422
218539,Presbyterian College,24860,263,5,0.9508619308224595
130226,Quinnipiac University,35300,465,5,0.9999935899442866
186201,Ramapo College of New Jersey,35620,470,5,0.9497034319624086
117052,Reedley College,23420,236,5,0.9934168929422523
231651,Regent University,47260,678,5,0.993109170817277
377111,Remington College-Fort Worth Campus,19100,163,5,0.996540742926502
451857,Remington College-Houston Southeast Campus,26420,292,5,0.998967595985541
445203,Remington College-North Houston Campus,26420,292,5,0.9091141288672535
148256,Rend Lake College,34500,450,5,0.9957569116532463
227757,Rice University,26420,292,5,0.9962671608960639
148292,Richland Community College,19500,171,5,0.6864123446682301
199449,Richmond Community College,40460,556,5,0.7708417709012463
233408,Riverside College of Health Careers,47260,678,5,0.9845748415154264
207661,Rogers State University,46140,661,5,0.9994919365108702
215682,Rosedale Technical College,38300,516,5,0.9988381653686732
183877,Rowan College at Burlington County,37980,509,5,0.547751575678626
167631,Roxbury Community College,14460,85,5,0.9950598263206974
446525,SAE Institute of Technology-Nashville,34980,461,5,0.9980994926014376
188438,SUNY Adirondack,24020,247,5,0.9963256511890838
189547,SUNY Broome Community College,13780,73,5,0.8531694799019977
130253,Sacred Heart University,14860,96,5,0.4041384948924314
152390,Saint Mary's College,43780,618,5,0.9995319355278852
122409,San Diego State University,41740,581,5,0.9832839049757945
495961,San Joaquin Valley College-Santa Maria,42200,589,5,0.9984200363430962
122685,San Joaquin Valley College-Visalia,47300,679,5,0.9972502882750032
399212,Santiago Canyon College,31080,380,5,0.9977239849450515
140951,Savannah College of Art and Design,42340,592,5,0.9862517671207445
197151,School of Visual Arts,35620,470,5,0.9992703103396711
123165,Scripps College,31080,380,5,0.8829884313528498
186584,Seton Hall University,35620,470,5,0.9977267018134889
102067,Shelton State Community College,46220,663,5,0.9279437999870078
172264,Siena Heights University,10300,5,5,0.970639533295253
167783,Simmons University,14460,85,5,0.9914546136781
123563,Solano Community College,46700,671,5,0.9990015691477744
251312,South University-Columbia,17900,145,5,0.994500070293569
449898,South University-Tampa,45300,645,5,0.9993027216770264
181640,Southeast Community College Area,30700,374,5,0.9933876697642207
399869,Southern California Institute of Technology,31080,380,5,0.9997598860776026
149222,Southern Illinois University-Carbondale,16060,112,5,0.9993779358514963
183026,Southern New Hampshire University,18180,149,5,0.994956343022341
188216,Southwestern Indian Polytechnic Institute,10740,14,5,0.9982582068234409
183248,St Joseph School of Nursing,31700,394,5,0.9742668692480403
163912,St. Mary's College of Maryland,30500,371,5,0.9641602268440052
179548,Stephens College,17860,144,5,0.9980964372208699
450298,Strayer University-Delaware,37980,509,5,0.995559017667029
458955,Strayer University-Mississippi,27140,306,5,0.9929927200172765
453215,Strayer University-New Jersey,35620,470,5,0.9999431687193796
233684,Strayer University-Virginia,47900,689,5,0.9988626635546198
208512,Sumner College,38900,527,5,0.9881725728183132
233718,Sweet Briar College,31340,386,5,0.9609089848313493
206011,Terra State Community College,23380,235,5,0.9960295659507947
494694,Texas Healthtech Institute,13140,63,5,0.9957822127090199
202763,The University of Findlay,22300,219,5,0.999618078300894
137847,The University of Tampa,45300,645,5,0.9995340342070376
124292,Thomas Aquinas College,37100,496,5,0.997129057793646
183275,Thomas More College of Liberal Arts,31700,394,5,0.9625713813967106
448859,Triangle Tech Inc-Bethlehem,10900,18,5,0.9995880937658825
496265,Triangle Tech-Chambersburg,16540,120,5,0.9972407037668805
137962,Trinity College of Florida,45300,645,5,0.9966208983346774
149514,Trinity International University-Illinois,16980,129,5,0.6710547226222786
197018,United Talmudical Seminary,35620,470,5,0.9983980606569162
169655,Universal Technical Institute-Canton,19820,176,5,0.999496738978621
102632,University of Alaska Southeast,27940,320,5,0.9938637607250728
106412,University of Arkansas at Pine Bluff,38220,513,5,0.8641881141121354
445188,University of California-Merced,32900,420,5,0.9958565165812652
126562,University of Colorado Denver/Anschutz Medical Campus,19740,174,5,0.9970804036304538
142285,University of Idaho,34140,444,5,0.9280513362434275
145637,University of Illinois Urbana-Champaign,16580,121,5,0.9974353463728666
157085,University of Kentucky,30460,370,5,0.9875404722963937
200217,University of Mary,13900,75,5,0.999481931066894
166638,University of Massachusetts-Boston,14460,85,5,0.9941015486113052
135726,University of Miami,33100,423,5,0.9986454042324124
170976,University of Michigan-Ann Arbor,11460,31,5,0.996688577970757
171137,University of Michigan-Dearborn,19820,176,5,0.9960917947849419
101693,University of Mobile,33660,435,5,0.9996573941194133
204185,University of Mount Union,15940,109,5,0.9990890170731525
181394,University of Nebraska at Omaha,36540,483,5,0.9997486273334095
121691,University of Redlands,40140,549,5,0.9999548862251163
219383,University of Sioux Falls,43620,613,5,0.9894553384608251
123961,University of Southern California,31080,380,5,0.7977231850391793
151306,University of Southern Indiana,21780,209,5,0.9540383812724994
161554,University of Southern Maine,38860,526,5,0.9995094611110309
176372,University of Southern Mississippi,25620,277,5,0.9939548754881695
230764,University of Utah,41620,578,5,0.9921199341750453
230737,Utah Valley University,39340,534,5,0.9999054920696089
494250,Valley College-Cleveland,17410,137,5,0.9997058038704635
213914,Vet Tech Institute,38300,516,5,0.4602215369742445
197142,Villa Maria College,15380,101,5,0.9999928254313346
233921,Virginia Polytechnic Institute and State University,13980,76,5,0.8359238942496003
236896,Walla Walla University,47460,683,5,0.9999978711014913
179867,Washington University in St Louis,41180,572,5,0.9973568284122609
199892,Wayne Community College,24140,248,5,0.9918166369706775
220206,Welch College,34980,461,5,0.980400356910228
493451,WellSpring School of Allied Health-Springfield,44180,624,5,0.996893719568593
168227,Wentworth Institute of Technology,14460,85,5,0.9779393350916116
219480,Western Dakota Technical College,39660,539,5,0.997525251039583
149772,Western Illinois University,31380,387,5,0.9986979277036434
154572,Western Iowa Tech Community College,43580,612,5,0.9946142161101246
229832,Western Texas College,43660,615,5,0.996907918107077
210401,Willamette University,41420,574,5,0.9987464520774395
131113,Wilmington University,37980,509,5,0.9992889037724454
125897,Woodbury University,31080,380,5,0.9996212171732599
206622,Xavier University,17140,132,5,0.9899929356026432
237109,Yakima Valley College,49420,719,5,0.9995293143705574
197647,Yeshiva Derech Chaim,35620,470,5,0.9986782630882369
498809,Yeshiva of Kasho,35620,470,5,0.9991661970459271
455257,Yeshiva of Machzikai Hadas,35620,470,5,0.9999941657278719
431983,Yeshiva of the Telshe Alumni,35620,470,5,0.9992288424460581
222178,Abilene Christian University,10180,3,6,0.992671788511628
199786,Alamance Community College,15500,103,6,0.9134941309237006
222576,Amarillo College,11100,23,6,0.9984862508960202
485698,American College of the Building Arts,16700,124,6,0.7694358930679402
441636,American Institute of Alternative Medicine,18140,148,6,0.999998991516811
433004,American University of Health Sciences,31080,380,6,0.9999995652506912
211088,Arcadia University,37980,509,6,0.9983832916161473
499404,Arizona College of Nursing-Cleveland,17410,137,6,0.8364614148948186
156231,Ashland Community and Technical College,26580,296,6,0.993245193844308
143084,Augustana College,19340,169,6,0.7015600642089606
440059,Aviation Institute of Maintenance-Atlanta,12060,44,6,0.9999974618366321
438735,Aviation Institute of Maintenance-Indianapolis,26900,302,6,0.9999989141223292
437103,Baton Rouge Community College,12940,60,6,0.9999989141223292
165884,Benjamin Franklin Cummings Institute of Technology,14460,85,6,0.9999988920160251
156295,Berea College,40080,547,6,0.9932448916675831
234711,Big Bend Community College,34180,445,6,0.9051053880105259
200022,Bismarck State College,13900,75,6,0.9999026338091274
441502,Blue Cliff College-Gulfport,25060,266,6,0.9999994765732432
142115,Boise State University,14260,82,6,0.9999988968193316
438179,Brookline College-Tucson,46060,659,6,0.9999994768899165
190655,CUNY New York City College of Technology,35620,470,6,0.6395505220919715
190691,CUNY York College,35620,470,6,0.9999728567196364
433013,Career Networks Institute,31080,380,6,0.9999995652506912
420370,Career Technical Institute,47900,689,6,0.9999981264418494
211431,Carlow University,38300,516,6,0.43117099872286396
211440,Carnegie Mellon University,38300,516,6,0.8969123443553318
142054,Carrington College-Boise,14260,82,6,0.9999977682189496
438258,Carrington College-Pleasant Hill Campus,41860,584,6,0.9999989141223292
437936,Carrington College-San Jose,41940,585,6,0.9999691223631345
439118,Carrington College-Spokane,44060,621,6,0.9999971601044225
439190,Cascadia College,42660,597,6,0.9999294592734188
161077,Central Maine Community College,30340,369,6,0.9980310177111731
420024,Centura College-Chesapeake,47260,678,6,0.9999994768836026
364025,Chandler-Gilbert Community College,38060,510,6,0.9999985878458073
112385,Coastline Community College,31080,380,6,0.9974128683606964
166124,College of the Holy Cross,49340,718,6,0.9999994654974206
366261,Commonwealth Institute of Funeral Service,26420,292,6,0.9999987283720729
439570,Community Care College,46140,661,6,0.9999886410229232
441742,Concorde Career College-Grand Prairie,19100,163,6,0.999978476035942
139393,Covenant College,16860,127,6,0.9999802761200989
139463,Dalton State College,19140,164,6,0.9997857440826902
210739,DeSales University,10900,18,6,0.9661113157341823
211981,Delaware Valley University,37980,509,6,0.9531228144266127
113634,Diablo Valley College,41860,584,6,0.9999193206915148
212054,Drexel University,37980,509,6,0.9786730346039693
113856,East Los Angeles College,31080,380,6,0.9999793219415639
129215,Eastern Connecticut State University,35980,476,6,0.8657779205913624
421878,Eastern International College-Jersey City,35620,470,6,0.9999971600956538
187648,Eastern New Mexico University-Main Campus,17580,139,6,0.8065253221038415
441858,Eastern Virginia Career College,47900,689,6,0.9999980341459639
238661,Edgewood College,31540,390,6,0.9999150024849225
490346,Elyon College,35620,470,6,0.998930845142094
139658,Emory University,12060,44,6,0.9999971601024438
114266,Evergreen Valley College,41940,585,6,0.9999698574213941
165820,Fitchburg State University,49340,718,6,0.9998575750873904
408844,Florida National University-Main Campus,33100,423,6,0.9658398787110645
139719,Fort Valley State University,47580,684,6,0.9999802761200989
439738,Fortis College-Baton Rouge,12940,60,6,0.9999974618366321
490975,Fortis College-Cutler Bay,33100,423,6,0.999806822026894
458681,Fortis College-Indianapolis,26900,302,6,0.9986684497977186
191339,Genesee Community College,12860,58,6,0.9999994768900269
139700,Georgia Highlands College,40660,560,6,0.9999971601024438
139755,Georgia Institute of Technology-Main Campus,12060,44,6,0.9999971601024438
139384,Georgia Northwestern Technical College,40660,560,6,0.9997463384390928
139940,Georgia State University,12060,44,6,0.9999977448441287
165936,Gordon College,14460,85,6,0.9999947508534102
213181,Great Lakes Institute of Technology,21500,204,6,0.9661113157341823
173647,Gustavus Adolphus College,31860,397,6,0.9999960907976346
425250,Gwinnett College-Sandy Springs,12060,44,6,0.9999967993104113
102313,H Councill Trenholm State Community College,33860,439,6,0.9999697333640897
191533,Hartwick College,36580,484,6,0.9999685982912797
153445,Hawkeye Community College,47940,691,6,0.9999974270100798
173708,Hennepin Technical College,33460,430,6,0.9999949946117983
140340,Herzing University-Atlanta,12060,44,6,0.9999992767483883
433536,Herzing University-New Orleans,35380,466,6,0.9999643153552067
191621,Hilbert College,15380,101,6,0.9999196455816775
191649,Hofstra University,35620,470,6,0.9999971576344359
166133,Holyoke Community College,44140,623,6,0.9999988920160251
487524,Husson University,12620,54,6,0.9920913896626681
213020,Indiana University of Pennsylvania-Main Campus,26860,301,6,0.9893586675265207
151379,Indiana University-Southeast,31140,381,6,0.9168692892064352
431141,Institute of Technology,23420,236,6,0.9999988967876308
443571,InterCoast Colleges-West Covina,31080,380,6,0.8657740373708761
367361,Interactive College of Technology,26420,292,6,0.9999729884323169
440776,Interactive College of Technology,26420,292,6,0.9999571919698813
191931,Iona University,35620,470,6,0.9999950491684556
153524,Iowa Central Community College,22700,228,6,0.999997742275622
191959,Island Drafting and Technical Institute,35620,470,6,0.9999728567196364
191968,Ithaca College,27060,304,6,0.9999991991506283
191986,Jamestown Community College,27460,313,6,0.9999981264460064
192022,Jefferson Community College,48060,694,6,0.9999994768900269
217235,Johnson & Wales University-Providence,39300,533,6,0.9352835039700845
498623,Justice University,38060,510,6,0.801621424400399
428392,Klamath Community College,28900,340,6,0.9999992046689421
213349,Kutztown University of Pennsylvania,39740,540,6,0.9661113157341823
192271,LIM College,35620,470,6,0.9999994768900269
213376,Lackawanna College,42540,595,6,0.9958273476364474
213385,Lafayette College,10900,18,6,0.9864814081904162
239008,Lakeshore Technical College,31820,396,6,0.9999991991506304
207209,Langston University,36420,480,6,0.827779051669341
170657,Lansing Community College,29620,355,6,0.5302916671359151
239017,Lawrence University,11540,33,6,0.999998280292295
141811,Leeward Community College,46520,667,6,0.9999800447625956
221148,Lincoln College of Technology-Nashville,34980,461,6,0.9999445745471419
192624,Machzikei Hadath Rabbinical College,35620,470,6,0.9999988032226146
239071,Maranatha Baptist University,48020,693,6,0.9999196455816795
192785,Maria College of Albany,10580,11,6,0.9999377940543956
192819,Marist University,28880,339,6,0.9999989141226073
239105,Marquette University,33340,428,6,0.9997058794381987
237525,Marshall University,26580,296,6,0.6261888584419103
192864,Marymount Manhattan College,35620,470,6,0.9999995652878452
166674,Massachusetts College of Art and Design,14460,85,6,0.5881508401383784
155511,McPherson College,32700,415,6,0.9932467935445103
193016,Mercy University,35620,470,6,0.9998019135437853
193052,Mesivta Torah Vodaath Rabbinical Seminary,35620,470,6,0.9999992047061497
193070,Mesivtha Tifereth Jerusalem of America,35620,470,6,0.9999994768900269
417752,Messenger College,19100,163,6,0.9999994768836026
239220,Mid-State Technical College,49220,716,6,0.999994994924093
193201,Mildred Elley School-Albany Campus,10580,11,6,0.9999994768900269
213534,Miller-Motte College-Berks Technical Institute,39740,540,6,0.9864814081904162
438221,Miller-Motte College-Berks Technical Institute-Lewisburg,30260,367,6,0.9999988017573114
239309,Milwaukee Institute of Art & Design,33340,428,6,0.9999863634363226
239318,Milwaukee School of Engineering,33340,428,6,0.9999994768900289
174127,Minneapolis College of Art and Design,33460,430,6,0.9999991988383345
173735,Minnesota North College,20260,184,6,0.9986126972502809
174358,Minnesota State University Moorhead,22020,212,6,0.9999753298996347
200253,Minot State University,33500,431,6,0.9999863634363244
193283,Mohawk Valley Community College,46540,668,6,0.9997297338478186
166911,Montserrat College of Art,14460,85,6,0.790128768119036
140553,Morehouse College,12060,44,6,0.9999956252595869
460394,Moreno Valley College,40140,549,6,0.8323220585110083
140571,Morris Brown College,12060,44,6,0.9999988968193316
221096,Motlow State Community College,46100,660,6,0.9999577708584683
239390,Mount Mary University,33340,428,6,0.999864806505837
442611,NASCAR Technical Institute,16740,125,6,0.7289452576514681
228325,Nelson University,19100,163,6,0.9999573811214703
441900,Nevada State University,29820,360,6,0.9999980341459639
187897,New Mexico Highlands University,29780,359,6,0.7271792222864126
187903,New Mexico Junior College,26020,288,6,0.9933697227060396
187620,New Mexico State University-Dona Ana,29740,358,6,0.9279449213754012
418126,New York College of Health Professions,35620,470,6,0.9999903303564645
194091,New York Institute of Technology,35620,470,6,0.9999929480914223
193858,New York School for Medical and Dental Assistants,35620,470,6,0.9999643153921399
239460,Northcentral Technical College,48140,695,6,0.9996640972295758
204857,Ohio University-Main Campus,11900,40,6,0.8849893929881995
194189,Ohr Hameir Theological Seminary,35620,470,6,0.9999985912030447
194222,Onondaga Community College,45060,641,6,0.99999926282414
194240,Orange County Community College,28880,339,6,0.9999991991506283
120421,Oxnard College,37100,496,6,0.7550161372698607
120865,Pacific Union College,34900,459,6,0.9202949938963085
121044,Pasadena City College,31080,380,6,0.844736770521644
214810,Pennsylvania State University-Penn State Schuylkill,39060,531,6,0.9904032984336558
214652,Pennsylvania State University-Penn State Scranton,42540,595,6,0.9900036685407604
442134,Pima Medical Institute-Colorado Springs,17820,143,6,0.9999990709939736
404912,Pima Medical Institute-Denver,19740,174,6,0.9986505858645548
432384,Platt College-Ontario,40140,549,6,0.999999003849449
490805,Purdue University Northwest,16980,129,6,0.9997960402558664
194718,Rabbinical Seminary Mkor Chaim,35620,470,6,0.9999989141226073
480657,Rasmussen University-Kansas,45820,655,6,0.9728689112511107
440271,Remington College-Baton Rouge Campus,12940,60,6,0.9999989141223292
366535,Remington College-Mobile Campus,33660,435,6,0.999996828838691
195003,Rochester Institute of Technology,40380,554,6,0.9994915327014586
439899,Rosedale Bible College,18140,148,6,0.9999989141223292
195128,Russell Sage College,10580,11,6,0.9999990639141638
160579,SOWELA Technical Community College,29340,349,6,0.6943137540893324
183239,Saint Anselm College,31700,394,6,0.5430299127020418
215770,Saint Joseph's University - Philadelphia,37980,509,6,0.9958111814600309
140960,Savannah State University,42340,592,6,0.9999988968193316
140942,Savannah Technical College,42340,592,6,0.9999974743319663
140988,Shorter University,40660,560,6,0.9976712567843009
461759,Simmons College of Kentucky,31140,381,6,0.76106163621199
173911,South Central College,31860,397,6,0.9999863631240309
366003,South Florida Bible College and Theological Seminary,33100,423,6,0.9999945168920853
428170,Southeastern College-West Palm Beach,33100,423,6,0.9999988031811176
160612,Southeastern Louisiana University,25220,269,6,0.8046745690378965
408385,Southern Careers Institute-Pharr,32580,413,6,0.5817839545466577
139986,Southern Crescent Technical College,12060,44,6,0.9999980736508173
210146,Southern Oregon University,32780,417,6,0.9900036685407604
228468,Southwestern Adventist University,19100,163,6,0.9999988968247295
228343,Southwestern University,12420,51,6,0.9999980736573469
189811,St Paul's School of Nursing-Queens,35620,470,6,0.8616385838675533
192961,St. Peter's Hospital College of Nursing,10580,11,6,0.9999989141226073
102270,Stillman College,46220,663,6,0.99998491104519
366395,Suffolk County Community College,35620,470,6,0.9999983712354819
216278,Susquehanna University,42780,600,6,0.996338846497481
228529,Tarleton State University,44500,630,6,0.9999915022605717
228608,Temple College,28660,333,6,0.9999989924628037
228699,Texarkana College,45500,648,6,0.999998481727997
228705,Texas A&M University-Kingsville,28780,336,6,0.9999150024849432
228875,Texas Christian University,19100,163,6,0.9999980736573469
228884,Texas College,46340,665,6,0.9999975478463285
228459,Texas State University,12420,51,6,0.9995964332646454
480833,The College of Health Care Professions-Fort Worth,19100,163,6,0.9727037968687714
192110,The Juilliard School,35620,470,6,0.9999940889955723
228802,The University of Texas at Tyler,46340,665,6,0.9999974751635858
443377,Triangle Tech Inc-Sunbury,44980,639,6,0.9988341982968433
102368,Troy University,45980,658,6,0.9406136562303026
438504,Universal Technical Institute of California Inc,40140,549,6,0.9999995652871629
487597,Universal Technical Institute-Southern California,31080,380,6,0.9929001318927306
202480,University of Dayton,19430,170,6,0.9201602097819895
153278,University of Dubuque,20220,183,6,0.999998507198533
220862,University of Memphis,32820,418,6,0.9999421503792922
174075,University of Minnesota-Crookston,24220,249,6,0.9999960907976346
174066,University of Minnesota-Twin Cities,33460,430,6,0.9946408731908382
193399,University of Mount Saint Vincent,35620,470,6,0.9999988968247023
199139,University of North Carolina at Charlotte,16740,125,6,0.9976943599965591
141334,University of West Georgia,12060,44,6,0.9997857440826902
240268,University of Wisconsin-Eau Claire,20740,190,6,0.9999994768900289
240277,University of Wisconsin-Green Bay,24580,257,6,0.9999994768900289
240417,University of Wisconsin-Stout,32860,419,6,0.9962162041821908
152673,Wabash College,18820,159,6,0.9999991990868559
156082,Washburn University,45820,655,6,0.9932445946709286
141325,Wesleyan College,31420,388,6,0.9999975263372378
130697,Wesleyan University,25540,275,6,0.9856397304459457
443331,West Coast University-Los Angeles,31080,380,6,0.998932218094524
485272,West Coast University-Miami,33100,423,6,0.8083700468005486
181817,Western Nebraska Community College,42420,593,6,0.7281114673540229
210429,Western Oregon University,41420,574,6,0.9786730346039693
199908,Western Piedmont Community College,25860,284,6,0.9999643153921437
156107,Wichita State University-Campus of Applied Sciences and Technology,48620,704,6,0.9931736842083545
222105,William R Moore College of Technology,32820,418,6,0.9930823417205231
141990,Windward Community College,46520,667,6,0.9999756385616516
206525,Wittenberg University,44220,625,6,0.7697445606502749
490319,Yeshiva Bais Aharon,35620,470,6,0.9997636963645713
490504,Yeshiva Ohr Naftoli,28880,339,6,0.9998069064053062
490276,Yeshiva Shaar Ephraim,35620,470,6,0.9998031861154075
441609,Yeshiva Shaarei Torah of Rockland,35620,470,6,0.9999980341459639
363712,Yeshivah Gedolah Rabbinical College,33100,423,6,0.9999980776453551
405058,Yeshivas Novominsk,35620,470,6,0.9986566055847728
218991,York Technical College,16740,125,6,0.6827566921341623
231411,Advanced Technology Institute,47260,678,7,0.9996019083309354
100654,Alabama A & M University,26620,297,7,0.9679038576282653
172918,Alexandria Technical & Community College,10820,17,7,0.7456772960026286
161688,Allegany College of Maryland,19060,162,7,0.5168720926393793
445133,American InterContinental University-Houston,26420,292,7,0.9999608899170426
164447,American International College,44140,623,7,0.9707417268102435
164492,Anna Maria College,49340,718,7,0.966537178454607
497268,Arizona College of Nursing-Salt Lake City,41620,578,7,0.9999783250063572
495420,Arizona College of Nursing-Tampa,45300,645,7,0.9415204379461025
107327,Arkansas Northeastern College,14180,81,7,0.9674307248735403
107318,Arkansas State University Mid-South,32820,418,7,0.9949467455671206
106449,Arkansas State University-Beebe,42620,596,7,0.9449903165321462
188942,Associated Beth Rivkah Schools,35620,470,7,0.908281197323875
100858,Auburn University,12220,47,7,0.9740206113381545
100830,Auburn University at Montgomery,33860,439,7,0.9886660829621697
444556,Auguste Escoffier School of Culinary Arts-Austin,12420,51,7,0.9975476041525011
219639,Baptist Health Sciences University,32820,418,7,0.9116116575738045
164632,Bay Path University,44140,623,7,0.971766712852915
197966,Beaufort County Community College,47820,688,7,0.9616776657231649
197984,Belmont Abbey College,16740,125,7,0.5217409534856352
230816,Bennington College,13540,69,7,0.9177397151409336
164748,Berklee College of Music,14460,85,7,0.5567028507921564
189273,Beth Hamedrash Shaarei Yosher Institute,35620,470,7,0.9627178462613478
488314,Beth Medrash of Asbury Park,35620,470,7,0.8406143728261354
150145,Bethel University,43780,618,7,0.9850545821932036
486053,Bethlehem College & Seminary,33460,430,7,0.9702457245315093
231536,Blue Ridge Community College,44420,629,7,0.9965755539306947
237215,Bluefield State University,14140,80,7,0.9756994306524106
491446,Bnos Zion Of Bobov Seminary,35620,470,7,0.9273372847203512
143358,Bradley University,37900,507,7,0.9845062339272571
198066,Brevard College,14820,95,7,0.9434750154730557
404055,Brookline College-Tempe,38060,510,7,0.990697492575825
132709,Broward College,33100,423,7,0.5878864579515714
190530,CUNY Bronx Community College,35620,470,7,0.9842326761286899
190600,CUNY John Jay College of Criminal Justice,35620,470,7,0.9516936488096372
190628,CUNY LaGuardia Community College,35620,470,7,0.9736111366281086
475565,CUNY Stella and Charles Guttman Community College,35620,470,7,0.9647858564393814
110422,California Polytechnic State University-San Luis Obispo,42020,586,7,0.7435563002870645
110486,California State University-Bakersfield,12540,52,7,0.9954640602822294
183938,Camden County College,37980,509,7,0.9701145742128479
125532,Carrington College-Sacramento,40900,566,7,0.9496370050201939
189839,Cayuga County Community College,12180,46,7,0.9921810252519699
218858,Central Carolina Technical College,44940,638,7,0.9663467801827998
173203,Central Lakes College-Brainerd,14660,90,7,0.894725235998292
175315,Century College,33460,430,7,0.6412489046507924
144005,Chicago State University,16980,129,7,0.9851291979078849
219833,Christian Brothers University,32820,418,7,0.9963664678754336
144184,City Colleges of Chicago-Harry S Truman College,16980,129,7,0.9960089349592997
144193,City Colleges of Chicago-Richard J Daley College,16980,129,7,0.4048315311820378
208406,Clackamas Community College,38900,527,7,0.9816973277202066
198321,Cleveland Community College,43140,605,7,0.999920268464616
219879,Cleveland State Community College,17420,138,7,0.956133336175246
234951,Clover Park Technical College,42660,597,7,0.999968819629765
223320,Coastal Bend College,13300,65,7,0.9242552746934196
218724,Coastal Carolina University,34820,457,7,0.9861440604399306
104425,Cochise County Community College District,43420,610,7,0.9997467472425443
190099,Colgate University,45060,641,7,0.9323211391405914
461953,Colorado Academy of Veterinary Technology,17820,143,7,0.9421342311910337
126678,Colorado College,17820,143,7,0.9893169659208421
126818,Colorado State University-Fort Collins,22660,227,7,0.5468794015057958
234979,Columbia Basin College,28420,329,7,0.8349120394405471
190150,Columbia University in the City of New York,35620,470,7,0.9860263615645625
155283,Concorde Career College-Kansas City,28140,325,7,0.9788093984625874
129367,Connecticut State Community College,25540,275,7,0.6307746123481045
175573,Copiah-Lincoln Community College,27140,306,7,0.994157490962553
154952,Cowley County Community College,11680,35,7,0.8008775704815252
444565,Culinary Institute Inc,26420,292,7,0.9875569523868976
173416,Dakota County Technical College,33460,430,7,0.9596093759311347
224244,Dallas Christian College,19100,163,7,0.5044855854711137
202435,Davis College,45780,654,7,0.8881426944021638
133386,Daytona State College,19660,173,7,0.7561672292910402
130934,Delaware State University,20100,181,7,0.9917688689674895
130907,Delaware Technical Community College-Terry,20100,181,7,0.9728857914755156
158802,Dillard University,35380,466,7,0.9987398314707788
169761,Dorsey College,19820,176,7,0.9829830573880494
184348,Drew University,35620,470,7,0.9392006880287705
156620,Eastern Kentucky University,40080,547,7,0.9790585144141964
133526,Edward Waters University,27260,308,7,0.9285637462680917
156648,Elizabethtown Community and Technical College,21060,195,7,0.9729203144393596
165671,Emmanuel College,14460,85,7,0.9738020127619336
101143,Enterprise State Community College,21460,203,7,0.9361982927518021
129242,Fairfield University,14860,96,7,0.9953430834302243
237367,Fairmont State University,21900,211,7,0.9577045963529345
133669,Florida Atlantic University,33100,423,7,0.9921465500938561
162584,Frostburg State University,19060,162,7,0.9510761280834477
452948,Galen College of Nursing-Cincinnati,17140,132,7,0.961877223428617
499282,Galen Health Institutes-Roanoke,40220,551,7,0.9762232127719125
146816,Generations College,16980,129,7,0.9905157526220789
156745,Georgetown College,30460,370,7,0.9891471826587769
232195,Germanna Community College,29470,353,7,0.9328391797525639
170091,Great Lakes Christian College,29620,355,7,0.8967777823045162
198613,Guilford College,24660,261,7,0.9884752069461347
162690,Hagerstown Community College,25180,268,7,0.7464407915885415
198640,Halifax Community College,40260,552,7,0.9886083631994989
107044,Harding University,42620,596,7,0.958614635468067
181127,Hastings College,25580,276,7,0.9857835719184189
198668,Haywood Community College,48200,697,7,0.8219134818468745
203085,Heidelberg University,45660,651,7,0.8395213099766929
170240,Henry Ford College,19820,176,7,0.9597062517863656
235422,Heritage University,49420,719,7,0.8799874589393748
386472,Herzing University-Orlando,36740,487,7,0.9593774323762435
203128,Hiram College,10420,6,7,0.8178414075260075
150774,Holy Cross College,43780,618,7,0.9772173120989012
203386,Hondros College of Nursing,18140,148,7,0.9705846425565036
156860,Hopkinsville Community College,17300,135,7,0.8753079058559838
495280,Indian Bible College,22380,220,7,0.984612668072704
492962,Indiana Institute of Technology-College of Professional Studies,23060,231,7,0.930632274397715
485564,Infinity College,29180,345,7,0.9935648913126365
443696,Interactive College of Technology,26420,292,7,0.5995207269094149
107141,John Brown University,22220,217,7,0.9831979723813977
155308,Kansas Christian College,28140,325,7,0.9490289763033026
135081,Keiser University-Ft Lauderdale,33100,423,7,0.9999725817296162
169983,Kettering University,22420,221,7,0.9648308400926652
182148,Las Vegas College,29820,360,7,0.960362888142493
232575,Laurel Ridge Community College,49020,713,7,0.9999598571626163
454786,Laurus College,42020,586,7,0.5439867148019478
170675,Lawrence Technological University,19820,176,7,0.9888353844321957
226231,LeTourneau University,30980,377,7,0.8395154070604353
166452,Lesley University,14460,85,7,0.916383640693882
177940,Lincoln University,27620,315,7,0.8923696080955289
117867,Los Angeles Mission College,31080,380,7,0.9922111209280626
117733,Los Angeles Valley College,31080,380,7,0.9972517554571305
198871,Louisburg College,39580,538,7,0.9693622888965805
159391,Louisiana State University and Agricultural & Mechanical College,12940,60,7,0.9891383422320446
117946,Loyola Marymount University,31080,380,7,0.8912940652193339
157304,Madisonville Community College,31580,391,7,0.9325797962472137
161022,Maine College of Health Professions,30340,369,7,0.9389097467284222
166823,Massasoit Community College,14460,85,7,0.5563940193274053
226578,McLennan Community College,47380,681,7,0.9356290556899501
484066,MedQuest College,31140,381,7,0.7954536523695868
105154,Mesa Community College,38060,510,7,0.9755119564870807
204024,Miami University-Oxford,17140,132,7,0.9868528078570019
171100,Michigan State University,29620,355,7,0.6056727005097964
185536,Middlesex College,35620,470,7,0.9752221619016365
475060,Miller-Motte College-Macon,31420,388,7,0.9849724334267044
178341,Missouri Southern State University,27900,319,7,0.9769625228767664
179566,Missouri State University-Springfield,44180,624,7,0.9831201943197209
185572,Monmouth University,35620,470,7,0.9524950021094938
171225,Monroe County Community College,33780,438,7,0.9982801836113467
204176,Mount Carmel College of Nursing,18140,148,7,0.981189615785621
444954,Mountwest Community and Technical College,26580,296,7,0.9998522298252366
204264,Muskingum University,49780,725,7,0.8276950367680894
451477,MyComputerCareer at Columbus,18140,148,7,0.7189549077288349
199087,Nash Community College,40580,558,7,0.9941306354047379
183141,Nashua Community College,31700,394,7,0.9615739607852947
455868,National Career College,31080,380,7,0.9843049762163257
106980,National Park College,26300,289,7,0.9899864011089149
181446,Nebraska Wesleyan University,30700,374,7,0.874100323488743
232867,New River Community College,13980,76,7,0.962101103821021
461148,New York Film Academy,31080,380,7,0.8155930867753975
167260,Nichols College,49340,718,7,0.9867732139328053
107460,North Arkansas College,25460,273,7,0.942561277512204
199102,North Carolina A & T State University,24660,261,7,0.9954177235942862
199193,North Carolina State University at Raleigh,39580,538,7,0.88531405117987
167312,North Shore Community College,14460,85,7,0.9661311247972632
221908,Northeast State Community College,28700,334,7,0.9950045306075529
147776,Northeastern Illinois University,16980,129,7,0.986688043563774
176178,Northwest Mississippi Community College,32820,418,7,0.9706333118416636
236133,Northwest University,42660,597,7,0.9296252281618895
101912,Oakwood University,26620,297,7,0.7979050160612667
204662,Ohio State University Agricultural Technical Institute,49300,717,7,0.9940871594815898
204608,Ohio Technical College,17410,137,7,0.9609151199369241
204820,Ohio University-Chillicothe Campus,17060,131,7,0.9894648024490511
120290,Ohlone College,41860,584,7,0.9008001920406218
207403,Oklahoma Baptist University,43060,603,7,0.9589302887300464
207351,Oklahoma Panhandle State University,25100,267,7,0.984496777146983
454582,Ottawa University-Online,28140,325,7,0.9830515887474786
120953,Palo Verde College,40140,549,7,0.967218754336816
451927,Patrick Henry College,47900,689,7,0.8417106528699733
214883,Peirce College,37980,509,7,0.7924770453186626
107600,Philander Smith University,30780,375,7,0.9844933834479399
237701,Potomac State College of West Virginia University,19060,162,7,0.9552525365763431
148007,Prairie State College,16980,129,7,0.9778265285077485
163657,Prince George's Community College,47900,689,7,0.9571268173850022
186131,Princeton University,45940,657,7,0.9600600366034321
167534,Quinsigamond Community College,49340,718,7,0.9831481564712231
199421,Randolph Community College,24660,261,7,0.5130726546178748
178891,Ranken Technical College,41180,572,7,0.9830323381886099
186645,Raritan Valley Community College,35620,470,7,0.9657054951749576
448673,Rasmussen University-Illinois,40420,555,7,0.9619938840139024
221351,Rhodes College,32820,418,7,0.9582650067719325
186283,Rider University,45940,657,7,0.6984223398757888
183211,Rivier University,31700,394,7,0.5322957852508517
179043,Rockhurst University,28140,325,7,0.865336549992269
490841,Ross College-Grand Rapids North,24340,252,7,0.9866749839850403
452081,Ross College-Sylvania,45780,654,7,0.8657495075954825
176318,Rust College,32820,418,7,0.44762884739027786
186371,Rutgers University-Camden,37980,509,7,0.9739652873323607
186380,Rutgers University-New Brunswick,35620,470,7,0.7554677348176655
172033,Sacred Heart Major Seminary,19820,176,7,0.9999810723754656
172051,Saginaw Valley State University,40980,568,7,0.963917984544927
137281,Saint Johns River State College,37260,499,7,0.9646228369888831
231059,Saint Michael's College,15540,104,7,0.9999729374682412
186432,Saint Peter's University,35620,470,7,0.9848119429799426
167729,Salem State University,14460,85,7,0.9811519148198473
122384,San Diego Miramar College,41740,581,7,0.9594605974766306
494542,Sattler College,14460,85,7,0.992238179075671
236577,Seattle Pacific University,42660,597,7,0.9824270179057856
236595,Seattle University,42660,597,7,0.9922092512229981
137209,Seminole State College of Florida,36740,487,7,0.9282038842165283
123280,Shasta Bible College and Graduate School,39820,541,7,0.9973839880260481
107840,Shorter College,30780,375,7,0.9823540479833206
399911,Soka University of America,31080,380,7,0.9967941054145854
219347,South Dakota School of Mines and Technology,39660,539,7,0.8791476781489163
451352,Southeastern College-Charlotte,16740,125,7,0.981680701201601
444866,Southeastern College-Columbia,17900,145,7,0.9999535436925914
459967,Southern Careers Institute-Brownsville,15180,98,7,0.9907564750468137
130493,Southern Connecticut State University,35300,465,7,0.999277506270372
487162,Southern Regional Technical College,45620,650,7,0.8338751108798712
446552,Southern Technical College,36740,487,7,0.9752254043771007
179326,Southwest Baptist University,44180,624,7,0.9868497448689493
207856,Southwestern Christian University,36420,480,7,0.79156215712938
172307,Southwestern Michigan College,43780,618,7,0.9900911586617429
218830,Spartanburg Community College,43900,619,7,0.9562425480866401
141060,Spelman College,12060,44,7,0.8691326388705111
236708,Spokane Falls Community College,44060,621,7,0.9869322451849873
148991,Spoon River College,15900,108,7,0.9987745313311833
137078,St Petersburg College,45300,645,7,0.7579115477009328
245652,St. John's College,42140,588,7,0.8642992622875847
499680,Stellar Career College-Crown Point,16980,129,7,0.9898277826374116
186900,Talmudical Academy-New Jersey,35620,470,7,0.7307480375148963
149310,Taylor Business Institute,16980,129,7,0.9888544983995031
149329,Telshe Yeshiva-Chicago,16980,129,7,0.9884749362310706
221847,Tennessee Technological University,18260,150,7,0.9959883322198051
224147,Texas A & M University-Corpus Christi,18580,155,7,0.9945350546362346
227377,Texas Southmost College,15180,98,7,0.49773702161147115
492722,The College of Health Care Professions-South San Antonio,41700,580,7,0.989597086963891
100751,The University of Alabama,46220,663,7,0.7187804719104719
221768,The University of Tennessee-Martin,32280,408,7,0.9589345191012195
179645,Three Rivers College,38740,524,7,0.9846146122561243
218885,Tri-County Technical College,24860,263,7,0.9995791662751721
182500,Truckee Meadows Community College,39900,542,7,0.5994794009255087
178615,Truman State University,28860,338,7,0.9556085441101461
160755,Tulane University of Louisiana,35380,466,7,0.4694391261739266
221953,Tusculum University,24620,259,7,0.9009737163120929
196699,Ulster County Community College,28740,335,7,0.9987385152032151
181738,Union Adventist University,30700,374,7,0.9999779537042097
157863,Union Commonwealth University,18340,152,7,0.9870836998165163
161572,Unity Environmental University,38860,526,7,0.9879648048107327
460543,Universal Technical Institute-Dallas Fort Worth,19100,163,7,0.6712539001679863
102614,University of Alaska Fairbanks,21820,210,7,0.8916994579962736
104179,University of Arizona,46060,659,7,0.9643520474440093
106397,University of Arkansas,22220,217,7,0.8909230659177132
108092,University of Arkansas-Fort Smith,22900,230,7,0.5917179452364264
129020,University of Connecticut,25540,275,7,0.984733960201139
169716,University of Detroit Mercy,19820,176,7,0.9892361857192441
141839,University of Hawaii Maui College,27980,321,7,0.6850813252806444
179265,University of Health Sciences and Pharmacy in St. Louis,41180,572,7,0.5537759797928072
225502,University of Houston-Victoria,47020,674,7,0.9706332850629986
157289,University of Louisville,31140,381,7,0.9229342811367662
232609,University of Lynchburg,31340,386,7,0.9402194271697273
226471,University of Mary Hardin-Baylor,28660,333,7,0.9696356613182795
167987,University of Massachusetts-Dartmouth,39300,533,7,0.9961460704666053
181215,University of Nebraska at Kearney,28260,327,7,0.8923709919216463
129941,University of New Haven,35300,465,7,0.958542635073688
159939,University of New Orleans,35380,466,7,0.8815110977337021
101879,University of North Alabama,22520,223,7,0.9571459739719049
199218,University of North Carolina Wilmington,48900,709,7,0.8505396246171488
136172,University of North Florida,27260,308,7,0.7064362583264697
127741,University of Northern Colorado,24540,256,7,0.9467717408311073
215275,University of Pittsburgh-Greensburg,38300,516,7,0.45325247679042396
215293,University of Pittsburgh-Pittsburgh Campus,38300,516,7,0.9920602728108784
209825,University of Portland,38900,527,7,0.9739544552552641
205203,University of Rio Grande,23680,243,7,0.9537154368466546
231174,University of Vermont,15540,104,7,0.9998534173502698
138354,University of West Florida,37860,506,7,0.984620443212026
131399,University of the District of Columbia,47900,689,7,0.979907244646808
221999,Vanderbilt University,34980,461,7,0.9831962631284399
231165,Vermont State University,30150,366,7,0.9995340162174463
233754,Virginia Peninsula Community College,47260,678,7,0.9702922077962922
234164,Virginia Union University,40060,546,7,0.5733858866166485
162210,Washington Adventist University,47900,689,7,0.9802225580885259
149727,Waubonsee Community College,16980,129,7,0.7503171237908935
470047,WellSpring School of Allied Health-Lawrence,29940,363,7,0.9392006880287705
125499,West Valley College,41940,585,7,0.9562184552606809
237996,West Virginia Junior College-Morgantown,34060,442,7,0.5726886946672382
237899,West Virginia State University,16620,122,7,0.9421407464411283
172699,Western Michigan University,28020,322,7,0.9995758267228166
240693,Western Wyoming Community College,40540,557,7,0.9994203486051283
168281,Wheaton College (Massachusetts),39300,533,7,0.9463574152853053
125763,Whittier College,31080,380,7,0.977696289574738
237066,Whitworth University,44060,621,7,0.7462311021262027
187444,William Paterson University of New Jersey,35620,470,7,0.9915798939755137
179964,William Woods University,27620,315,7,0.9512043149055573
160904,Xavier University of Louisiana,35380,466,7,0.9959883322198051
375939,YTI Career Institute-Altoona,11020,21,7,0.838007406034327
106148,Yavapai College,39150,532,7,0.7591708149287492
375230,Yeshiva Gedolah Imrei Yosef D'spinka,35620,470,7,0.5262041214522855
451398,Yeshiva Toras Chaim,35620,470,7,0.9582017041057731
451370,Yeshivas Be'er Yitzchok,35620,470,7,0.9792835221448853
498906,Yeshivas Sanz Klauzenburg,35620,470,7,0.9998694714839922
446127,ATA Career Education,45300,645,8,0.9999921279777938
188429,Adelphi University,35620,470,8,0.7331253954215136
102580,Alaska Bible College,11260,28,8,0.9990232843607622
138716,Albany State University,10500,9,8,0.5864271770866034
108807,Allan Hancock College,42200,589,8,0.9971478260315779
108852,American Academy of Dramatic Arts-Los Angeles,31080,380,8,0.9995873273221403
109208,American River College,40900,566,8,0.9999856663602193
164465,Amherst College,11200,26,8,0.9984688111013624
483595,Ana G. Mendez University,36740,487,8,0.9995884147222369
496636,Antigua College International,33100,423,8,0.8828821021661865
483018,Antioch College,19430,170,8,0.7401543055515226
499398,Arizona College of Nursing-Cincinnati,17140,132,8,0.6984345655308838
498447,Arizona College of Nursing-Falls Church,47900,689,8,0.9995007548652927
495448,Arizona College of Nursing-Tucson,46060,659,8,0.9967327602038355
138901,Atlanta Metropolitan State College,12060,44,8,0.7411094637503891
222983,Austin College,43300,607,8,0.6279719490741013
222992,Austin Community College District,12420,51,8,0.7854572999488845
219602,Austin Peay State University,17300,135,8,0.9999979469950218
446048,Ave Maria University,34940,460,8,0.9999979783181248
168847,Baker College,37020,494,8,0.9999924591524366
154688,Baker University,29940,363,8,0.6924878781095202
161864,Baltimore City Community College,12580,53,8,0.844079616157122
106546,Baptist Health College Little Rock,30780,375,8,0.6782906979355152
109907,Barstow Community College,40140,549,8,0.9999856663602193
384254,Beacon College,36740,487,8,0.9998854777491575
247065,Beckfield College-Florence,17140,132,8,0.9928536217561332
145619,Benedictine University,16980,129,8,0.7517262275843775
125170,Berkeley City College,41860,584,8,0.9993597344755345
485999,Bet Medrash Gadol Ateret Torah,35620,470,8,0.9488039153815148
154721,Bethany College,32700,415,8,0.6153580829989714
173142,Bethany Lutheran College,31860,397,8,0.8492459659748924
173160,Bethel University,33460,430,8,0.9989209000461851
157553,Big Sandy Community and Technical College,38210,512,8,0.9990046537680791
189413,Boricua College,35620,470,8,0.8992091669539484
158431,Bossier Parish Community College,43340,609,8,0.9571219945693934
164924,Boston College,14460,85,8,0.9770531590619445
223506,Brazosport College,26420,292,8,0.7539504945807577
230047,Brigham Young University-Hawaii,46520,667,8,0.7972992340812567
165033,Bristol Community College,39300,533,8,0.8801075208682743
110246,Butte College,17020,130,8,0.9998780120623934
190567,CUNY City College,35620,470,8,0.9999150636461752
190619,CUNY Kingsborough Community College,35620,470,8,0.9978150000733208
190646,CUNY Medgar Evers College,35620,470,8,0.5660774009138277
110361,California Baptist University,40140,549,8,0.999982424328549
481386,California Career Institute,31080,380,8,0.9967868392588153
110529,California State Polytechnic University-Pomona,31080,380,8,0.9813518742694252
110538,California State University-Chico,17020,130,8,0.9997310735332305
446109,Cambridge College of Healthcare & Technology,36740,487,8,0.9999979783181248
198136,Campbell University,11360,29,8,0.8161937851373003
446118,Career Care Institute,31080,380,8,0.9999852074907489
173258,Carleton College,22060,213,8,0.9564262507777447
111638,Casa Loma College-Los Angeles,31080,380,8,0.999751959724504
158477,Centenary College of Louisiana,43340,609,8,0.98099331860604
104346,Central Arizona College,38060,510,8,0.9999580929039079
158088,Central Louisiana Technical Community College,10780,16,8,0.5913995758410802
206932,Central Oklahoma College,36420,480,8,0.9952969579526919
208318,Central Oregon Community College,13460,68,8,0.9976039526022086
240514,Central Wyoming College,40180,550,8,0.6870010779675991
111896,Cerro Coso Community College,12540,52,8,0.99995975148379
466921,Chamberlain University-Missouri,41180,572,8,0.9897070449318754
486956,Chamberlain University-New Jersey,35620,470,8,0.9928116628933267
460871,Chamberlain University-Virginia,47900,689,8,0.9035411547278474
220118,Chattanooga College Medical Dental and & Technical Careers,16860,127,8,0.9976572678823867
208390,Chemeketa Community College,41420,574,8,0.9927394852587483
162168,Chesapeake College,12580,53,8,0.9229421449738329
144157,City Colleges of Chicago-Kennedy-King College,16980,129,8,0.9856188825462533
180832,Clarkson College,36540,483,8,0.9999868366676461
169327,Cleary University,19820,176,8,0.8822219713478215
485458,Coastal Pines Technical College,48180,696,8,0.9998946246836067
182634,Colby-Sawyer College,18180,149,8,0.8213381636161646
197814,College of the Albemarle,21020,194,8,0.989887881889612
480967,College of the Muscogee Nation,46140,661,8,0.7518299380091671
121707,College of the Redwoods,21700,208,8,0.573354375470509
126711,Colorado Mountain College,40090,548,8,0.9999928738420351
126784,Colorado School of Trades,19740,174,8,0.99998920804869
219888,Columbia State Community College,34980,461,8,0.9861323372205527
446163,Community Christian College,40140,549,8,0.9999124838564514
126863,Community College of Aurora,19740,174,8,0.999919971026737
123679,Concorde Career College-Garden Grove,31080,380,8,0.9809365617640036
219903,Concorde Career College-Memphis,32820,418,8,0.9433981050595251
133845,Concorde Career Institute-Jacksonville,27260,308,8,0.864610829163702
238616,Concordia University-Wisconsin,33340,428,8,0.6622494326785882
395362,Copper Mountain Community College,40140,549,8,0.9496493234407233
210331,Corban University,41420,574,8,0.542147953916616
224615,Dallas College,19100,163,8,0.9999822411320867
237358,Davis & Elkins College,21180,197,8,0.5472768857031413
482413,DeVry College of New York,35620,470,8,0.9241639858952237
482556,DeVry University-New Jersey,35620,470,8,0.9887402042127966
169521,Delta College,13020,62,8,0.9968716265005628
202523,Denison University,18140,148,8,0.9978920642362734
483504,Dorsey College-Dearborn,19820,176,8,0.9988995989261187
250744,Dorsey College-Roseville,19820,176,8,0.8523043931627465
224554,East Texas A&M University,19100,163,8,0.960452415135726
104577,Eastern Arizona College,40940,567,8,0.6336256377204051
235097,Eastern Washington University,44060,621,8,0.617348055000204
183488,Eastwick College-Hackensack,35620,470,8,0.5179796603257198
184959,Eastwick College-Ramsey,35620,470,8,0.9991030169357763
446233,Ecclesia College,22220,217,8,0.9998749791853135
235103,Edmonds College,42660,597,8,0.9604400748235362
488305,Elim Bible Institute and College,40380,554,8,0.9826223905152871
487092,Emory University-Oxford College,12060,44,8,0.9928096361273776
476939,FVI School of Nursing and Technology,33100,423,8,0.9985178741183708
443049,Faith International University,42660,597,8,0.8960396774093146
487861,Felbry College,18140,148,8,0.9991902873912151
133979,Florida Memorial University,33100,423,8,0.8801075208682743
134079,Florida Southern College,29460,352,8,0.8175149337210015
450067,Fortis College-Cincinnati,17140,132,8,0.7950592572742874
445744,Fortis Institute-Port Saint Lucie,38940,528,8,0.9999124838564514
160074,Franciscan Missionaries of Our Lady University,12940,60,8,0.5660774009138277
224891,Frank Phillips College,14420,84,8,0.9994323336844517
182795,Franklin Pierce University,28300,328,8,0.8393854168157826
114813,Fresno Pacific University,23420,236,8,0.9999946165691593
127200,Front Range Community College,19740,174,8,0.7844354703471016
114859,Fullerton College,31080,380,8,0.9995289592999759
101240,Gadsden State Community College,23460,237,8,0.9673006946729382
406033,Galen College of Nursing-San Antonio,41700,580,8,0.9164093113595608
498100,Galen Health Institutes-Myrtle Beach,34820,457,8,0.585383165034755
155104,Garden City Community College,23780,245,8,0.9389792300594778
101286,George C Wallace Community College-Dothan,37120,497,8,0.9424882833810337
101295,George C Wallace State Community College-Hanceville,18980,161,8,0.9851330590367554
101301,George C Wallace State Community College-Selma,42820,601,8,0.8404335403233328
208822,George Fox University,38900,527,8,0.9994275658130488
184773,Georgian Court University,35620,470,8,0.8523662585026458
169974,Glen Oaks Community College,44780,637,8,0.8243104102067242
115001,Glendale Community College,31080,380,8,0.796029592498945
449384,Gnomon,31080,380,8,0.9997972669743951
202912,Good Samaritan College of Nursing and Health Science,17140,132,8,0.9999849663046612
145336,Governors State University,16980,129,8,0.8647803951400265
145372,Greenville University,41180,572,8,0.6195282176906788
115296,Grossmont College,41740,581,8,0.92676522628802
459213,Gurnick Academy of Medical Arts,41940,585,8,0.9996523739376222
177551,Harris-Stowe State University,41180,572,8,0.9999660043513389
446640,Harrisburg University of Science and Technology,25420,272,8,0.9999450264062053
115393,Hartnell College,41500,576,8,0.9999815599274522
450960,Healthcare Career College,31080,380,8,0.7220559103659844
484002,High Desert Medical College,31080,380,8,0.999570847383797
170286,Hillsdale College,25880,285,8,0.9975102441417804
120537,Hope International University,31080,380,8,0.6344336449346984
449348,Huntsville Bible College,26620,297,8,0.9959264496239157
145831,Illinois Valley Community College,36837,490,8,0.8295459126670204
151290,Indiana Institute of Technology,23060,231,8,0.5660774009138277
151467,International Business College-Indianapolis,26900,302,8,0.9624895396146311
101480,Jacksonville State University,11500,32,8,0.832259088092643
177676,Jefferson College,41180,572,8,0.9999819757864676
455196,Jersey College,35620,470,8,0.8616981608935766
203368,John Carroll University,17410,137,8,0.6812932666706714
488776,John Patrick University of Health and Applied Sciences,43780,618,8,0.9914385471479372
220473,Johnson University,28940,341,8,0.8722278826900849
447263,Joyce University of Nursing and Health Sciences,41620,578,8,0.9999867551434714
170532,Kalamazoo College,28020,322,8,0.831237370353894
146348,Kankakee Community College,28100,324,8,0.6747446251730458
203526,Kent State University at Geauga,17410,137,8,0.94864832585584
203517,Kent State University at Kent,10420,6,8,0.8780157029371249
203483,Kent State University at Tuscarawas,35420,467,8,0.9268890325312115
157100,Kentucky Christian University,26580,296,8,0.9754647051962184
157076,Kentucky Wesleyan College,36980,493,8,0.9649599228452213
146418,Kishwaukee College,16980,129,8,0.6709199052332283
235699,Lake Washington Institute of Technology,42660,597,8,0.9999203286758137
203599,Lakeland Community College,17410,137,8,0.6203077074635992
247649,Landmark College,14710,92,8,0.9076966710142816
166391,Lasell University,14460,85,8,0.9482637904447824
117274,Lassen Community College,45000,640,8,0.9999848801797458
250027,Laurel Business Institute,38300,516,8,0.8294834636936703
226204,Lee College,26420,292,8,0.9267652494616635
209056,Lewis & Clark College,38900,527,8,0.9993765149222791
126951,Lincoln College of Technology-Denver,19740,174,8,0.9998590456549239
446385,Los Angeles College of Music,31080,380,8,0.9999850538444326
449612,Louisiana Culinary Institute,12940,60,8,0.9906337548299748
132657,Lynn University,33100,423,8,0.9900424193343124
161509,Maine College of Art & Design,38860,526,8,0.989600971083655
183132,Manchester Community College,31700,394,8,0.9914385471479372
203881,Marion Technical College,32020,402,8,0.9999639755269569
198899,Mars Hill University,11700,36,8,0.6818775944538976
178059,Maryville University of Saint Louis,41180,572,8,0.8575612826955736
166647,Massachusetts Bay Community College,14460,85,8,0.9968170577892094
164270,McDaniel College,12580,53,8,0.9943821815714664
147004,McHenry County College,16980,129,8,0.8356097860157562
455336,MediaTech Institute-Dallas,19100,163,8,0.9962808436756659
185509,Mercer County Community College,45940,657,8,0.6274648089904149
166850,Merrimack College,14460,85,8,0.7958193877338586
204006,Miami University-Hamilton,17140,132,8,0.9999979782118588
204015,Miami University-Middletown,17140,132,8,0.9999974760435034
481225,Mid-South Christian College,32820,418,8,0.9768249876365359
166887,Middlesex Community College,14460,85,8,0.8847299472412867
103963,Miller-Motte College-Arizona Automotive Institute,38060,510,8,0.999561330164207
460826,Miller-Motte College-Augusta,12260,48,8,0.9069365769979215
460817,Miller-Motte College-Jacksonville,27340,310,8,0.906958509061933
245962,Miller-Motte College-Tulsa,46140,661,8,0.52075498265293
486901,Milligan University,27740,316,8,0.9899150869708712
175980,Millsaps College,27140,306,8,0.8772184760167585
449861,Milwaukee Career College,33340,428,8,0.5754087624121076
173559,Minnesota State Community and Technical College,22260,218,8,0.8778145131983814
118912,MiraCosta College,41740,581,8,0.9993535674123677
118930,Mission College,41940,585,8,0.999510015155734
178244,Missouri Baptist University,41180,572,8,0.9608051673069649
129774,Mitchell College,35980,476,8,0.7251903498632302
180179,Montana State University Billings,13740,72,8,0.8657938486946029
169275,Mott Community College,22420,221,8,0.8822219713478215
157401,Murray State University,34660,454,8,0.9999347768294531
119331,Napa Valley College,34900,459,8,0.6390663370634136
147536,National Louis University,16980,129,8,0.9871677169956973
447759,National Polytechnic College,31080,380,8,0.9999468829273477
119605,National University,41740,581,8,0.9901894270073333
181297,Nebraska Methodist College of Nursing & Allied Health,36540,483,8,0.8701281233407974
445692,Neumont College of Computer Science,41620,578,8,0.9999974762084035
182980,New England College,18180,149,8,0.7699391882826967
155335,Newman University,48620,704,8,0.9343213835065808
119775,Newschool of Architecture and Design,41740,581,8,0.9999885273360506
204422,North Central State College,31900,398,8,0.9999823722524513
105330,Northern Arizona University,22380,220,8,0.8682568750110387
167376,Northern Essex Community College,14460,85,8,0.6866388247440245
219259,Northern State University,10100,1,8,0.7541155470075236
445948,Northwest Career College,29820,360,8,0.9999979783181248
240657,Northwest College,17650,140,8,0.9914385471479372
101736,Northwest Shoals Community College,22520,223,8,0.9996256675351889
171492,Northwood University,33220,425,8,0.9887442577421401
163578,Notre Dame of Maryland University,12580,53,8,0.7661367262320269
185873,Ocean County College,35620,470,8,0.5660774009138277
203739,Ohio Business College-Sandusky,41780,582,8,0.9999867548515758
203720,Ohio Business College-Sheffield,17410,137,8,0.9998620113044426
483647,Ohio Institute of Allied Health,19430,170,8,0.9995818945111019
204796,Ohio State University-Main Campus,18140,148,8,0.68630991135219
207564,Oklahoma State University Institute of Technology,46140,661,8,0.9999925905838956
204936,Otterbein University,18140,148,8,0.9985772293427655
120768,Pacific Oaks College,31080,380,8,0.6514811278374925
457484,Pacific Rim Christian University,46520,667,8,0.8092533911749036
186034,Passaic County Community College,35620,470,8,0.9720060557441303
479956,Pennsylvania State University-World Campus,44300,627,8,0.9854235851772454
199324,Piedmont Community College,20500,187,8,0.9982931209184013
233116,Piedmont Virginia Community College,16820,126,8,0.5660774009138277
105525,Pima Community College,46060,659,8,0.9988895834552163
494588,Pima Medical Institute-San Antonio,41700,580,8,0.9257665184370629
199333,Pitt Community College,24780,262,8,0.8920767501059134
260789,Platt College-Los Angeles,31080,380,8,0.9344114070791555
121345,Pomona College,31080,380,8,0.9007688779079497
121363,Porterville College,47300,679,8,0.7361832132958768
243780,Purdue University-Main Campus,29200,346,8,0.999429990947258
384421,Rabbi Jacob Joseph School,35620,470,8,0.8461267422918373
186186,Rabbinical College of America,35620,470,8,0.6198324041834801
138309,Rasmussen University-Florida,36100,477,8,0.8368189038747522
375416,Remington College-Cleveland Campus,17410,137,8,0.8461267422918373
236382,Renton Technical College,42660,597,8,0.6751786886979015
136774,Ringling College of Art and Design,35840,474,8,0.9871148061047427
170967,Rochester University,19820,176,8,0.945242735773691
148380,Rock Valley College,40420,555,8,0.9608243034138023
180595,Rocky Mountain College,13740,72,8,0.9044731108828639
186399,Rutgers University-Newark,35620,470,8,0.9330205976152037
122205,Saddleback College,31080,380,8,0.9601999103449346
199582,Saint Augustine's University,39580,538,8,0.9984496752505938
148627,Saint Xavier University,16980,129,8,0.99971222373102675
102049,Samford University,13820,74,8,0.9678231060583083
122339,San Diego City College,41740,581,8,0.9966960021445879
447351,San Joaquin Valley College-Modesto,33700,436,8,0.9999899506931558
442444,San Joaquin Valley College-Ontario,40140,549,8,0.5040480459239365
137096,Santa Fe College,23540,239,8,0.9999867548934372
488448,Seattle Film Institute,42660,597,8,0.9999855264192702
205443,Shawnee State University,39020,529,8,0.9931852777903909
233541,Shenandoah University,49020,713,8,0.7392842359459579
236610,Shoreline Community College,42660,597,8,0.9011752912679815
154350,Simpson College,19780,175,8,0.8917642938577682
123572,Sonoma State University,42220,590,8,0.5637819329989338
107974,South Arkansas College,20980,193,8,0.9624895396146311
220552,South College,28940,341,8,0.9982865899752268
137315,South Florida State College,42700,598,8,0.999993465575556
149365,South Suburban College,16980,129,8,0.9932896644104281
459268,South University-Virginia Beach,47260,678,8,0.9809365617640036
219426,Southeast Technical College,43620,613,8,0.8368182371987062
176336,Southeastern Baptist College,29860,361,8,0.9668994124598355
368911,Southeastern Technical College,47080,675,8,0.5472677570468879
160621,Southern University and A & M College,12940,60,8,0.9920748288411018
160630,Southern University at New Orleans,35380,466,8,0.922016534973889
496654,Sri Sai Krish Institute,31080,380,8,0.9996826273966108
137476,St. Thomas University,33100,423,8,0.948648471674031
449038,Strayer University-Florida,45300,645,8,0.8431178239430497
443784,Strayer University-Pennsylvania,37980,509,8,0.9994446737635144
443766,Strayer University-Tennessee,32820,418,8,0.9366963939661974
456621,Strayer University-West Virginia,26580,296,8,0.6564811409184927
181543,Summit Christian College,42420,593,8,0.8657938486946029
137759,Tallahassee State College,45220,644,8,0.8507190147549016
483036,Texas A&M University-Central Texas,28660,333,8,0.9294265981378531
131283,The Catholic University of America,47900,689,8,0.9999536788801733
187134,The College of New Jersey,45940,657,8,0.5331919069236356
206589,The College of Wooster,49300,717,8,0.8763412102684058
205391,The Modern College of Design,19430,170,8,0.994592698376281
233772,Tidewater Community College,47260,678,8,0.836974994119107
164076,Towson University,12580,53,8,0.9384052662788263
218894,Trident Technical College,16700,124,8,0.6836701357560011
137953,Trinity Baptist College,27260,308,8,0.948648471674031
225308,Trinity Valley Community College,11980,42,8,0.8719767857541411
168148,Tufts University,14460,85,8,0.6279719490741013
446598,Universal College of Healing Arts,36540,483,8,0.9994381771090449
448433,Universal Technical Institute of Northern California Inc,40900,566,8,0.9011805339142909
105215,Universal Technical Institute-Phoenix,38060,510,8,0.9981843385817589
110714,University of California-Santa Cruz,42100,587,8,0.9885619376842167
206941,University of Central Oklahoma,36420,480,8,0.6639787617988812
237312,University of Charleston,16620,122,8,0.9520202051880552
126614,University of Colorado Boulder,14500,86,8,0.999945609713531
463056,University of Connecticut-Hartford Campus,25540,275,8,0.8821486578579858
436836,University of Connecticut-Stamford,14860,96,8,0.9330205976152037
127060,University of Denver,19740,174,8,0.999891696493712
129525,University of Hartford,25540,275,8,0.9038958321838111
160065,University of Holy Cross,35380,466,8,0.6951182148494307
225432,University of Houston-Downtown,26420,292,8,0.9999822411320867
148654,University of Illinois Springfield,44100,622,8,0.9954677939533448
159993,University of Louisiana at Monroe,33740,437,8,0.9916244251508025
163204,University of Maryland Global Campus,47900,689,8,0.9923398485447221
163268,University of Maryland-Baltimore County,12580,53,8,0.9398216429450214
262086,University of Massachusetts Global,31080,380,8,0.9022305922253987
166629,University of Massachusetts-Amherst,11200,26,8,0.671726969481796
176017,University of Mississippi,37060,495,8,0.9539827313737101
182281,University of Nevada-Las Vegas,29820,360,8,0.982416001233546
199184,University of North Carolina School of the Arts,49180,715,8,0.9848338999693489
482680,University of North Georgia,12060,44,8,0.7587280721877825
102094,University of South Alabama,33660,435,8,0.5660774009138277
218672,University of South Carolina-Lancaster,16740,125,8,0.7871125418282723
219471,University of South Dakota,46820,672,8,0.9999985946853812
240453,University of Wisconsin-Milwaukee,33340,428,8,0.9935825392294246
446604,Uta Mesivta of Kiryas Joel,28880,339,8,0.999966503203736
197045,Utica University,46540,668,8,0.993414547718892
486257,Valor Christian College,18140,148,8,0.8763412102684058
234173,Virginia Wesleyan University,47260,678,8,0.9393680391358996
233949,Virginia Western Community College,40220,551,8,0.9907267965024305
449764,Visible Music College,32820,418,8,0.9673006946729382
226879,Wade College,19100,163,8,0.9993719553137012
199847,Wake Forest University,49180,715,8,0.9891859946145484
199856,Wake Technical Community College,39580,538,8,0.9978622764707041
206437,Walsh University,15940,109,8,0.8539812358126279
138275,Warner University,29460,352,8,0.6617789395390912
236939,Washington State University,39420,536,8,0.9912148884473835
172635,Wayne County Community College District,19820,176,8,0.9914385471479372
172644,Wayne State University,19820,176,8,0.8763412102684058
229799,Weatherford College,19100,163,8,0.98117258623336
447999,WellSpring School of Allied Health-Kansas City,28140,325,8,0.8270723007021755
157483,West Kentucky Community and Technical College,37140,498,8,0.8705984996331171
237932,West Liberty University,48540,702,8,0.9958646709119778
237950,West Virginia University Institute of Technology,13220,64,8,0.995865968687059
182564,Western Nevada College,16180,114,8,0.9959264496239157
168254,Western New England University,44140,623,8,0.8829779902617766
224660,Western Technical College,21340,201,8,0.727551860838658
149781,Wheaton College,16980,129,8,0.6178057126545956
481289,Xavier College School of Nursing,44700,635,8,0.913041040086928
247773,Yeshiva Gedolah of Greater Detroit,19820,176,8,0.9945541941600047
493707,Yeshiva Gedolah of Woodlake Village,35620,470,8,0.5913995758410802
486026,Yeshiva Sholom Shachna,35620,470,8,0.9623735720918671
494737,Yeshiva Yesoda Hatorah Vetz Chaim,35620,470,8,0.9999811505833976
487746,Yeshiva Zichron Aryeh,35620,470,8,0.9974496010417344
197674,Yeshiva of Nitra Rabbinical College,28880,339,8,0.8819964020030078
197735,Yeshivath Viznitz,35620,470,8,0.9673006946729382
493619,Young Americans College of the Performing Arts,40140,549,8,0.8310046112045094
206695,Youngstown State University,49660,722,8,0.6818775944538976
204255,Zane State College,49780,725,8,0.9999691425206884
487658,Academy of Interactive Entertainment,29180,345,9,0.9991840824954521
219505,American Baptist College,34980,461,9,0.9949053074920344
126289,Arapahoe Community College,19740,174,9,0.9999969487427419
498456,Arizona College of Nursing-Ontario,40140,549,9,0.9997741996036072
106467,Arkansas Tech University,40780,564,9,0.9999765829408241
109651,Art Center College of Design,31080,380,9,0.9999938375401595
156213,Asbury University,30460,370,9,0.9997939847188023
419244,Atlanta Institute of Music and Media,12060,44,9,0.7863721514558432
138840,Atlanta Technical College,12060,44,9,0.9999624201246535
109785,Azusa Pacific University,31080,380,9,0.9999975746081835
109819,Bakersfield College,12540,52,9,0.9105592987999898
223083,Baptist Health System School of Health Professions,41700,580,9,0.9870182440490888
102030,Bishop State Community College,33660,435,9,0.9940270196033544
198039,Blue Ridge Community College,11700,36,9,0.8419962463637022
231554,Bluefield University,14140,80,9,0.9941220915863149
164988,Boston University,14460,85,9,0.9807030200511624
104090,Brookline College-Phoenix,38060,510,9,0.9999996696978476
188517,Bryant & Stratton College-Albany,10580,11,9,0.9999997972594872
189565,Bryant & Stratton College-Syracuse North,45060,641,9,0.8611122740892043
211291,Bucknell University,30260,367,9,0.5715924025447532
211343,Butler County Community College,38300,516,9,0.999989373301672
190594,CUNY Hunter College,35620,470,9,0.8768512501981537
215114,Cairn University-Langhorne,37980,509,9,0.8353601473477648
433420,California Aeronautical University,12540,52,9,0.9988082962635577
111434,Canada College,41860,584,9,0.9257410044259875
199971,Carolina Christian College,49180,715,9,0.8498072881074321
489937,Carolina University,49180,715,9,0.9999993089982366
433174,Carolinas College of Health Sciences,16740,125,9,0.9990680160882898
457101,Carrington College-Las Vegas,29820,360,9,0.9969606470966645
198215,Catawba College,16740,125,9,0.9982856455236095
162104,Cecil College,37980,509,9,0.9802480698261985
211556,Chatham University,38300,516,9,0.9999778418303993
140331,Chattahoochee Technical College,12060,44,9,0.9939160633282716
437769,Chester Career College,40060,546,9,0.9999941478106686
153126,Clarke University,20220,183,9,0.9952760667478872
489201,Clovis Community College,23420,236,9,0.999998614331886
101161,Coastal Alabama Community College,19300,168,9,0.5335152819572303
132851,College of Central Florida,36100,477,9,0.9480431212016921
190169,Columbia-Greene Community College,26460,293,9,0.6854421347713712
139366,Columbus State University,17980,146,9,0.9999992953314932
212975,Commonwealth Technical Institute,27780,317,9,0.9999992796756844
126942,Community College of Denver,19740,174,9,0.9999992590890063
423120,Compu-Med Vocational Careers Corp,33100,423,9,0.9998932890876427
177083,Conception Seminary College,32340,410,9,0.9664442706140537
126687,Concorde Career College-Aurora,19740,174,9,0.999999997486203
124937,Concorde Career College-North Hollywood,31080,380,9,0.9999993242977585
460206,Concorde Career College-San Antonio,41700,580,9,0.9998160950893663
124706,Concorde Career College-San Bernardino,40140,549,9,0.999976354155158
128902,Connecticut College,35980,476,9,0.7903675598386616
153162,Cornell College,16300,117,9,0.9999990738354434
113111,Crafton Hills College,40140,549,9,0.9999776444804945
177135,Crowder College,27900,319,9,0.9999999694438791
211893,Curtis Institute of Music,37980,509,9,0.9297716123559039
447014,Daytona College,19660,173,9,0.8511268837294043
212009,Dickinson College,25420,272,9,0.9991481455659765
200059,Dickinson State University,19860,177,9,0.9999976996359277
490498,Digital Media Institute,43340,609,9,0.9999963954288226
190761,Dominican University New York,35620,470,9,0.999999609522307
155007,Donnelly College,28140,325,9,0.9987031041023956
447421,Eagle Gate College-Layton,36260,479,9,0.9999912109848715
153311,Eastern Iowa Community College District,19340,169,9,0.9987598893756439
169798,Eastern Michigan University,11460,31,9,0.9996896029026422
208646,Eastern Oregon University,29260,347,9,0.6394884786289035
384333,Estrella Mountain Community College,38060,510,9,0.9999957018173345
153320,Faith Baptist Bible College and Theological Seminary,19780,175,9,0.9922076182503338
191205,Five Towns College,35620,470,9,0.9948741494036195
191241,Fordham University,35620,470,9,0.9999961299144907
460020,Fortis College-Columbia,17900,145,9,0.999734002324759
205957,Franciscan University of Steubenville,48260,699,9,0.9806983096237467
441982,Franklin W Olin College of Engineering,14460,85,9,0.9761977642654744
496991,Galen Health Institutes-Miami Campus,33100,423,9,0.9980914134854291
131496,Georgetown University,47900,689,9,0.999348023266509
139931,Georgia Southern University,44340,628,9,0.9400239961423509
244437,Georgia State University-Perimeter College,12060,44,9,0.9999130570301634
202903,Gods Bible School and College,17140,132,9,0.9677040321836434
235316,Gonzaga University,44060,621,9,0.9999949147389372
490054,HCI College,33100,423,9,0.884913139397166
115409,Harvey Mudd College,31080,380,9,0.9999950573975382
383190,Hawaii Community College,25900,286,9,0.9787482665010231
191597,Helene Fuld College of Nursing,35620,470,9,0.9982836661550135
174154,Herzing University-Minneapolis,33460,430,9,0.9999966084543797
162779,Howard Community College,12580,53,9,0.812019613760008
237437,Huntington Junior College,26580,296,9,0.9994997644118921
145682,Illinois Central College,37900,507,9,0.999999831362758
115861,Imperial Valley College,20940,192,9,0.9952655712273073
128179,Intellitec College-Colorado Springs,17820,143,9,0.9873075951273356
442435,Interactive College of Technology-Gainesville,23580,240,9,0.6321215275028451
185262,Kean University,35620,470,9,0.9968263216102223
486840,Kennesaw State University,12060,44,9,0.9563421798240881
203447,Kent State University at Ashtabula,17410,137,9,0.8875061055379638
238980,Lakeland University,43100,604,9,0.8777094813114614
140243,Lanier Technical College,23580,240,9,0.8777094812432202
215992,Laurel Technical Institute,25850,283,9,0.9937829620429398
220604,Le Moyne-Owen College,32820,418,9,0.9792775930270385
209074,Linn-Benton Community College,10540,10,9,0.9011607027232561
483212,Louisiana Delta Community College,33740,437,9,0.9999690359499338
235750,Lower Columbia College,31020,378,9,0.9819702303987635
213668,Lycoming College,48700,706,9,0.9992639375813385
203775,Malone University,15940,109,9,0.9949053134712551
151777,Manchester University,47340,680,9,0.8470270787398821
173452,Martin Luther College,35580,469,9,0.9171795332913127
213826,Marywood University,42540,595,9,0.9932846601043391
118684,Mendocino College,46380,666,9,0.9989367813948594
244279,Meridian College,35840,474,9,0.9907776415749633
174020,Metropolitan State University,33460,430,9,0.8498072881183729
181312,Mid-Plains Community College,35820,473,9,0.998757099060782
226806,Midland College,33260,426,9,0.9999993242977583
461014,Mildred Elley-New York Campus,35620,470,9,0.9991873331951133
101675,Miles College,13820,74,9,0.9999992971536876
193247,Mirrer Yeshiva Cent Institute,35620,470,9,0.9993836678058101
214069,Misericordia University,42540,595,9,0.9842420351100318
147369,Moody Bible Institute,16980,129,9,0.9999541804721984
163462,Mount St. Mary's University,47900,689,9,0.9424053825867718
204194,Mount Vernon Nazarene University,34540,451,9,0.5771329140280544
127653,Naropa University,14500,86,9,0.9999949150827786
187596,Navajo Technical University,23700,244,9,0.562308413795466
208725,New Hope Christian College-Eugene,21660,207,9,0.9999998012998125
193900,New York University,35620,470,9,0.9717935988897972
159966,Nicholls State University,26380,291,9,0.9999945185631007
171456,Northern Michigan University,32100,404,9,0.9999785763610526
160010,Northwest Louisiana Technical Community College,33380,429,9,0.9999414598321222
227304,Odessa College,36220,478,9,0.97088839943529
147828,Olivet Nazarene University,28100,324,9,0.7593135419439998
209542,Oregon State University,18700,158,9,0.9999763547721575
155627,Ottawa University-Ottawa,36840,491,9,0.9992345090291109
247940,Owensboro Community and Technical College,36980,493,9,0.9856817055760938
439871,PCI College,31080,380,9,0.9184619835216157
236230,Pacific Lutheran University,42660,597,9,0.9985286665601946
364016,Paradise Valley Community College,38060,510,9,0.9991795651497164
227429,Paul Quinn College,19100,163,9,0.9990768640496505
214698,Pennsylvania State University-Penn State Beaver,38300,516,9,0.999994433262729
214731,Pennsylvania State University-Penn State Brandywine,37980,509,9,0.8353601473477648
214670,Pennsylvania State University-Penn State Lehigh Valley,10900,18,9,0.9124739745232291
140818,Piedmont University,18460,153,9,0.999958857441542
105534,Pima Medical Institute-Tucson,46060,659,9,0.9736290425072582
480204,Platt College-Riverside,40140,549,9,0.9982346429116191
215442,Point Park University,38300,516,9,0.5974169627013635
380438,Provo College,39340,534,9,0.6319541733865315
489779,Purdue University Global,29200,346,9,0.9999964814714529
194666,Rabbinical College Bobover Yeshiva Bnei Zion,35620,470,9,0.9999995430029213
105659,Refrigeration School Inc,38060,510,9,0.9979750276915276
121886,Rio Hondo College,31080,380,9,0.9985189050399574
121901,Riverside City College,40140,549,9,0.8356132150739225
148405,Rockford University,40420,555,9,0.9773535208321864
199485,Rockingham Community College,24660,261,9,0.959729498815722
207670,Rose State College,36420,480,9,0.9999996816811308
490832,Ross College-Canton,15940,109,9,0.9989794767499324
184205,Rowan College of South Jersey-Cumberland Campus,47220,677,9,0.9867441093392729
442356,Saint Joseph's University - Lancaster,29540,354,9,0.9999873008291045
230746,Salt Lake Community College,41620,578,9,0.9999999952826661
486372,San Francisco Film School,41860,584,9,0.9999996710071245
122755,San Jose State University,41940,585,9,0.9948013293856629
122977,Santa Monica College,31080,380,9,0.9984225640916063
155858,Seward County Community College,30580,372,9,0.9999999897510965
157711,Somerset Community College,43700,616,9,0.8387196632474591
236504,South Seattle College,42660,597,9,0.9266974666519967
409315,South Texas College,32580,413,9,0.999823919720283
107983,Southern Arkansas University Main Campus,31620,392,9,0.9997233037844372
176354,Southwest Mississippi Community College,32620,414,9,0.5018833521306222
228316,Southwest Texas College,46620,669,9,0.9993954068954589
126605,Spartan College of Aeronautics and Technology,19740,174,9,0.9719137603842299
236692,Spokane Community College,44060,621,9,0.9986597181113265
163976,St. John's College,12580,53,9,0.9768072119477825
135391,State College of Florida-Manatee-Sarasota,35840,474,9,0.9992330579663768
102298,Talladega College,45180,643,9,0.9531188596175624
137777,Talmudic College of Florida,33100,423,9,0.9961941721868046
451404,Talmudical Seminary of Bobov,35620,470,9,0.999999914335566
489283,The College of Health Care Professions-McAllen Campus,32580,413,9,0.9999845913104772
141185,Toccoa Falls College,45740,653,9,0.9849921662424138
442781,Tohono O'odham Community College,46060,659,9,0.9770085967570603
187198,"UCNJ Union College of Union County, New Jersey",35620,470,9,0.9837006032572484
498030,Universal Technical Institute-South Florida Miramar,33100,423,9,0.937627620825783
100706,University of Alabama in Huntsville,26620,297,9,0.5854375498357072
126580,University of Colorado Colorado Springs,17820,143,9,0.5081361886603019
224323,University of Dallas,19100,163,9,0.9986481237004107
225511,University of Houston,26420,292,9,0.9995427523272623
200156,University of Jamestown,27420,312,9,0.9602995406046599
166513,University of Massachusetts-Lowell,14460,85,9,0.9998297169792429
456959,University of Minnesota-Rochester,40340,553,9,0.8768512501981537
187958,University of New Mexico-Gallup Campus,23700,244,9,0.7092127150988237
215266,University of Pittsburgh-Bradford,14620,89,9,0.9997883885627223
206084,University of Toledo,45780,654,9,0.8101680812125135
197133,Vassar College,28880,339,9,0.9106148327942899
125028,Ventura College,37100,496,9,0.999994067552376
222053,Volunteer State Community College,34980,461,9,0.7862231027729969
458229,West Coast University-Ontario,40140,549,9,0.5573913861231287
477039,West Coast University-Texas,19100,163,9,0.9999992220125378
238014,West Virginia Northern Community College,48540,702,9,0.9076226103983359
238032,West Virginia University,34060,442,9,0.9962895221150777
188304,Western New Mexico University,43500,611,9,0.9913967920520438
168263,Westfield State University,44140,623,9,0.9523243544333748
149842,William Rainey Harper College,16980,129,9,0.9988861298199634
443340,Williamson Christian College,34980,461,9,0.9999776424815299
199953,Wilson Community College,48980,711,9,0.9792770834935882
141255,Wiregrass Georgia Technical College,46660,670,9,0.9999996799612191
481438,Yeshiva Yesodei Hatorah,35620,470,9,0.9740980946751211
190752,Yeshiva of Far Rockaway Derech Ayson Rabbinical Seminary,35620,470,9,0.9827155471478557
197692,Yeshivath Shaar Hatorah,35620,470,9,0.9999773903813334
188526,Albany College of Pharmacy and Health Sciences,10580,11,10,0.9997538480140272
188687,American Academy McAllister Institute of Funeral Service,35620,470,10,0.8718514015817659
457299,Angeles College,31080,380,10,0.9859891615824905
237136,Appalachian Bible College,13220,64,10,0.9999927290608728
105899,Arizona Christian University,38060,510,10,0.9587985123477762
499389,Arizona College of Nursing-Aurora,19740,174,10,0.99981784429088
498049,Arizona College of Nursing-Southfield,19820,176,10,0.9989046292974236
106458,Arkansas State University,27860,318,10,0.9998937537200581
454829,Aspen University,38060,510,10,0.9996977182754222
160995,Beal University,12620,54,10,0.9999656173713591
197993,Bennett College,24660,261,10,0.9998570161097544
139144,Berry College,40660,560,10,0.9999922478053627
219046,Black Hills State University,43940,620,10,0.9999071070865613
143288,Blackburn College,41180,572,10,0.9965799905213456
183822,Bloomfield College of Montclair State University,35620,470,10,0.9946283895074937
208275,Blue Mountain Community College,25840,282,10,0.9986595430963812
164614,Boston Baptist College,14460,85,10,0.9999997805462791
484932,BridgeValley Community & Technical College,16620,122,10,0.999914380174581
232450,Brightpoint Community College,40060,546,10,0.9999995691603388
444088,Brookline College-Albuquerque,10740,14,10,0.9818683615117765
165112,Bunker Hill Community College,14460,85,10,0.8732591194332617
190521,CUNY Borough of Manhattan Community College,35620,470,10,0.9909987532827935
198109,Cabarrus College of Health Sciences,16740,125,10,0.49804820907833575
447713,California Career College,31080,380,10,0.7485875267540083
495271,California Indian Nations College,40140,549,10,0.9890706697060152
111081,California Institute of the Arts,31080,380,10,0.9964199764385537
496627,California Northstate University,40900,566,10,0.9999964651317762
110510,California State University-San Bernardino,40140,549,10,0.9551570751870486
165167,Cambridge College,14460,85,10,0.9999669391176974
180106,Carroll College,25740,279,10,0.997976643437189
238476,Carthage College,28450,330,10,0.9999996435638532
100760,Central Alabama Community College,10760,15,10,0.7595698595688527
198251,Central Carolina Community College,41820,583,10,0.9967667680202474
128771,Central Connecticut State University,25540,275,10,0.9999995519164635
169248,Central Michigan University,34380,448,10,0.4105838060340872
211477,Central Penn College,25420,272,10,0.9741727906349792
369668,Central Pennsylvania Institute of Science and Technology,44300,627,10,0.9998488607781207
223816,Central Texas College,28660,333,10,0.8729341191616852
111920,Chabot College,41860,584,10,0.997052266592247
475741,Chamberlain University-Indiana,26900,302,10,0.7310196856472744
167394,College of Our Lady of the Elms,44140,623,10,0.7350093523723636
181604,College of Saint Mary,36540,483,10,0.9999992012395453
127556,Colorado Mesa University,24300,251,10,0.9994643318637706
144281,Columbia College Chicago,16980,129,10,0.9999687842595664
120661,Concorde Career College-San Diego,41740,581,10,0.9999651846523855
133863,Concorde Career Institute-Tampa,45300,645,10,0.964151386149052
112075,Concordia University-Irvine,31080,380,10,0.8101447823472202
206996,Connors State College,34780,456,10,0.9999193699214883
162283,Coppin State University,12580,53,10,0.9999960409493533
169479,Davenport University,24340,252,10,0.7723650117178353
482477,DeVry University-Illinois,16980,129,10,0.6187015871663026
202514,Defiance College,19580,172,10,0.9999972961051397
492801,Drury University-College of Continuing Professional Studies,44180,624,10,0.9999946649458367
230366,Eagle Gate College-Murray,41620,578,10,0.9999966386319592
198464,East Carolina University,24780,262,10,0.7498627453446622
204884,East Ohio College,41400,573,10,0.9986455751222241
185721,Eastwick College-Nutley,35620,470,10,0.9192810951215135
224642,El Paso Community College,21340,201,10,0.6379476737758338
232025,Emory & Henry University,28700,334,10,0.9999723695711122
235149,Everett Community College,42660,597,10,0.9521997875178706
184694,Fairleigh Dickinson University-Florham Campus,35620,470,10,0.9999099766342724
220181,Fisk University,34980,461,10,0.9133010877997727
133881,Florida Institute of Technology,37340,500,10,0.9999920270068242
494436,Fortis Institute-Cookeville,18260,150,10,0.9999995577040751
162557,Frederick Community College,47900,689,10,0.9995313157702684
406024,Galen College of Nursing-Tampa Bay,45300,645,10,0.9999529504620446
498483,Galen Health Institutes-Pikeville,38210,512,10,0.9982421563318311
198561,Gardner-Webb University,43140,605,10,0.9999971721639991
157438,Gateway Community and Technical College,17140,132,10,0.9788875914516337
447689,Georgia Gwinnett College,12060,44,10,0.9853799698617686
162706,Harford Community College,12580,53,10,0.9998274903313905
145497,Hebrew Theological College,16980,129,10,0.9996490162139992
155177,Hesston College,48620,704,10,0.8553272865134487
175810,Holmes Community College,27140,306,10,0.9992566003948522
457226,Horizon University,26900,302,10,0.9991004574621651
164368,Hult International Business School,14460,85,10,0.9990630948638145
145813,Illinois State University,14010,77,10,0.9921881061610077
151111,Indiana University-Indianapolis,26900,302,10,0.9996722504239471
488679,Indiana Wesleyan University-National & Global,31980,400,10,0.9999977038568997
220464,John A Gupton College,34980,461,10,0.9999840606683241
155399,Kansas State University,31740,395,10,0.7954944832144188
461847,Keser Torah-Mayan Hatalmud,35620,470,10,0.9997549256190628
173461,Lake Superior College,20260,184,10,0.9202457701708215
170639,Lake Superior State University,42300,591,10,0.9998205008874246
198835,Lenoir-Rhyne University,25860,284,10,0.8168637296068844
151661,Lincoln College of Technology-Indianapolis,26900,302,10,0.9999898685530604
198862,Livingstone College,16740,125,10,0.9999891994724972
117706,Los Angeles Pierce College,31080,380,10,0.9988690961741832
159568,Louisiana Christian University,10780,16,10,0.9999362773152024
203757,Lourdes University,45780,654,10,0.9155737940483804
159656,Loyola University New Orleans,35380,466,10,0.9999919190164736
363633,Luna Community College,29780,359,10,0.999938019428714
232706,Marymount University,47900,689,10,0.999990020184878
198923,McDowell Technical Community College,32000,401,10,0.9999978424453511
175935,Meridian Community College,32940,421,10,0.7029207334035271
171128,Michigan Technological University,26340,290,10,0.9999916429092778
157377,Midway University,30460,370,10,0.9941742142785068
457536,Midwestern Career College,16980,129,10,0.9997495014135105
456205,Miller-Motte College-Raleigh,39580,538,10,0.9729841734601667
198978,Miller-Motte College-Wilmington,48900,709,10,0.9999980808343635
147378,Moraine Valley Community College,16980,129,10,0.9989801180526944
219198,Mount Marty University,49460,720,10,0.9998071300681645
119270,Musicians Institute,31080,380,10,0.7742966172949813
171304,Muskegon Community College,34740,455,10,0.9781480371024597
480037,MyComputerCareer at Raleigh,39580,538,10,0.99611294044611
262129,New College of Florida,35840,474,10,0.9999983078224173
159948,New Orleans Baptist Theological Seminary,35380,466,10,0.9986595430963812
171395,North Central Michigan College,37950,508,10,0.9979622133182269
494746,North-West College-San Diego,41740,581,10,0.9928524286262828
176169,Northeast Mississippi Community College,46180,662,10,0.9937964366312356
167358,Northeastern University,14460,85,10,0.9343724727153153
232946,Northern Virginia Community College,47900,689,10,0.9999957249469061
204617,Ohio Dominican University,18140,148,10,0.5790025923025505
204802,Ohio University-Eastern Campus,48540,702,10,0.861056768360035
207458,Oklahoma City University,36420,480,10,0.9984768435632431
206835,Oklahoma Wesleyan University,12780,57,10,0.9337109715785071
136330,Palm Beach Atlantic University,33100,423,10,0.9999644926572614
236258,Peninsula College,38820,525,10,0.9999256736287051
136473,Pensacola State College,37860,506,10,0.9984703439466409
105428,Phoenix College,38060,510,10,0.9890552398483151
127820,Pikes Peak State College,17820,143,10,0.9721265732086901
460136,Pima Medical Institute-Houston,26420,292,10,0.9132413969865802
183080,Plymouth State University,30150,366,10,0.9997740582438288
121309,Point Loma Nazarene University,41740,581,10,0.9999936037207277
136516,Polk State College,29460,352,10,0.9989749208261884
190451,Pomeroy College of Nursing at Crouse Hospital,45060,641,10,0.9853076726060149
227526,Prairie View A & M University,26420,292,10,0.9409783385721158
205054,Professional Skills Institute,45780,654,10,0.93586338510212
207157,Randall University,36420,480,10,0.9998152319652673
233301,Randolph College,31340,386,10,0.8036609560432106
160524,Remington College-Lafayette Campus,29180,345,10,0.9999995708582726
184791,Rowan College of South Jersey-Gloucester Campus,37980,509,10,0.988259475065529
186618,Saint Elizabeth University,35620,470,10,0.9999964036336346
160409,Saint Joseph Seminary College,43640,614,10,0.9992901686486355
123527,San Bernardino Valley College,40140,549,10,0.9997686224252573
475176,San Joaquin Valley College-Temecula,40140,549,10,0.9526175498914469
122746,San Jose City College,41940,585,10,0.9999173848662194
122889,Santa Barbara City College,42200,589,10,0.9997164132709997
123013,Santa Rosa Junior College,42220,590,10,0.9999994109880554
148672,Sauk Valley Community College,19940,178,10,0.8992218052888075
172200,Schoolcraft Community College District,19820,176,10,0.9377646882137141
123299,Shasta College,39820,541,10,0.9983847451646156
167835,Smith College,11200,26,10,0.9999137303934911
482699,South Georgia State College,20060,180,10,0.7451790150494814
480073,South University-Austin,12420,51,10,0.9950069928357473
101116,South University-Montgomery,33860,439,10,0.9401547286002468
459985,Southern Careers Institute-Harlingen,15180,98,10,0.9990162320287709
493992,Southern Careers Institute-Waco,47380,681,10,0.9998428248849649
206862,Southern Nazarene University,36420,480,10,0.9995798805628464
172291,St Clair County Community College,19820,176,10,0.9962525061118143
179539,State Fair Community College,42740,599,10,0.9978822148239435
459994,Strayer University-Global Region,47900,689,10,0.9998770431031212
453163,Strayer University-North Carolina,24660,261,10,0.9933164536713707
199768,Surry Community College,34340,447,10,0.9999980795269001
449524,Taylor College,36100,477,10,0.9978280528991241
133960,The College of the Florida Keys,28580,332,10,0.946209947082388
485953,The Recording Conservatory of Austin,12420,51,10,0.9970860024874262
221759,The University of Tennessee-Knoxville,28940,341,10,0.9999995046931194
130590,Trinity College,25540,275,10,0.9948219394624498
369400,Universal Technical Institute-Orlando,36740,487,10,0.9999800181375296
107664,University of Arkansas-Pulaski Technical College,30780,375,10,0.7342029662921844
110662,University of California-Los Angeles,31080,380,10,0.9999998903555627
110671,University of California-Riverside,40140,549,10,0.8445479883107032
106704,University of Central Arkansas,30780,375,10,0.9995428504545146
144050,University of Chicago,16980,129,10,0.764889746013075
134130,University of Florida,23540,239,10,0.9999998779498483
117140,University of La Verne,31080,380,10,0.9895006232717707
178396,University of Missouri-Columbia,17860,144,10,0.6588625126332979
182290,University of Nevada-Reno,39900,542,10,0.9902127271948871
161457,University of New England,38860,526,10,0.9999643559451682
199281,University of North Carolina at Pembroke,31300,385,10,0.9998184617419189
204486,University of Northwestern Ohio,30620,373,10,0.9839300600921301
152080,University of Notre Dame,43780,618,10,0.9997051638188119
180258,University of Providence,24500,255,10,0.9745588097035283
233374,University of Richmond,40060,546,10,0.9995471607671357
377564,University of Washington-Tacoma Campus,42660,597,10,0.9169165076261956
123651,Vanguard University of Southern California,31080,380,10,0.9994739515339426
125091,Victor Valley College,40140,549,10,0.9999939322301302
234030,Virginia Commonwealth University,40060,546,10,0.6727985742969127
245625,Warren County Community College,10900,18,10,0.9994157395411779
138293,Webber International University,29460,352,10,0.994493570128449
458210,West Coast University-Orange County,31080,380,10,0.999887097449554
224679,Western Technical College,21340,201,10,0.8002300952297043
179946,Westminster College,27620,315,10,0.9957612360724037
230807,Westminster University,41620,578,10,0.6289925372285844
237039,Whatcom Community College,13380,66,10,0.9909449694874038
206507,Wilmington College,48940,710,10,0.9958760664526864
455512,Woodland Community College,40900,566,10,0.999938420280572
168430,Worcester State University,49340,718,10,0.999913559790858
476692,Yeshiva Gedolah Zichron Leyma,35620,470,10,0.602380509960847
126119,Yuba College,49700,723,10,0.9956703700042653
138558,Abraham Baldwin Agricultural College,45700,652,11,0.9964969840650119
172866,Academy College,33460,430,11,0.9999822561375087
108232,Academy of Art University,41860,584,11,0.9874792427398468
133872,AdventHealth University,36740,487,11,0.9945000068033686
102669,Alaska Pacific University,11260,28,11,0.9919478869168579
128498,Albertus Magnus College,35300,465,11,0.9904772803669246
210669,Allegheny College,32740,416,11,0.9970333925906929
200873,Allegheny Wesleyan College,41400,573,11,0.9581249625342546
475714,American Medical Academy,33100,423,11,0.97633293239351715
461263,American Medical Sciences Center,31080,380,11,0.9233543923759361
461573,American Trade School,41180,572,11,0.8246552357660946
217633,Anderson University,24860,263,11,0.9897194860852206
421708,Arizona College of Nursing-Tempe,38060,510,11,0.9991046122446245
104151,Arizona State University Campus Immersion,38060,510,11,0.9995047467781975
106306,Arkansas Baptist College,30780,375,11,0.9813858444894482
420538,Arkansas State University-Mountain Home,34260,446,11,0.9997057995436217
188915,Arnot Ogden Medical Center,21300,200,11,0.9999950850412619
201061,Art Academy of Cincinnati,17140,132,11,0.9927538536975457
201104,Ashland University,11740,37,11,0.9946624324608887
476683,Athena Career Academy,45780,654,11,0.8950700830628218
246813,Athens Technical College,12020,43,11,0.8840525017392494
201177,Aultman College of Nursing and Health Sciences,15940,109,11,0.9751060105338423
231420,Averett University,19260,167,11,0.9999890851317145
447847,Aviator College of Aeronautical Science and Technology,38940,528,11,0.9957365755623322
476601,Bais HaMedrash and Mesivta of Baltimore,12580,53,11,0.9734848366874008
245777,Bais Medrash Elyon,35620,470,11,0.8763881946956621
449658,Bais Medrash Toras Chesed,35620,470,11,0.6230351642696664
201195,Baldwin Wallace University,17410,137,11,0.9994964487558652
476717,Be'er Yaakov Talmudic Seminary,35620,470,11,0.9045358276888982
180814,Bellevue University,36540,483,11,0.9856323363815733
238324,Bellin College,24580,257,11,0.9995525359557095
201283,Belmont College,48540,702,11,0.9997057995447021
237181,Bethany College,48260,699,11,0.9996184234018589
154749,Bethel College-North Newton,48620,704,11,0.981680083604205
102429,Bevill State Community College,13820,74,11,0.8131804149973363
110097,Biola University,31080,380,11,0.8430847970444669
238397,Blackhawk Technical College,27500,314,11,0.9999996434560992
156392,Bluegrass Community and Technical College,30460,370,11,0.9994973169862424
201371,Bluffton University,30620,373,11,0.7143704543759539
201441,Bowling Green State University-Main Campus,45780,654,11,0.9917586353349336
165015,Brandeis University,14460,85,11,0.9993433060727236
139199,Brenau University,23580,240,11,0.8381334886781325
198084,Brunswick Community College,48900,709,11,0.991174997984141
110219,Bryan University,38060,510,11,0.9997830451560855
451750,Bryant & Stratton College-Wauwatosa,33340,428,11,0.9900776682860617
217165,Bryant University,39300,533,11,0.9939691551842806
211307,Bucks County Community College,37980,509,11,0.9994306807392583
153001,Buena Vista University,44740,636,11,0.9994043673050286
487968,CAAN Academy of Nursing,16980,129,11,0.9999895362085071
190585,CUNY Hostos Community College,35620,470,11,0.5132427646062735
190673,CUNY Queensborough Community College,35620,470,11,0.9936919499716071
112570,California College of ASU,31080,380,11,0.7391881943700185
486488,California Jazz Conservatory,41860,584,11,0.9367763708169232
480781,California Miramar University,41740,581,11,0.724264447132678
115755,California State Polytechnic University-Humboldt,21700,208,11,0.9989952193060264
110547,California State University-Dominguez Hills,31080,380,11,0.9997830451560855
110574,California State University-East Bay,41860,584,11,0.9997830451560855
110556,California State University-Fresno,23420,236,11,0.9965608943413691
110565,California State University-Fullerton,31080,380,11,0.9976939598271811
110583,California State University-Long Beach,31080,380,11,0.8823475689001574
110592,California State University-Los Angeles,31080,380,11,0.9997830451560855
110608,California State University-Northridge,31080,380,11,0.9976939598271811
176789,Calvary University,28140,325,11,0.9999518532003553
156365,Campbellsville University,15820,107,11,0.9974736006272878
201548,Capital University,18140,148,11,0.9705653078642926
491941,Caris College,31140,381,11,0.9710679968938247
442602,Carrington College-Albuquerque,10740,14,11,0.6458323053346855
457110,Carrington College-Reno,39900,542,11,0.9999797424065673
246974,Carrington College-San Leandro Campus,41860,584,11,0.6720324630121572
201645,Case Western Reserve University,17410,137,11,0.9948558898268073
201654,Cedarville University,19430,170,11,0.9843303954753309
154855,Central Christian College of Kansas,32700,415,11,0.9997004205183978
153108,Central College,37800,505,11,0.9705238925773734
176947,Central Methodist University-College of Liberal Arts and Sciences,17860,144,11,0.9910327963442289
187532,Central New Mexico Community College,10740,14,11,0.9965915969279096
201672,Central Ohio Technical College,18140,148,11,0.9705653078642926
201690,Central State University,19430,170,11,0.9946624324608887
234827,Central Washington University,21260,199,11,0.9968060726794198
234845,Centralia College,16500,119,11,0.9986734152579793
156408,Centre College,19220,166,11,0.999961885459219
111939,Chaffey College,40140,549,11,0.9693078616305182
454245,Chamberlain University-Arizona,38060,510,11,0.9830949811251439
486938,Chamberlain University-Nevada,29820,360,11,0.9976654605850359
492069,Champion Christian College,26300,289,11,0.9999803539598504
111948,Chapman University,31080,380,11,0.9955073282712557
240116,Chippewa Valley Technical College,20740,190,11,0.999999598745549
201928,Cincinnati State Technical and Community College,17140,132,11,0.9997057995447021
138947,Clark Atlanta University,12060,44,11,0.9993634837987748
201973,Clark State College,44220,625,11,0.9992415507445743
165334,Clark University,49340,718,11,0.9999993480825671
202046,Cleveland Institute of Art,17410,137,11,0.9946624324608887
202073,Cleveland Institute of Music,17410,137,11,0.7915759437870952
202134,Cleveland State University,17410,137,11,0.9968752307114349
161086,Colby College,12300,49,11,0.6109177863633443
108667,College of Alameda,41860,584,11,0.9960586528074812
144865,College of DuPage,16980,129,11,0.9999992854913701
146472,College of Lake County,16980,129,11,0.9990863030008351
118347,College of Marin,41860,584,11,0.9990505872550682
413617,College of Menominee Nation,43020,602,11,0.9999237922238478
142559,College of Southern Idaho,46300,664,11,0.957125567537535
113573,College of the Desert,40140,549,11,0.9792346670523965
226408,College of the Mainland,26420,292,11,0.9360194937259952
420556,Columbia Gorge Community College,45520,649,11,0.9999995987455456
202170,Columbus College of Art & Design,18140,148,11,0.9999995987455507
202222,Columbus State Community College,18140,148,11,0.9999964608787598
434672,Community College of Baltimore County,12580,53,11,0.9730709192538153
230861,Community College of Vermont,12740,56,11,0.9999790548238662
487588,Concorde Career College-Southaven,32820,418,11,0.9893616435978682
133854,Concorde Career Institute-Miramar,33100,423,11,0.9937333077391836
224004,Concordia University Texas,12420,51,11,0.9936895721337166
491950,Contra Costa Medical Career College,41860,584,11,0.9994963821856692
176770,Cox College,44180,624,11,0.9982692755999277
174862,Crown College,33460,430,11,0.999705799544728
113193,Cuesta College,42020,586,11,0.9997059917181519
113218,Cuyamaca College,41740,581,11,0.9985211189563941
219091,Dakota Wesleyan University,33580,433,11,0.8186900186294156
113333,De Anza College,41940,585,11,0.978107055091693
144740,DePaul University,16980,129,11,0.9999967719271338
150400,DePauw University,24600,258,11,0.9843245554769048
113582,Design Institute of San Diego,41740,581,11,0.9994047563374759
148496,Dominican University,16980,129,11,0.9985158993068768
198419,Duke University,20500,187,11,0.8222317070198517
175227,Dunwoody College of Technology,33460,430,11,0.9968752307116925
150455,Earlham College,39980,545,11,0.9898918802241572
207041,East Central University,10220,4,11,0.9836728390817745
144883,East-West University,16980,129,11,0.9995038855931646
144892,Eastern Illinois University,16660,123,11,0.9952758571941038
161138,Eastern Maine Community College,12620,54,11,0.9989149000000732
232043,Eastern Mennonite University,25500,274,11,0.9999106746255915
113980,El Camino Community College District,31080,380,11,0.999705773155796
144944,Elgin Community College,16980,129,11,0.999328279698359
144962,Elmhurst University,16980,129,11,0.9999927055106634
104586,Embry-Riddle Aeronautical University-Prescott,39150,532,11,0.9988521490906793
196264,Empire State University,10580,11,11,0.9999868374139407
385619,Everglades University,33100,423,11,0.9999986781742544
196042,Farmingdale State College,35620,470,11,0.9262068381545591
101189,Faulkner University,33860,439,11,0.9926319817686183
232089,Ferrum College,40220,551,11,0.999986278155395
133809,Florida College,45300,645,11,0.9995550575457524
133951,Florida International University,33100,423,11,0.6090171502009798
380368,Fond du Lac Tribal and Community College,20260,184,11,0.7667484777136484
155061,Fort Hays State University,25700,278,11,0.9928853311442203
487302,Fortis College-Cuyahoga Falls,10420,6,11,0.8144809911138862
494843,Fortis College-Landover,47900,689,11,0.9999987345134396
382957,Fortis College-Richmond,40060,546,11,0.5607640088476582
385503,Fortis Institute-Scranton,42540,595,11,0.7961241812269725
145239,Fox College,16980,129,11,0.9999979173908038
220215,Freed-Hardeman University,27180,307,11,0.9929296257691573
114789,Fresno City College,23420,236,11,0.9992414827753014
155089,Friends University,48620,704,11,0.9913427668748986
499307,Galen Health Institutes-Salt Lake City,41620,578,11,0.9918736376126803
499291,Galen Health Institutes-Wichita,48620,704,11,0.9978470204976708
104708,Glendale Community College,38060,510,11,0.9995047467781975
225070,Grayson College,43300,607,11,0.999503607586079
165981,Greenfield Community College,24640,260,11,0.9997057973531255
140003,Gwinnett College-Lilburn,12060,44,11,0.9872786766545483
173665,Hamline University,33460,430,11,0.9970132689820056
166018,Hampshire College,11200,26,11,0.9997057973531255
150756,Hanover College,31500,389,11,0.9843245554769048
212869,Harcum College,37980,509,11,0.9878614516287324
166027,Harvard University,14460,85,11,0.9988376433616414
460756,Hawaii Medical College,46520,667,11,0.9987323556466642
481155,Helms College,12260,48,11,0.985093122212486
145521,Highland Community College,23300,233,11,0.9994106554319434
155186,Highland Community College,41140,571,11,0.9910252913614938
232308,Hollins University,40220,551,11,0.9999790548238662
162760,Hood College,47900,689,11,0.8100946103947756
184995,Hudson County Community College,35620,470,11,0.9519435281619584
372329,IBMC College,22660,227,11,0.571198835246222
145646,Illinois Wesleyan University,14010,77,11,0.8973198372538663
151388,Indiana University-East,39980,545,11,0.8375391445732977
461218,Institute of Medical Careers,38300,516,11,0.956831046181827
138664,Interactive College of Technology-Morrow,12060,44,11,0.9856322740233382
367103,Interactive College of Technology-Newport,17140,132,11,0.9985201529509113
436614,International Baptist College and Seminary,38060,510,11,0.9919801730226068
153603,Iowa State University,11180,25,11,0.8205842793969924
232414,J Sargeant Reynolds Community College,40060,546,11,0.9761261931213409
101462,J. F. Drake State Community and Technical College,26620,297,11,0.5398610090800753
170444,Jackson College,27100,305,11,0.9999996793830005
175856,Jackson State University,27140,306,11,0.9997588857273219
232423,James Madison University,25500,274,11,0.9999938566763789
156921,Jefferson Community and Technical College,31140,381,11,0.9964370872109406
101514,John C Calhoun State Community College,26620,297,11,0.66540614842603385
155210,Johnson County Community College,28140,325,11,0.87775466869094
487311,Jones Technical Institute,27260,308,11,0.9976654605850359
141796,Kapiolani Community College,46520,667,11,0.8266499108056942
146366,Kaskaskia College,41180,572,11,0.9745428033854924
192165,Kehilath Yakov Rabbinical Seminary,35620,470,11,0.9968752307114311
170550,Kellogg Community College,12980,61,11,0.9694682295234032
203456,Kent State University at East Liverpool,41400,573,11,0.9950997035725859
203465,Kent State University at Stark,15940,109,11,0.7702710157461151
157058,Kentucky State University,23180,232,11,0.9999993231251091
153737,Kirkwood Community College,16300,117,11,0.9959135258183341
135188,Lake-Sumter State College,36740,487,11,0.9999976996536977
441760,Lamar Institute of Technology,13140,63,11,0.9999989646494856
226107,Lamar State College-Orange,13140,63,11,0.999503607586079
226091,Lamar University,13140,63,11,0.9990312231750434
456214,Lamson Institute,41700,580,11,0.9844960691509889
240620,Laramie County Community College,16940,128,11,0.9999990671076496
101569,Lawson State Community College,13820,74,11,0.7057962149144965
413626,Leech Lake Tribal College,14660,90,11,0.9956758451423182
146612,Lewis University,16980,129,11,0.9992306736565773
146603,Lewis and Clark Community College,41180,572,11,0.9939463859273118
434159,Lincoln College of Technology-Marietta,12060,44,11,0.9944921660953975
146700,Lincoln College of Technology-Melrose Park,16980,129,11,0.9999729183040743
146685,Lincoln Land Community College,44100,622,11,0.9993253899489888
177986,Logan University,41180,572,11,0.656842121346795
117645,Long Beach City College,31080,380,11,0.9999920550100507
192448,Long Island University,35620,470,11,0.9302343799586857
226383,Lubbock Christian University,31180,382,11,0.9922203292431317
166656,MCPHS University,14460,85,11,0.9991947469565233
238263,Madison Area Technical College,31540,390,11,0.9972234458648868
155496,Manhattan Christian College,31740,395,11,0.914772251210253
495183,Mariano Moreno Culinary Institute,33100,423,11,0.9737660427461594
153922,Marshalltown Community College,32260,407,11,0.6468320404256969
153977,Mercy College of Health Sciences,19780,175,11,0.999104612177099
213987,Mercyhurst University,21500,204,11,0.9980994334402594
118772,Merritt College,41860,584,11,0.9521978362132532
480851,Miami Media School,33100,423,11,0.8680272508168717
199458,Mid-Atlantic Christian University,21020,194,11,0.998594025051637
155520,MidAmerica Nazarene University,28140,325,11,0.9982458459557393
482158,Middle Georgia State University,31420,388,11,0.9934084879990225
456579,Miller-Motte College-Berks Technical Institute-Allentown,10900,18,11,0.9999998090324644
441025,Miller-Motte College-Charleston,16700,124,11,0.5370303393915531
367112,Miller-Motte College-McCann-Monroe,33740,437,11,0.9989807403409634
178411,Missouri University of Science and Technology,40620,559,11,0.9899779919585401
178369,Missouri Valley College,32180,406,11,0.9844573042275184
219189,Mitchell Technical College,33580,433,11,0.9897767793188236
178448,Moberly Area Community College,33620,434,11,0.9864135373371866
118976,Modesto Junior College,33700,436,11,0.9995135316247913
105206,Mohave Community College,29420,351,11,0.9987955585400781
193326,Monroe Community College,40380,554,11,0.9968752307114311
119067,Monterey Peninsula College,41500,576,11,0.9927839664545962
214148,Moore College of Art and Design,37980,509,11,0.9994306807392583
119137,Moorpark College,37100,496,11,0.9999516462436837
239372,Moraine Park Technical College,22540,224,11,0.9991046122479
154004,Morningside University,43580,612,11,0.9988376519136803
221184,Nashville State Community College,34980,461,11,0.9974691915166831
414939,Nevada Career Institute,29820,360,11,0.9706738604362434
187912,New Mexico Military Institute,40740,562,11,0.9707198671743666
187994,New Mexico State University-Alamogordo,10460,7,11,0.9987043475171814
188030,New Mexico State University-Main Campus,29740,358,11,0.9997062706340039
434469,New Professions Technical Institute,33100,423,11,0.5753331611402185
447582,New River Community and Technical College,13220,64,11,0.9969828666279549
440396,New Saint Andrews College,34140,444,11,0.9997057995446563
421841,New York Conservatory for Dramatic Arts,35620,470,11,0.7231596518022096
174428,Normandale Community College,33460,430,11,0.9994043673522138
199157,North Carolina Central University,20500,187,11,0.9997057488696994
147660,North Central College,16980,129,11,0.9996527627011932
142443,North Idaho College,17660,141,11,0.7933536962370183
154059,North Iowa Area Community College,32380,411,11,0.9968752304654932
147679,North Park University,16980,129,11,0.9991436414920486
484376,North-West College-Long Beach,31080,380,11,0.9775184204803427
120078,North-West College-West Covina,31080,380,11,0.9999994396183731
239488,Northeast Wisconsin Technical College,24580,257,11,0.999999598745549
147703,Northern Illinois University,16980,129,11,0.9999990897655514
188058,Northern New Mexico College,21580,206,11,0.7643630007178196
142461,Northwest Nazarene University,14260,82,11,0.9927373575551898
420398,Northwest Vista College,41700,580,11,0.8410222135295424
147767,Northwestern University,16980,129,11,0.9984687980556323
230995,Norwich University,12740,56,11,0.9999998104198505
368452,Nossi College of Art and Design,34980,461,11,0.9872786752574966
136215,Nova Southeastern University,33100,423,11,0.9999972556134711
174525,Oak Hills Christian College,13420,67,11,0.9911386853770752
366465,Ogeechee Technical College,44340,628,11,0.8974345357584448
201964,Ohio Christian University,18140,148,11,0.9968752307114349
204839,Ohio University-Southern Campus,26580,296,11,0.995029827381674
204866,Ohio University-Zanesville Campus,49780,725,11,0.9996968758019297
204909,Ohio Wesleyan University,18140,148,11,0.9996255423201281
120342,Orange Coast College,31080,380,11,0.9999988395930477
178679,Ozark Christian College,27900,319,11,0.9856867058114579
422695,Pacific College,31080,380,11,0.999496448754019
140720,Paine College,12260,48,11,0.9994043673513267
221643,Pellissippi State Community College,28940,341,11,0.9988376280943555
459514,Peloton College,19100,163,11,0.9615559986041896
214689,Pennsylvania State University-Penn State Altoona,11020,21,11,0.9990256538781305
214740,Pennsylvania State University-Penn State DuBois,20180,182,11,0.6046131196764776
498571,Pennsylvania Western University,38300,516,11,0.5188016046427186
443492,Pierpont Community and Technical College,21900,211,11,0.9968708840757206
440794,Pillar College,35620,470,11,0.9997057995446563
434140,Pima Medical Institute-Chula Vista,41740,581,11,0.999496448755846
155681,Pittsburg State University,38260,515,11,0.9992750706533852
194499,Plaza College,35620,470,11,0.9079562972864718
194578,Pratt Institute-Main,35620,470,11,0.9991046122478979
167525,Quincy College,14460,85,11,0.9994341354870033
194693,Rabbinical College Beth Shraga,35620,470,11,0.9997057995446983
205124,Rabbinical College Telshe,17410,137,11,0.8625855291519032
175014,Rasmussen University-Minnesota,41060,569,11,0.9999995987455526
207069,Redlands Community College,36420,480,11,0.9999993300687572
209922,Reed College,38900,527,11,0.928607853720178
445249,Remington College-Nashville Campus,34980,461,11,0.999816363812118
175236,Ridgewater College,48820,708,11,0.9989807404575407
239628,Ripon College,22540,224,11,0.9997057995447004
436304,River Parishes Community College,12940,60,11,0.9987022709494923
194958,Roberts Wesleyan University,40380,554,11,0.9865191787843869
174738,Rochester Community and Technical College,40340,553,11,0.9968752307116925
195058,Rockland Community College,35620,470,11,0.9999933854645512
136950,Rollins College,36740,487,11,0.9754647486035087
184782,Rowan University,37980,509,11,0.994898757472989
196167,SUNY College at Geneseo,40380,554,11,0.9997057995446983
196033,SUNY College of Agriculture and Technology at Cobleskill,10580,11,11,0.9982412995248194
196103,SUNY College of Environmental Science and Forestry,45060,641,11,0.9706738605377075
190442,SUNY Corning Community College,18500,154,11,0.999995442936066
196291,SUNY Maritime College,35620,470,11,0.8817539638982866
196051,SUNY Morrisville,45060,641,11,0.9997057995446983
196237,SUNY Old Westbury,35620,470,11,0.9999995987455469
196185,SUNY Oneonta,36580,484,11,0.9999995987455469
196112,SUNY Polytechnic Institute,46540,668,11,0.8131854872722504
197294,SUNY Westchester Community College,35620,470,11,0.9990338163513636
196158,SUNY at Fredonia,27460,313,11,0.9999995448629072
196219,SUNY at Purchase College,35620,470,11,0.9994043673521594
441070,Saginaw Chippewa Tribal College,34380,448,11,0.9475391106360093
174783,Saint Cloud State University,41060,569,11,0.8974345449134647
195702,Saint Elizabeth College of Nursing,46540,668,11,0.9994043673521594
215743,Saint Francis University,27780,317,11,0.7503841983493951
174792,Saint Johns University,41060,569,11,0.9968752307116925
137032,Saint Leo University,45300,645,11,0.9773475998151039
174817,Saint Mary's University of Minnesota,49100,714,11,0.9830953351612802
239716,Saint Norbert College,24580,257,11,0.8863616382705543
175041,Saint Paul College,33460,430,11,0.8205842893912061
199607,Salem College,49180,715,11,0.9670294390388066
155830,Salina Area Technical College,41460,575,11,0.9991061556462745
227881,Sam Houston State University,26660,298,11,0.994737946239489
227924,San Antonio College,41700,580,11,0.9907400426747937
422020,San Joaquin Valley College-Trades Education Center,23420,236,11,0.9968752307000568
199634,Sandhills Community College,38240,514,11,0.9931570278381101
195304,Sarah Lawrence College,35620,470,11,0.9892492329454676
143048,School of the Art Institute of Chicago,16980,129,11,0.9999933815777469
228042,Schreiner University,28500,331,11,0.9508395113212925
195474,Siena College,10580,11,11,0.7171281374501763
123457,Simpson University,39820,541,11,0.8492125469511704
195526,Skidmore College,10580,11,11,0.995167608798028
218733,South Carolina State University,36700,486,11,0.9999565837845331
228158,South Plains College,31180,382,11,0.9900555651417308
481720,South University-High Point,24660,261,11,0.9974724224061962
459259,South University-Richmond,40060,546,11,0.9999983512976558
188003,Southeast New Mexico College,16100,113,11,0.6285696845205725
199759,Southeastern Baptist Theological Seminary,39580,538,11,0.9995378587813827
233602,Southeastern Free Will Baptist Bible College,39580,538,11,0.9970881206209217
226903,Southern Careers Institute-Austin,12420,51,11,0.9787173922258346
405076,Southern Careers Institute-Corpus Christi,18580,155,11,0.9997052583165045
430245,Southern Careers Institute-San Antonio,41700,580,11,0.999705799544691
482015,Southern Careers Institute-San Antonio,41700,580,11,0.9992052727569717
161545,Southern Maine Community College,38860,526,11,0.9999679848822689
366553,Southern Technical College,15980,110,11,0.9971715702877479
382911,Southwest College for the Deaf,13700,71,11,0.5154699073870179
175078,Southwest Minnesota State University,32140,405,11,0.9994964487559084
221485,Southwest Tennessee Community College,32820,418,11,0.9992415351312296
239910,Southwest Wisconsin Technical College,38420,519,11,0.9994043673521615
228486,Southwestern Christian College,19100,163,11,0.9982428185275591
155900,Southwestern College,11680,35,11,0.9999901772997511
207865,Southwestern Oklahoma State University,48220,698,11,0.9861408270226304
157757,Spalding University,31140,381,11,0.9999993231251091
413680,Spartan College of Aeronautics & Technology,31080,380,11,0.8259044010555777
102234,Spring Hill College,33660,435,11,0.9951674168826966
175005,St Catherine University,33460,430,11,0.9968752307116925
195216,St Lawrence University,32390,412,11,0.9997057995446983
442426,St Louis College of Health Careers-Fenton,41180,572,11,0.8637000294465675
154262,St Luke's College,43580,612,11,0.8676903610871767
174844,St Olaf College,22060,213,11,0.9830953351612802
195784,St Paul's School of Nursing-Staten Island,35620,470,11,0.9007479717568065
227854,St Philip's College,41700,580,11,0.9991504972726151
148876,St. Augustine College,16980,129,11,0.9615123333147746
195191,St. Joseph's College of Nursing,45060,641,11,0.9992415507445706
195544,St. Joseph's University-New York,35620,470,11,0.9994043673521594
228149,St. Mary's University,41700,580,11,0.9997057995447267
195243,St. Thomas Aquinas College,35620,470,11,0.8088318586756926
196176,State University of New York at New Paltz,28740,335,11,0.9999933815777748
196194,State University of New York at Oswego,45060,641,11,0.9997057995446983
196246,State University of New York at Plattsburgh,38460,520,11,0.9999995987455469
205887,Stautzenberger College-Maumee,45780,654,11,0.9999833185177321
186876,Stockton University,12100,45,11,0.9975324168014337
167996,Stonehill College,39300,533,11,0.999999903225195
458885,Strayer University-Arkansas,30780,375,11,0.9997055619158542
458919,Strayer University-Georgia,12060,44,11,0.9606650031972822
195988,Sullivan County Community College,33910,440,11,0.9968752307114311
157793,Sullivan University,31140,381,11,0.9999993231251091
196389,Swedish Institute a College of Health Sciences,35620,470,11,0.9994043673521594
196413,Syracuse University,45060,641,11,0.9999987245668363
228547,Tarrant County College District,19100,163,11,0.9980117668521891
221731,Tennessee Wesleyan University,11940,41,11,0.9991045938201564
226152,Texas A & M International University,29700,357,11,0.9611848476491905
228981,Texas Lutheran University,41700,580,11,0.9997057995447267
229063,Texas Southern University,26420,292,11,0.8327309334310808
487320,Texas State Technical College,47380,681,11,0.9779490967530963
229179,Texas Woman's University,19100,163,11,0.997469243447537
201821,The Christ College of Nursing and Health Sciences,17140,132,11,0.5380681964381911
480824,The College of Health Care Professions-Dallas,19100,163,11,0.9997065166960728
142294,The College of Idaho,14260,82,11,0.9999949795046025
174899,The College of Saint Scholastica,20260,184,11,0.8468604615865502
228769,The University of Texas at Arlington,19100,163,11,0.9970075660977367
228787,The University of Texas at Dallas,19100,163,11,0.9990172597284477
221519,The University of the South,49010,712,11,0.999496438384833
161563,Thomas College,12300,49,11,0.9999996582197058
216366,Thomas Jefferson University,37980,509,11,0.5722385716338095
196565,Tompkins Cortland Community College,27060,304,11,0.9976089047270312
196583,Torah Temimah Talmudical Seminary,35620,470,11,0.9900048020331133
176406,Tougaloo College,27140,306,11,0.9999918923142936
196592,Touro University,35620,470,11,0.9999983918506404
157818,Transylvania University,30460,370,11,0.9999664493980615
152567,Trine University,11420,30,11,0.7038614852912376
414878,Trine University-Regional/Non-Traditional Campuses,11420,30,11,0.9999994393467792
149532,Triton College,16980,129,11,0.6236857234796171
196653,Trocaire College,15380,101,11,0.9999995987455469
207935,Tulsa Community College,46140,661,11,0.9982811190214842
207962,Tulsa Welding School-Tulsa,46140,661,11,0.999031233992618
102377,Tuskegee University,12220,47,11,0.9968751061805826
393649,UEI College-Gardena,31080,380,11,0.9999937349960198
441371,Ultimate Medical Academy,45300,645,11,0.9994638169696296
491525,Union Bible College,26900,302,11,0.6468077404311479
196866,Union College,10580,11,11,0.5333270449139734
486354,United International College,33100,423,11,0.9944128875051402
229416,Universal Technical Institute of Texas Inc.,26420,292,11,0.9797542880376279
196088,University at Buffalo,15380,101,11,0.9706738605377075
200800,University of Akron Main Campus,10420,6,11,0.950839511321282
200846,University of Akron Wayne College,49300,717,11,0.957125567604578
106245,University of Arkansas at Little Rock,30780,375,11,0.8743642361840399
110705,University of California-Santa Barbara,42200,589,11,0.9999948043441815
201955,University of Cincinnati-Blue Ash College,17140,132,11,0.9968752307114349
201946,University of Cincinnati-Clermont College,17140,132,11,0.9789635494613802
201885,University of Cincinnati-Main Campus,17140,132,11,0.9613336893952342
436827,University of Connecticut-Avery Point,35980,476,11,0.9939174069223536
150534,University of Evansville,21780,209,11,0.9573926592176264
145600,University of Illinois Chicago,16980,129,11,0.9995339582385401
151263,University of Indianapolis,26900,302,11,0.9999994547654011
153658,University of Iowa,26980,303,11,0.9997057995213917
161253,University of Maine,12620,54,11,0.9994965305348351
161217,University of Maine at Augusta,12300,49,11,0.99428938309974
163338,University of Maryland Eastern Shore,41540,577,11,0.9345972830281035
101709,University of Montevallo,13820,74,11,0.435494401849138
181464,University of Nebraska-Lincoln,30700,374,11,0.9928853442334271
187976,University of New Mexico-Los Alamos Campus,31060,379,11,0.9997062706340039
199120,University of North Carolina at Chapel Hill,20500,187,11,0.9117248788061979
199148,University of North Carolina at Greensboro,24660,261,11,0.9968747001701925
154095,University of Northern Iowa,47940,691,11,0.9994043673050286
174491,University of Northwestern-St Paul,33460,430,11,0.8819049084799112
207500,University of Oklahoma-Norman Campus,36420,480,11,0.9993277074876091
215062,University of Pennsylvania,37980,509,11,0.9939691551842806
215309,University of Pittsburgh-Titusville,32740,416,11,0.9878614516287324
236328,University of Puget Sound,42660,597,11,0.9999410590688321
195030,University of Rochester,40380,554,11,0.9465816857799584
122612,University of San Francisco,41860,584,11,0.999503762292296
218706,University of South Carolina-Union,43900,619,11,0.9995518363081555
148584,University of St Francis,16980,129,11,0.9948284399105983
174914,University of St Thomas,33460,430,11,0.8205842893912061
207971,University of Tulsa,46140,661,11,0.999994291252992
240329,University of Wisconsin-La Crosse,29100,344,11,0.9997057995447004
240444,University of Wisconsin-Madison,31540,390,11,0.9999803566518553
240480,University of Wisconsin-Stevens Point,44620,633,11,0.8878969606267608
240426,University of Wisconsin-Superior,20260,184,11,0.9968752307114331
240189,University of Wisconsin-Whitewater,48580,703,11,0.9997057995447004
216524,Ursinus College,37980,509,11,0.8903773537096908
216551,Valley Forge Military College,37980,509,11,0.9990256538781305
188340,Vaughn College of Aeronautics and Technology,35620,470,11,0.9999992414022806
229504,Vernon College,46900,673,11,0.6238414425674425
229540,Victoria College,47020,674,11,0.9508219688692239
240107,Viterbo University,29100,344,11,0.9997057995447004
480198,Warner Pacific University Professional and Graduate Studies,38900,527,11,0.9968828605172114
197221,Webb Institute,35620,470,11,0.9516135828835953
230782,Weber State University,36260,479,11,0.999999172252053
236975,Wenatchee Valley College,48300,700,11,0.9995050208712372
229814,West Texas A & M University,11100,23,11,0.9999960246923062
442383,West Virginia Junior College-Bridgeport,17220,133,11,0.9997057994459001
494755,West Virginia Junior College-United Career Institute,38300,516,11,0.9931909545270721
237686,West Virginia University at Parkersburg,37620,504,11,0.9822277013361556
130776,Western Connecticut State University,14860,96,11,0.9120144356037239
208035,Western Oklahoma State College,11060,22,11,0.9154485365973852
240170,Western Technical College,29100,344,11,0.994288448934629
237011,Western Washington University,13380,66,11,0.9822631136911355
156125,Wichita State University,48620,704,11,0.9970127143875928
229887,Wiley University,30980,377,11,0.9999994669164443
176479,William Carey University,25620,277,11,0.998041612735991
200341,Williston State College,48780,707,11,0.997608904727035
217013,Wilson College,16540,120,11,0.9412617294621309
199962,Wingate University,16740,125,11,0.9991046122479017
218964,Winthrop University,16740,125,11,0.9114995275703074
240338,Wisconsin Lutheran College,33340,428,11,0.9997057995447004
218973,Wofford College,43900,619,11,0.9896795442978306
240718,WyoTech,29660,356,11,0.8763881946956621
217077,YTI Career Institute-York,49620,721,11,0.9994306807392583
130794,Yale University,35300,465,11,0.8416132238717113
434937,Yeshiva College of the Nations Capital,47900,689,11,0.9983773034826441
420325,Yeshiva D'monsey Rabbinical College,35620,470,11,0.9936919499487863
491914,Yeshiva Gedola Tiferes Yerachmiel,35620,470,11,0.9766557877658212
491640,Yeshiva Gedolah Keren Hatorah,35620,470,11,0.9817002257410203
481410,Yeshiva Gedolah Kesser Torah,35620,470,11,0.9992052727569717
197601,Yeshiva Karlin Stolin,35620,470,11,0.9999987398604288
217040,Yeshivath Beth Moshe,42540,595,11,0.9999971506700781
444361,ATA College,41740,581,12,0.9095699085739203
168591,Alma College,10940,19,12,0.9998966857622249
188678,American Academy of Dramatic Arts-New York,35620,470,12,0.9934904429067375
232797,American National University,40220,551,12,0.9465793971756151
150066,Anderson University,26900,302,12,0.9995823612090647
222831,Angelo State University,41660,579,12,0.7887267646770342
161767,Anne Arundel Community College,12580,53,12,0.999910074225763
172954,Anoka Technical College,33460,430,12,0.9999222987662112
172963,Anoka-Ramsey Community College,33460,430,12,0.9276454364001011
494986,Apex College of Veterinary Technology,17820,143,12,0.6393212757144088
494162,Arizona College of Nursing-Dallas,19100,163,12,0.999777632755548
499370,Arizona College of Nursing-Sarasota,35840,474,12,0.9999010131109853
497277,Arizona College-Glendale,38060,510,12,0.9879236152639848
107521,Arkansas State University Three Rivers,31680,393,12,0.8197092516485925
222877,Arlington Baptist University,19100,163,12,0.9999765094945625
458113,Ascent College,47900,689,12,0.8152523167405433
454810,Auguste Escoffier School of Culinary Arts-Boulder,14500,86,12,0.9999788381890695
164580,Babson College,14460,85,12,0.9999769409098088
495031,Bais Medrash of Dexter Park,35620,470,12,0.9998295087141277
444398,Baptist University of the Americas,41700,580,12,0.9999451608157433
167792,Bard College at Simon's Rock,38340,517,12,0.6707015715178547
132471,Barry University,33100,423,12,0.4994612091188154
160977,Bates College,30340,369,12,0.7311355849174721
223232,Baylor University,47380,681,12,0.9999818537484617
154712,Benedictine College,11860,39,12,0.7221941078175582
164739,Bentley University,14460,85,12,0.9999335499801988
189228,Berkeley College-New York,35620,470,12,0.999754579226248
164775,Berkshire Community College,38340,517,12,0.9999290020401941
486196,Beth Medrash Meor Yitzchok,35620,470,12,0.9999808964508958
143279,Black Hawk College,19340,169,12,0.9999872161573243
223427,Blinn College District,14780,94,12,0.8306128402706816
162007,Bowie State University,47900,689,12,0.5482427278645923
139205,Brewton-Parker College,47080,675,12,0.8306128402706816
165024,Bridgewater State University,14460,85,12,0.7184777857840913
183859,Brookdale Community College,35620,470,12,0.5497036945438533
369516,Bryan University,44180,624,12,0.5859160337354818
449083,CBT Technology Institute-Main Campus,33100,423,12,0.9999214678821219
488563,California College of Music,31080,380,12,0.926190781026657
111188,California State University Maritime Academy,46700,671,12,0.9999529223673577
206914,Cameron University,30020,364,12,0.9999705351702283
450696,Carrington College-Stockton,44700,635,12,0.803874729545105
198233,Catawba Valley Community College,25860,284,12,0.9998295087141277
183974,Centenary University,10900,18,12,0.9999749211673332
106713,Central Baptist College,30780,375,12,0.5372189875889799
378105,Central Coast College,41500,576,12,0.9998178673195125
445267,Central Methodist University-College of Graduate and Extended Studies,17860,144,12,0.9999038208863041
198260,Central Piedmont Community College,16740,125,12,0.970648353306642
189857,Central Yeshiva Tomchei Tmimim Lubavitz,35620,470,12,0.9999258701823399
377458,Centura College-Norfolk,47260,678,12,0.9974311889694478
454227,Chamberlain University-Illinois,16980,129,12,0.8589042454046062
492759,Chamberlain University-Louisiana,35380,466,12,0.9999919484557747
444778,Charlotte Christian College and Theological Seminary,16740,125,12,0.910146720832839
102845,Charter College,11260,28,12,0.9998516925500314
112172,Citrus College,31080,380,12,0.8605139297785023
144209,City Colleges of Chicago-Harold Washington College,16980,129,12,0.8977674495566708
144166,City Colleges of Chicago-Malcolm X College,16980,129,12,0.9999864428368261
144175,City Colleges of Chicago-Olive-Harvey College,16980,129,12,0.8581759270984766
144218,City Colleges of Chicago-Wilbur Wright College,16980,129,12,0.942497518615844
234915,City University of Seattle,42660,597,12,0.8776867877546207
112260,Claremont McKenna College,31080,380,12,0.7693138133519066
190044,Clarkson University,32390,412,12,0.9663035559343761
156417,Clear Creek Baptist Bible College,33180,424,12,0.47399976424625445
190053,Clinton Community College,38460,520,12,0.9965162202093236
175519,Coahoma Community College,17260,134,12,0.9999260229724031
198330,Coastal Carolina Community College,27340,310,12,0.9708619098588696
404426,Coconino Community College,22380,220,12,0.9999315608119403
493822,College Unbound,39300,533,12,0.9811314070216879
123217,College of the Sequoias,47300,679,12,0.9999411934983754
173328,Concordia University-Saint Paul,33460,430,12,0.9998624401126828
493600,Congregation Talmidei Mesivta Tiferes Shmiel Aleksander,35620,470,12,0.999910074225763
170037,Cornerstone University,24340,252,12,0.9999084965989525
184180,County College of Morris,35620,470,12,0.9999826243639494
198367,Craven Community College,35100,463,12,0.9708619098588696
475608,Criswell College,19100,163,12,0.9999413949347653
224226,Dallas Baptist University,19100,163,12,0.7160648861385404
224271,Dallas Institute of Funeral Service,19100,163,12,0.9999705351702283
482431,DeVry University-California,40140,549,12,0.829022382696989
482468,DeVry University-Georgia,12060,44,12,0.9992410576637979
175616,Delta State University,17380,136,12,0.9998680666092106
177214,Drury University,44180,624,12,0.7809024819753937
496326,Eagle Gate College-Boise Campus,14260,82,12,0.9998611112679461
106883,East Arkansas Community College,22620,226,12,0.8028764988735063
177250,East Central College,41180,572,12,0.9999533134867362
198491,Edgecombe Community College,40580,558,12,0.9932826485192616
198516,Elon University,15500,103,12,0.9999214678821219
133553,Embry-Riddle Aeronautical University-Daytona Beach,19660,173,12,0.999960779323438
165662,Emerson College,14460,85,12,0.9999451608157433
155025,Emporia State University,21380,202,12,0.9997459711962906
165699,Endicott College,14460,85,12,0.9999214678821219
230418,Ensign College,41620,578,12,0.9486392373319587
184481,Essex County College,35620,470,12,0.999269054216916
184612,Felician University,35620,470,12,0.9998564371555096
160481,Fletcher Technical Community College,26380,291,12,0.9999843604022635
133508,Florida SouthWestern State College,15980,110,12,0.9999588175996535
133702,Florida State College at Jacksonville,27260,308,12,0.9999910258324906
134097,Florida State University,45220,644,12,0.9999214678821219
198552,Forsyth Technical Community College,49180,715,12,0.7359703039499242
392415,Fortis College,26420,292,12,0.9997724379439366
372921,Fortis College-Smyrna,12060,44,12,0.6513760179916184
452124,Fortis Institute-Nashville,34980,461,12,0.8690765737177341
131450,Gallaudet University,47900,689,12,0.9995244759616781
198570,Gaston College,16740,125,12,0.9998899746253187
105145,GateWay Community College,38060,510,12,0.9998634369081697
499413,Glendale Career College-North-West College-MFSON,31080,380,12,0.9999392531638649
129154,Goodwin University,25540,275,12,0.9999379558124158
162654,Goucher College,12580,53,12,0.9999770314792001
180249,Great Falls College Montana State University,24500,255,12,0.666870271319724
497213,Great Northern University,44060,621,12,0.9999214678821219
198598,Greensboro College,24660,261,12,0.9929552470055654
198622,Guilford Technical Community College,24660,261,12,0.9998660974440885
232265,Hampton University,47260,678,12,0.9999399513244566
177542,Hannibal-LaGrange University,25300,271,12,0.5477903545474894
180276,Helena College University of Montana,25740,279,12,0.9999705351702283
107071,Henderson State University,11660,34,12,0.9999861622111607
107080,Hendrix College,30780,375,12,0.9999259213204515
101365,Herzing University-Birmingham,13820,74,12,0.6532659272603865
134495,Hillsborough Community College,45300,645,12,0.5387318813063852
170301,Hope College,24340,252,12,0.5401381678610335
134608,Indian River State College,38940,528,12,0.9608027194843101
151351,Indiana University-Bloomington,14020,78,12,0.9999705351702283
151333,Indiana University-Kokomo,29020,342,12,0.9997151050224654
151801,Indiana Wesleyan University-Marion,31980,400,12,0.4994612091188154
493080,Institute of Culinary Education,31080,380,12,0.9999782653301971
198710,Isothermal Community College,22580,225,12,0.9999588175996535
175829,Itawamba Community College,46180,662,12,0.9998827942894385
134945,Jacksonville University,27260,308,12,0.4994612091188154
462354,John Paul the Great Catholic University,41740,581,12,0.8934921730048864
146278,John Wood Community College,39500,537,12,0.99900110193211
198756,Johnson C Smith University,16740,125,12,0.9999381152092055
198774,Johnston Community College,39580,538,12,0.9929552775269173
146296,Joliet Junior College,16980,129,12,0.9998450266199819
170541,Kalamazoo Valley Community College,28020,322,12,0.8941122151565604
155292,Kansas City Kansas Community College,28140,325,12,0.8821292412022932
170620,Lake Michigan College,35660,471,12,0.9999214167647532
117247,Laney College,41860,584,12,0.9998992881189668
198817,Lenoir Community College,28820,337,12,0.9999451608157433
232557,Liberty University,31340,386,12,0.93539746949122
500096,Lincoln College of Technology-East Point,12060,44,12,0.9998658749373929
117690,Los Angeles Harbor College,31080,380,12,0.999728179743711
117724,Los Angeles Trade Technical College,31080,380,12,0.9177440718607683
117894,Los Medanos College,41860,584,12,0.9009825641191769
159407,Louisiana State University-Eunice,29180,345,12,0.9999363692617702
159416,Louisiana State University-Shreveport,43340,609,12,0.9999579219044249
146719,Loyola University Chicago,16980,129,12,0.9999762223632773
163046,Loyola University Maryland,12580,53,12,0.9999451608157433
118198,MTI College,40900,566,12,0.9997408137915458
151810,Martin University,26900,302,12,0.9999742922031454
167288,Massachusetts College of Liberal Arts,38340,517,12,0.7667586903370271
166683,Massachusetts Institute of Technology,14460,85,12,0.5180382560186986
159717,McNeese State University,29340,349,12,0.6087335640634453
488059,Med College,33100,423,12,0.9999712567134504
198950,Meredith College,39580,538,12,0.8258450796709054
147129,Methodist College,37900,507,12,0.9998634369081697
135717,Miami Dade College,33100,423,12,0.5458980434253023
451103,Miami Regional University,33100,423,12,0.9999325232273822
151962,Mid-America College of Funeral Service,31140,381,12,0.9997739951672167
147244,Millikin University,19500,171,12,0.9999529223673577
484844,Minerva University,41860,584,12,0.9526738142758463
176071,Mississippi Gulf Coast Community College,25060,266,12,0.6532659272603865
176080,Mississippi State University,44260,626,12,0.9998475337718202
198987,Mitchell Community College,16740,125,12,0.9999529223673577
180416,Montana Technological University,15580,105,12,0.8895603881531977
119173,Mount Saint Mary's University,31080,380,12,0.999914801678622
166957,Mount Wachusett Community College,49340,718,12,0.9974995204731327
119216,Mt San Jacinto Community College District,40140,549,12,0.9999442991802091
451228,MyComputerCareer at Indianapolis,26900,302,12,0.6498376955142443
183099,NHTI-Concord's Community College,18180,149,12,0.949950717357853
185828,New Jersey Institute of Technology,35620,470,12,0.7509480979095838
493798,New York Seminary,35620,470,12,0.9998022707811601
494959,Northern Pennsylvania Regional College,47620,685,12,0.9990905604815904
240666,Northern Wyoming Community College District,43260,606,12,0.7157010247241797
160667,Northshore Technical Community College,43640,614,12,0.9999325232273822
136233,Northwest Florida State College,18880,160,12,0.9999389320190624
178624,Northwest Missouri State University,32340,410,12,0.5861743229354927
495059,Oak Valley College,40140,549,12,0.999954951996663
453792,Ohio Medical Career College,19430,170,12,0.7878556667589863
204671,Ohio State University-Lima Campus,30620,373,12,0.9999530257278121
204699,Ohio State University-Marion Campus,32020,402,12,0.9999732214850693
207324,Oklahoma Christian University,36420,480,12,0.9999204888717718
232982,Old Dominion University,47260,678,12,0.7887267646770342
120403,Otis College of Art and Design,31080,380,12,0.9997525769844061
204945,Owens Community College,45780,654,12,0.999910074225763
495147,Pacific Northwest Christian College,28420,329,12,0.999992821687443
136358,Palm Beach State College,33100,423,12,0.9999732505943235
233019,Patrick & Henry Community College,32300,409,12,0.9997118071399367
121150,Pepperdine University,31080,380,12,0.8611920996739585
456038,Pima Medical Institute-East Valley,38060,510,12,0.9999967346877758
260691,Pima Medical Institute-Mesa,38060,510,12,0.9999290020401941
209746,Portland Community College,38900,527,12,0.9997118071399367
209807,Portland State University,38900,527,12,0.7826067473662957
493488,Premiere International College,15980,110,12,0.7887267646770342
127884,Pueblo Community College,39380,535,12,0.9997522657710777
151102,Purdue University Fort Wayne,23060,231,12,0.9999158015058531
484871,Rabbinical College Ohr Yisroel,35620,470,12,0.8954811505503157
223463,Remington College-Dallas Campus,19100,163,12,0.9998475337718202
451866,Remington College-Shreveport Campus,43340,609,12,0.936797577789555
233338,Richard Bland College,40060,546,12,0.9999879634055255
476726,Rio Grande Valley College,32580,413,12,0.9999090780029518
173063,Riverland Community College,12380,50,12,0.9999276295621545
233426,Roanoke College,40220,551,12,0.9998841582792941
152318,Rose-Hulman Institute of Technology,45460,647,12,0.9999292674223134
373085,Ross College-Davenport,19340,169,12,0.8701100724107245
161518,Saint Joseph's College of Maine,38860,526,12,0.7184777857840913
179308,Saint Louis Community College,41180,572,12,0.998292630968171
179159,Saint Louis University,41180,572,12,0.9996957710693057
237783,Salem University,17220,133,12,0.9998475337718202
163851,Salisbury University,41540,577,12,0.6012629453153787
493512,San Diego Global Knowledge University,41740,581,12,0.9999835491315705
122658,San Joaquin Delta College,44700,635,12,0.9996281387853094
495952,San Joaquin Valley College-Rancho Mirage,40140,549,12,0.57327753708521
188100,San Juan College,22140,215,12,0.6386630465816784
121619,Santa Ana College,31080,380,12,0.9289814361341961
122931,Santa Clara University,41940,585,12,0.8684804878760041
377218,School of Automotive Machinists & Technology,26420,292,12,0.9995786221830951
236513,Seattle Central College,42660,597,12,0.9999575219664422
123341,Sierra College,40900,566,12,0.7311355849174721
102076,Snead State Community College,10700,13,12,0.564562680524669
216083,South Hills School of Business & Technology,44300,627,12,0.6601232810761063
105792,South Mountain Community College,38060,510,12,0.9199920573335542
197850,South Piedmont Community College,16740,125,12,0.7452002083872774
133465,South University-West Palm Beach,33100,423,12,0.5195163486077029
107637,Southeast Arkansas College,38220,513,12,0.9997245544240578
154378,Southeastern Community College,15460,102,12,0.8611920996739585
107992,Southern Arkansas University Tech,15780,106,12,0.6311389354614642
149231,Southern Illinois University Edwardsville,41180,572,12,0.8320258484717685
230603,Southern Utah University,16260,116,12,0.9998864335068713
451556,Southwest University at El Paso,21340,201,12,0.9586065956251417
143215,Southwestern Illinois College,41180,572,12,0.9999214678821219
172334,Spring Arbor University,27100,305,12,0.9999316082805244
167905,Springfield Technical Community College,44140,623,12,0.9998459471574002
205841,Stark State College,15940,109,12,0.9998966857622249
186867,Stevens Institute of Technology,35620,470,12,0.6227220358166976
178767,Stevens-The Institute of Business & Arts,41180,572,12,0.9998791968895349
450377,Strayer University-Alabama,13820,74,12,0.9999494717919156
458964,Strayer University-South Carolina,24860,263,12,0.9999447645808652
168005,Suffolk University,14460,85,12,0.7184777857840913
247603,Sussex County Community College,35620,470,12,0.9999214678821219
221838,Tennessee State University,34980,461,12,0.9999529223673577
459949,Texas A&M University-San Antonio,41700,580,12,0.8079690996206281
224545,Texas A&M University-Texarkana,45500,648,12,0.9997522657710775
448196,Texas Health School,26420,292,12,0.9999290020401941
392257,The College of Health Care Professions-Northwest,26420,292,12,0.9998523910050958
449250,The College of Health Care Professions-San Antonio,41700,580,12,0.8406275767216685
190372,The Cooper Union for the Advancement of Science and Art,35620,470,12,0.9999765468695688
117751,The Master's University and Seminary,31080,380,12,0.9999681134211023
486123,Theatre of Arts,31080,380,12,0.9455570580670735
206048,Tiffin University,45660,651,12,0.9999812188386537
221892,Trevecca Nazarene University,34980,461,12,0.9998634369081697
210270,Umpqua Community College,40700,561,12,0.7158982338518142
221971,Union University,27180,307,12,0.9999249004856777
459204,Unitek College,41860,584,12,0.8201147978735555
100663,University of Alabama at Birmingham,13820,74,12,0.4994612091188154
102553,University of Alaska Anchorage,11260,28,12,0.7184777857840913
106999,University of Arkansas Community College-Batesville,12900,59,12,0.6774288529519209
128744,University of Bridgeport,14860,96,12,0.9999394275605593
132903,University of Central Florida,36740,487,12,0.9980990685873231
436818,University of Connecticut-Waterbury Campus,47930,690,12,0.9999383279775582
457402,University of Fort Lauderdale,33100,423,12,0.8014333241658702
232681,University of Mary Washington,47900,689,12,0.9999284869310187
171146,University of Michigan-Flint,22420,221,12,0.9997325852362641
183071,University of New Hampshire at Manchester,31700,394,12,0.9998734859121858
183044,University of New Hampshire-Main Campus,14460,85,12,0.9999923113533437
157535,University of Pikeville,38210,512,12,0.9998379503860287
122436,University of San Diego,41740,581,12,0.9995219568593858
207722,University of Science and Arts of Oklahoma,36420,480,12,0.9996395336671915
218645,University of South Carolina Aiken,12260,48,12,0.7790137834626141
218654,University of South Carolina Beaufort,25940,287,12,0.9999827977716611
218663,University of South Carolina-Columbia,17900,145,12,0.9999705351702283
218742,University of South Carolina-Upstate,43900,619,12,0.9998966857622249
240727,University of Wyoming,29660,356,12,0.9999284884219459
120883,University of the Pacific,44700,635,12,0.9664708642707308
230728,Utah State University,30860,376,12,0.9997898596965762
230171,Utah Tech University,41100,570,12,0.4994612091188154
377652,Valley College-Beckley,13220,64,12,0.9997143468828186
206446,Washington State College of Ohio,31930,399,12,0.9998295087141277
172617,Washtenaw Community College,11460,31,12,0.9999451608157433
179894,Webster University,41180,572,12,0.9998852801750785
168218,Wellesley College,14460,85,12,0.9995989109551109
157951,Western Kentucky University,14540,87,12,0.9999090780029518
229841,Wharton County Junior College,20900,191,12,0.9999062546440346
237057,Whitman College,47460,683,12,0.999949359980461
206491,Wilberforce University,19430,170,12,0.9999705351702283
122728,William Jessup University,40900,566,12,0.9999466248647708
179955,William Jewell College,28140,325,12,0.9998741877456279
154590,William Penn University,36820,489,12,0.7672643633537941
168342,Williams College,38340,517,12,0.9999954310660588
175272,Winona State University,49100,714,12,0.8611920996739585
206604,Wright State University-Main Campus,19430,170,12,0.9999451608157433
493716,Yeshiva Gedola Tiferes Yaakov Yitzchok,35620,470,12,0.999910074225763
197708,Yeshiva University,35620,470,12,0.9999090780029518
493594,Yeshiva of Ocean,28740,335,12,0.8306128402706816
